order_id,order_item_id,product_id,seller_id,shipping_limit_date,price,freight_value
f50e1a65,1,5552af64,fb7e1c47,2026-05-23 19:05:05.632428,352.9980330058572,39.55680052842329
6aa8b03f,1,b9745c32,3b78784c,2026-05-23 19:05:05.633250,162.61748386634693,11.63783409339985
ddcabc46,1,cf112ebc,586281b8,2026-05-23 19:05:05.633284,187.05271666567808,14.80545928388936
ddcabc46,2,ba991e10,45460435,2026-05-23 19:05:05.633310,400.3841602606934,22.29469383168559
06e6cfea,1,7ba033d5,9b360271,2026-05-23 19:05:05.633343,390.1240265041797,25.83723063344964
8b61a660,1,09e1dc5f,08d65812,2026-05-23 19:05:05.633376,464.2687058471996,41.019051831900676
dc6a043e,1,1719139b,180aa0cd,2026-05-23 19:05:05.633408,151.6133424167799,48.50673916279028
048afc34,1,f0fa7368,a9b0059e,2026-05-23 19:05:05.633440,76.17285109685339,21.38686720315104
048afc34,2,bbe309dd,33e748b3,2026-05-23 19:05:05.633467,436.2294217189379,48.4740556268035
d63c9669,1,c46d0109,1b864e2e,2026-05-23 19:05:05.633499,88.31937254288812,8.331276936798998
7556672c,1,ca3f9970,66e13682,2026-05-23 19:05:05.633531,426.122291712369,19.517263288479672
695383c8,1,17b55e93,fb7e1c47,2026-05-23 19:05:05.633562,429.11784098949994,13.747825224099664
e1827d76,1,3efb1588,b4998c55,2026-05-23 19:05:05.633596,316.85734640872965,26.493698325777643
59821fcc,1,c3e52a1d,45460435,2026-05-23 19:05:05.633625,222.19541784510818,43.48244853924115
18a33b43,1,74cee2e1,62cdfa79,2026-05-23 19:05:05.633655,334.55820026765906,20.674416980494804
32c8e55e,1,30592970,2e90d858,2026-05-23 19:05:05.633684,23.691697269109717,19.034933143487812
32c8e55e,2,0b1f8d64,45460435,2026-05-23 19:05:05.633707,251.49638388197846,41.98106537411938
2359ce5e,1,e33d6924,2e90d858,2026-05-23 19:05:05.633736,358.1909101215629,10.63680482096894
8cf78fd6,1,30592970,9bfa8093,2026-05-23 19:05:05.633764,88.50295266949092,22.66301147070047
ba42299c,1,0b502c6a,08d65812,2026-05-23 19:05:05.633793,93.58800553017315,19.41839712735109
61a3833b,1,579f8f38,dc8f6fd7,2026-05-23 19:05:05.633822,109.89108240991143,20.636192772613654
18890578,1,6dc89fae,bf313c0e,2026-05-23 19:05:05.633851,143.16916869246566,39.75576895009595
7b369b2b,1,b9745c32,1b864e2e,2026-05-23 19:05:05.633879,320.95946971133964,30.61595767094408
c181c6da,1,b2ed138c,95784c07,2026-05-23 19:05:05.633908,116.33674024369881,23.256928799705864
b6b6a686,1,0e7cc150,586281b8,2026-05-23 19:05:05.633937,433.0991298771536,5.764146142558884
33680eb7,1,efaf5996,1b864e2e,2026-05-23 19:05:05.633966,390.2351378875472,33.28043912906218
6672575d,1,2e74541a,fb7e1c47,2026-05-23 19:05:05.633994,174.37217409259435,38.45391164963898
742663e5,1,6fea26cd,9b360271,2026-05-23 19:05:05.634023,312.1404872808299,46.07993944266129
9b56e087,1,8b9e19ff,62cdfa79,2026-05-23 19:05:05.634051,168.95424556193805,25.97841161784165
3f61583e,1,a7664c7d,fb7e1c47,2026-05-23 19:05:05.634080,116.86054189178262,9.098634774680677
c25b4502,1,46c15051,63b5cfb8,2026-05-23 19:05:05.634109,162.02722853023752,26.913279516698168
c25b4502,2,b80eb1a1,9644a854,2026-05-23 19:05:05.634131,455.3178841655571,17.920444769250572
cce6bd69,1,e34a8487,9ea3a409,2026-05-23 19:05:05.634161,440.84715559297894,25.40635042643964
ca8c202f,1,662fc2a5,c739947b,2026-05-23 19:05:05.634193,261.3801569489705,16.594303659126215
2209c646,1,97cfd068,249a652c,2026-05-23 19:05:05.634221,151.84348520232678,45.18989944474454
2209c646,2,ca3f9970,30eaa364,2026-05-23 19:05:05.634244,308.0403737140016,34.32620171730392
2209c646,3,df410c8f,3b78784c,2026-05-23 19:05:05.634267,470.1637048214272,17.21762803835963
9c099ccd,1,b1e2187e,62cdfa79,2026-05-23 19:05:05.634295,133.4258609949062,37.98821165753832
0ba049cb,1,35c5b2f8,63b5cfb8,2026-05-23 19:05:05.634325,153.69950516743154,14.172011620848433
c1791551,1,ec774cd8,bf313c0e,2026-05-23 19:05:05.634353,217.6969500802424,40.71685247095969
c1791551,2,84b3928b,66e13682,2026-05-23 19:05:05.634376,232.02842740748915,16.24507290070511
75843185,1,b8caf64c,180aa0cd,2026-05-23 19:05:05.634404,465.5742082814855,11.764223110534875
d10e68c3,1,84b3928b,b40b18bf,2026-05-23 19:05:05.634433,109.28299180808578,23.107052220654705
d10e68c3,2,b3824fcb,9644a854,2026-05-23 19:05:05.634456,85.27695240120673,15.761992951875131
e0828aea,1,aa3475ce,aa58e7b1,2026-05-23 19:05:05.634484,486.81900212858756,5.224930415945456
e0828aea,2,ae2bd5d6,63b5cfb8,2026-05-23 19:05:05.634507,312.6744112990772,31.09089923262113
5df4921c,1,4f66b683,9bfa8093,2026-05-23 19:05:05.634536,449.59610111455254,30.85305823338543
28699244,1,0b502c6a,ce20adb3,2026-05-23 19:05:05.634565,40.4010896064804,16.680438913328306
d48eb311,1,457cb1c2,9644a854,2026-05-23 19:05:05.634593,122.94048551749654,33.511016042373804
513ec267,1,2f8dbd79,2e90d858,2026-05-23 19:05:05.634621,470.12313388863333,34.537171865643074
513ec267,2,79a54c6a,2e90d858,2026-05-23 19:05:05.634644,201.15316885486993,10.015720109343075
fcd5c321,1,cae0b89b,f3ab5934,2026-05-23 19:05:05.634673,70.84277819621148,6.269388423528237
345efede,1,140ca47e,16597aea,2026-05-23 19:05:05.634702,179.98919248978063,21.93977015589661
345efede,2,6bbc7021,9644a854,2026-05-23 19:05:05.634724,95.80012449284852,19.01531182191215
345efede,3,33245b0c,0cd9ed1f,2026-05-23 19:05:05.634747,188.15952818622557,47.957023122539645
7ef88430,1,2082d9d2,b4998c55,2026-05-23 19:05:05.634775,310.18820369206975,21.288287130311673
8f418582,1,daca70db,894b8626,2026-05-23 19:05:05.634803,317.6386485982114,26.916925746335306
d0bdcb94,1,b2e5ceac,ce20adb3,2026-05-23 19:05:05.634832,72.35681340803981,34.80844335587492
eaedb291,1,0e7cc150,249a652c,2026-05-23 19:05:05.634860,328.5585790033295,16.556441024889498
0dadb101,1,140ca47e,da9dd43e,2026-05-23 19:05:05.634888,260.0188284898949,48.94000155461442
a583b105,1,efe58b44,1b864e2e,2026-05-23 19:05:05.634917,347.47729348757554,16.054740511507443
8962abc7,1,abb4e8a1,9644a854,2026-05-23 19:05:05.634945,467.53069354352164,31.880994364884888
8962abc7,2,662fc2a5,62cdfa79,2026-05-23 19:05:05.634968,177.8980470474314,11.122729272890146
8962abc7,3,89f60b65,95784c07,2026-05-23 19:05:05.634990,492.92034785395987,29.58702469547052
dbb93357,1,ffe98fb2,1b864e2e,2026-05-23 19:05:05.635019,181.28059886404841,23.554454509590563
069a859d,1,03b8d8ba,5e6a3159,2026-05-23 19:05:05.635048,142.01770140315494,26.189996032750503
ca98f587,1,b521971e,7ed1bfe7,2026-05-23 19:05:05.635076,266.18885999656567,11.497086651457627
29595742,1,daca70db,b40b18bf,2026-05-23 19:05:05.635105,133.73475730157108,43.22653004681172
37acd485,1,dbf83b6b,fb7e1c47,2026-05-23 19:05:05.635133,243.355229634009,44.42337869473423
3a7b3505,1,15719040,bf313c0e,2026-05-23 19:05:05.635162,333.5183211051743,21.091139091301347
12612168,1,15854b16,ce20adb3,2026-05-23 19:05:05.635190,414.0605053455345,48.56168851272617
5fa74aea,1,d400d501,9bfa8093,2026-05-23 19:05:05.635219,346.5903339948828,5.355150170362293
b274794b,1,179bd7d2,3a9e1e22,2026-05-23 19:05:05.635247,55.728954894702945,18.73317534291789
21c5fd8f,1,af8f94ee,45460435,2026-05-23 19:05:05.635275,97.47337370531206,30.24058646461326
21c5fd8f,2,cd775c56,fb7e1c47,2026-05-23 19:05:05.635297,237.1427314556544,46.611507121879804
21c5fd8f,3,e0639b9b,110c0782,2026-05-23 19:05:05.635320,386.97292912733303,17.13062442962044
3b483a41,1,f913184c,97b111d7,2026-05-23 19:05:05.635348,65.51253207778785,10.686165123749719
bb608886,1,3efb1588,3a9e1e22,2026-05-23 19:05:05.635377,314.4361767368079,35.70324909319904
a8514833,1,abb42609,180aa0cd,2026-05-23 19:05:05.635405,279.756146337854,9.69323396601742
16bdec90,1,579f8f38,33e748b3,2026-05-23 19:05:05.635433,499.6017640702788,24.592291781711218
16bdec90,2,8f8402ce,5e02fca9,2026-05-23 19:05:05.635455,64.58379271831222,12.849454445531553
4cd1481c,1,1efe4014,15627973,2026-05-23 19:05:05.635484,78.14720787867958,33.01813327595927
ecd13118,1,84b3928b,9bfa8093,2026-05-23 19:05:05.635512,330.8338937560632,48.14941466863836
c1948836,1,1e9afbc6,15627973,2026-05-23 19:05:05.635540,236.34742562758595,42.93341320010532
c1948836,2,49052402,62cdfa79,2026-05-23 19:05:05.635562,305.41656948370377,31.019705661786702
c1948836,3,26e11775,30eaa364,2026-05-23 19:05:05.635584,418.2918278835646,47.43005276010617
9f938177,1,531f5fa7,bd830d4e,2026-05-23 19:05:05.635613,260.9905902419575,37.54058138748777
3b9b0ad9,1,c3733ff1,ce20adb3,2026-05-23 19:05:05.635642,50.669767327684795,47.71643584175552
7d26e5c5,1,f7a0c352,2b1a9a37,2026-05-23 19:05:05.635670,268.21768868068483,15.334974665898853
3f5d107c,1,4b3a0747,ac8fa3d8,2026-05-23 19:05:05.635698,394.3325879269538,29.37623418657377
c3446e04,1,8cb7dee8,b40b18bf,2026-05-23 19:05:05.635726,191.6458849470443,21.08613163110881
6d4cb94e,1,97a673c8,16597aea,2026-05-23 19:05:05.635754,350.3036868767533,33.57074919126007
00633816,1,0481a318,dc8f6fd7,2026-05-23 19:05:05.635782,247.26296053009673,20.93623500321425
55bef913,1,eb354476,ea1be9b6,2026-05-23 19:05:05.635811,442.96967668920905,25.85866590947489
88d3e96c,1,0db1a5ea,2e90d858,2026-05-23 19:05:05.635839,478.78974443546736,36.52264262433672
88d3e96c,2,0b5b7698,c739947b,2026-05-23 19:05:05.635862,210.66564712053506,46.19159812804135
2675bf0f,1,0d5d2bc4,95784c07,2026-05-23 19:05:05.635890,367.8042559334174,20.908345505001645
c423da30,1,b7e09b7b,30eaa364,2026-05-23 19:05:05.635918,368.3343698023134,14.805775965943916
ead86d2d,1,49052402,97b111d7,2026-05-23 19:05:05.635946,242.1087265634439,14.872899581837512
11f5f248,1,c14c2565,586281b8,2026-05-23 19:05:05.635975,358.5838664002392,22.052300528524256
bc3ecc1e,1,55038fe2,7ed1bfe7,2026-05-23 19:05:05.636003,254.10649432695928,31.96935363272581
e49874be,1,6096faed,2b1a9a37,2026-05-23 19:05:05.636031,370.8112979910136,39.3026758060036
40bfbaa9,1,77bc82f2,2b1a9a37,2026-05-23 19:05:05.636071,459.6624156340476,6.232254085292054
0c2e3fcc,1,1bff1a8c,ce20adb3,2026-05-23 19:05:05.636119,445.3316887231016,24.834209011346324
0c2e3fcc,2,d554f362,45460435,2026-05-23 19:05:05.636150,25.37149469896173,7.359865132990183
0c2e3fcc,3,c9610a20,1b864e2e,2026-05-23 19:05:05.636176,470.0674915647227,15.098012001193592
84f4d63d,1,b9745c32,99c13bee,2026-05-23 19:05:05.636212,219.31542501378868,36.502046356077905
17ef4972,1,75fd4c10,3a9e1e22,2026-05-23 19:05:05.636245,81.31197532493792,26.255617396784533
17ef4972,2,4589144e,dc8f6fd7,2026-05-23 19:05:05.636270,486.262023323845,15.25616334738092
17ef4972,3,e2d2b752,15627973,2026-05-23 19:05:05.636296,455.85535310943413,38.06786708834289
6055ec00,1,1efe4014,16597aea,2026-05-23 19:05:05.636328,123.2461041505968,39.187708673570754
6055ec00,2,b4ae0a98,9bfa8093,2026-05-23 19:05:05.636353,412.5597337959075,32.070054310007365
6055ec00,3,daca70db,ce20adb3,2026-05-23 19:05:05.636378,480.8155786251576,7.286679906095987
6ad93a30,1,b064749a,3d8cbaaa,2026-05-23 19:05:05.636410,442.1568919741516,41.65003140332254
d895f979,1,eaf09bf2,586281b8,2026-05-23 19:05:05.636446,143.1504893895779,6.129798777732979
d895f979,2,428e3978,da9dd43e,2026-05-23 19:05:05.636471,216.14228103020724,18.171526934509462
d895f979,3,0f022a88,b4998c55,2026-05-23 19:05:05.636495,313.3715941723522,35.758841178359134
bf62fa24,1,34734614,bd830d4e,2026-05-23 19:05:05.636527,166.80502741503668,13.957380660411433
bcbfbca8,1,ae2bd5d6,08d65812,2026-05-23 19:05:05.636559,499.39976559659203,34.16771386315958
e0953f95,1,9b481bfa,9644a854,2026-05-23 19:05:05.636590,47.69921418332471,8.47818673313382
6f934745,1,343bb9d6,dc8f6fd7,2026-05-23 19:05:05.636622,445.51326524539627,11.19807201077018
6f934745,2,91fb2ced,0cd9ed1f,2026-05-23 19:05:05.636647,411.41902603308677,35.557089085255626
c70ebe51,1,d06b3a63,45460435,2026-05-23 19:05:05.636678,301.8157829208643,5.745986225851469
07c6b1e0,1,a5d3f66d,7ed1bfe7,2026-05-23 19:05:05.636710,484.21688408606474,31.222812166263964
9c8fbcb3,1,732fef27,3d8cbaaa,2026-05-23 19:05:05.636738,408.80753567541814,23.6652107587355
9c8fbcb3,2,0deada69,b40b18bf,2026-05-23 19:05:05.636761,385.39769714635173,39.29049939268764
a83c85b4,1,2ff7eef7,0cd9ed1f,2026-05-23 19:05:05.636789,89.72827900502138,19.51451338035777
a83c85b4,2,4555ffbd,45460435,2026-05-23 19:05:05.636811,80.79334674070165,40.46175385015163
a83c85b4,3,732fef27,9b360271,2026-05-23 19:05:05.636834,199.81330605497888,16.25680594541474
6c69317d,1,03715a61,2b1a9a37,2026-05-23 19:05:05.636872,42.92730039188646,45.501708496961136
6c69317d,2,e256942c,ce20adb3,2026-05-23 19:05:05.636894,179.96910861761359,33.888999285112014
6c69317d,3,c46d0109,fb7e1c47,2026-05-23 19:05:05.636917,370.18285836507283,36.207827288788614
3992af2a,1,f55f8f48,67491841,2026-05-23 19:05:05.636946,73.23834954886253,8.619146742792324
e66a3b97,1,677465c8,249a652c,2026-05-23 19:05:05.636975,151.1534072394,45.28485119060123
7dc97883,1,4c492c77,16597aea,2026-05-23 19:05:05.637004,436.2934963516991,18.392255575898382
7dc97883,2,e2d2b752,3b2bdf38,2026-05-23 19:05:05.637026,169.63426845239945,8.873647390528303
db69d99b,1,e91e0df6,110c0782,2026-05-23 19:05:05.637055,118.90829919383765,25.28386823831225
db69d99b,2,ce0b5c90,ce20adb3,2026-05-23 19:05:05.637078,457.32753766815557,46.536646868424796
02b6572c,1,3eb38518,ac8fa3d8,2026-05-23 19:05:05.637106,55.85703723009317,8.979751739155903
02b6572c,2,89cf41e1,66e13682,2026-05-23 19:05:05.637129,440.3968867794701,24.547876213154797
f8e09b7f,1,d9ea54ef,45460435,2026-05-23 19:05:05.637157,470.35429739362576,29.030318466589836
be235429,1,7b72f050,16597aea,2026-05-23 19:05:05.637186,367.5523910708968,41.1178933602964
7ec0bdba,1,526da5b1,67491841,2026-05-23 19:05:05.637215,346.6257258451383,22.50439643621305
85716547,1,d53cabe3,5e6a3159,2026-05-23 19:05:05.637244,392.57766428831934,41.25726278226084
d29eb5a0,1,5b037f38,a9b0059e,2026-05-23 19:05:05.637272,79.29149053850253,42.89068259138969
461da752,1,b064749a,dc8f6fd7,2026-05-23 19:05:05.637301,97.09769956258042,8.154130019011996
461da752,2,1ec31fb7,1b864e2e,2026-05-23 19:05:05.637324,63.88548819194231,35.626768007927
50e98cbd,1,004d4636,33e748b3,2026-05-23 19:05:05.637352,27.010065477898184,10.596659076229711
7ae98908,1,6da265a9,110c0782,2026-05-23 19:05:05.637381,372.7686872918805,8.15843441881005
785ec925,1,804a783b,99c13bee,2026-05-23 19:05:05.637415,322.10117061309865,47.61303666232382
5d2f0a76,1,eed96f09,fb7e1c47,2026-05-23 19:05:05.637444,386.8020927942049,24.722296976604454
ddbd513a,1,e2d8fb6a,16597aea,2026-05-23 19:05:05.637472,116.09562399224629,8.989287822235518
225e800e,1,b15e075c,249a652c,2026-05-23 19:05:05.637501,82.76441616124146,14.856016930801712
4bf2ac1b,1,a1ff7480,aa58e7b1,2026-05-23 19:05:05.637529,350.3911987022894,19.488115520617193
0a650b06,1,98b1abf5,16597aea,2026-05-23 19:05:05.637557,266.58225532493293,47.696358920095726
0a650b06,2,df410c8f,b40b18bf,2026-05-23 19:05:05.637580,337.5405084399448,47.5165936659106
630789dc,1,051f76c2,97b111d7,2026-05-23 19:05:05.637608,171.24457086393986,30.15232654470555
e9c5ba72,1,ffa0fe42,2e90d858,2026-05-23 19:05:05.637637,444.2103120856851,24.201325342109772
d467f54b,1,b80eb1a1,7ed1bfe7,2026-05-23 19:05:05.637665,485.8732535156657,42.0940977414325
163a72c7,1,ea4a85f7,33e748b3,2026-05-23 19:05:05.637693,408.93883052045305,46.93328511016213
5637c4d6,1,0db1a5ea,ea1be9b6,2026-05-23 19:05:05.637721,483.3514043451071,49.33071811771249
10ce794a,1,b70e06f1,bf313c0e,2026-05-23 19:05:05.637749,258.35204043889166,24.591511984453565
3bbe01fc,1,63d73ef7,b4998c55,2026-05-23 19:05:05.637793,404.5607304282917,44.86109084697258
ccb2eddc,1,ec774cd8,62cdfa79,2026-05-23 19:05:05.637821,159.17260009468833,14.99236781785711
ce252eac,1,173de56d,67491841,2026-05-23 19:05:05.637849,139.83750759168365,8.035027167976727
ce252eac,2,d554f362,bd830d4e,2026-05-23 19:05:05.637872,165.44789926931665,14.959886568247281
ce252eac,3,0b7ac9e0,3b78784c,2026-05-23 19:05:05.637894,346.0454348740868,26.6635703642086
6069e541,1,d218870d,07a21a6e,2026-05-23 19:05:05.637923,448.84138909755643,13.574882405737359
6069e541,2,385cae5b,a9b0059e,2026-05-23 19:05:05.637945,439.8216592237234,18.88832471318561
1990de14,1,200524a6,5e6a3159,2026-05-23 19:05:05.637974,456.81750245469186,5.408396759145638
a06a0c03,1,af286d24,63b5cfb8,2026-05-23 19:05:05.638010,260.74259549293544,31.951555070497363
fb2be872,1,0b5b7698,ac8fa3d8,2026-05-23 19:05:05.638042,151.42836550671262,33.063248728303954
229a4fc3,1,baf95375,bf313c0e,2026-05-23 19:05:05.638070,222.88391406157254,20.90065366423965
85ecadbe,1,07d31f08,2b1a9a37,2026-05-23 19:05:05.638099,382.41468322843895,23.274737884514128
85ecadbe,2,42220161,1b864e2e,2026-05-23 19:05:05.638122,119.84340677840348,32.57681846499877
184ba3c9,1,3c194590,9b360271,2026-05-23 19:05:05.638151,61.53409827093416,15.87638011088489
38141b48,1,2ebafd7d,1b864e2e,2026-05-23 19:05:05.638179,433.62600607132237,17.156672316947464
cadf3b7b,1,d1c6bef6,5e6a3159,2026-05-23 19:05:05.638208,30.22125799850576,38.42061602950257
2c6cd84b,1,1b9d7f55,07a21a6e,2026-05-23 19:05:05.638236,389.0311578333215,38.86753965997197
cdea5899,1,4c8b7456,63b5cfb8,2026-05-23 19:05:05.638265,484.21431936094035,6.071817881033087
cdea5899,2,89f60b65,b40b18bf,2026-05-23 19:05:05.638288,149.7367704043019,38.29462024310935
e75fc2cf,1,0d4f14be,bd830d4e,2026-05-23 19:05:05.638315,162.51394670465143,17.336324125050844
e75fc2cf,2,4c8b7456,b4998c55,2026-05-23 19:05:05.638338,465.5284949999399,16.439234701374424
2e242fd1,1,e0e01f58,ce20adb3,2026-05-23 19:05:05.638367,374.210250528978,24.795143217851884
2e242fd1,2,8892d1d2,99c13bee,2026-05-23 19:05:05.638389,71.41828717199226,10.357534604893432
a5c216c6,1,0481a318,95784c07,2026-05-23 19:05:05.638417,342.5132873521928,10.70277808215603
c0e1c035,1,30fb7ca7,67491841,2026-05-23 19:05:05.638446,90.60514467049394,23.18371699825685
f026b749,1,0010c2fe,da9dd43e,2026-05-23 19:05:05.638474,90.53498427122634,49.81227684461351
51c2092e,1,d96a25fc,9ea3a409,2026-05-23 19:05:05.638503,318.62224523861755,7.6856921457030305
19e91f98,1,e49271b4,45460435,2026-05-23 19:05:05.638530,269.5558225085321,22.58909190621496
99df00dc,1,91fb2ced,894b8626,2026-05-23 19:05:05.638558,332.4683822543466,48.44081409886119
dd4488a7,1,55038fe2,c739947b,2026-05-23 19:05:05.638587,31.88770300746823,25.405791344680882
466c5aaa,1,da6e8a9b,fb7e1c47,2026-05-23 19:05:05.638615,32.36659425648617,45.9090254872265
da773d49,1,f8eb5b7f,95784c07,2026-05-23 19:05:05.638643,63.71403977136134,22.172598740827215
913f097a,1,4555ffbd,9b360271,2026-05-23 19:05:05.638671,435.4195896240297,13.5050918589485
665ba7b1,1,46aec63d,180aa0cd,2026-05-23 19:05:05.638700,160.08827169623603,22.749484270018534
e999cb90,1,5b037f38,30eaa364,2026-05-23 19:05:05.638728,378.8669760253967,41.65665681034479
e999cb90,2,c07bc85b,2e90d858,2026-05-23 19:05:05.638750,463.9121094165564,27.912191608330133
e999cb90,3,a81b9a61,9644a854,2026-05-23 19:05:05.638773,24.585332776145155,30.77526054615953
acd789ac,1,03715a61,2e90d858,2026-05-23 19:05:05.638802,452.820463329309,40.89217682450236
65153112,1,4dceac83,dc8f6fd7,2026-05-23 19:05:05.638830,34.23715691085491,15.611620628876052
0cadf6db,1,8e1a7023,99c13bee,2026-05-23 19:05:05.638859,44.65928208254921,31.126359032810115
0cadf6db,2,4d223d3c,a9b0059e,2026-05-23 19:05:05.638881,420.6198751561465,48.864762712443
4940dc6e,1,ba991e10,7ed1bfe7,2026-05-23 19:05:05.638910,474.37589100313954,24.19849753039903
f8fa893d,1,8f11fcf0,110c0782,2026-05-23 19:05:05.638938,410.7074981035829,46.296209743199974
be065309,1,22b3d235,110c0782,2026-05-23 19:05:05.638966,180.43316023484581,39.642446303919634
da4d6145,1,d1c6bef6,ac8fa3d8,2026-05-23 19:05:05.638995,204.87943322190284,14.02732908016322
1943726a,1,e2f99ef5,3b78784c,2026-05-23 19:05:05.639023,165.82609951281708,39.045532069634675
1943726a,2,dd86c49f,99c13bee,2026-05-23 19:05:05.639045,370.7098636173503,41.394498385538945
cf8f353c,1,c3e52a1d,fb7e1c47,2026-05-23 19:05:05.639074,247.66647693862262,35.973956463311154
cf8f353c,2,2deb52f2,66e13682,2026-05-23 19:05:05.639097,140.01153891234935,14.426672094534032
2e763c6e,1,94dfc64f,dc8f6fd7,2026-05-23 19:05:05.639125,84.88936738569352,21.38284779921315
8bd9e8f5,1,af286d24,110c0782,2026-05-23 19:05:05.639153,36.623752670571946,17.032291359618572
767c20eb,1,fd399d3f,16597aea,2026-05-23 19:05:05.639182,238.74568978443173,19.614497645255838
65077d77,1,67ae5ce4,63b5cfb8,2026-05-23 19:05:05.639211,63.9343962003676,18.30939593331629
65077d77,2,677465c8,9644a854,2026-05-23 19:05:05.639233,488.9491139638469,16.460223599620367
83519059,1,c3e52a1d,1b864e2e,2026-05-23 19:05:05.639261,251.10316072008635,23.45619592710577
e296e4b8,1,a30767f9,3a9e1e22,2026-05-23 19:05:05.639289,75.16608394096984,30.670765631439576
117045b3,1,26e8d692,99c13bee,2026-05-23 19:05:05.639317,358.31106763110193,24.705350932117327
117045b3,2,af286d24,c739947b,2026-05-23 19:05:05.639340,429.4924248283644,25.542126254173187
0d46e3e0,1,3517bafa,249a652c,2026-05-23 19:05:05.639368,58.99979920138538,31.770710910508367
0c6ba244,1,4bbadaeb,bd830d4e,2026-05-23 19:05:05.639396,24.738047378829204,14.383417471456653
877d5968,1,07a5e35a,110c0782,2026-05-23 19:05:05.639425,330.4074070664666,47.73681257932958
04e12bfa,1,0558b9dd,4e650515,2026-05-23 19:05:05.639454,296.2388947380791,25.26871274302299
63ed8df4,1,602b55d7,5e6a3159,2026-05-23 19:05:05.639482,91.28198193052182,9.006996192100505
4ec30766,1,8f8402ce,c739947b,2026-05-23 19:05:05.639510,294.77072981486526,27.85412570257033
dbd5f3d2,1,e8a04814,bf313c0e,2026-05-23 19:05:05.639539,478.93065307551234,39.81928066493731
f6d90316,1,d9027657,b40b18bf,2026-05-23 19:05:05.639567,216.68938532904298,30.11117077061513
ee3e1ca7,1,b521971e,97b111d7,2026-05-23 19:05:05.639596,383.76287215886936,49.91035773053698
2145c525,1,14e8ac65,1b864e2e,2026-05-23 19:05:05.639624,147.3898521713564,29.31970704414747
d1b49894,1,0e7cc150,97b111d7,2026-05-23 19:05:05.639652,57.6375406417711,6.311740032788789
e4fb6c28,1,0b7ac9e0,62cdfa79,2026-05-23 19:05:05.639681,169.79103596373315,25.56288696695301
e4fb6c28,2,d58037ff,08d65812,2026-05-23 19:05:05.639703,367.4560778185284,26.569127216023535
0b18e60e,1,4c0b1c75,9b360271,2026-05-23 19:05:05.639731,122.35095981321878,24.123538004938418
da622cd4,1,579f8f38,9b360271,2026-05-23 19:05:05.639768,111.81392821080334,31.540123914802393
ffe677a7,1,ff4acc5e,1b864e2e,2026-05-23 19:05:05.639796,477.60834645149174,9.395558227615519
ffe677a7,2,d06b3a63,894b8626,2026-05-23 19:05:05.639818,77.55736279859214,40.94938863073201
4434806a,1,9571a4b9,2e90d858,2026-05-23 19:05:05.639846,392.8936228226261,25.708697184845622
af6bf00c,1,14e8ac65,dc8f6fd7,2026-05-23 19:05:05.639875,497.57989773850437,5.840365687714392
af6bf00c,2,8e1a7023,a9b0059e,2026-05-23 19:05:05.639897,459.62606137216545,29.119391285563335
47736c22,1,190fd57b,45460435,2026-05-23 19:05:05.639925,226.1726212112384,28.191981999633814
47736c22,2,d6f5e7f4,2b1a9a37,2026-05-23 19:05:05.639948,479.64007917159387,30.01488225787197
47736c22,3,2c976d13,9bfa8093,2026-05-23 19:05:05.639971,134.87604876855212,26.467169436521246
f312a8f7,1,ca737cf4,586281b8,2026-05-23 19:05:05.640000,340.30851890559524,23.94319257765673
967a0bb4,1,fdf27c4c,15bfe12f,2026-05-23 19:05:05.640028,124.39198070611086,17.888379218000274
94af387c,1,dd86c49f,180aa0cd,2026-05-23 19:05:05.640056,218.71935316503726,41.49375939586145
d7f2383d,1,58808e79,45460435,2026-05-23 19:05:05.640085,309.7489277359513,29.335264285083046
4d5b4976,1,a80408ce,da9dd43e,2026-05-23 19:05:05.640114,290.9444770400968,40.844402428084464
d6e24b65,1,6bbc7021,da9dd43e,2026-05-23 19:05:05.640142,472.8524831059367,17.596345877175676
40187563,1,7b3bc82e,aa58e7b1,2026-05-23 19:05:05.640170,38.4955268970849,21.09655365486874
40187563,2,da6e8a9b,894b8626,2026-05-23 19:05:05.640192,166.05697966016143,9.318632780318708
40187563,3,a0a8781f,f3ab5934,2026-05-23 19:05:05.640215,80.81549803653877,6.956433137950571
8f84f515,1,e0e01f58,bd830d4e,2026-05-23 19:05:05.640243,475.708770298893,43.09909234146351
e262a9ae,1,55038fe2,3a9e1e22,2026-05-23 19:05:05.640271,24.971567057994246,21.498803847776497
e466899c,1,c6773b2b,3b2bdf38,2026-05-23 19:05:05.640300,285.37721780608246,46.97824103459176
e466899c,2,9b028803,0cd9ed1f,2026-05-23 19:05:05.640322,241.56848954898604,31.207217573001675
e466899c,3,0b502c6a,15bfe12f,2026-05-23 19:05:05.640344,495.45719302455836,17.524249718530772
85a3e48c,1,662fc2a5,3d8cbaaa,2026-05-23 19:05:05.640373,170.26028580309682,9.673831701542575
4bbebea0,1,84db25bf,66e13682,2026-05-23 19:05:05.640401,91.22948372365701,15.200001253253006
509f1ab4,1,369f091e,7ed1bfe7,2026-05-23 19:05:05.640429,205.2430575466699,8.397062645988203
468179d4,1,72305100,180aa0cd,2026-05-23 19:05:05.640466,295.63287722911775,48.854311351329684
7e20efb5,1,0704e62f,9b360271,2026-05-23 19:05:05.640494,270.3656852217095,28.35949705922968
78105568,1,65b6ef7a,bf313c0e,2026-05-23 19:05:05.640522,323.2853631883884,7.014428842240238
035b5518,1,ec774cd8,ea1be9b6,2026-05-23 19:05:05.640550,191.03662086820063,14.7810622756835
9e9497f5,1,c14c2565,30eaa364,2026-05-23 19:05:05.640578,63.06527321907598,12.500954068756672
5c124fb9,1,f66f78b7,b40b18bf,2026-05-23 19:05:05.640606,167.07287803902085,49.78495640102589
1f1ba262,1,8892d1d2,9ea3a409,2026-05-23 19:05:05.640634,122.25543588652373,27.135786675219464
1f1ba262,2,1e866d17,da9dd43e,2026-05-23 19:05:05.640657,261.938915915932,22.972536716228344
1f1ba262,3,e237c3e6,ce20adb3,2026-05-23 19:05:05.640687,414.85048198869214,42.265296499687594
9b12b589,1,45326e3f,9b360271,2026-05-23 19:05:05.640716,260.07684899990295,36.26972631823774
9b12b589,2,33245b0c,7ed1bfe7,2026-05-23 19:05:05.640738,427.77379015432876,42.47279403885086
9b12b589,3,f1803c5b,aa58e7b1,2026-05-23 19:05:05.640760,459.83694728494163,7.143541855196832
fc6ad5c3,1,0558b9dd,3b2bdf38,2026-05-23 19:05:05.640789,96.12265955965856,41.66724476072654
ef22d551,1,abb42609,1b864e2e,2026-05-23 19:05:05.640818,159.82086689991593,39.320883908099574
24f83127,1,ea4a85f7,249a652c,2026-05-23 19:05:05.640846,300.34753608748485,7.190089644280992
b4fa83e8,1,7a224966,45460435,2026-05-23 19:05:05.640874,248.97565135130458,41.59531562779775
b4fa83e8,2,9571a4b9,c739947b,2026-05-23 19:05:05.640897,305.3397942111872,11.805321952905912
29ca5ab4,1,662fc2a5,67491841,2026-05-23 19:05:05.640925,91.82051993376533,28.051432851942437
27b8eaff,1,cf112ebc,2e90d858,2026-05-23 19:05:05.640956,346.8459953295751,44.67035309545134
8b84e793,1,7ba033d5,110c0782,2026-05-23 19:05:05.640985,445.3979555057423,43.486213017635315
6e78b4d1,1,a40970e9,3a9e1e22,2026-05-23 19:05:05.641013,375.7773631242596,8.768705281150027
e766c84a,1,d58037ff,c739947b,2026-05-23 19:05:05.641041,236.04858838340186,17.145421212836247
7072a471,1,ba4ae1ef,aa58e7b1,2026-05-23 19:05:05.641070,388.76522822019393,43.27722891114738
ac14f495,1,cd775c56,45460435,2026-05-23 19:05:05.641098,181.3074395179215,14.628695899690154
9fe54196,1,58e40345,97b111d7,2026-05-23 19:05:05.641127,225.6125990829937,17.448038989159137
c662dbed,1,591fed2c,9644a854,2026-05-23 19:05:05.641155,412.5746529481094,27.177667656721418
1b4cbd54,1,e2d8fb6a,9ea3a409,2026-05-23 19:05:05.641183,50.191303568365214,21.500620524284166
b3aa664e,1,26e8d692,30eaa364,2026-05-23 19:05:05.641211,107.1866671414277,18.46744284561403
cd294804,1,b8caf64c,ea1be9b6,2026-05-23 19:05:05.641239,99.85975219672463,16.73515790714824
7c1cd056,1,8c7a1f1a,110c0782,2026-05-23 19:05:05.641267,315.5542798598613,6.190052083179457
929d1906,1,d96a25fc,ea1be9b6,2026-05-23 19:05:05.641295,192.14768583360586,47.01000555432123
229a391b,1,b87fd63c,a9b0059e,2026-05-23 19:05:05.641323,89.74668181089159,12.933481941108473
576ec64d,1,f1803c5b,bd830d4e,2026-05-23 19:05:05.641351,146.41026962339797,45.82540435960093
075c4548,1,67ae5ce4,63b5cfb8,2026-05-23 19:05:05.641379,437.5097451519679,38.65026538469191
f95e1a07,1,0b873518,0cd9ed1f,2026-05-23 19:05:05.641407,307.9891502992597,30.51290707373463
f48655cd,1,efaf5996,2b1a9a37,2026-05-23 19:05:05.641435,76.14894241662998,43.748846668052806
49360a48,1,190fd57b,f3ab5934,2026-05-23 19:05:05.641464,99.6000893624442,25.727163164676504
ac38daeb,1,73bdc762,7ed1bfe7,2026-05-23 19:05:05.641492,348.64483676607176,26.321151054175928
75a076c0,1,84b3928b,ce20adb3,2026-05-23 19:05:05.641520,244.49333842529228,41.900584964098186
16affb38,1,5b037f38,b40b18bf,2026-05-23 19:05:05.641548,164.2853605289315,39.974998283134475
16affb38,2,bd1f1f4c,180aa0cd,2026-05-23 19:05:05.641570,65.59559756980104,28.342918177425215
9bfcc44c,1,004d4636,1b864e2e,2026-05-23 19:05:05.641598,478.5019544907547,44.30021386374434
bd91414f,1,c6773b2b,15bfe12f,2026-05-23 19:05:05.641626,479.43532273664334,17.1666736452719
bd91414f,2,ffe98fb2,3a9e1e22,2026-05-23 19:05:05.641649,329.8410664824956,39.67293299661962
bd91414f,3,baf95375,15bfe12f,2026-05-23 19:05:05.641671,485.198845101347,46.11922359044363
0f3735f3,1,f5040716,a9b0059e,2026-05-23 19:05:05.641700,300.5461775775813,5.7765427496045625
a24962b6,1,cf112ebc,45460435,2026-05-23 19:05:05.641728,23.7241201690094,25.432751571384024
164cac6a,1,59c6855b,9644a854,2026-05-23 19:05:05.641757,246.7021644413339,23.807243907000338
9e65877d,1,97385578,b40b18bf,2026-05-23 19:05:05.641785,277.54859252936075,48.000495882639534
422d82e9,1,20d3e294,894b8626,2026-05-23 19:05:05.641813,27.381120486567276,42.90066867085121
47f7dc4d,1,73bdc762,45460435,2026-05-23 19:05:05.641841,443.7629014970758,23.41832128367021
0e5579c2,1,c1997843,bd830d4e,2026-05-23 19:05:05.641869,199.74922617229373,16.76963551112898
fe0f2838,1,ffa1f70e,b40b18bf,2026-05-23 19:05:05.641897,141.0907766320801,33.54295936196126
49e66d33,1,2f8dbd79,07a21a6e,2026-05-23 19:05:05.641926,139.57491164986746,23.83106931248223
f9ab96a2,1,ce118617,66e13682,2026-05-23 19:05:05.641954,398.40988593918877,38.67517171517085
5ac50646,1,33eccda0,b4998c55,2026-05-23 19:05:05.641982,360.8615551342769,15.727689233053637
34363ee0,1,6dc89fae,67491841,2026-05-23 19:05:05.642010,442.6858365534865,8.375750717995402
f34292ed,1,3bb56b00,3d8cbaaa,2026-05-23 19:05:05.642039,344.61285719939264,49.8288160568673
d962c8d0,1,531f5fa7,4e650515,2026-05-23 19:05:05.642067,495.0723931083209,7.730066317018271
3396d16f,1,a799b7d2,2e90d858,2026-05-23 19:05:05.642094,192.1590148878036,9.351388118617518
151d8dc5,1,b87fd63c,1b864e2e,2026-05-23 19:05:05.642122,442.69518256958247,9.24460144954494
8d0b393c,1,4c8b7456,da9dd43e,2026-05-23 19:05:05.642150,340.31655838102705,29.725317250587807
91542be8,1,e33d6924,9644a854,2026-05-23 19:05:05.642178,245.61789197126785,13.674179990781905
91542be8,2,f913184c,dc8f6fd7,2026-05-23 19:05:05.642200,429.7180851520847,46.00924375037263
e0c24109,1,741f3878,2e90d858,2026-05-23 19:05:05.642228,154.64387586824262,5.2837225843631295
d134f4e2,1,ec774cd8,fb7e1c47,2026-05-23 19:05:05.642256,483.34527857469675,29.702970140219477
d134f4e2,2,a4d92353,bd830d4e,2026-05-23 19:05:05.642279,440.87668829267966,49.46778046527261
f479d17d,1,0b5b7698,3b2bdf38,2026-05-23 19:05:05.642307,133.2897407227996,12.04785648363018
a022ae5e,1,ba4ae1ef,b40b18bf,2026-05-23 19:05:05.642335,224.8274838086547,49.55152364458066
a7531392,1,84b3928b,2e90d858,2026-05-23 19:05:05.642363,388.45618107086466,13.02960418435394
db768dfd,1,419673b9,1b864e2e,2026-05-23 19:05:05.642391,400.0691986385537,9.619916069221533
b7b9df56,1,14b98e41,dc8f6fd7,2026-05-23 19:05:05.642423,454.5447992876341,29.4662330359862
83907d68,1,453cd56b,f3ab5934,2026-05-23 19:05:05.642451,350.5466888749313,34.10751291375171
4505b919,1,b404910a,2b1a9a37,2026-05-23 19:05:05.642480,498.14000939111867,20.190235118997037
36f1185e,1,6016ddc1,a9b0059e,2026-05-23 19:05:05.642508,110.55535864601143,25.191933358543125
81de08d2,1,aa3475ce,110c0782,2026-05-23 19:05:05.642536,484.19304033293025,29.34494748453844
81de08d2,2,f5153864,3d8cbaaa,2026-05-23 19:05:05.642559,26.255355979515063,13.12734123056884
11a1e6fd,1,5602319e,3d8cbaaa,2026-05-23 19:05:05.642587,414.84923744997286,17.746985341256657
f3c0aa09,1,1bff1a8c,62cdfa79,2026-05-23 19:05:05.642615,199.90611887585516,36.30001382189709
c16415f7,1,acf39392,9644a854,2026-05-23 19:05:05.642643,23.200421672609757,23.645526783774752
5215bd74,1,34384d23,f3ab5934,2026-05-23 19:05:05.642671,157.82039989902682,29.473046311012162
d3d875f2,1,2deb52f2,9b360271,2026-05-23 19:05:05.642699,216.9932238491707,6.9133102230339984
83b8962c,1,7a224966,b4998c55,2026-05-23 19:05:05.642727,328.7571476001047,42.13642092391713
7fd9bc59,1,b7f8c26d,fb7e1c47,2026-05-23 19:05:05.642755,40.87597688284484,40.58975823478468
f4483e9f,1,0b95b346,ce20adb3,2026-05-23 19:05:05.642783,429.10258144058514,25.01802624321872
089793c4,1,8d1a49eb,5e02fca9,2026-05-23 19:05:05.642812,492.61585335785594,41.714758960128805
089793c4,2,af8f94ee,97b111d7,2026-05-23 19:05:05.642834,199.09160327174072,20.700071242987555
060c12eb,1,c1997843,a9b0059e,2026-05-23 19:05:05.642862,479.1578287494763,49.77466813871321
2c6eed10,1,87b307f5,a9b0059e,2026-05-23 19:05:05.642891,287.6988033440036,31.073127348517776
ad03d7c6,1,bc10f1a6,08d65812,2026-05-23 19:05:05.642919,46.189060030941285,9.785689954242446
be93664c,1,9244e8e2,3d8cbaaa,2026-05-23 19:05:05.642947,147.0889018423427,32.601455624318284
be93664c,2,c3e52a1d,894b8626,2026-05-23 19:05:05.642970,213.00680621231973,9.0430712074994
7bf7bb48,1,8a46dc93,7ed1bfe7,2026-05-23 19:05:05.642998,371.5939692345916,14.969858598716636
a926a1a6,1,02eb7d58,15627973,2026-05-23 19:05:05.643030,227.73453612022894,40.67342079624342
a926a1a6,2,0558b9dd,ea1be9b6,2026-05-23 19:05:05.643052,447.8350270639415,26.493392844231877
a6f45ea9,1,a5f865e2,99c13bee,2026-05-23 19:05:05.643080,436.9834734595927,42.797277812210034
fbb5d985,1,15854b16,2b1a9a37,2026-05-23 19:05:05.643108,314.3677662196387,27.519434934743735
b552bb82,1,f6143d5b,249a652c,2026-05-23 19:05:05.643136,451.7499500284234,8.891537196023195
f7d15778,1,c36c1712,1b864e2e,2026-05-23 19:05:05.643170,122.06208823087054,35.52820781119562
9efb5100,1,d4d390ec,c739947b,2026-05-23 19:05:05.643198,339.61448100024506,25.137837143366674
82e19e1f,1,55038fe2,9644a854,2026-05-23 19:05:05.643227,38.95969721856705,34.15832743452974
f96b9f94,1,2e74541a,aa58e7b1,2026-05-23 19:05:05.643254,151.24101398698258,35.81136180178052
fab01290,1,abb4e8a1,3b78784c,2026-05-23 19:05:05.643282,494.3494932410994,21.816092534350297
b7ea629a,1,fe6d693f,33e748b3,2026-05-23 19:05:05.643310,449.2101193467313,5.447031696359582
2521941b,1,6a6d679d,30eaa364,2026-05-23 19:05:05.643339,203.5448039830175,14.870013895265656
c710ec24,1,0010c2fe,7ed1bfe7,2026-05-23 19:05:05.643370,51.729486259980334,30.372086582346153
9f55e213,1,b426fb84,2b1a9a37,2026-05-23 19:05:05.643398,227.16779076288282,24.418762980506838
21cc4e59,1,0b9e4648,7ed1bfe7,2026-05-23 19:05:05.643426,67.57635366099754,39.392032470243755
b8618302,1,c1997843,894b8626,2026-05-23 19:05:05.643455,460.58708269038675,26.22054490166491
2b45c3d4,1,eaf09bf2,3b2bdf38,2026-05-23 19:05:05.643483,55.4407827754664,37.317874190114686
0253762b,1,ecf80d71,c739947b,2026-05-23 19:05:05.643510,461.56551810858207,30.490130723534318
0474a77a,1,96967213,b40b18bf,2026-05-23 19:05:05.643538,142.94268757253863,29.87176291907821
77f49e03,1,798444b8,5e6a3159,2026-05-23 19:05:05.643566,75.57009670139891,14.506772292273563
c4c070cb,1,e49271b4,2e90d858,2026-05-23 19:05:05.643595,498.702805153983,23.094151935862214
a08b86fa,1,e8915011,da9dd43e,2026-05-23 19:05:05.643640,339.9598780801918,12.035658638775029
a08b86fa,2,e0b90abb,15627973,2026-05-23 19:05:05.643663,265.01284305388424,44.65145454020783
d5a5e97f,1,ed8c7d6f,99c13bee,2026-05-23 19:05:05.643691,44.48586200404635,25.557020440217713
713862c4,1,d3c419f1,9644a854,2026-05-23 19:05:05.643720,86.49536252510082,12.495887755760664
bc755558,1,b1c8aeb7,30eaa364,2026-05-23 19:05:05.643748,190.90248111524645,24.238734231330962
f436079c,1,ebf07848,a9b0059e,2026-05-23 19:05:05.643780,222.42036075509137,30.28138962883515
0e948af8,1,97cfd068,bf313c0e,2026-05-23 19:05:05.643808,45.9063855175982,45.04845579874548
fbf4560e,1,622da96f,1b864e2e,2026-05-23 19:05:05.643835,78.60685899271502,34.96032711252593
a4fb8672,1,e91e0df6,a9b0059e,2026-05-23 19:05:05.643864,475.3579218191698,12.030086015812929
e1804d51,1,b15e075c,08d65812,2026-05-23 19:05:05.643892,144.92409939030796,8.924468041352963
2369b4cb,1,5b037f38,45460435,2026-05-23 19:05:05.643920,127.35036071532421,35.155590857767265
2369b4cb,2,ca3f9970,b40b18bf,2026-05-23 19:05:05.643942,419.2844302612291,27.718735026907922
2369b4cb,3,efaf5996,aa58e7b1,2026-05-23 19:05:05.643964,306.5779508453507,33.71760052806354
573980aa,1,5449ea46,bd830d4e,2026-05-23 19:05:05.643993,44.30204137495586,31.443643160969394
2f98c354,1,15719040,63b5cfb8,2026-05-23 19:05:05.644021,119.06358301838821,24.65654522305108
fb714820,1,a30767f9,45460435,2026-05-23 19:05:05.644049,166.02766549149717,37.389303948647594
71a4e3f5,1,79804949,9bfa8093,2026-05-23 19:05:05.644077,330.03566844513205,12.034054993590425
a6830f16,1,354b510a,97b111d7,2026-05-23 19:05:05.644105,218.08064999223458,13.958078475752094
a6830f16,2,c87fb338,67491841,2026-05-23 19:05:05.644128,205.24062924609092,36.09044992524339
0f02fe2b,1,d58037ff,08d65812,2026-05-23 19:05:05.644156,414.2145858189394,42.631108834999104
27755021,1,b1eadd47,3a9e1e22,2026-05-23 19:05:05.644184,340.2976899506418,42.6530450326961
8ac01601,1,d4d390ec,aa58e7b1,2026-05-23 19:05:05.644212,184.97946421047848,29.80775282132158
5f2155ab,1,b404910a,9bfa8093,2026-05-23 19:05:05.644242,86.64894005609693,10.977739555284446
b130b4bc,1,23e40a8f,b4998c55,2026-05-23 19:05:05.644275,157.07282038589886,21.564064804394853
bbcac174,1,2ebafd7d,c739947b,2026-05-23 19:05:05.644308,104.68769041648565,26.004595003954886
bbcac174,2,343bb9d6,5e6a3159,2026-05-23 19:05:05.644340,104.3138883825664,46.97179543149902
0a170bd5,1,c36c1712,aa58e7b1,2026-05-23 19:05:05.644369,488.4489664879494,37.75407319702528
2da23135,1,efe58b44,da9dd43e,2026-05-23 19:05:05.644397,485.740847334063,36.45015018311476
0579d291,1,0b95b346,97b111d7,2026-05-23 19:05:05.644426,406.7767961688406,48.656314800434075
c74bb9af,1,aa3475ce,dc8f6fd7,2026-05-23 19:05:05.644454,54.60434808554844,15.561825006220433
3607fe2c,1,804a783b,07a21a6e,2026-05-23 19:05:05.644482,490.021760258761,47.55144448030132
25870481,1,a8759dc8,1b864e2e,2026-05-23 19:05:05.644510,427.77595487762335,25.68308466600609
5337e14e,1,97cfd068,249a652c,2026-05-23 19:05:05.644538,71.57904614558481,7.5676272656822166
7c7eec81,1,1ca8e41b,5e02fca9,2026-05-23 19:05:05.644566,343.42309422507503,33.449018409552274
a0350533,1,9b028803,110c0782,2026-05-23 19:05:05.644594,258.35961237213814,27.5011408653213
a0350533,2,35c5b2f8,5e6a3159,2026-05-23 19:05:05.644616,406.8919992442985,42.50582000871274
a0350533,3,3bb56b00,63b5cfb8,2026-05-23 19:05:05.644638,438.6504446292746,23.154216082199834
719abab5,1,3726cc61,97b111d7,2026-05-23 19:05:05.644667,306.8683698396736,40.51369115479989
ee8f75fc,1,081be4d1,3d8cbaaa,2026-05-23 19:05:05.644695,462.9297240016703,49.6084585405394
5327d933,1,97575e05,62cdfa79,2026-05-23 19:05:05.644723,90.20026958270917,42.852849555555366
82ac9a63,1,79804949,33e748b3,2026-05-23 19:05:05.644751,373.88742947260357,11.266122815339262
bc198bd0,1,ffa0fe42,15bfe12f,2026-05-23 19:05:05.644779,197.4643465130007,10.792004309388906
bc198bd0,2,1bff1a8c,9b360271,2026-05-23 19:05:05.644801,301.3788489629641,49.45943865225944
bc198bd0,3,21061182,99c13bee,2026-05-23 19:05:05.644824,120.90968886573143,40.62193094635317
ccb0a88f,1,e2f99ef5,f3ab5934,2026-05-23 19:05:05.644852,200.80285764807036,18.175719013125345
ef5f2d87,1,96de232f,15627973,2026-05-23 19:05:05.644880,179.86958129486993,42.716668719381616
95a0b460,1,58808e79,63b5cfb8,2026-05-23 19:05:05.644908,357.7433773732812,18.373573749170234
af07e00e,1,e3f461e3,c739947b,2026-05-23 19:05:05.644936,285.87583198813377,20.51499306057514
a8ad6dd6,1,6b99e29d,15bfe12f,2026-05-23 19:05:05.644965,307.1192072300029,28.08993185844753
04b5d361,1,ecf80d71,1b864e2e,2026-05-23 19:05:05.644993,210.64390527295106,9.541846212189293
cb6e79d2,1,86b13fa3,66e13682,2026-05-23 19:05:05.645021,402.2479597821366,19.80827247249962
5d519f5c,1,8892d1d2,2b1a9a37,2026-05-23 19:05:05.645061,265.75927857719927,36.98262320028431
a6ecbfc8,1,798444b8,7ed1bfe7,2026-05-23 19:05:05.645096,415.1839557083571,9.727644051499919
5f6071c8,1,81766bcf,9ea3a409,2026-05-23 19:05:05.645124,52.08932171172741,28.595941673916236
7e020fd3,1,d69a9a23,9644a854,2026-05-23 19:05:05.645152,104.29892788090694,43.46076073707538
d225cf61,1,d737a7ea,9644a854,2026-05-23 19:05:05.645181,363.7379826228774,36.887817659390905
c11e073e,1,03f01a23,9644a854,2026-05-23 19:05:05.645209,435.12967718853,25.089920868776677
c11e073e,2,741f3878,16597aea,2026-05-23 19:05:05.645231,438.90897455923306,45.73015856182535
c11e073e,3,c5ed13b4,5e02fca9,2026-05-23 19:05:05.645254,44.52308048761051,31.886139488636882
3565d19c,1,b81d663e,97b111d7,2026-05-23 19:05:05.645282,32.529980752220965,7.441536446670939
8d0ea8ed,1,a30767f9,67491841,2026-05-23 19:05:05.645310,89.09518319114746,47.35089987997494
2cd96697,1,0b7e335b,b4998c55,2026-05-23 19:05:05.645338,449.1968877548761,12.372335025730237
30304d38,1,e0e01f58,16597aea,2026-05-23 19:05:05.645366,264.0553694618229,28.446233759882038
f49a9d19,1,15854b16,2e90d858,2026-05-23 19:05:05.645395,45.842260144135984,39.22018343126686
7fdf0d0b,1,dee1e0c5,9bfa8093,2026-05-23 19:05:05.645423,334.3709735117916,27.129610003455475
4c1130f3,1,964d9148,3b2bdf38,2026-05-23 19:05:05.645451,395.2416218747915,47.409268428947506
4c1130f3,2,4c8b7456,45460435,2026-05-23 19:05:05.645473,140.6296460161699,13.266263362879116
33415a52,1,ec774cd8,63b5cfb8,2026-05-23 19:05:05.645501,62.46720884759107,37.03973020972392
cfd419a4,1,b2e5ceac,07a21a6e,2026-05-23 19:05:05.645545,484.72615854773915,45.73423093179032
cfd419a4,2,dd121367,da9dd43e,2026-05-23 19:05:05.645567,196.62677856994836,43.37029238196721
7c096933,1,b2673a73,16597aea,2026-05-23 19:05:05.645595,154.21328532037558,42.50068751995141
1329ad53,1,49052402,180aa0cd,2026-05-23 19:05:05.645630,435.4026195718764,22.739439370195132
4668f413,1,a45b8c85,4e650515,2026-05-23 19:05:05.645665,304.51414696210696,6.824591224181536
4010425e,1,337e4c9d,aa58e7b1,2026-05-23 19:05:05.645702,256.5052806798109,43.13346676280685
24bd1d3c,1,a80408ce,5e6a3159,2026-05-23 19:05:05.645733,213.6617455553074,36.25370295172954
4c1c5b54,1,b7ab2de3,30eaa364,2026-05-23 19:05:05.645761,385.35968534781045,5.5547908492388185
fb29f661,1,b4305394,7ed1bfe7,2026-05-23 19:05:05.645789,452.62591339765913,28.21752627018286
fb29f661,2,ad8d092f,bd830d4e,2026-05-23 19:05:05.645811,214.8763829096038,30.411824723086635
fb29f661,3,20d3e294,bd830d4e,2026-05-23 19:05:05.645833,177.7539683926115,32.44535099359242
349bee9a,1,4589144e,894b8626,2026-05-23 19:05:05.645861,345.17993927087184,28.57475372492553
349bee9a,2,b327f5b3,c739947b,2026-05-23 19:05:05.645884,291.407968857012,36.89635888180781
970f01f1,1,92028873,f3ab5934,2026-05-23 19:05:05.645912,430.1790003409816,6.845161819530477
d3f241c5,1,ecf80d71,16597aea,2026-05-23 19:05:05.645940,154.78637135672113,35.800619334253085
304c9337,1,0b502c6a,16597aea,2026-05-23 19:05:05.645969,341.75734173701176,32.90414183385251
51c8898d,1,74cee2e1,66e13682,2026-05-23 19:05:05.645997,270.608700294594,14.213627778063183
f7d25230,1,354b510a,da9dd43e,2026-05-23 19:05:05.646025,461.65699001131384,38.39649914980267
e0c05002,1,b15e075c,33e748b3,2026-05-23 19:05:05.646053,365.82590882563954,41.03849767065756
99395e02,1,23a926d8,67491841,2026-05-23 19:05:05.646081,321.89755264691263,11.82774029723952
99395e02,2,0b95b346,99c13bee,2026-05-23 19:05:05.646108,145.09617342502594,19.60330703406541
b30f0ea2,1,0bb0bcbd,bf313c0e,2026-05-23 19:05:05.646136,259.3490004270206,18.411921303083346
24643fb7,1,d108b3e1,dc8f6fd7,2026-05-23 19:05:05.646165,402.60391227107857,40.297179106483505
24643fb7,2,cddc7b75,9b360271,2026-05-23 19:05:05.646187,115.18168760973424,44.36152526730188
e038f866,1,7ba033d5,fb7e1c47,2026-05-23 19:05:05.646215,447.5996079042285,20.70526929600532
b461a776,1,b3824fcb,ea1be9b6,2026-05-23 19:05:05.646257,337.4292525433164,20.899225437278666
401bf7e8,1,453cd56b,110c0782,2026-05-23 19:05:05.646285,320.0859990441153,43.710006427653816
9ade7163,1,25e8e9d0,bd830d4e,2026-05-23 19:05:05.646313,46.11623735162009,45.25353050927728
0e9020ec,1,b7ab2de3,aa58e7b1,2026-05-23 19:05:05.646341,349.06733087489283,16.82808029425646
5abbd998,1,2164f126,9ea3a409,2026-05-23 19:05:05.646369,196.8299143746847,30.361889060166906
5abbd998,2,a4cc70ff,3b2bdf38,2026-05-23 19:05:05.646392,334.35562305665644,18.39177691308815
2b9062bf,1,6502b540,bf313c0e,2026-05-23 19:05:05.646420,337.878499294763,11.711799212079002
e8bb0480,1,fd29b273,4e650515,2026-05-23 19:05:05.646448,174.64847095426745,23.919442686576826
32e91715,1,e2d8fb6a,45460435,2026-05-23 19:05:05.646476,177.1802118075969,13.06754700065164
32e91715,2,ed8c7d6f,9ea3a409,2026-05-23 19:05:05.646498,242.89380246504308,42.770536501513675
891329f1,1,1f6c563e,0cd9ed1f,2026-05-23 19:05:05.646526,131.81728288115437,37.5509358231503
bf4ec329,1,f0578d49,3d8cbaaa,2026-05-23 19:05:05.646554,217.3665873865749,42.159688805795284
7655a224,1,b7e09b7b,15627973,2026-05-23 19:05:05.646582,329.3796953303927,39.69890564841394
f05537cc,1,0558b9dd,1b864e2e,2026-05-23 19:05:05.646610,496.1365264313271,6.868956128921294
1ee23b74,1,91fb2ced,3a9e1e22,2026-05-23 19:05:05.646639,135.09976342179672,30.141833568336057
e68adbff,1,0704e62f,62cdfa79,2026-05-23 19:05:05.646667,227.1844513782464,39.79050603066716
2a5cd09f,1,dc1f3972,249a652c,2026-05-23 19:05:05.646695,495.92829480260406,47.31424070328771
2a5cd09f,2,343bb9d6,15bfe12f,2026-05-23 19:05:05.646717,457.9356971150248,30.406006834275413
95f12472,1,eb1ad0e1,b40b18bf,2026-05-23 19:05:05.646745,432.27545718672206,23.12949140391619
95f12472,2,a4d92353,3b78784c,2026-05-23 19:05:05.646768,243.08975314234314,21.490156066383943
58a8a0c5,1,ab12b3b8,3b78784c,2026-05-23 19:05:05.646796,406.86652412157093,42.98102127870956
c9117e0b,1,58808e79,1b864e2e,2026-05-23 19:05:05.646824,332.1908025939293,36.22005266618295
c9117e0b,2,ea7a8b41,3d8cbaaa,2026-05-23 19:05:05.646847,402.5448370298988,36.63469329003952
c9117e0b,3,84b3928b,bf313c0e,2026-05-23 19:05:05.646869,414.4485919255806,26.277617988301508
11b06914,1,2ebafd7d,97b111d7,2026-05-23 19:05:05.646897,148.66092900062307,28.487435817147016
ebc286fc,1,b4ae0a98,249a652c,2026-05-23 19:05:05.646926,40.045571900976746,12.845741820851561
d10cb918,1,eb1ad0e1,b40b18bf,2026-05-23 19:05:05.646954,341.17082710749736,31.14824277415184
196126b5,1,1ebfd578,ce20adb3,2026-05-23 19:05:05.646982,352.188267405173,21.226866491865884
fbcf0153,1,09e1dc5f,c739947b,2026-05-23 19:05:05.647010,400.00830344391886,33.843019236844746
fbcf0153,2,f0766c58,0cd9ed1f,2026-05-23 19:05:05.647033,187.31768749004917,34.436811234166896
2c0466ea,1,b2673a73,da9dd43e,2026-05-23 19:05:05.647061,197.76098431907508,33.3667395214497
9ae28d3b,1,0de23cb0,c739947b,2026-05-23 19:05:05.647089,374.2429501766466,33.20015241521383
67f3b54c,1,d96a25fc,07a21a6e,2026-05-23 19:05:05.647117,423.3123523353397,44.820233363833594
3d77d35b,1,0d4ffb87,07a21a6e,2026-05-23 19:05:05.647154,155.52434332723152,47.18518523330697
e0d2cf49,1,e4ee2fad,9b360271,2026-05-23 19:05:05.647182,24.808763491639514,29.864179454452486
c02f3b49,1,0f022a88,3d8cbaaa,2026-05-23 19:05:05.647210,301.1465587560032,14.447073124803925
c02f3b49,2,a2c79ce6,894b8626,2026-05-23 19:05:05.647233,445.39106162358854,44.187857435015424
ad5b7813,1,b2673a73,bd830d4e,2026-05-23 19:05:05.647261,161.12057514100263,39.64026855066811
ad5b7813,2,fd29b273,30eaa364,2026-05-23 19:05:05.647283,136.7801968718147,16.50571817933213
ad5b7813,3,b8caf64c,33e748b3,2026-05-23 19:05:05.647305,370.3150010389155,11.016265666196905
7383f229,1,ea4a85f7,ce20adb3,2026-05-23 19:05:05.647333,438.466851726751,39.22700914609827
94545e40,1,e33d6924,3b2bdf38,2026-05-23 19:05:05.647361,467.42601288336874,12.624068308883476
a728df86,1,fba64ffd,4e650515,2026-05-23 19:05:05.647389,233.0476834755931,14.006073858391531
f5f7ddc4,1,c14c2565,07a21a6e,2026-05-23 19:05:05.647417,189.13166191978806,15.077657356733626
f5f7ddc4,2,21061182,1b864e2e,2026-05-23 19:05:05.647440,20.251569953830764,19.584209457180915
1929ec1a,1,8f8402ce,dc8f6fd7,2026-05-23 19:05:05.647468,55.679782422486085,47.88976494720535
3c878720,1,0f4d7fa4,33e748b3,2026-05-23 19:05:05.647497,398.30035456694065,36.292087065580354
14d2afa0,1,a4ec77b1,4e650515,2026-05-23 19:05:05.647533,393.65562039424,10.838425965083253
766446f2,1,f9a59579,249a652c,2026-05-23 19:05:05.647561,283.7328751482557,17.85079663599994
377c98ff,1,dd524de3,9bfa8093,2026-05-23 19:05:05.647589,319.1575722257311,30.10995810551131
dd380c2a,1,9a4b5684,180aa0cd,2026-05-23 19:05:05.647617,133.58329598506438,48.13380513588793
5f7bd8d9,1,0d4ffb87,aa58e7b1,2026-05-23 19:05:05.647645,134.146755426774,25.461503021352982
0efa41cf,1,23a926d8,c739947b,2026-05-23 19:05:05.647673,75.84114675621413,29.789895255022984
a8bbfd7c,1,b4305394,33e748b3,2026-05-23 19:05:05.647701,371.11123828395534,12.349979983181466
529e21dd,1,ecf80d71,08d65812,2026-05-23 19:05:05.647730,182.82240727625583,24.451156487499095
b49775d7,1,e256942c,3d8cbaaa,2026-05-23 19:05:05.647758,21.675250808914033,47.20873727974261
b49775d7,2,d53cabe3,a9b0059e,2026-05-23 19:05:05.647780,337.89741619001506,19.53009092896266
cebf8e08,1,22b3d235,7ed1bfe7,2026-05-23 19:05:05.647808,437.1003774679975,16.236776686324088
96ca9750,1,75fd4c10,249a652c,2026-05-23 19:05:05.647836,281.50972173930813,13.58836120823378
4e24fefc,1,34384d23,3b78784c,2026-05-23 19:05:05.647864,282.65564019418935,5.206529614687486
095c895b,1,602b55d7,bd830d4e,2026-05-23 19:05:05.647892,319.83660506235697,44.11714229914976
a198c4d1,1,0704e62f,ac8fa3d8,2026-05-23 19:05:05.647920,66.20986060101419,9.369396570157813
5357b391,1,2bc19be5,9ea3a409,2026-05-23 19:05:05.647948,379.6678782565919,33.9378369080412
5357b391,2,c36c1712,30eaa364,2026-05-23 19:05:05.647970,78.49425835425536,35.52462331406833
70d2efce,1,92028873,a9b0059e,2026-05-23 19:05:05.647998,489.336243284612,33.203057053066374
cb57451f,1,79a54c6a,da9dd43e,2026-05-23 19:05:05.648026,375.6142783028395,46.989319830114894
3fdf158d,1,ce0b5c90,15627973,2026-05-23 19:05:05.648055,83.63921931371593,40.57638697531898
affb0d4b,1,b1eadd47,3b2bdf38,2026-05-23 19:05:05.648083,333.3791155795472,27.53445329601397
affb0d4b,2,7f779927,5e6a3159,2026-05-23 19:05:05.648105,269.1542049217362,13.555000758987134
da1f9dde,1,2c976d13,63b5cfb8,2026-05-23 19:05:05.648133,38.44790887527154,45.03670033048304
da1f9dde,2,81766bcf,5e02fca9,2026-05-23 19:05:05.648156,417.9229076669021,24.792787891912496
28efdd49,1,9fc805ba,3a9e1e22,2026-05-23 19:05:05.648184,199.89214227847665,42.9233939654981
63a928f8,1,2bc19be5,15627973,2026-05-23 19:05:05.648212,467.15662150683863,36.02966024921237
63a928f8,2,9fc805ba,180aa0cd,2026-05-23 19:05:05.648234,23.29050717263666,41.10942299051454
63a928f8,3,cf112ebc,a9b0059e,2026-05-23 19:05:05.648256,491.57089323820964,24.053234460658228
25b44ecb,1,84db25bf,249a652c,2026-05-23 19:05:05.648285,168.6753104064474,9.607155887452842
90146313,1,7122197c,95784c07,2026-05-23 19:05:05.648314,369.833157586686,7.295618505452911
44e6a1fb,1,71808bff,a9b0059e,2026-05-23 19:05:05.648341,448.27585264292094,45.562640519237064
b0e1b8e6,1,a4cc70ff,110c0782,2026-05-23 19:05:05.648370,223.8830542872017,28.701840970827142
6f85b225,1,c87fb338,67491841,2026-05-23 19:05:05.648397,89.77779643863911,36.929770220583755
3fc599c6,1,a30767f9,67491841,2026-05-23 19:05:05.648426,384.43887294480453,21.258968701058414
3d9661e8,1,6d25ee58,c739947b,2026-05-23 19:05:05.648454,157.54781364130082,24.1155381873524
9cf2bbd5,1,f6143d5b,66e13682,2026-05-23 19:05:05.648482,41.708140677290814,41.08399579967568
9cf2bbd5,2,0b7e335b,08d65812,2026-05-23 19:05:05.648504,182.3165686549572,31.347666211103473
bb49511d,1,5b037f38,30eaa364,2026-05-23 19:05:05.648532,153.60539256535301,27.867594200828552
d0f6fa43,1,1b9d7f55,07a21a6e,2026-05-23 19:05:05.648560,405.26556743017403,33.48635091480459
26d1c7a2,1,a5c4c351,9ea3a409,2026-05-23 19:05:05.648588,89.11520763889627,46.96899108424178
83daaa89,1,343bb9d6,9bfa8093,2026-05-23 19:05:05.648616,311.24272694811424,33.64762908720239
05e7e2ba,1,e256942c,97b111d7,2026-05-23 19:05:05.648644,379.4951303612755,31.927597877262613
05e7e2ba,2,7b72f050,dc8f6fd7,2026-05-23 19:05:05.648667,218.7942468233481,42.7078207969585
2fd34e9c,1,21061182,63b5cfb8,2026-05-23 19:05:05.648695,226.76354867700292,14.191947689509417
f6712085,1,ebe11d69,249a652c,2026-05-23 19:05:05.648723,259.2321494493505,32.286658907803925
e97bf992,1,741f3878,3b78784c,2026-05-23 19:05:05.648760,78.61030046258101,38.00050024622493
f0069f76,1,aad26c74,3b2bdf38,2026-05-23 19:05:05.648788,380.0188622043705,18.13731799749652
52125f12,1,6fea26cd,62cdfa79,2026-05-23 19:05:05.648816,380.63264465517534,44.69474240462289
370df9eb,1,eb1ad0e1,62cdfa79,2026-05-23 19:05:05.648844,32.70961478037524,16.41721329500193
e658d664,1,bbe309dd,33e748b3,2026-05-23 19:05:05.648872,402.1467557898904,42.0020474942337
e658d664,2,20d3e294,15bfe12f,2026-05-23 19:05:05.648895,394.84939241589973,39.7098934522481
a7230964,1,4b3a0747,7ed1bfe7,2026-05-23 19:05:05.648923,283.8621457480783,22.207309806594655
a7230964,2,efaf5996,dc8f6fd7,2026-05-23 19:05:05.648945,114.32137379505868,14.251017000576326
25f02c09,1,67ae5ce4,dc8f6fd7,2026-05-23 19:05:05.648973,263.85684382585987,20.300531772219177
10c9836e,1,14b98e41,ce20adb3,2026-05-23 19:05:05.649001,77.83207291404554,30.302658835974192
5948aad8,1,f5040716,fb7e1c47,2026-05-23 19:05:05.649029,164.7553797400837,38.63342578774009
5e5ffeea,1,b85caafc,894b8626,2026-05-23 19:05:05.649057,93.57398612501642,25.675909902700216
edc4d043,1,1b9d7f55,ce20adb3,2026-05-23 19:05:05.649085,159.70073909108055,39.50896389120923
2768c9f2,1,eb354476,30eaa364,2026-05-23 19:05:05.649112,227.69085966847774,22.271520546960243
2768c9f2,2,dd5cf2a0,110c0782,2026-05-23 19:05:05.649135,419.4555277001721,35.28854292540721
b5305cbc,1,f66f78b7,5e6a3159,2026-05-23 19:05:05.649163,206.490560166001,40.39080103910107
7a314bb8,1,b426fb84,15627973,2026-05-23 19:05:05.649191,195.9605770283348,23.546139306308145
aaf8940e,1,7f0881df,f3ab5934,2026-05-23 19:05:05.649219,151.91059171327848,48.4274120224092
1fb51958,1,77bc82f2,5e6a3159,2026-05-23 19:05:05.649247,114.47498956320003,10.799729897479242
7111974f,1,ef4d75a2,c739947b,2026-05-23 19:05:05.649275,46.75765496384342,27.867727064695785
33bde42c,1,e34a8487,bd830d4e,2026-05-23 19:05:05.649303,440.2512911458247,39.64123925369363
52fbcb34,1,602b55d7,0cd9ed1f,2026-05-23 19:05:05.649331,157.01546173107116,11.846086348135731
de57ac2e,1,09e1dc5f,f3ab5934,2026-05-23 19:05:05.649359,199.8552321723869,14.644184005597465
de57ac2e,2,70199d84,7ed1bfe7,2026-05-23 19:05:05.649381,320.9737800946964,7.59502181600723
de57ac2e,3,d96a25fc,5e02fca9,2026-05-23 19:05:05.649403,248.55395451818796,42.48918011527033
56dce8e0,1,b21e3120,3b78784c,2026-05-23 19:05:05.649431,461.72636433375874,8.556545543052806
a21050b5,1,ce118617,fb7e1c47,2026-05-23 19:05:05.649460,47.52068490680499,8.949164923368977
99eb3ced,1,865e88d7,97b111d7,2026-05-23 19:05:05.649488,249.4745141349708,32.39999984332307
f29331df,1,78db85d2,9644a854,2026-05-23 19:05:05.649516,202.23680762878996,10.8391381972086
19dc9334,1,d108b3e1,ea1be9b6,2026-05-23 19:05:05.649544,199.59223700499737,36.47260553092129
be184900,1,275bb310,180aa0cd,2026-05-23 19:05:05.649572,348.16570150468084,14.176309843291031
970ec849,1,9cd99410,66e13682,2026-05-23 19:05:05.649602,91.8524539917037,29.68110735725778
ef533f34,1,d9ea54ef,ea1be9b6,2026-05-23 19:05:05.649635,85.18345104805995,10.224051097796934
ef533f34,2,33eccda0,08d65812,2026-05-23 19:05:05.649662,254.05258394835218,46.56528463951838
d20c5b69,1,03b8d8ba,4e650515,2026-05-23 19:05:05.649714,438.1893164772672,23.639548651781233
16feb06f,1,ffa5a956,fb7e1c47,2026-05-23 19:05:05.649743,131.874700687575,15.846316644036177
31730e2e,1,c92bce8f,f3ab5934,2026-05-23 19:05:05.649771,438.922168614657,11.569202936638229
2011549a,1,0deada69,9b360271,2026-05-23 19:05:05.649799,294.2730602360975,28.29789253931909
ff13485c,1,b7f8c26d,ac8fa3d8,2026-05-23 19:05:05.649827,360.42265438624355,16.069985067692823
00b786f0,1,67ae5ce4,894b8626,2026-05-23 19:05:05.649856,188.43058276936804,37.8388800392949
d628153d,1,051f76c2,b40b18bf,2026-05-23 19:05:05.649883,273.4640586851497,25.700758190555288
a7507421,1,da6e8a9b,2e90d858,2026-05-23 19:05:05.649911,405.5915115403401,6.768286501154617
25c2c9b0,1,b4305394,586281b8,2026-05-23 19:05:05.649939,373.43764462642366,21.448091507071954
e34158d7,1,089642f6,5e02fca9,2026-05-23 19:05:05.649967,115.32733557627857,40.41119894613131
9916a21c,1,a30767f9,249a652c,2026-05-23 19:05:05.649995,392.57774732269183,47.47297430590456
a1d66a7d,1,e256942c,2e90d858,2026-05-23 19:05:05.650023,485.23538613126465,17.28612620637489
0d6ee839,1,55e6c6a5,95784c07,2026-05-23 19:05:05.650051,431.3378038883285,31.010847833116095
7805a3de,1,2e74541a,33e748b3,2026-05-23 19:05:05.650079,358.8234578759453,9.012524189831865
7805a3de,2,a80408ce,07a21a6e,2026-05-23 19:05:05.650102,321.4671155576639,28.408129703132055
7805a3de,3,a1372f50,bd830d4e,2026-05-23 19:05:05.650124,84.0065624817774,5.526283861676314
ff73593d,1,e49271b4,97b111d7,2026-05-23 19:05:05.650152,79.21416543754421,49.90645745236257
ff73593d,2,07a5e35a,3b78784c,2026-05-23 19:05:05.650174,376.0323336324777,29.359866166389292
ff73593d,3,7ba033d5,2e90d858,2026-05-23 19:05:05.650197,32.86901962436264,21.31995728825054
f1ab5d76,1,e384dc23,7ed1bfe7,2026-05-23 19:05:05.650225,358.111358397466,34.49193243189074
f1ab5d76,2,30aef8b8,2b1a9a37,2026-05-23 19:05:05.650247,487.7272626709531,47.03323217865632
4f7c35f4,1,a5d3f66d,67491841,2026-05-23 19:05:05.650275,124.00698981998144,26.403384000318347
387872d5,1,19014209,7ed1bfe7,2026-05-23 19:05:05.650304,234.85814085223635,49.95994915892904
5be5de66,1,d554f362,ea1be9b6,2026-05-23 19:05:05.650332,458.99471756819526,19.825963423001966
6627ee33,1,0db194da,7ed1bfe7,2026-05-23 19:05:05.650360,478.6219462570283,8.831805838290599
aef2433f,1,8bf4bda1,45460435,2026-05-23 19:05:05.650388,49.474469142816666,5.076672261847528
b7c09fb1,1,6bbc7021,9bfa8093,2026-05-23 19:05:05.650417,31.863179583155592,11.146552605462226
b7c09fb1,2,f913184c,07a21a6e,2026-05-23 19:05:05.650439,311.98451293620764,37.68539876817514
5c08e6d7,1,343bb9d6,0cd9ed1f,2026-05-23 19:05:05.650467,52.16415460569577,8.586572766629631
7e713895,1,85e2c5d9,15627973,2026-05-23 19:05:05.650495,176.64035272741012,39.28787409652818
7e713895,2,8da5e0b6,30eaa364,2026-05-23 19:05:05.650518,30.138324227711415,34.29966512389808
eaf1654a,1,87b307f5,33e748b3,2026-05-23 19:05:05.650546,128.131127599714,26.427104650816183
788c1c4d,1,a0f95b64,2b1a9a37,2026-05-23 19:05:05.650574,288.7606479532937,18.18482810519371
eed0bbb3,1,c46d0109,180aa0cd,2026-05-23 19:05:05.650602,314.68382143207054,14.11226068597356
b12dd04f,1,b2f0edf2,63b5cfb8,2026-05-23 19:05:05.650631,132.64995850483544,5.903709380487397
a60cb921,1,ffe98fb2,99c13bee,2026-05-23 19:05:05.650659,368.1779773344904,14.342637452334593
e8ec0735,1,42220161,08d65812,2026-05-23 19:05:05.650687,398.4733973419689,34.094009857871804
e8ec0735,2,e2f99ef5,2e90d858,2026-05-23 19:05:05.650709,475.40368042536437,43.741381018850916
e8ec0735,3,0db1a5ea,5e6a3159,2026-05-23 19:05:05.650731,371.0556485891915,23.542741474772996
1c5cbd25,1,0840b2f6,30eaa364,2026-05-23 19:05:05.650759,89.55979922613038,14.927433918868298
56386d64,1,4f66b683,b4998c55,2026-05-23 19:05:05.650787,170.74714928780875,29.693613627853857
5ec298ba,1,457cb1c2,2b1a9a37,2026-05-23 19:05:05.650815,494.47338575372055,36.00576357722976
c2b0b311,1,cae0b89b,ce20adb3,2026-05-23 19:05:05.650846,389.7859964645748,29.400872281411203
0b7c69d3,1,a0f95b64,2e90d858,2026-05-23 19:05:05.650874,159.75466078192545,14.932314843790488
0b7c69d3,2,819f6726,2e90d858,2026-05-23 19:05:05.650897,305.15445997122833,37.83885134646071
0b7c69d3,3,272863cf,7ed1bfe7,2026-05-23 19:05:05.650919,428.2839643816792,34.64687277669576
da64644d,1,d58037ff,249a652c,2026-05-23 19:05:05.650947,383.17267886466874,41.39478568336745
d03e050e,1,d218870d,f3ab5934,2026-05-23 19:05:05.650975,390.153290918913,35.40683741884787
c99fd16e,1,2434d7e9,15bfe12f,2026-05-23 19:05:05.651003,312.42497100928904,32.54650119777636
5c67aca6,1,b426fb84,ea1be9b6,2026-05-23 19:05:05.651031,333.4982641197879,43.28136730965272
c4eb96de,1,179bd7d2,0cd9ed1f,2026-05-23 19:05:05.651059,308.89725940792374,18.872483827506926
b86d0a20,1,f913184c,30eaa364,2026-05-23 19:05:05.651087,231.86104026191126,11.334319098833431
c5c833fa,1,a1372f50,c739947b,2026-05-23 19:05:05.651115,331.20741309814076,18.972608704763427
63b913ad,1,b1c8aeb7,586281b8,2026-05-23 19:05:05.651143,475.09736985855335,23.826687719855816
0adb156c,1,8892d1d2,7ed1bfe7,2026-05-23 19:05:05.651171,90.050380487922,44.817788637485066
9d7cf46a,1,84b3928b,9644a854,2026-05-23 19:05:05.651199,62.91716035093671,44.56759248733852
c24fc79b,1,fbae8b7e,67491841,2026-05-23 19:05:05.651228,458.32237827830653,34.97186086168731
eb5d14c0,1,6a6d679d,bd830d4e,2026-05-23 19:05:05.651256,325.57596264683013,45.43478139792354
4de097da,1,602b55d7,586281b8,2026-05-23 19:05:05.651284,393.3354179670196,46.60722118448833
94f659dc,1,f4b984b2,3d8cbaaa,2026-05-23 19:05:05.651312,222.53430207168154,30.84696327597377
3d4e7b52,1,622da96f,bf313c0e,2026-05-23 19:05:05.651340,261.6370059066573,7.654588326714327
8e305023,1,b4ae0a98,5e02fca9,2026-05-23 19:05:05.651367,106.69182256047002,22.43424513606303
94c507ca,1,79a42933,dc8f6fd7,2026-05-23 19:05:05.651396,152.62431621995663,21.839494753861043
20f0a04a,1,8d1a49eb,3d8cbaaa,2026-05-23 19:05:05.651423,406.26237665295685,41.49214777600446
97558890,1,d9bed1eb,586281b8,2026-05-23 19:05:05.651452,371.4563158599952,19.88953850716403
906ed421,1,abb42609,15bfe12f,2026-05-23 19:05:05.651480,298.5386353494472,41.79770026293519
290f716d,1,84db25bf,62cdfa79,2026-05-23 19:05:05.651507,140.2864545591694,46.942787536163436
baf325e5,1,f0766c58,1b864e2e,2026-05-23 19:05:05.651535,323.683091980798,26.147816087496178
33d7ce66,1,f66f78b7,15bfe12f,2026-05-23 19:05:05.651564,395.56318376021926,11.274483334862907
9a56f637,1,8892d1d2,5e6a3159,2026-05-23 19:05:05.651591,141.28297348221307,14.032096335256995
4056eacd,1,3eb38518,180aa0cd,2026-05-23 19:05:05.651619,328.992390557676,18.85331092161963
b91b7f29,1,71808bff,62cdfa79,2026-05-23 19:05:05.651648,42.50881601006032,45.8425453277037
cd2e14cb,1,526da5b1,5e02fca9,2026-05-23 19:05:05.651676,266.27319330515104,42.66532349412717
dd1649ee,1,2deb52f2,9b360271,2026-05-23 19:05:05.651704,293.4426240699095,35.55690035952216
dd1649ee,2,dbf83b6b,894b8626,2026-05-23 19:05:05.651726,254.1996852051307,45.40355169090281
b6346a85,1,fd29b273,62cdfa79,2026-05-23 19:05:05.651754,116.30774835989772,24.327811509597257
6c41518a,1,819f6726,3a9e1e22,2026-05-23 19:05:05.651782,179.82170016130834,19.351807376717844
20260f3c,1,b521971e,aa58e7b1,2026-05-23 19:05:05.651810,352.4990016633983,33.05218588111061
19563209,1,b4ae0a98,ac8fa3d8,2026-05-23 19:05:05.651838,107.19997380986209,47.036377640461744
66bc0e35,1,46ec6a2f,bd830d4e,2026-05-23 19:05:05.651866,412.7836831905843,13.11335299929026
d1097af6,1,8b9e19ff,f3ab5934,2026-05-23 19:05:05.651894,219.33555333412647,36.08971273609511
01ec5f52,1,71808bff,5e02fca9,2026-05-23 19:05:05.651930,270.559828206111,45.72351584243809
7f207d7f,1,47ec1d2b,15bfe12f,2026-05-23 19:05:05.651958,245.79133188043437,33.0397378158876
23bd9a4b,1,543b3a32,586281b8,2026-05-23 19:05:05.651986,157.30405439067982,18.479579034603848
14480b34,1,b85caafc,dc8f6fd7,2026-05-23 19:05:05.652014,63.17417427362628,14.251349298077686
797ab638,1,f8eb5b7f,15bfe12f,2026-05-23 19:05:05.652043,430.5293694426046,30.199680917663404
797ab638,2,1c88cf70,dc8f6fd7,2026-05-23 19:05:05.652065,406.5649268233817,17.507275704187222
03dd1d11,1,06c13985,bf313c0e,2026-05-23 19:05:05.652093,129.01658165063088,33.02234566964137
3a650773,1,e384dc23,0cd9ed1f,2026-05-23 19:05:05.652122,110.86569751589543,40.63382263743974
595a8a05,1,f8c6bac7,99c13bee,2026-05-23 19:05:05.652150,498.541686181395,17.70223036832367
336d2fb2,1,86b13fa3,3d8cbaaa,2026-05-23 19:05:05.652186,442.59824969131586,10.705145300781401
21c41269,1,0de23cb0,15627973,2026-05-23 19:05:05.652214,223.00381444489713,17.90271153200829
172f61a2,1,d45a0f2d,63b5cfb8,2026-05-23 19:05:05.652242,204.45907834269732,45.36110183404112
b18f73c0,1,7498b701,110c0782,2026-05-23 19:05:05.652270,178.25481509425805,33.22693243028192
dfa914fd,1,0b95b346,45460435,2026-05-23 19:05:05.652298,385.49188048656345,26.627680409211862
52dd3951,1,301b2fb7,da9dd43e,2026-05-23 19:05:05.652327,48.75555491295502,16.989401198759825
52dd3951,2,e0b90abb,da9dd43e,2026-05-23 19:05:05.652350,108.45937120160508,19.04074263727161
52dd3951,3,efe58b44,f3ab5934,2026-05-23 19:05:05.652372,44.74446991637972,10.728510625958652
efa4fbef,1,53cc4a10,5e6a3159,2026-05-23 19:05:05.652401,251.11856974477686,20.021138745176525
ee83b6a4,1,d3487b0c,15bfe12f,2026-05-23 19:05:05.652429,464.49696115312264,8.894552782975664
ee83b6a4,2,14b98e41,3d8cbaaa,2026-05-23 19:05:05.652451,138.91056194063376,42.20625409222436
dd6a854f,1,bbe309dd,110c0782,2026-05-23 19:05:05.652479,42.68345615979207,15.850097073560022
b15d213b,1,f7eab29f,aa58e7b1,2026-05-23 19:05:05.652508,29.876835684928036,32.71672646760161
ae5c60be,1,531f5fa7,66e13682,2026-05-23 19:05:05.652536,226.5033818158597,7.154776429481806
26d32540,1,14b98e41,aa58e7b1,2026-05-23 19:05:05.652564,442.9953818591397,34.33212980112214
2d0a329c,1,239148df,aa58e7b1,2026-05-23 19:05:05.652592,221.77009986637833,40.66462357332073
03351311,1,8cb7dee8,97b111d7,2026-05-23 19:05:05.652620,325.42776192237665,30.499926854068036
6c51b739,1,23e40a8f,249a652c,2026-05-23 19:05:05.652648,145.40384461285208,9.418804979346827
8674cd49,1,5552af64,5e6a3159,2026-05-23 19:05:05.652676,355.16593859063255,36.81053554135466
604883d0,1,179bd7d2,180aa0cd,2026-05-23 19:05:05.652707,455.9764001204282,48.26975027377193
0b31f434,1,75fd4c10,2e90d858,2026-05-23 19:05:05.652739,137.7154674432286,49.7663783695286
f7359b5f,1,4c8b7456,b4998c55,2026-05-23 19:05:05.652778,166.6995708075936,23.229064533315732
5e078a55,1,bbe309dd,110c0782,2026-05-23 19:05:05.652808,386.56502633513185,37.69873114850313
69c09058,1,337e4c9d,bd830d4e,2026-05-23 19:05:05.652838,86.97592852201042,25.76883822086299
69c09058,2,fbae8b7e,0cd9ed1f,2026-05-23 19:05:05.652866,166.30895345321676,12.39239414830467
69c09058,3,8cb7dee8,3d8cbaaa,2026-05-23 19:05:05.652892,153.19743563128182,33.109472037603716
ca72701b,1,ecf80d71,9b360271,2026-05-23 19:05:05.652928,181.7853456341079,23.529131679454835
b2cac020,1,796f07a5,da9dd43e,2026-05-23 19:05:05.652959,312.9205096313225,43.89844211060639
f2967f21,1,7b72f050,5e6a3159,2026-05-23 19:05:05.652996,192.43373804235515,18.908072628567783
c05a4026,1,ca3f9970,9bfa8093,2026-05-23 19:05:05.653029,158.62593738574492,49.15284905122181
c05a4026,2,a127fb43,aa58e7b1,2026-05-23 19:05:05.653051,112.0971066151879,17.398610503921983
c05a4026,3,dbf83b6b,f3ab5934,2026-05-23 19:05:05.653073,494.6579758302518,45.82444327387465
7b53f366,1,c36c1712,67491841,2026-05-23 19:05:05.653105,379.0145310035141,14.171505235710123
a853225f,1,a0f95b64,180aa0cd,2026-05-23 19:05:05.653133,210.59965176016118,32.07409502794551
a853225f,2,23a926d8,5e6a3159,2026-05-23 19:05:05.653155,355.61812532087896,44.692249118357964
40b429a2,1,f5153864,f3ab5934,2026-05-23 19:05:05.653183,265.8355910775993,16.4508568604561
cf7c29c9,1,e256942c,62cdfa79,2026-05-23 19:05:05.653211,72.19569769136127,8.591043740601739
b929aed6,1,b426fb84,08d65812,2026-05-23 19:05:05.653239,296.6549288340034,25.367686233288016
08b2c261,1,453cd56b,b4998c55,2026-05-23 19:05:05.653269,81.13479281449493,49.46537742096494
cb04f4e8,1,179bd7d2,c739947b,2026-05-23 19:05:05.653312,329.20367929618277,21.069207659175245
d692e486,1,173de56d,66e13682,2026-05-23 19:05:05.653344,259.47069755932387,22.231535965430318
7b921632,1,99fe0983,4e650515,2026-05-23 19:05:05.653372,209.35013664754194,7.314416190511031
22112e15,1,1b0c3530,63b5cfb8,2026-05-23 19:05:05.653401,430.0336301238499,39.121519111377374
4e20a2d1,1,239148df,66e13682,2026-05-23 19:05:05.653429,474.0731042406009,48.52302228428787
9f601907,1,365315d9,67491841,2026-05-23 19:05:05.653457,398.6648017060358,7.183035585238079
9f601907,2,ba991e10,0cd9ed1f,2026-05-23 19:05:05.653480,161.01353909506483,48.91610403025395
68487ee1,1,1f6c563e,bf313c0e,2026-05-23 19:05:05.653508,389.18533792248525,28.555193858391565
7dec2850,1,4555ffbd,586281b8,2026-05-23 19:05:05.653536,210.81686517341268,29.799527270430875
b480bb3d,1,fa76f6ba,ea1be9b6,2026-05-23 19:05:05.653563,188.7499604532124,49.38146375979854
b3aabee3,1,85e2c5d9,7ed1bfe7,2026-05-23 19:05:05.653591,232.01311383088114,10.855699362151453
3a00efce,1,c07bc85b,180aa0cd,2026-05-23 19:05:05.653619,289.77596753925235,42.74628243416007
95cb915b,1,23e40a8f,da9dd43e,2026-05-23 19:05:05.653648,477.1752599568044,31.559210034702712
95cb915b,2,d737a7ea,180aa0cd,2026-05-23 19:05:05.653670,159.64622374983568,19.77002170205453
49df05a8,1,2c976d13,97b111d7,2026-05-23 19:05:05.653710,422.2951825006852,15.447784338873854
6e5c77f4,1,84db25bf,c739947b,2026-05-23 19:05:05.653738,191.50030147303156,18.25407297070681
f4bb9114,1,75fd4c10,08d65812,2026-05-23 19:05:05.653767,178.748728446862,5.0007531316070635
a48ad8dc,1,051f76c2,586281b8,2026-05-23 19:05:05.653795,175.66266760538682,47.042148417519655
23db5983,1,86b13fa3,3d8cbaaa,2026-05-23 19:05:05.653823,366.5821151271848,20.543709402291277
b15c6993,1,77bc82f2,63b5cfb8,2026-05-23 19:05:05.653851,448.4323505193618,45.01662819397876
4d736760,1,dd524de3,110c0782,2026-05-23 19:05:05.653879,192.23899222316166,10.793298423957692
1629419d,1,861b3ce2,62cdfa79,2026-05-23 19:05:05.653907,160.13429065472639,29.489087358813165
8a77cd7f,1,1b0c3530,3a9e1e22,2026-05-23 19:05:05.653936,327.5571008259115,32.69664194913986
59fe49e1,1,337e4c9d,dc8f6fd7,2026-05-23 19:05:05.653964,86.64099058309236,17.225242472804972
12991f35,1,f6cd0a4d,97b111d7,2026-05-23 19:05:05.653991,50.650675647704816,18.017060361380818
12991f35,2,4c492c77,f3ab5934,2026-05-23 19:05:05.654014,133.59633365341773,49.8184386719399
6e5fa8c0,1,337e4c9d,0cd9ed1f,2026-05-23 19:05:05.654042,220.1884033142689,11.131004842003605
41e2eaf1,1,a799b7d2,33e748b3,2026-05-23 19:05:05.654070,181.78707297749602,32.185769927021525
07fbe29f,1,c1997843,16597aea,2026-05-23 19:05:05.654098,265.87797453642827,23.575305349144596
bbfb647c,1,301b2fb7,3d8cbaaa,2026-05-23 19:05:05.654126,352.5922690587346,48.42075482716375
f77fa04e,1,91fb2ced,bf313c0e,2026-05-23 19:05:05.654154,150.89688790569923,8.54707529540075
e4e40c78,1,275bb310,a9b0059e,2026-05-23 19:05:05.654182,115.7731358231456,14.61421628449865
d9f5e23d,1,e2f99ef5,3d8cbaaa,2026-05-23 19:05:05.654210,403.7771079939663,17.915374755699425
484cbad9,1,46aec63d,66e13682,2026-05-23 19:05:05.654238,52.49391784854117,27.498716878866727
2aed74cc,1,a80408ce,dc8f6fd7,2026-05-23 19:05:05.654266,280.3164930743116,34.27785119401242
2aed74cc,2,14b98e41,249a652c,2026-05-23 19:05:05.654289,441.25913771160856,43.98780110938535
663598aa,1,ca3f9970,9bfa8093,2026-05-23 19:05:05.654317,341.9983186389213,47.860009497163894
ba69361a,1,b521971e,15627973,2026-05-23 19:05:05.654345,154.02024211870372,39.361723863068235
ba69361a,2,3386bf02,07a21a6e,2026-05-23 19:05:05.654367,282.70517217063394,32.40409190790682
9110fc66,1,1ec31fb7,180aa0cd,2026-05-23 19:05:05.654395,217.61506963338653,20.790157975316305
2ad8d19b,1,59c6855b,97b111d7,2026-05-23 19:05:05.654424,150.91162364215188,44.780618406312776
d22b79ee,1,a4d8f4ec,ac8fa3d8,2026-05-23 19:05:05.654452,107.15071470438573,9.01816216082125
d22b79ee,2,14e8ac65,ea1be9b6,2026-05-23 19:05:05.654474,448.67173225373296,20.841760613023045
4d272740,1,7a224966,da9dd43e,2026-05-23 19:05:05.654503,417.2587072478943,36.81823808753514
8ee29b3a,1,c8a5bb8c,3a9e1e22,2026-05-23 19:05:05.654531,24.693276779912985,36.967379226229106
7564c6f9,1,35c5b2f8,b40b18bf,2026-05-23 19:05:05.654559,320.30845846618706,13.126464698692073
6f910476,1,8cb7dee8,15627973,2026-05-23 19:05:05.654587,181.35442116898724,48.91297383659506
7192c8d7,1,0840b2f6,62cdfa79,2026-05-23 19:05:05.654626,293.64094857037753,13.546213383724751
30f37aa6,1,173de56d,b40b18bf,2026-05-23 19:05:05.654656,205.3313883890792,5.488140322418005
30f37aa6,2,e384dc23,5e6a3159,2026-05-23 19:05:05.654678,238.80530620498158,49.61762751424847
30f37aa6,3,531f5fa7,0cd9ed1f,2026-05-23 19:05:05.654701,44.59464853687719,43.65615380347562
16eb838d,1,239148df,c739947b,2026-05-23 19:05:05.654729,252.020438104156,42.47435980170472
d75047c4,1,301b2fb7,9b360271,2026-05-23 19:05:05.654757,218.12943223341338,11.731959012420592
f140729a,1,b521971e,99c13bee,2026-05-23 19:05:05.654786,362.61791647670424,32.936979499767595
f140729a,2,a45374ef,16597aea,2026-05-23 19:05:05.654808,440.92423971082565,8.190632161455657
f140729a,3,fd9d1a8c,5e02fca9,2026-05-23 19:05:05.654830,249.38647590960028,19.318928620339488
9ecd5b10,1,ffe98fb2,586281b8,2026-05-23 19:05:05.654858,384.5597585012362,23.65964341900346
9ecd5b10,2,2f8dbd79,4e650515,2026-05-23 19:05:05.654881,185.46724290512,28.897021600504054
4a0b5fd2,1,f4b984b2,0cd9ed1f,2026-05-23 19:05:05.654912,72.2290098401397,49.738449484556035
4a0b5fd2,2,43646648,586281b8,2026-05-23 19:05:05.654934,390.41677080182535,26.788472423202414
1a8c055b,1,85e2c5d9,b40b18bf,2026-05-23 19:05:05.654962,262.48122369533553,26.214467522681137
ba118aad,1,07d31f08,dc8f6fd7,2026-05-23 19:05:05.654990,339.57592363033416,28.24038110244549
bda2e74b,1,d06b3a63,3b2bdf38,2026-05-23 19:05:05.655018,216.66444377868908,30.71671311452335
bda2e74b,2,dee1e0c5,ce20adb3,2026-05-23 19:05:05.655041,208.87908107946532,35.87753622889975
1358f9fc,1,453cd56b,ea1be9b6,2026-05-23 19:05:05.655069,315.34425005141264,11.91954874646139
a1454c71,1,275bb310,ea1be9b6,2026-05-23 19:05:05.655097,328.80567934713736,44.836860815245394
8d44be72,1,e0e01f58,bd830d4e,2026-05-23 19:05:05.655125,74.0060716343146,34.23869144469943
979503a2,1,72305100,62cdfa79,2026-05-23 19:05:05.655153,400.26444420510876,30.96192145131734
50896fdc,1,a4d92353,3d8cbaaa,2026-05-23 19:05:05.655181,33.38465820679106,10.461616763086253
de4b8ad2,1,1792827c,99c13bee,2026-05-23 19:05:05.655210,200.73047462898597,37.80389906959951
de4b8ad2,2,fba64ffd,9644a854,2026-05-23 19:05:05.655232,317.76108777898463,43.40871260550791
01ac408c,1,b81d663e,1b864e2e,2026-05-23 19:05:05.655260,297.9400567115089,33.40208511110162
afc3096e,1,b1cc08e0,45460435,2026-05-23 19:05:05.655289,113.9436525194647,17.299379628683536
afc3096e,2,b85caafc,9ea3a409,2026-05-23 19:05:05.655311,96.30459835551156,34.99928969883489
afc3096e,3,b61d752f,33e748b3,2026-05-23 19:05:05.655333,406.49118918623844,19.371253874285703
34afa2d6,1,23e40a8f,16597aea,2026-05-23 19:05:05.655362,333.08391009373184,36.90013299327856
81e738ba,1,1cd11889,15bfe12f,2026-05-23 19:05:05.655390,94.05023233761912,38.6454648649563
f845f70b,1,cd6143ea,ac8fa3d8,2026-05-23 19:05:05.655418,53.52881959356228,42.40847634017827
0655cfa4,1,a4d92353,30eaa364,2026-05-23 19:05:05.655446,50.86655376845437,21.507389245772455
6d7c733c,1,f7eab29f,180aa0cd,2026-05-23 19:05:05.655474,238.59532182873056,46.368745543683936
7cfcbb73,1,efe58b44,b40b18bf,2026-05-23 19:05:05.655502,94.07099950260333,38.71276002258604
d128bf63,1,07a5e35a,63b5cfb8,2026-05-23 19:05:05.655530,290.54851071473,8.145958707762397
6e211eaa,1,aad26c74,3d8cbaaa,2026-05-23 19:05:05.655558,108.62446150836006,40.382299095404406
f5d61998,1,b61b8324,894b8626,2026-05-23 19:05:05.655586,445.2037294836841,13.13063096625878
717f2373,1,3efb1588,15bfe12f,2026-05-23 19:05:05.655614,52.54512786496599,21.770481240261994
a6c59492,1,7f779927,99c13bee,2026-05-23 19:05:05.655653,250.49551485092042,32.36532572151823
92d1338f,1,34384d23,97b111d7,2026-05-23 19:05:05.655681,86.93335872422354,28.715178629938865
dd7b6b4e,1,03b8d8ba,3b2bdf38,2026-05-23 19:05:05.655709,420.4091288594365,20.70644310527069
d94334b5,1,602b55d7,97b111d7,2026-05-23 19:05:05.655737,96.34444572941175,32.639533454359565
d94334b5,2,275bb310,bd830d4e,2026-05-23 19:05:05.655759,170.93748340257832,5.242279442536352
8c3c4317,1,507392e6,15bfe12f,2026-05-23 19:05:05.655787,322.5001408539607,13.956947584212426
9598a0d9,1,b2ed138c,ce20adb3,2026-05-23 19:05:05.655816,416.29738220428345,22.961534250102172
34f9d396,1,aad26c74,3d8cbaaa,2026-05-23 19:05:05.655844,407.40453891763053,24.732339524535263
3813cdf7,1,e8a04814,aa58e7b1,2026-05-23 19:05:05.655872,263.77439283408114,6.346825927935134
aebe2b90,1,6dc89fae,66e13682,2026-05-23 19:05:05.655900,190.2323242551688,36.847047128846974
d82789d1,1,526da5b1,da9dd43e,2026-05-23 19:05:05.655934,483.37101778799087,40.99283215090661
65cd87fd,1,c8a5bb8c,249a652c,2026-05-23 19:05:05.655962,123.56101031896577,48.00751825897577
65cd87fd,2,479b7a62,110c0782,2026-05-23 19:05:05.655985,468.5423241475367,22.420654506577392
65cd87fd,3,e3f461e3,7ed1bfe7,2026-05-23 19:05:05.656007,384.11292541115006,35.360247344204986
c84b8f6e,1,5602319e,0cd9ed1f,2026-05-23 19:05:05.656035,88.61268604367801,46.45438719668252
b186c496,1,d96a25fc,5e6a3159,2026-05-23 19:05:05.656063,427.7217650396623,8.717784386059341
b186c496,2,33eccda0,3d8cbaaa,2026-05-23 19:05:05.656085,178.78933514346312,30.422820452858105
b186c496,3,d554f362,b40b18bf,2026-05-23 19:05:05.656112,290.42303390095884,34.44644145094647
5483fd70,1,c8a5bb8c,9b360271,2026-05-23 19:05:05.656140,37.00322712471252,39.24016023308649
821bcf74,1,1b9d7f55,894b8626,2026-05-23 19:05:05.656169,393.48530962170986,11.446506054029278
3c806e05,1,f092aab0,894b8626,2026-05-23 19:05:05.656197,295.4395124418447,29.93000645715904
49d7353d,1,ab313603,30eaa364,2026-05-23 19:05:05.656225,299.62822107667574,6.060508748629704
bfbf0568,1,79804949,9bfa8093,2026-05-23 19:05:05.656253,219.975784168317,16.629455062967004
bfbf0568,2,d4986c37,3b2bdf38,2026-05-23 19:05:05.656275,328.4019549468344,25.245881106578004
355d2e26,1,98b1abf5,f3ab5934,2026-05-23 19:05:05.656303,243.4795895765178,21.093448703642803
3b19a486,1,531f5fa7,180aa0cd,2026-05-23 19:05:05.656331,33.295470609711195,32.19424436118289
3286b68b,1,543b3a32,9ea3a409,2026-05-23 19:05:05.656359,313.3993541710903,48.12337263307959
b6cdceea,1,f55f8f48,894b8626,2026-05-23 19:05:05.656388,365.4815492431313,31.00559349353137
e5cc86c5,1,d9ea54ef,2b1a9a37,2026-05-23 19:05:05.656416,300.38494989270066,39.45831908920391
d5f52193,1,8e1a7023,66e13682,2026-05-23 19:05:05.656444,475.0222486670879,23.986528235520332
29e699c0,1,0481a318,bf313c0e,2026-05-23 19:05:05.656472,79.13283434618134,8.3703829504143
6f8cc1aa,1,f7a0c352,62cdfa79,2026-05-23 19:05:05.656500,319.95873734581664,13.557840169787475
d006ee12,1,84db25bf,aa58e7b1,2026-05-23 19:05:05.656528,315.2171806572395,43.41421509081069
157c123d,1,4c0b1c75,aa58e7b1,2026-05-23 19:05:05.656556,413.1839352152468,18.927476775374224
a6880542,1,9c04b1ec,bd830d4e,2026-05-23 19:05:05.656584,27.96664776078865,12.540611168956884
2626e65c,1,b064749a,67491841,2026-05-23 19:05:05.656612,258.009381178671,9.852650142135884
8f8ca1d8,1,ac9c63b6,ac8fa3d8,2026-05-23 19:05:05.656641,239.77101884619643,21.270521927801163
8c1eb61a,1,ca737cf4,fb7e1c47,2026-05-23 19:05:05.656669,181.39622146571855,17.284377702102905
8c1eb61a,2,47ec1d2b,586281b8,2026-05-23 19:05:05.656700,493.4625661952287,27.911494668072493
f0ce442e,1,0b7ac9e0,66e13682,2026-05-23 19:05:05.656728,218.51191593368577,29.05850132881653
10a46001,1,efe58b44,15bfe12f,2026-05-23 19:05:05.656756,277.6101047583548,18.097148530928187
10a46001,2,7ed1283e,95784c07,2026-05-23 19:05:05.656778,495.1796940626865,44.18326699207111
10a46001,3,1e9afbc6,180aa0cd,2026-05-23 19:05:05.656800,153.38433073468116,24.402677483640286
27d7c6e3,1,4589144e,97b111d7,2026-05-23 19:05:05.656828,497.6533558979424,44.75351124082873
bff3a36e,1,0b7e335b,16597aea,2026-05-23 19:05:05.656856,301.41300764586634,47.00885453393863
1e1babe3,1,ce118617,9644a854,2026-05-23 19:05:05.656884,156.78521378848546,33.43152486131972
136ad3a6,1,0b502c6a,2b1a9a37,2026-05-23 19:05:05.656913,465.5420885692014,39.03344679482649
a7071a56,1,a8759dc8,45460435,2026-05-23 19:05:05.656941,213.01663052657528,10.485843658032566
a7071a56,2,a4ec77b1,63b5cfb8,2026-05-23 19:05:05.656963,333.213882775588,42.85360726836762
adebaf96,1,a7664c7d,4e650515,2026-05-23 19:05:05.656991,83.70667198160719,45.56401684708232
80e8790f,1,2c976d13,08d65812,2026-05-23 19:05:05.657019,36.5893850405104,21.329646545276326
e9bb66ca,1,cae0b89b,f3ab5934,2026-05-23 19:05:05.657047,368.7743740080724,17.11370392022726
e9bb66ca,2,0b95b346,249a652c,2026-05-23 19:05:05.657069,297.6128893895476,42.57414519963892
0b275b84,1,39cdb41d,ce20adb3,2026-05-23 19:05:05.657097,285.91729391414015,32.39274149602421
0b275b84,2,4555ffbd,dc8f6fd7,2026-05-23 19:05:05.657127,364.7837422548926,17.541586748547523
0b275b84,3,b521971e,97b111d7,2026-05-23 19:05:05.657150,386.968719958799,11.85429553766156
d018ffc6,1,23a926d8,9644a854,2026-05-23 19:05:05.657178,146.7142505291827,24.768444168388683
9f9d7dd2,1,b327f5b3,3b78784c,2026-05-23 19:05:05.657206,47.081880659465014,48.903422681790595
0b29e87a,1,732fef27,15bfe12f,2026-05-23 19:05:05.657235,55.49806028535302,41.45291958725069
f62b0fc3,1,a7664c7d,b4998c55,2026-05-23 19:05:05.657263,337.66721420244335,45.94130232200868
11a279f3,1,c46d0109,3a9e1e22,2026-05-23 19:05:05.657291,434.9915918047402,19.92098883381652
39c5d9a5,1,1e866d17,9b360271,2026-05-23 19:05:05.657319,90.14513120565911,18.36335088823861
c2cd0f31,1,dd31d64a,2b1a9a37,2026-05-23 19:05:05.657347,236.1245603566794,22.309280252785612
173098e9,1,0de23cb0,fb7e1c47,2026-05-23 19:05:05.657376,430.08719857920124,42.69652856088954
f2ffbe39,1,457cb1c2,9b360271,2026-05-23 19:05:05.657404,53.6602616371262,13.879695962100824
3cdd8d09,1,0b873518,dc8f6fd7,2026-05-23 19:05:05.657432,493.9703644681328,31.630459896720815
3cdd8d09,2,1e9afbc6,bf313c0e,2026-05-23 19:05:05.657454,151.57275619702222,46.32618492173365
a531e15d,1,ba991e10,fb7e1c47,2026-05-23 19:05:05.657482,153.56417954474327,34.05304236785866
3fbc6843,1,e34a8487,4e650515,2026-05-23 19:05:05.657510,430.2691069256724,34.74135058136444
ecd28368,1,74cee2e1,5e02fca9,2026-05-23 19:05:05.657538,89.71060331268896,22.96113813921663
ecd28368,2,272863cf,aa58e7b1,2026-05-23 19:05:05.657561,243.7230158860175,39.93722711351744
ecd28368,3,67ae5ce4,95784c07,2026-05-23 19:05:05.657583,442.60257556155364,30.607589819322783
20f88e2e,1,d2c057d7,0cd9ed1f,2026-05-23 19:05:05.657620,65.04231360841844,32.938753387894714
ed067261,1,4d223d3c,3b78784c,2026-05-23 19:05:05.657648,433.8755340609743,26.843192456483667
ed067261,2,ac9d25dc,99c13bee,2026-05-23 19:05:05.657670,257.17529456580417,12.799976698109424
144436f5,1,5552af64,c739947b,2026-05-23 19:05:05.657698,421.78937592626056,6.367027368652307
0e29b4f6,1,89cf41e1,9ea3a409,2026-05-23 19:05:05.657727,484.0972235439478,26.70083921264227
44fac9fb,1,84329c95,4e650515,2026-05-23 19:05:05.657763,476.92951744407054,48.814608208148655
0311ae32,1,9b481bfa,bf313c0e,2026-05-23 19:05:05.657791,262.0354064591645,12.996396635289278
54314211,1,7b66be87,95784c07,2026-05-23 19:05:05.657819,61.97925924063718,11.95397903731577
54314211,2,b8caf64c,15627973,2026-05-23 19:05:05.657842,443.2089522697023,33.26983999729671
0766b205,1,b3824fcb,15bfe12f,2026-05-23 19:05:05.657870,488.49204112683435,7.378199491477808
791e7979,1,0d5d2bc4,9b360271,2026-05-23 19:05:05.657898,345.67197045784707,47.4441058805504
791e7979,2,2164f126,894b8626,2026-05-23 19:05:05.657920,472.4428930542868,14.565878761128642
791e7979,3,eb1ad0e1,da9dd43e,2026-05-23 19:05:05.657943,254.6056230474681,28.060614442700107
e7f5dced,1,a6aaaf27,ce20adb3,2026-05-23 19:05:05.657971,376.43998439540263,47.92843095474518
386f5e93,1,8da5e0b6,07a21a6e,2026-05-23 19:05:05.657999,453.618996413031,46.37478303682824
c045defd,1,0840b2f6,33e748b3,2026-05-23 19:05:05.658028,262.4670598367346,22.46879885532245
42db4db4,1,97a673c8,a9b0059e,2026-05-23 19:05:05.658056,136.35756511665318,7.1440305742637475
42db4db4,2,7b72f050,ea1be9b6,2026-05-23 19:05:05.658079,138.65670313168076,39.53279229975186
5856e677,1,4dceac83,45460435,2026-05-23 19:05:05.658107,102.95182454537192,47.04321185835934
6497c5e5,1,c3733ff1,9ea3a409,2026-05-23 19:05:05.658135,179.1141618027582,17.809786079880286
9cc66061,1,0e7cc150,15627973,2026-05-23 19:05:05.658163,246.45094272554596,29.82976309870053
7449cc85,1,526da5b1,3a9e1e22,2026-05-23 19:05:05.658191,169.53411312081005,46.307689986923215
97a5d075,1,2e74541a,b4998c55,2026-05-23 19:05:05.658219,189.2156364693364,27.762475436650114
f7027995,1,d5657d48,5e02fca9,2026-05-23 19:05:05.658247,316.91945777153694,36.18178676424476
8ad01fa6,1,cd6143ea,3a9e1e22,2026-05-23 19:05:05.658275,249.03725739567312,16.66974649406824
8ad01fa6,2,fab635ac,63b5cfb8,2026-05-23 19:05:05.658297,484.7381479493198,48.13130753674106
09ed8229,1,e2f99ef5,249a652c,2026-05-23 19:05:05.658325,325.23147947304636,41.272400557917045
7d040007,1,dd31d64a,5e6a3159,2026-05-23 19:05:05.658353,370.9423993307041,37.397645022875075
ab9a40c4,1,c87fb338,aa58e7b1,2026-05-23 19:05:05.658381,398.196085366557,30.154531021097085
d7c1c145,1,1c88cf70,c739947b,2026-05-23 19:05:05.658409,34.69508705904168,12.28737896020304
d7c1c145,2,a4d8f4ec,1b864e2e,2026-05-23 19:05:05.658431,373.67372700345913,45.72318343243765
a02c8da0,1,1efe4014,bf313c0e,2026-05-23 19:05:05.658459,357.6750736125269,27.23141468164326
a02c8da0,2,d554f362,9ea3a409,2026-05-23 19:05:05.658482,148.09316998703648,35.76348230436971
10e57a5f,1,ff4acc5e,dc8f6fd7,2026-05-23 19:05:05.658510,240.87942559661496,21.915425896849573
45255c7a,1,1b9d7f55,67491841,2026-05-23 19:05:05.658538,76.36576057926808,41.55452509289205
45255c7a,2,d1c6bef6,2e90d858,2026-05-23 19:05:05.658560,228.95957146202338,7.572261492039145
2a6c6b99,1,e384dc23,62cdfa79,2026-05-23 19:05:05.658588,215.20095859324283,39.901109068725575
805d9158,1,b33edcc7,da9dd43e,2026-05-23 19:05:05.658616,372.2585220782065,48.2496979511195
c434aac9,1,d2c057d7,dc8f6fd7,2026-05-23 19:05:05.658644,282.84070907031946,25.607283769400713
02f982a7,1,d4986c37,7ed1bfe7,2026-05-23 19:05:05.658672,357.00852102513255,8.736971659050393
33f97216,1,b80eb1a1,5e02fca9,2026-05-23 19:05:05.658700,32.579506361607464,28.3507493882658
829791f4,1,190fd57b,3d8cbaaa,2026-05-23 19:05:05.658728,267.378135094411,29.055659376446226
e9cbc955,1,0b9e4648,16597aea,2026-05-23 19:05:05.658756,120.93905685650591,40.750664622138316
fbd9cea1,1,ba4ae1ef,ac8fa3d8,2026-05-23 19:05:05.658784,448.08842212105617,41.27807600836464
45d4b5f5,1,4c0b1c75,62cdfa79,2026-05-23 19:05:05.658813,43.108345615812226,32.25915278062719
ea961efa,1,3bb56b00,16597aea,2026-05-23 19:05:05.658841,454.4420845246334,41.66564830271921
9da4153d,1,0010c2fe,f3ab5934,2026-05-23 19:05:05.658869,398.1443841692964,7.1922541994152684
9da4153d,2,dbf83b6b,16597aea,2026-05-23 19:05:05.658891,329.25077356812903,39.365774186804394
3fe34680,1,a80408ce,62cdfa79,2026-05-23 19:05:05.658919,131.96765464335292,12.838404178786535
4111d556,1,369f091e,c739947b,2026-05-23 19:05:05.658947,112.31255014591667,10.689046506934174
4111d556,2,e34a8487,9644a854,2026-05-23 19:05:05.658969,352.4043545872356,19.92088874225445
74e2ce42,1,d69a9a23,b4998c55,2026-05-23 19:05:05.658997,201.9083970907182,40.99286464246973
00082eda,1,b124337a,15627973,2026-05-23 19:05:05.659025,414.8793185525532,6.332628537103187
00082eda,2,2269c4dd,66e13682,2026-05-23 19:05:05.659047,26.22703577890256,7.484647320546082
00082eda,3,0b9e4648,1b864e2e,2026-05-23 19:05:05.659070,180.7102671940961,40.74827972983673
df33860d,1,385cae5b,9b360271,2026-05-23 19:05:05.659098,338.5205886030053,14.045055159258478
9c5abef6,1,c898aa01,249a652c,2026-05-23 19:05:05.659126,170.37400434006042,37.86898068557487
71b64cc2,1,84b3928b,66e13682,2026-05-23 19:05:05.659154,47.13103868389506,48.44398648139883
440f2426,1,f9a59579,9b360271,2026-05-23 19:05:05.659182,166.35977487378764,18.031558299068013
440f2426,2,a4cc70ff,62cdfa79,2026-05-23 19:05:05.659204,426.18713418855134,47.05827827758936
569d937f,1,fba64ffd,9644a854,2026-05-23 19:05:05.659232,367.4733439488633,15.187646533245077
bb03634b,1,7b3bc82e,95784c07,2026-05-23 19:05:05.659260,355.47443732880043,43.8703311445339
62203e37,1,03b8d8ba,fb7e1c47,2026-05-23 19:05:05.659289,186.6331328836944,34.74681695844145
62203e37,2,e8a04814,1b864e2e,2026-05-23 19:05:05.659311,61.4749422534416,11.121022562616492
66303ef8,1,9b481bfa,249a652c,2026-05-23 19:05:05.659339,25.643129565044518,13.667190586654508
105bfa36,1,fa76f6ba,5e6a3159,2026-05-23 19:05:05.659367,371.95297110975866,11.836768211259331
0b698e29,1,239148df,4e650515,2026-05-23 19:05:05.659395,186.37734313632552,26.559182648096105
7cc4d213,1,fba64ffd,30eaa364,2026-05-23 19:05:05.659423,456.1155501028365,17.89099349003973
cbe12eb9,1,3517bafa,586281b8,2026-05-23 19:05:05.659454,487.81400471572346,10.537596125512337
1fbddeaf,1,46c15051,66e13682,2026-05-23 19:05:05.659482,373.02695016482835,31.853824124879935
ccb04c03,1,e237c3e6,2e90d858,2026-05-23 19:05:05.659511,295.2016506089916,47.99889185954316
d69b106d,1,864efcb0,aa58e7b1,2026-05-23 19:05:05.659539,469.70431944826464,7.2075852141829735
f07ccea6,1,b404910a,7ed1bfe7,2026-05-23 19:05:05.659567,60.9598315035995,18.594773629177812
1e8cfda5,1,cae0b89b,33e748b3,2026-05-23 19:05:05.659594,177.09892242833757,23.234353765604432
a2d5a526,1,46aec63d,a9b0059e,2026-05-23 19:05:05.659623,206.45951686150505,16.56868282334518
a2d5a526,2,4bbadaeb,62cdfa79,2026-05-23 19:05:05.659645,373.4413887423893,41.76445430380392
27774f43,1,daca70db,2b1a9a37,2026-05-23 19:05:05.659673,396.83624378111233,12.06518276451823
2270b700,1,07d31f08,da9dd43e,2026-05-23 19:05:05.659701,487.9011294754918,21.92583652700001
1264e7c2,1,239148df,9644a854,2026-05-23 19:05:05.659729,351.9073392060099,6.4118206243307
cb35af2b,1,c6773b2b,3b2bdf38,2026-05-23 19:05:05.659757,205.28562422945544,16.7260197282549
4cc0a19b,1,419673b9,1b864e2e,2026-05-23 19:05:05.659785,106.42246079578804,22.477851725171977
79502d57,1,72305100,3a9e1e22,2026-05-23 19:05:05.659813,360.83859944137777,5.665036690735855
132c2bd2,1,0bb0bcbd,7ed1bfe7,2026-05-23 19:05:05.659847,334.97772506500195,36.791781615920904
14fd13ce,1,eb1ad0e1,110c0782,2026-05-23 19:05:05.659883,416.65228248366594,38.26329257177606
6ad800d9,1,ff4acc5e,dc8f6fd7,2026-05-23 19:05:05.659911,239.05701674275724,20.487522572805148
6ad800d9,2,0b7e335b,62cdfa79,2026-05-23 19:05:05.659940,239.25689762772546,28.89795372816766
5e0747f7,1,c898aa01,4e650515,2026-05-23 19:05:05.659967,280.14699656815816,41.07862644425226
37be0b45,1,19c33d19,249a652c,2026-05-23 19:05:05.659996,362.0872839400201,26.559871065583767
37be0b45,2,eed96f09,bd830d4e,2026-05-23 19:05:05.660018,164.48337935496238,43.53421631456534
87ffa9d4,1,2164f126,bf313c0e,2026-05-23 19:05:05.660046,63.356963736165156,47.96737878844867
b92da947,1,d9027657,2b1a9a37,2026-05-23 19:05:05.660074,405.4888979866084,10.978512550644112
b50a46df,1,abb4e8a1,110c0782,2026-05-23 19:05:05.660103,68.85886952208374,37.54146354922138
bee4d623,1,f8eb5b7f,dc8f6fd7,2026-05-23 19:05:05.660131,381.81590350113925,32.91061742957615
927a1f0f,1,591fed2c,9b360271,2026-05-23 19:05:05.660159,139.17584242074906,9.229292979966095
5606249a,1,14e8ac65,110c0782,2026-05-23 19:05:05.660188,109.34301376463767,16.905390233667145
c8b81195,1,a0a8781f,c739947b,2026-05-23 19:05:05.660216,493.63192867236205,12.24623200103126
3cec63e4,1,0f4d7fa4,4e650515,2026-05-23 19:05:05.660244,27.59078269369258,47.520058682196506
3cec63e4,2,59c6855b,16597aea,2026-05-23 19:05:05.660267,418.141632682346,45.722109712041046
8f1837bd,1,85e2c5d9,249a652c,2026-05-23 19:05:05.660312,201.84146284037587,36.86772428913573
aacd4fb0,1,542cbb30,110c0782,2026-05-23 19:05:05.660340,452.81689986375943,11.97479427785654
66f2aee3,1,d53cabe3,586281b8,2026-05-23 19:05:05.660369,179.53569972972866,21.691912914684615
da6d6507,1,1f6c563e,9bfa8093,2026-05-23 19:05:05.660397,296.19463249698083,18.568697059792346
52d5db6a,1,1da4bd30,c739947b,2026-05-23 19:05:05.660425,300.5166449919876,12.70257577213192
90d70ad5,1,7b72f050,ea1be9b6,2026-05-23 19:05:05.660453,129.1739511374029,45.25853256487711
90d70ad5,2,5449ea46,63b5cfb8,2026-05-23 19:05:05.660476,69.6469299899577,11.216273970454848
8a9f7861,1,8b9e19ff,62cdfa79,2026-05-23 19:05:05.660504,189.23191824982734,16.331374496861898
01d94a78,1,a4d92353,ea1be9b6,2026-05-23 19:05:05.660532,75.38466414170907,9.455339345035336
d72ca8a3,1,5a1c1530,95784c07,2026-05-23 19:05:05.660560,129.57573686368985,21.667696759310214
cf3ace98,1,e34a8487,a9b0059e,2026-05-23 19:05:05.660588,299.9606068815276,47.82819636590522
6cb6a2c7,1,43646648,99c13bee,2026-05-23 19:05:05.660616,486.6448828122097,11.892319032135836
02d378a0,1,507392e6,bf313c0e,2026-05-23 19:05:05.660644,174.61415678029005,32.59082653414985
aed154a6,1,fbae8b7e,15627973,2026-05-23 19:05:05.660672,419.60738367662617,11.413487248246398
9716ccbb,1,4c8b7456,1b864e2e,2026-05-23 19:05:05.660700,145.39051089375704,30.402203325967506
6c465f4e,1,67ae5ce4,2e90d858,2026-05-23 19:05:05.660728,76.78468220298235,16.091823942603494
98fc1842,1,20c82e51,894b8626,2026-05-23 19:05:05.660756,163.50583408240763,20.08834545576502
98fc1842,2,1e866d17,dc8f6fd7,2026-05-23 19:05:05.660778,156.67550979804557,12.782587721324095
349e6315,1,ca737cf4,97b111d7,2026-05-23 19:05:05.660806,387.3103189887217,27.603124155141302
dde229cd,1,acf39392,5e02fca9,2026-05-23 19:05:05.660835,429.1904048694451,9.09504075581236
b52ce62e,1,33003285,ce20adb3,2026-05-23 19:05:05.660863,109.27375980594739,20.944762509581732
b52ce62e,2,a127fb43,9b360271,2026-05-23 19:05:05.660885,99.93088604395368,20.090291869070473
b52ce62e,3,23a926d8,dc8f6fd7,2026-05-23 19:05:05.660907,82.15080542953012,35.4183483282402
80e64cdf,1,3386bf02,f3ab5934,2026-05-23 19:05:05.660935,162.5126946681076,10.462654646864214
80e64cdf,2,c3e52a1d,ac8fa3d8,2026-05-23 19:05:05.660957,250.46215282134781,45.94140418941343
464eea29,1,96de232f,3a9e1e22,2026-05-23 19:05:05.660985,244.6581035202943,28.820621643910673
2c066726,1,0d5d2bc4,da9dd43e,2026-05-23 19:05:05.661014,404.3394206554822,16.618262445819248
2c066726,2,03b8d8ba,ac8fa3d8,2026-05-23 19:05:05.661036,141.74447380343486,49.40532854674487
30d73991,1,c14c2565,ce20adb3,2026-05-23 19:05:05.661065,78.86920506809761,36.35774267384537
e31bc23b,1,aea8df35,97b111d7,2026-05-23 19:05:05.661093,256.363081072824,47.83750231434094
400e96df,1,2c976d13,9b360271,2026-05-23 19:05:05.661121,158.1054774919236,31.496509200018885
400e96df,2,33eccda0,ac8fa3d8,2026-05-23 19:05:05.661143,77.29414850072592,21.618823414924375
4aac3ccc,1,fd399d3f,bf313c0e,2026-05-23 19:05:05.661172,288.52442289276394,33.586758710475245
4aac3ccc,2,d400d501,1b864e2e,2026-05-23 19:05:05.661194,376.137308681903,7.362328421069661
4aac3ccc,3,fa76f6ba,9b360271,2026-05-23 19:05:05.661216,22.82417007920401,22.356556643807096
cf4a5333,1,22b3d235,da9dd43e,2026-05-23 19:05:05.661244,340.5228681826675,38.519000844189456
cf4a5333,2,f5153864,99c13bee,2026-05-23 19:05:05.661266,269.7596928746311,38.14600544714142
d5049380,1,190fd57b,bf313c0e,2026-05-23 19:05:05.661294,386.2720211251892,42.220889139148554
d6bd315e,1,abb42609,ac8fa3d8,2026-05-23 19:05:05.661322,457.01087223092435,44.88197895751369
9625709c,1,89cf41e1,5e6a3159,2026-05-23 19:05:05.661350,342.94825371903744,41.859895996238386
0f303d4b,1,507392e6,fb7e1c47,2026-05-23 19:05:05.661378,204.94483381612963,37.40909357395593
2244f48d,1,9b028803,7ed1bfe7,2026-05-23 19:05:05.661406,434.1103810348681,19.5518130822803
1926f3a2,1,a4cc70ff,62cdfa79,2026-05-23 19:05:05.661434,72.80046099042971,5.189266457735625
f16a0c1b,1,b1e2187e,9ea3a409,2026-05-23 19:05:05.661462,72.96380848996071,34.30030451462591
a15079aa,1,526da5b1,62cdfa79,2026-05-23 19:05:05.661490,141.36828784498636,39.649173483719615
a15079aa,2,53cc4a10,bd830d4e,2026-05-23 19:05:05.661513,455.0548337818633,44.804728459007976
a15079aa,3,1ce90747,97b111d7,2026-05-23 19:05:05.661535,138.55571299873492,45.118675134717456
4c991c67,1,0f4d7fa4,4e650515,2026-05-23 19:05:05.661563,191.98864787107445,48.12529632750024
37d8241c,1,0b1f8d64,249a652c,2026-05-23 19:05:05.661591,76.78947810369903,15.673689065512221
834ef94c,1,d06b3a63,3d8cbaaa,2026-05-23 19:05:05.661619,490.13143607903254,10.947298280616703
4fda3b65,1,b15e075c,15627973,2026-05-23 19:05:05.661647,144.97497224105058,41.94803474650898
6c93e389,1,dd121367,66e13682,2026-05-23 19:05:05.661675,234.27545504288955,19.66218090530612
8a5b9b4b,1,03715a61,3b2bdf38,2026-05-23 19:05:05.661703,290.3218174774082,37.92182313351756
8dc4fb1f,1,f1803c5b,2b1a9a37,2026-05-23 19:05:05.661742,369.8969500071279,23.82798018363476
e68b0919,1,67ae5ce4,99c13bee,2026-05-23 19:05:05.661778,176.4034241590282,36.73094970462299
04a5994a,1,dd524de3,3d8cbaaa,2026-05-23 19:05:05.661806,161.78124568417317,47.19918515109947
7c158713,1,c3733ff1,3b2bdf38,2026-05-23 19:05:05.661840,221.29820898167458,20.650937599131463
0116816e,1,ac9c63b6,9bfa8093,2026-05-23 19:05:05.661870,202.5257770729915,43.55746348412158
8216a030,1,e49271b4,da9dd43e,2026-05-23 19:05:05.661911,418.1844144278162,45.856389138812105
b0be9d00,1,fab635ac,62cdfa79,2026-05-23 19:05:05.661939,308.60715661701903,6.165383693099586
98ee93c6,1,a2c79ce6,5e02fca9,2026-05-23 19:05:05.661967,234.19585361687984,20.42308065728264
3cc90680,1,23a926d8,bd830d4e,2026-05-23 19:05:05.661995,496.57020006345516,28.801027983445135
3cc90680,2,86b13fa3,4e650515,2026-05-23 19:05:05.662018,474.39000709555177,22.98164966093833
a4a9872f,1,861b3ce2,67491841,2026-05-23 19:05:05.662046,282.0131388310846,8.634489463289276
76a88c7a,1,30fb7ca7,15bfe12f,2026-05-23 19:05:05.662074,51.55539317098588,41.046787860416345
f43505d7,1,63728634,5e6a3159,2026-05-23 19:05:05.662102,352.8177911712591,6.985951185046177
d577d31f,1,9244e8e2,894b8626,2026-05-23 19:05:05.662130,286.1091337503075,25.79367504792305
80a8c400,1,419673b9,894b8626,2026-05-23 19:05:05.662158,80.4829625018918,20.95429818883763
80a8c400,2,f035dd6e,ce20adb3,2026-05-23 19:05:05.662181,368.16039069156307,31.74238017438301
a5e3a8d5,1,e2d2b752,1b864e2e,2026-05-23 19:05:05.662222,376.01935781835704,29.388983627700767
ff440d2b,1,0704e62f,97b111d7,2026-05-23 19:05:05.662250,448.2270018377638,24.401851117776353
09b4b21b,1,43646648,7ed1bfe7,2026-05-23 19:05:05.662278,326.2295243135304,37.90130178890073
5d3d23b1,1,b87fd63c,2b1a9a37,2026-05-23 19:05:05.662306,327.3126976362583,49.460887426338495
572cd055,1,cd6143ea,ea1be9b6,2026-05-23 19:05:05.662334,243.2597402060261,43.547952507857694
a0fac66d,1,6da265a9,dc8f6fd7,2026-05-23 19:05:05.662362,344.01722663685973,44.56850242815608
9bbb52b6,1,4589144e,f3ab5934,2026-05-23 19:05:05.662390,159.20904151317694,41.021758278283855
fe7d28a2,1,4c492c77,f3ab5934,2026-05-23 19:05:05.662418,40.728433499359724,37.86595532173209
73008276,1,e0b90abb,7ed1bfe7,2026-05-23 19:05:05.662446,318.83746214506243,38.36791669616841
d206fbfe,1,fd399d3f,97b111d7,2026-05-23 19:05:05.662474,471.705361525481,43.437197530422395
d9218e56,1,1da4bd30,f3ab5934,2026-05-23 19:05:05.662502,162.68684251930188,34.726471658659094
40547dd8,1,78db85d2,97b111d7,2026-05-23 19:05:05.662530,406.9741453324183,46.730619899634824
40547dd8,2,f9a59579,3b78784c,2026-05-23 19:05:05.662552,465.4687869290168,10.388843657267483
2a5b415d,1,cddc7b75,bd830d4e,2026-05-23 19:05:05.662581,441.8691276436575,36.38838337646693
bc809444,1,03b8d8ba,4e650515,2026-05-23 19:05:05.662609,160.0360652550916,6.716177276352713
779adf7c,1,0477d12a,66e13682,2026-05-23 19:05:05.662637,377.64083269665196,26.06076050025917
5b348d4e,1,5e5d06a2,63b5cfb8,2026-05-23 19:05:05.662665,172.06168185569942,37.079773127498925
4ad17219,1,15719040,5e6a3159,2026-05-23 19:05:05.662693,495.3749725633557,24.051122378030698
d8187f1e,1,1792827c,15627973,2026-05-23 19:05:05.662721,259.21227039706974,47.303645709252876
14af2e03,1,15719040,3d8cbaaa,2026-05-23 19:05:05.662749,447.83257938498787,33.189377622227695
6ef9d0e4,1,865e88d7,9ea3a409,2026-05-23 19:05:05.662777,72.3027880170128,43.62581146241756
566c5218,1,34734614,7ed1bfe7,2026-05-23 19:05:05.662805,268.82796395174,16.082281485453805
d5295ede,1,239148df,30eaa364,2026-05-23 19:05:05.662833,130.33780858312448,29.719655105541012
99ffaf8b,1,b9745c32,3a9e1e22,2026-05-23 19:05:05.662861,300.1147892199767,22.160080742401075
dd057ff7,1,81898926,16597aea,2026-05-23 19:05:05.662889,39.239677741109666,36.09639676328474
69c5a912,1,99fe0983,63b5cfb8,2026-05-23 19:05:05.662929,428.22308155703803,37.598551039403105
3c1049f3,1,af8f94ee,63b5cfb8,2026-05-23 19:05:05.662960,245.20566267838393,25.732187396909435
f18cfc5f,1,34734614,63b5cfb8,2026-05-23 19:05:05.662988,171.42285347360507,32.820255330140554
a83ea72d,1,8b9e19ff,95784c07,2026-05-23 19:05:05.663016,228.76646338722722,34.897874360567805
14153c59,1,9b028803,66e13682,2026-05-23 19:05:05.663044,148.1479322109673,16.576202498837077
1ce92565,1,eed96f09,9644a854,2026-05-23 19:05:05.663072,365.6041681744127,27.00206148569461
1bd4897d,1,a4cc70ff,30eaa364,2026-05-23 19:05:05.663100,121.86174468882194,27.518913194233306
8d561dee,1,0f022a88,97b111d7,2026-05-23 19:05:05.663128,387.38226047295296,5.899729640375448
90f5613b,1,ebe11d69,bf313c0e,2026-05-23 19:05:05.663156,385.3968606213396,39.24629705033676
8ab38579,1,dd31d64a,3b2bdf38,2026-05-23 19:05:05.663184,352.88007333239227,27.994370332658818
073c24d0,1,ae0f5524,33e748b3,2026-05-23 19:05:05.663212,77.48394229302835,18.281412374387237
223524c4,1,0deada69,b40b18bf,2026-05-23 19:05:05.663240,299.7146870790973,21.311085620932275
457279db,1,b33edcc7,c739947b,2026-05-23 19:05:05.663268,223.38801925685868,7.167558575816738
457279db,2,70199d84,9b360271,2026-05-23 19:05:05.663290,309.3770893120249,31.248033351381636
01da920e,1,4b3a0747,62cdfa79,2026-05-23 19:05:05.663318,436.35469740436486,7.674015060946882
01da920e,2,0b7ac9e0,a9b0059e,2026-05-23 19:05:05.663341,172.98173297345824,34.5670275995879
c34270a4,1,eb354476,180aa0cd,2026-05-23 19:05:05.663369,204.52667199473348,14.972340979058394
7f9e9234,1,8c7a1f1a,0cd9ed1f,2026-05-23 19:05:05.663397,114.98849204619202,14.757751194379317
ca86e3e0,1,d3487b0c,3b2bdf38,2026-05-23 19:05:05.663431,251.89288743497607,34.51608726121738
3ce0de20,1,14e8ac65,4e650515,2026-05-23 19:05:05.663459,344.61550469429017,7.8051834501190065
3ce0de20,2,5194ad1a,7ed1bfe7,2026-05-23 19:05:05.663482,103.18782640147467,19.79925966297884
3ce0de20,3,81898926,3d8cbaaa,2026-05-23 19:05:05.663504,493.6743761597344,42.13838349587192
f3872fff,1,fbae8b7e,bf313c0e,2026-05-23 19:05:05.663532,194.9019727999011,8.889156526846577
1be954f2,1,abb4e8a1,b40b18bf,2026-05-23 19:05:05.663560,206.50654238562484,42.67744654954635
26075f60,1,1e866d17,33e748b3,2026-05-23 19:05:05.663588,151.74419270566096,7.0202067585889685
225274bf,1,8c7a1f1a,62cdfa79,2026-05-23 19:05:05.663616,410.3058090928854,30.661812164895956
11eb0f57,1,e0b90abb,7ed1bfe7,2026-05-23 19:05:05.663644,422.5042589287661,40.44683324416625
6543f639,1,2e74541a,110c0782,2026-05-23 19:05:05.663678,379.36293885211876,29.121694212725917
28b9ac5f,1,26c3d826,b4998c55,2026-05-23 19:05:05.663716,98.75711534545471,22.872562759907527
5f43587a,1,b8caf64c,63b5cfb8,2026-05-23 19:05:05.663744,334.1525075275377,38.41735860521535
d96da286,1,8a46dc93,08d65812,2026-05-23 19:05:05.663773,55.16785713063791,46.58525617037487
d96da286,2,b9745c32,16597aea,2026-05-23 19:05:05.663795,421.00911044536014,28.26562087246875
d9692e7e,1,337e4c9d,110c0782,2026-05-23 19:05:05.663823,424.5214649447186,42.339631238770295
abd53b1f,1,83ce8d7f,95784c07,2026-05-23 19:05:05.663851,374.41917020145195,6.177566225207018
9a6ee25e,1,06108e89,bd830d4e,2026-05-23 19:05:05.663880,231.84523834057322,35.10850313243276
9a6ee25e,2,d4986c37,ea1be9b6,2026-05-23 19:05:05.663902,429.4435904381702,12.600167985147602
f1e7f937,1,f0766c58,9b360271,2026-05-23 19:05:05.663930,327.3468189923313,14.751266744236776
f1e7f937,2,4555ffbd,07a21a6e,2026-05-23 19:05:05.663952,319.60841217502895,11.120984679681268
68d0b65a,1,15719040,586281b8,2026-05-23 19:05:05.663980,117.85918843141525,48.208370703006146
f287bb3b,1,14b98e41,b40b18bf,2026-05-23 19:05:05.664008,476.4727136535963,8.79909729210499
a415c345,1,365315d9,b40b18bf,2026-05-23 19:05:05.664036,405.1789299805908,15.86622849864811
7132962a,1,576b6874,30eaa364,2026-05-23 19:05:05.664064,435.7646727395296,28.07206608488855
7132962a,2,b521971e,894b8626,2026-05-23 19:05:05.664086,199.52269543135577,9.657735413841072
9c2d6f51,1,f8eb5b7f,dc8f6fd7,2026-05-23 19:05:05.664114,249.93010714542592,38.259288068456
8d4cc1c9,1,23e40a8f,15627973,2026-05-23 19:05:05.664142,454.9273291146173,38.8655282585118
36763508,1,03706ade,9bfa8093,2026-05-23 19:05:05.664171,495.1730836881724,47.28954836155199
a9af10aa,1,6fea26cd,3d8cbaaa,2026-05-23 19:05:05.664199,153.5322186393253,34.449377512104334
a9af10aa,2,15719040,b40b18bf,2026-05-23 19:05:05.664231,343.2294759344922,8.563735245626967
d59819c2,1,c1997843,3a9e1e22,2026-05-23 19:05:05.664259,473.89012416243503,10.960898030293604
97c6c535,1,daca70db,3b78784c,2026-05-23 19:05:05.664287,101.93894793992511,16.29101603881176
ed431d6f,1,4c0b1c75,67491841,2026-05-23 19:05:05.664315,423.56364223513225,17.237023696058237
ed431d6f,2,81dbafcf,aa58e7b1,2026-05-23 19:05:05.664338,444.582217697628,31.516407419534136
ea5455de,1,c07bc85b,dc8f6fd7,2026-05-23 19:05:05.664365,299.89224052315984,32.811115020626886
7c94b167,1,0db194da,0cd9ed1f,2026-05-23 19:05:05.664394,327.17820240776757,42.686654027068975
29b4c757,1,8c7a1f1a,67491841,2026-05-23 19:05:05.664422,373.5771957817761,15.361453889764919
a742a785,1,f035dd6e,ac8fa3d8,2026-05-23 19:05:05.664450,91.94473702609767,23.595825898755177
f757fa68,1,0b5b7698,5e02fca9,2026-05-23 19:05:05.664478,415.43754975673215,27.436215039556227
4ef1493d,1,b7ab2de3,2e90d858,2026-05-23 19:05:05.664506,317.18819028721595,9.983942841021932
62cac6a2,1,0db1a5ea,5e02fca9,2026-05-23 19:05:05.664534,43.845473132032105,44.370122448947484
d54d6471,1,5b037f38,bf313c0e,2026-05-23 19:05:05.664563,42.69666688180136,14.963801948794787
d54d6471,2,b7ab2de3,bd830d4e,2026-05-23 19:05:05.664586,389.12702094527884,35.4424004263483
2638af63,1,2ff7eef7,95784c07,2026-05-23 19:05:05.664614,143.1624142032302,19.29328861481982
f16b29e4,1,6a6d679d,2b1a9a37,2026-05-23 19:05:05.664642,229.62904307874308,36.050894998855924
f92e1970,1,97575e05,da9dd43e,2026-05-23 19:05:05.664670,270.8968180348955,30.89535965351332
4329e81f,1,e91e0df6,1b864e2e,2026-05-23 19:05:05.664701,31.047963850175382,33.14096817246801
f6d043c9,1,1e9afbc6,3b2bdf38,2026-05-23 19:05:05.664729,115.00042198161763,15.73967095829095
617bd4a3,1,ffa5a956,c739947b,2026-05-23 19:05:05.664758,487.84811983343224,16.20414427148086
ecf0ce56,1,e08b6212,bf313c0e,2026-05-23 19:05:05.664786,221.5916518753416,39.27590208368359
b32a00c9,1,b81d663e,5e02fca9,2026-05-23 19:05:05.664814,330.3007367459931,10.688830018204285
b2a9c472,1,6da265a9,7ed1bfe7,2026-05-23 19:05:05.664842,86.57928017831283,18.533617210238177
8e7e2ce6,1,810bbb39,bf313c0e,2026-05-23 19:05:05.664871,466.0644798819152,36.00657964003455
8e7e2ce6,2,21337267,180aa0cd,2026-05-23 19:05:05.664894,172.5566164930304,9.074019126612075
8e7e2ce6,3,419673b9,249a652c,2026-05-23 19:05:05.664916,406.1450011819216,32.847205758904146
4879154d,1,fbae8b7e,67491841,2026-05-23 19:05:05.664944,134.77415424539313,38.440103286800365
4192e171,1,d400d501,249a652c,2026-05-23 19:05:05.664973,80.13632710411797,20.127647019855463
98ce955b,1,cabc28d5,180aa0cd,2026-05-23 19:05:05.665001,356.7202653217991,22.03772397447814
58e4fef2,1,efe58b44,180aa0cd,2026-05-23 19:05:05.665029,253.6535301924743,8.105856934962079
419370c9,1,e08b6212,ce20adb3,2026-05-23 19:05:05.665057,379.1306871671911,42.897979827197005
2710cdbb,1,99fe0983,2e90d858,2026-05-23 19:05:05.665085,360.3012974229609,38.94153077403489
2710cdbb,2,479b7a62,ea1be9b6,2026-05-23 19:05:05.665107,432.9259359774912,25.59863293350186
b2d8e387,1,87b307f5,5e6a3159,2026-05-23 19:05:05.665135,303.91252715025763,43.52119326262689
cff6ca46,1,d9bed1eb,bd830d4e,2026-05-23 19:05:05.665163,487.84931544508436,42.11052956401721
1fd4d4d6,1,f913184c,3a9e1e22,2026-05-23 19:05:05.665191,178.89920836218397,22.087032600614908
406e08fb,1,7a224966,894b8626,2026-05-23 19:05:05.665219,304.6444294758327,21.103544478744784
b1f52246,1,4bbadaeb,c739947b,2026-05-23 19:05:05.665247,388.95970688623464,27.548669863716807
488b0453,1,b95f3fdf,f3ab5934,2026-05-23 19:05:05.665275,23.572922505043348,16.759647132997728
61e48f35,1,6bbc7021,45460435,2026-05-23 19:05:05.665307,346.2992864636188,25.546495382683183
a3d74fea,1,b61d752f,95784c07,2026-05-23 19:05:05.665335,231.72174677891178,40.029947360991585
3efd38bc,1,742b6473,9b360271,2026-05-23 19:05:05.665363,63.06544758503403,7.092547876641506
34856555,1,78db85d2,f3ab5934,2026-05-23 19:05:05.665391,286.55560136617237,37.03677967017806
1ae54bc2,1,081be4d1,2e90d858,2026-05-23 19:05:05.665419,133.7416283673045,7.397202353595935
b8e2ef6a,1,b4305394,c739947b,2026-05-23 19:05:05.665447,456.4796213273508,18.924651262805085
e7627e2a,1,a5c4c351,0cd9ed1f,2026-05-23 19:05:05.665476,209.3211779904328,42.188282815110455
0e16ac0c,1,34384d23,7ed1bfe7,2026-05-23 19:05:05.665504,117.52172248708797,42.279358100723634
0e16ac0c,2,fa76f6ba,4e650515,2026-05-23 19:05:05.665526,196.82971133867562,48.04726509821223
1c0d0610,1,5e5d06a2,3b2bdf38,2026-05-23 19:05:05.665554,81.59927648139224,12.695156906293755
1c0d0610,2,2164f126,bd830d4e,2026-05-23 19:05:05.665576,346.64186417259646,29.960918977792556
38bf2221,1,96de232f,9b360271,2026-05-23 19:05:05.665604,400.77197890321145,29.10078015792711
bbb5ab7b,1,fbb41c14,16597aea,2026-05-23 19:05:05.665632,65.97623625223815,43.157920205626326
e1a77f74,1,77bc82f2,08d65812,2026-05-23 19:05:05.665659,287.7040568723612,44.25671447984907
dbcb0e33,1,b1c8aeb7,da9dd43e,2026-05-23 19:05:05.665693,151.3317251180327,34.351804651939545
b12dfcc8,1,30aef8b8,08d65812,2026-05-23 19:05:05.665721,289.2823297414306,10.223046696665444
56f5c1e7,1,0481a318,894b8626,2026-05-23 19:05:05.665750,236.9951109762942,49.8006085850292
56f5c1e7,2,c87fb338,67491841,2026-05-23 19:05:05.665773,239.05651233511105,23.846134367132244
56f5c1e7,3,fd9d1a8c,67491841,2026-05-23 19:05:05.665795,464.7256382667582,42.96986814736391
7855c72d,1,f8c6bac7,45460435,2026-05-23 19:05:05.665823,343.1502183481838,34.385302496064426
0ca4b617,1,3386bf02,67491841,2026-05-23 19:05:05.665851,149.46946437529218,41.52257118449188
0ca4b617,2,a45b8c85,ea1be9b6,2026-05-23 19:05:05.665873,158.736526924011,22.827201715083
a1a920ba,1,2082d9d2,5e02fca9,2026-05-23 19:05:05.665901,329.4711650349383,17.441595660021065
547d16f9,1,e384dc23,1b864e2e,2026-05-23 19:05:05.665929,183.72716116221451,33.57023350670389
cd996730,1,0e7cc150,9ea3a409,2026-05-23 19:05:05.665957,338.85075626629623,13.067577934318052
bc6d54e6,1,1ce90747,95784c07,2026-05-23 19:05:05.665985,158.8171049485159,34.77179485564189
97026b1b,1,a45374ef,0cd9ed1f,2026-05-23 19:05:05.666014,293.84519950852,46.54846322029368
97026b1b,2,bc10f1a6,110c0782,2026-05-23 19:05:05.666036,196.08843362473192,10.562757574540422
97026b1b,3,543b3a32,08d65812,2026-05-23 19:05:05.666059,341.1886052934566,34.88820437460367
1ef5fcf7,1,3bb56b00,f3ab5934,2026-05-23 19:05:05.666087,37.22110226239026,48.08810693503878
ed00db07,1,9c04b1ec,67491841,2026-05-23 19:05:05.666122,418.60971985355997,39.4191688681256
7a4b56e9,1,4555ffbd,fb7e1c47,2026-05-23 19:05:05.666150,371.3161332856856,49.01316259182766
5490c32e,1,677465c8,4e650515,2026-05-23 19:05:05.666179,381.60893430037515,24.514535784726423
d78b1862,1,84f6f25e,3b2bdf38,2026-05-23 19:05:05.666207,309.01369792820503,49.96160355361424
713cefe9,1,8f8402ce,4e650515,2026-05-23 19:05:05.666235,53.77928623177812,41.59391777091942
9e92a608,1,0b7ac9e0,894b8626,2026-05-23 19:05:05.666263,360.2281812686335,30.222939281953494
c12e221d,1,861b3ce2,95784c07,2026-05-23 19:05:05.666291,84.80935266640982,26.232384389596284
4c0a09b9,1,0d4ffb87,33e748b3,2026-05-23 19:05:05.666319,238.828238401441,11.59895485155992
2723eb32,1,dc1f3972,63b5cfb8,2026-05-23 19:05:05.666348,469.2405459624504,20.666720644113358
f2a3f554,1,8c7a1f1a,586281b8,2026-05-23 19:05:05.666376,274.6836471301207,24.29777478293335
2fb86cbc,1,dd5cf2a0,c739947b,2026-05-23 19:05:05.666404,303.4815709026481,13.329647273997773
2fb86cbc,2,46c15051,7ed1bfe7,2026-05-23 19:05:05.666426,184.82152378156428,27.333689047466475
71653b2c,1,26c3d826,3a9e1e22,2026-05-23 19:05:05.666454,491.21328428802553,41.69942606728061
5160d5cf,1,b87fd63c,2e90d858,2026-05-23 19:05:05.666482,105.49410486559835,36.342323583851645
88b92b71,1,5602319e,95784c07,2026-05-23 19:05:05.666510,250.75608178655452,15.753614178469554
10a2844e,1,ab12b3b8,bd830d4e,2026-05-23 19:05:05.666538,182.80222355397794,27.905643115118256
b9a6f6c1,1,e01d6e05,9ea3a409,2026-05-23 19:05:05.666566,138.82761373715024,7.318963770538828
589fb873,1,4d2c57f6,67491841,2026-05-23 19:05:05.666594,68.89772820588522,38.51738470574766
88542d9a,1,e4ee2fad,180aa0cd,2026-05-23 19:05:05.666626,272.6965357235032,8.472012194286075
48139b4e,1,14b98e41,15bfe12f,2026-05-23 19:05:05.666654,50.426360700361016,45.18409126677517
1692c17a,1,79a54c6a,ac8fa3d8,2026-05-23 19:05:05.666682,320.35859099030785,13.93903424147955
cadebd24,1,7f779927,894b8626,2026-05-23 19:05:05.666710,454.4452980624294,47.67281295141853
cadebd24,2,4bbadaeb,da9dd43e,2026-05-23 19:05:05.666745,381.36204204882694,16.421225239039234
cadebd24,3,f6cd0a4d,4e650515,2026-05-23 19:05:05.666777,293.54478903402645,21.20176089936547
6052b24c,1,2269c4dd,110c0782,2026-05-23 19:05:05.666806,152.70478216323758,5.765685516037796
6052b24c,2,d5657d48,dc8f6fd7,2026-05-23 19:05:05.666829,292.2154804362879,8.554886249566735
75f170b5,1,fd399d3f,3a9e1e22,2026-05-23 19:05:05.666856,101.30908273274194,31.834320533844387
82edfad6,1,16cf8ae8,3a9e1e22,2026-05-23 19:05:05.666884,477.55798761385955,9.867343113432481
289f62ee,1,ffa0fe42,3a9e1e22,2026-05-23 19:05:05.666912,364.6309295581803,29.277697951140432
78af91bc,1,c92bce8f,45460435,2026-05-23 19:05:05.666940,417.63273521315125,13.474784493506201
78af91bc,2,55e6c6a5,15bfe12f,2026-05-23 19:05:05.666963,475.25125940693255,16.563113922542133
71908f5d,1,a4d8f4ec,a9b0059e,2026-05-23 19:05:05.666991,94.80401365684781,37.96389025943508
71908f5d,2,a799b7d2,15627973,2026-05-23 19:05:05.667014,424.9341130833914,43.91909071899182
1d5e0755,1,15719040,95784c07,2026-05-23 19:05:05.667043,380.4651038431976,30.622384031991622
c50429d9,1,03f01a23,b40b18bf,2026-05-23 19:05:05.667071,40.5802548113728,31.518705772645674
c50429d9,2,96967213,a9b0059e,2026-05-23 19:05:05.667093,184.48336332545804,30.403358523414965
c50429d9,3,3bb56b00,9bfa8093,2026-05-23 19:05:05.667115,148.13997466248816,22.081701853736273
3181a4cc,1,98b1abf5,c739947b,2026-05-23 19:05:05.667143,132.60275350094156,36.78487642486235
3181a4cc,2,c6773b2b,08d65812,2026-05-23 19:05:05.667166,342.32060217468256,6.78926190172059
a17205f0,1,81766bcf,fb7e1c47,2026-05-23 19:05:05.667194,171.6122380985378,41.971956095159484
74a983b7,1,275bb310,3a9e1e22,2026-05-23 19:05:05.667222,102.63412369888492,22.867440628344045
790eb3e0,1,385cae5b,15627973,2026-05-23 19:05:05.667250,93.78648623798,24.24256506472217
790eb3e0,2,6502b540,f3ab5934,2026-05-23 19:05:05.667272,192.87205620855636,33.011740660239646
03e041a4,1,140ca47e,95784c07,2026-05-23 19:05:05.667300,394.9842562030725,16.297661606165175
2f43a931,1,e0639b9b,ea1be9b6,2026-05-23 19:05:05.667328,160.36785966240868,20.541455158586455
623139bf,1,d400d501,3b78784c,2026-05-23 19:05:05.667356,377.21502099618726,19.706657107128375
c24d2611,1,55e6c6a5,9ea3a409,2026-05-23 19:05:05.667389,34.58187600519521,13.029665280834934
6e35dc4d,1,b61b8324,16597aea,2026-05-23 19:05:05.667417,476.8327057957691,36.24957982358974
4847a68e,1,e08b6212,b40b18bf,2026-05-23 19:05:05.667445,269.96469215094885,34.93682312640541
d0bf6e3f,1,8f8402ce,3d8cbaaa,2026-05-23 19:05:05.667473,435.21376828623556,37.740601764187
052b7778,1,3726cc61,894b8626,2026-05-23 19:05:05.667502,69.95970034579086,14.17241551150375
829d3d31,1,aa3475ce,9644a854,2026-05-23 19:05:05.667530,458.32752448137273,14.99652175627909
35a66221,1,84db25bf,62cdfa79,2026-05-23 19:05:05.667558,492.24959452362435,34.371718741028495
6f9bbe2d,1,8e1a7023,180aa0cd,2026-05-23 19:05:05.667587,435.8083796841419,45.51361417328591
5223ae8c,1,275bb310,30eaa364,2026-05-23 19:05:05.667614,145.20940926634145,36.66535127835857
b2c929cc,1,0b95b346,894b8626,2026-05-23 19:05:05.667642,203.29450858321627,32.523636078687154
6905e635,1,8f86fffc,fb7e1c47,2026-05-23 19:05:05.667670,287.9856880303566,7.222379783670366
6905e635,2,d45a0f2d,ac8fa3d8,2026-05-23 19:05:05.667692,117.9608910239482,18.50310727968812
6905e635,3,542cbb30,9ea3a409,2026-05-23 19:05:05.667715,186.77510019373852,7.801690125329108
b249fb31,1,b3824fcb,45460435,2026-05-23 19:05:05.667743,337.0801003477411,37.88610493004814
033c07c7,1,0e7cc150,ce20adb3,2026-05-23 19:05:05.667771,484.34753554375254,20.30236748741559
1ddc4c3b,1,a4d8f4ec,3b2bdf38,2026-05-23 19:05:05.667811,232.82508081385737,5.9371485367710815
18c72523,1,55e6c6a5,15627973,2026-05-23 19:05:05.667840,267.9203869074038,11.755757867537561
70a5a94d,1,abb4e8a1,9bfa8093,2026-05-23 19:05:05.667868,276.82792232780105,45.66649022098164
58c51c23,1,e2d2b752,67491841,2026-05-23 19:05:05.667896,98.33142050558348,44.41558669009459
08b30bae,1,f55f8f48,15bfe12f,2026-05-23 19:05:05.667923,166.75916376736384,17.569224294316193
08b30bae,2,543b3a32,3b2bdf38,2026-05-23 19:05:05.667954,347.5721238207897,44.62668745942254
bc1de7b0,1,b2e5ceac,99c13bee,2026-05-23 19:05:05.667982,394.49722491654427,37.311427497795705
4a088e88,1,2082d9d2,3a9e1e22,2026-05-23 19:05:05.668010,129.8398138792512,26.645691443844115
4a088e88,2,fbb41c14,63b5cfb8,2026-05-23 19:05:05.668033,483.2335477330318,6.451360194182059
ca8f7319,1,96de232f,bd830d4e,2026-05-23 19:05:05.668061,168.63703021269416,40.185297405785576
133d8b5a,1,ebf07848,9bfa8093,2026-05-23 19:05:05.668089,137.48541810333995,9.235936858354217
133d8b5a,2,b404910a,bd830d4e,2026-05-23 19:05:05.668112,218.841004659954,42.96497031873848
133d8b5a,3,864efcb0,f3ab5934,2026-05-23 19:05:05.668134,496.34276115923575,41.17225692224031
99ce8047,1,004d4636,b40b18bf,2026-05-23 19:05:05.668163,272.60003773921585,27.868533321653274
90e355b8,1,fab635ac,b4998c55,2026-05-23 19:05:05.668191,191.0686484638276,13.285361433272955
7f23c950,1,385cae5b,63b5cfb8,2026-05-23 19:05:05.668219,436.89584228739045,29.30571167901011
4645caa5,1,7f779927,f3ab5934,2026-05-23 19:05:05.668247,408.6718885900564,21.05460097061312
4645caa5,2,1e9afbc6,fb7e1c47,2026-05-23 19:05:05.668269,188.20756437965792,33.922190964743116
b9c3062b,1,46c15051,15bfe12f,2026-05-23 19:05:05.668297,29.48916377508464,12.824760845924455
de8c878f,1,55038fe2,15bfe12f,2026-05-23 19:05:05.668326,370.4883836746177,24.115521023062566
20419ec2,1,b1c8aeb7,99c13bee,2026-05-23 19:05:05.668354,76.18366797757125,37.33034457868843
53308019,1,ab313603,ea1be9b6,2026-05-23 19:05:05.668382,463.6949175552464,18.901436665510452
aeb15ef8,1,507392e6,3d8cbaaa,2026-05-23 19:05:05.668410,232.6603676215347,48.39638897811456
e472ca95,1,ffa5a956,15627973,2026-05-23 19:05:05.668438,441.98256120723477,18.188157555481617
e472ca95,2,7a224966,4e650515,2026-05-23 19:05:05.668461,370.02892643725403,20.8423671174095
f68fb81d,1,8990aa61,9b360271,2026-05-23 19:05:05.668489,172.49315425962263,17.585863577725757
f68fb81d,2,a40970e9,bd830d4e,2026-05-23 19:05:05.668511,384.1188754924511,20.74545935789099
59f3201c,1,f0766c58,fb7e1c47,2026-05-23 19:05:05.668539,137.35646289545008,9.99407261466391
38cdc0db,1,7b72f050,62cdfa79,2026-05-23 19:05:05.668567,25.527030267164026,32.81326669116197
c1f8bfbe,1,9b481bfa,33e748b3,2026-05-23 19:05:05.668595,71.22981368680855,29.42010499735129
c5732fc5,1,602b55d7,da9dd43e,2026-05-23 19:05:05.668623,446.3667950139307,26.662410586196987
711927ec,1,97575e05,894b8626,2026-05-23 19:05:05.668651,432.0033168888428,36.933233072957925
8cd6c398,1,c5ed13b4,ce20adb3,2026-05-23 19:05:05.668680,351.0720140358089,13.33779459739286
92a1d960,1,081be4d1,97b111d7,2026-05-23 19:05:05.668708,378.887797784566,41.17680065435443
289863ba,1,874bac3e,30eaa364,2026-05-23 19:05:05.668736,48.79128608435881,42.54576455130884
c889e985,1,e3f461e3,2b1a9a37,2026-05-23 19:05:05.668763,333.52037776997776,38.558085984186555
33ad4654,1,e237c3e6,62cdfa79,2026-05-23 19:05:05.668791,460.6721880868538,42.44883211390986
1b35108d,1,798444b8,7ed1bfe7,2026-05-23 19:05:05.668820,471.4872891043423,47.87743985717538
734d3dd4,1,9c04b1ec,7ed1bfe7,2026-05-23 19:05:05.668847,473.78342585717894,30.689161551798517
be52e78b,1,0b502c6a,110c0782,2026-05-23 19:05:05.668884,357.5529854655267,18.20987948910183
edf771c5,1,53cc4a10,ac8fa3d8,2026-05-23 19:05:05.668912,251.74425190517502,35.095222598597246
75fc86bb,1,ebf07848,97b111d7,2026-05-23 19:05:05.668940,194.18698686889834,16.644212943299376
1e288975,1,0b7e335b,67491841,2026-05-23 19:05:05.668979,348.3059773509843,39.59592809475604
830dfcbf,1,4c0b1c75,1b864e2e,2026-05-23 19:05:05.669007,397.8367233375537,33.20513609694239
bb2c6236,1,543b3a32,b4998c55,2026-05-23 19:05:05.669035,238.96727415541176,27.78803283189744
bb2c6236,2,de6426fe,7ed1bfe7,2026-05-23 19:05:05.669058,50.73882228049632,6.460970865516608
1c1d2c41,1,63d73ef7,fb7e1c47,2026-05-23 19:05:05.669086,384.2184042331821,35.09313278608536
149c948d,1,b404910a,5e6a3159,2026-05-23 19:05:05.669114,107.57293944488848,36.12557041759
8117abb1,1,26e11775,180aa0cd,2026-05-23 19:05:05.669142,43.12681863606901,46.22997190649966
8117abb1,2,ffa23f58,33e748b3,2026-05-23 19:05:05.669164,482.8362591378405,29.235012235390215
8117abb1,3,1ca8e41b,4e650515,2026-05-23 19:05:05.669186,487.84078755566134,15.94872113521851
4d9fa2c6,1,19014209,16597aea,2026-05-23 19:05:05.669214,343.8884349231814,23.50812239987873
4d9fa2c6,2,67ae5ce4,07a21a6e,2026-05-23 19:05:05.669246,108.6908629468422,23.395760285363647
627709dc,1,677465c8,97b111d7,2026-05-23 19:05:05.669274,165.85427678304345,22.859197297014987
c5a61583,1,4dceac83,bd830d4e,2026-05-23 19:05:05.669302,412.33025619374826,9.13980225885362
64617a13,1,20c82e51,95784c07,2026-05-23 19:05:05.669330,199.69199833690095,25.110687146691298
da2297cb,1,dd524de3,99c13bee,2026-05-23 19:05:05.669358,46.479847577102035,34.4855584949317
43ab87ad,1,ebf07848,07a21a6e,2026-05-23 19:05:05.669394,205.3903589861888,26.397270259505323
e192c0b8,1,21337267,3b78784c,2026-05-23 19:05:05.669430,497.50607099227096,26.361749102257072
72d050dc,1,f5153864,ea1be9b6,2026-05-23 19:05:05.669467,35.27521475427523,32.06115401863942
cdeaadf4,1,81766bcf,110c0782,2026-05-23 19:05:05.669496,352.65331751850823,14.935207121705231
9003322e,1,428e3978,aa58e7b1,2026-05-23 19:05:05.669529,389.66057647908326,47.379264945807286
49bbfc2d,1,5552af64,a9b0059e,2026-05-23 19:05:05.669566,128.13099396699468,49.65905838776964
49bbfc2d,2,03b8d8ba,9644a854,2026-05-23 19:05:05.669594,210.59645824977304,21.411708450037896
e63acd94,1,5449ea46,bf313c0e,2026-05-23 19:05:05.669631,379.49874293474727,18.2547364915126
232992d9,1,d414418d,b40b18bf,2026-05-23 19:05:05.669667,404.9500347562677,12.525500693090395
92cd856c,1,84f6f25e,3b2bdf38,2026-05-23 19:05:05.669698,459.1593160682505,11.434401717479211
c42ee570,1,0b502c6a,da9dd43e,2026-05-23 19:05:05.669727,76.31693305559332,16.266511389455722
63223d9d,1,f9a59579,f3ab5934,2026-05-23 19:05:05.669755,184.52375055550104,47.9537473845467
63223d9d,2,6da265a9,66e13682,2026-05-23 19:05:05.669777,54.679166061292754,36.638009477051654
59e94ead,1,70199d84,dc8f6fd7,2026-05-23 19:05:05.669809,497.1700372762232,11.863142748479369
e4579184,1,ff4acc5e,fb7e1c47,2026-05-23 19:05:05.669837,150.50869994623793,36.20951562483332
6208b979,1,0010c2fe,bd830d4e,2026-05-23 19:05:05.669866,478.7985058849553,29.051213783403973
db42cb3f,1,ec774cd8,5e6a3159,2026-05-23 19:05:05.669894,441.6369853401997,25.044419391608923
9bbb695e,1,efaf5996,30eaa364,2026-05-23 19:05:05.669922,188.55164153964344,37.2304499032991
0148ff3c,1,dd5cf2a0,5e02fca9,2026-05-23 19:05:05.669950,427.3140940679024,48.592959419517605
89835522,1,a0a8781f,08d65812,2026-05-23 19:05:05.669978,159.8776251313026,40.95525990412528
6f281b79,1,0b5b7698,5e02fca9,2026-05-23 19:05:05.670006,180.42891218138433,10.19277146418078
43a4ca6e,1,83ce8d7f,08d65812,2026-05-23 19:05:05.670035,343.10771160068026,16.793525959431093
9ab854d5,1,e0639b9b,9b360271,2026-05-23 19:05:05.670063,214.47740488532875,31.727918444467047
9ab854d5,2,fbae8b7e,3d8cbaaa,2026-05-23 19:05:05.670085,186.33937802163928,6.79700262534333
7a65fc83,1,a8759dc8,894b8626,2026-05-23 19:05:05.670113,409.81870598402463,31.089339896510577
054cf738,1,07d31f08,586281b8,2026-05-23 19:05:05.670141,391.1024471337651,19.399186189637494
2675e8f7,1,ffa0fe42,3a9e1e22,2026-05-23 19:05:05.670169,296.6402160296727,24.170061926624903
b3773646,1,fd29b273,2e90d858,2026-05-23 19:05:05.670197,222.7143504475926,49.62512359550287
450e5840,1,daca70db,16597aea,2026-05-23 19:05:05.670225,456.19081856784004,13.703825211730644
450e5840,2,9cd99410,180aa0cd,2026-05-23 19:05:05.670247,189.63583027085284,17.90699203048197
450e5840,3,819f6726,9bfa8093,2026-05-23 19:05:05.670269,178.36755482066,41.7532288588336
5c55e7d3,1,b4305394,08d65812,2026-05-23 19:05:05.670297,361.4011488381739,29.0265551145983
5c55e7d3,2,e4ee2fad,3b78784c,2026-05-23 19:05:05.670320,93.48674943019603,33.71605666906567
5c55e7d3,3,4f66b683,30eaa364,2026-05-23 19:05:05.670342,385.39104099518727,48.36168525217017
1a54885a,1,99fe0983,62cdfa79,2026-05-23 19:05:05.670370,248.74571925989062,18.939358777643655
9c5eb940,1,d3487b0c,1b864e2e,2026-05-23 19:05:05.670398,410.2166734520997,45.863106997304406
0f07df1a,1,ffa0fe42,9bfa8093,2026-05-23 19:05:05.670426,129.65743993848952,27.904436773437613
71c71197,1,3eb38518,5e02fca9,2026-05-23 19:05:05.670454,325.6702331160457,11.720095532168889
3de7836f,1,cae0b89b,2e90d858,2026-05-23 19:05:05.670481,475.7997674939609,9.777374491221863
3de7836f,2,865e88d7,9644a854,2026-05-23 19:05:05.670504,99.31835215922013,32.015999785242485
3de7836f,3,b7ab2de3,3a9e1e22,2026-05-23 19:05:05.670526,389.90287201710595,33.980117029235046
5c86e598,1,daca70db,33e748b3,2026-05-23 19:05:05.670554,260.1310548007755,17.143328315555806
2e4939ee,1,ac9d25dc,ea1be9b6,2026-05-23 19:05:05.670582,308.55649440521876,33.33287520677438
222dd099,1,c6773b2b,66e13682,2026-05-23 19:05:05.670611,498.2515816231004,12.184791958988395
222dd099,2,e0b90abb,3b2bdf38,2026-05-23 19:05:05.670633,122.19240368690309,25.399686575331167
8bef4f45,1,f55f8f48,249a652c,2026-05-23 19:05:05.670666,367.4862300873923,14.567003742286756
6cfe7b37,1,dee1e0c5,7ed1bfe7,2026-05-23 19:05:05.670697,60.02568608304429,32.513711189625184
6cfe7b37,2,a4ec77b1,3b2bdf38,2026-05-23 19:05:05.670726,88.98027123389315,28.916666305374427
696bd527,1,c36c1712,45460435,2026-05-23 19:05:05.670766,146.66978517017785,29.237642826528266
696bd527,2,576b6874,894b8626,2026-05-23 19:05:05.670790,452.05495142731667,17.992924275210193
696bd527,3,a30767f9,3b78784c,2026-05-23 19:05:05.670812,68.42079529348383,39.84844051706054
92b37096,1,4d2c57f6,97b111d7,2026-05-23 19:05:05.670840,465.87070617383955,38.84970786462216
9fbfa40f,1,0010c2fe,99c13bee,2026-05-23 19:05:05.670869,397.9558044225958,29.862510664041306
0f5ac6cb,1,8f86fffc,16597aea,2026-05-23 19:05:05.670897,438.58296798589765,39.79962405565079
db6a02a4,1,179bd7d2,0cd9ed1f,2026-05-23 19:05:05.670925,152.33849373595825,11.82791479657671
db6a02a4,2,a40970e9,4e650515,2026-05-23 19:05:05.670948,104.87801770776355,10.369275517017726
201b4f7f,1,865e88d7,2e90d858,2026-05-23 19:05:05.670976,446.97403279178286,41.49110554233909
a702abe9,1,3c62cc15,45460435,2026-05-23 19:05:05.671004,53.04995095685541,44.02362550197315
2589e6e1,1,190fd57b,bf313c0e,2026-05-23 19:05:05.671032,81.24554895261466,6.5044838459222785
76c1e259,1,3c194590,9644a854,2026-05-23 19:05:05.671060,252.00260291422956,11.629873672419738
f4a8a08c,1,d737a7ea,f3ab5934,2026-05-23 19:05:05.671088,462.2214566366763,48.38972938645595
de535f39,1,15854b16,9ea3a409,2026-05-23 19:05:05.671117,421.176682516462,34.6514926604299
97fc1beb,1,c87fb338,3b2bdf38,2026-05-23 19:05:05.671145,116.87026682048099,30.14821828398388
24531ff8,1,d3487b0c,16597aea,2026-05-23 19:05:05.671172,332.39600872828134,40.24877773821642
da1eae9b,1,0b9e4648,b4998c55,2026-05-23 19:05:05.671201,442.21135013227246,27.18862926447341
cafc2f36,1,7b3bc82e,ea1be9b6,2026-05-23 19:05:05.671229,44.227374901168076,48.126065780542206
a05abea5,1,a5f865e2,33e748b3,2026-05-23 19:05:05.671257,349.01852109270226,11.168517537424435
04360f29,1,d69a9a23,5e02fca9,2026-05-23 19:05:05.671285,177.405736417792,43.28086425461421
04360f29,2,675b3cbf,aa58e7b1,2026-05-23 19:05:05.671307,397.1735216008298,49.6539399495951
723f8350,1,fdf27c4c,15627973,2026-05-23 19:05:05.671336,383.68208437674645,44.36103488331032
21f4d8da,1,e91e0df6,7ed1bfe7,2026-05-23 19:05:05.671364,189.7892775610882,37.35220936252366
31ff660b,1,ffa1f70e,2e90d858,2026-05-23 19:05:05.671402,163.0058230789835,22.802575888726466
1f979d78,1,45326e3f,249a652c,2026-05-23 19:05:05.671431,487.35922882732496,27.032529407119213
3266fc2e,1,81dbafcf,fb7e1c47,2026-05-23 19:05:05.671466,200.0360112820309,44.29980288094665
5b15348f,1,2c976d13,45460435,2026-05-23 19:05:05.671494,408.98550121552034,15.960256215072697
c038317d,1,ce118617,3d8cbaaa,2026-05-23 19:05:05.671522,495.5619890747518,43.45850491615264
c038317d,2,4c8b7456,3a9e1e22,2026-05-23 19:05:05.671545,316.7976928651451,23.99303837673533
5b37b894,1,819f6726,62cdfa79,2026-05-23 19:05:05.671573,206.20432417928495,30.677807910873806
5b37b894,2,ce118617,97b111d7,2026-05-23 19:05:05.671596,312.0878902982391,12.027824526921586
5b37b894,3,b404910a,1b864e2e,2026-05-23 19:05:05.671618,86.40296086731553,14.797803269764552
593b3b7d,1,898892b7,99c13bee,2026-05-23 19:05:05.671646,406.3774829641996,26.7323840544433
b983a722,1,a5f865e2,63b5cfb8,2026-05-23 19:05:05.671675,382.03232820280397,33.77533654070178
4471dcda,1,8cb7dee8,249a652c,2026-05-23 19:05:05.671703,443.45855041206056,7.666126823671064
5ec40fa1,1,0deada69,08d65812,2026-05-23 19:05:05.671731,289.53252400494154,21.054551614039717
8f6f0dde,1,a799b7d2,30eaa364,2026-05-23 19:05:05.671759,271.37976507908195,27.803506092704946
b7f0dc55,1,17b55e93,5e6a3159,2026-05-23 19:05:05.671787,464.44068256245987,17.152756743158275
f3dd1583,1,84b3928b,ce20adb3,2026-05-23 19:05:05.671815,148.00325719043835,13.498420807509214
99797944,1,74cee2e1,9644a854,2026-05-23 19:05:05.671843,310.011637867732,40.23029565688903
99797944,2,732fef27,62cdfa79,2026-05-23 19:05:05.671865,362.6068485424538,12.431306190754418
99797944,3,5552af64,16597aea,2026-05-23 19:05:05.671887,87.83776238114109,42.46221649431183
3fe3b8bb,1,f0fa7368,33e748b3,2026-05-23 19:05:05.671915,192.24053307324004,11.702617860016382
5188bae1,1,99fe0983,2b1a9a37,2026-05-23 19:05:05.671944,246.5971464939803,15.643330465541156
5188bae1,2,92028873,45460435,2026-05-23 19:05:05.671966,301.20514472897514,11.731302652595577
1d755888,1,f0fa7368,1b864e2e,2026-05-23 19:05:05.671994,310.4207746953795,25.582059255028753
d6fc562f,1,b8caf64c,249a652c,2026-05-23 19:05:05.672022,129.55822351514604,29.91293508041932
82956554,1,b2673a73,b40b18bf,2026-05-23 19:05:05.672050,400.9818801788818,10.645934061758796
40f92553,1,5552af64,63b5cfb8,2026-05-23 19:05:05.672078,245.17162760231537,30.77438533124363
b612c2dc,1,ca3f9970,110c0782,2026-05-23 19:05:05.672106,272.407653955031,12.812866226670092
3eec5d15,1,662fc2a5,45460435,2026-05-23 19:05:05.672134,455.55776992388127,47.735754228700415
ffc69fcc,1,a1372f50,da9dd43e,2026-05-23 19:05:05.672182,69.45008768849534,43.27103594857754
ffc69fcc,2,b1eadd47,fb7e1c47,2026-05-23 19:05:05.672204,289.34423855262116,19.10854988497458
ffc69fcc,3,0010c2fe,15627973,2026-05-23 19:05:05.672227,466.9295884809246,29.30217086897432
cae436f5,1,17b55e93,bf313c0e,2026-05-23 19:05:05.672255,359.3316771485544,39.6404824593829
07594158,1,2f8dbd79,0cd9ed1f,2026-05-23 19:05:05.672283,464.81061851779873,39.81278374040107
0d7f850e,1,f913184c,3d8cbaaa,2026-05-23 19:05:05.672311,247.69961230432273,15.681874557125928
d4d77df2,1,30aef8b8,ac8fa3d8,2026-05-23 19:05:05.672339,277.5757646879773,33.14455034878442
752a395f,1,45326e3f,1b864e2e,2026-05-23 19:05:05.672367,49.29731292728691,9.042569538095975
752a395f,2,6da265a9,fb7e1c47,2026-05-23 19:05:05.672389,450.6535052616983,19.61299899389824
c0eada2d,1,4bbadaeb,c739947b,2026-05-23 19:05:05.672417,120.55089997252104,16.422758671365212
c5a50ebc,1,f4b984b2,15627973,2026-05-23 19:05:05.672445,412.3955125502374,29.601759349894976
6519ff3d,1,a5d3f66d,16597aea,2026-05-23 19:05:05.672473,81.29154661913311,8.97337263500129
e644b500,1,99fe0983,33e748b3,2026-05-23 19:05:05.672501,144.67756054540618,44.02807969876195
1f06757d,1,db7ee15f,ac8fa3d8,2026-05-23 19:05:05.672529,195.04643853138577,9.542475043690674
4a5a4091,1,14e8ac65,97b111d7,2026-05-23 19:05:05.672557,299.88812738007323,13.302688095281011
2ad11441,1,f7eab29f,15bfe12f,2026-05-23 19:05:05.672585,467.0624425198239,12.242295952790116
9e2e77bf,1,d9027657,08d65812,2026-05-23 19:05:05.672613,492.09995769032224,30.42104569782974
e0ae8842,1,2ff7eef7,97b111d7,2026-05-23 19:05:05.672641,386.95581679083784,17.37607235364417
e0ae8842,2,cae0b89b,bd830d4e,2026-05-23 19:05:05.672664,199.1618390179738,40.6843335666818
d3d18b0b,1,fdf27c4c,33e748b3,2026-05-23 19:05:05.672692,319.5253739131408,24.61197958626962
7fef1b0b,1,20c82e51,15bfe12f,2026-05-23 19:05:05.672720,172.59583561706592,27.763521204849162
eee6d1fc,1,f0fa7368,9bfa8093,2026-05-23 19:05:05.672748,497.1106805767665,12.253192939755442
7ec2088b,1,21337267,da9dd43e,2026-05-23 19:05:05.672776,404.2189175151031,38.16983209190368
022f0faf,1,15854b16,1b864e2e,2026-05-23 19:05:05.672804,238.69656397897228,45.649756472852914
6d86f74c,1,70199d84,9bfa8093,2026-05-23 19:05:05.672831,333.04262400361597,34.228176394359195
38372a25,1,b3824fcb,2e90d858,2026-05-23 19:05:05.672860,350.8355465446198,42.326204576371396
158b8db3,1,aa3475ce,2e90d858,2026-05-23 19:05:05.672888,443.0074201021353,33.97690672689839
bd52d8ff,1,4d223d3c,fb7e1c47,2026-05-23 19:05:05.672915,33.504997991559584,45.565778022572886
3a2f6f35,1,369f091e,b4998c55,2026-05-23 19:05:05.672943,459.2187985351844,10.44308495596408
3a2f6f35,2,272863cf,3a9e1e22,2026-05-23 19:05:05.672965,442.2109918949194,7.587766569599793
3a2f6f35,3,f6143d5b,1b864e2e,2026-05-23 19:05:05.672987,412.0867539272366,30.06386007878103
fa4ff7e8,1,8e1a7023,5e02fca9,2026-05-23 19:05:05.673015,383.4235079831951,36.12233035238139
878431a2,1,8690917d,62cdfa79,2026-05-23 19:05:05.673043,454.36717186820346,5.92358819652898
878431a2,2,0558b9dd,586281b8,2026-05-23 19:05:05.673066,158.42094750964964,17.566171490859418
878431a2,3,ac9d25dc,249a652c,2026-05-23 19:05:05.673088,414.9100238197567,21.782647960092252
b76f3e31,1,84b3928b,a9b0059e,2026-05-23 19:05:05.673116,71.83546626184315,22.880343044064595
39cbd5e8,1,e8a04814,dc8f6fd7,2026-05-23 19:05:05.673144,422.18365820376704,17.907431500932468
4a16550d,1,81dbafcf,30eaa364,2026-05-23 19:05:05.673172,438.9332264985824,49.900492075042344
e2187b89,1,526da5b1,c739947b,2026-05-23 19:05:05.673200,129.80956260740027,26.03616085290181
fc9517cc,1,4dceac83,a9b0059e,2026-05-23 19:05:05.673233,446.4625721703304,30.29444137801536
5b160e50,1,7a224966,3b78784c,2026-05-23 19:05:05.673262,294.85984265311504,37.46087785618389
296fd5d7,1,f8eb5b7f,894b8626,2026-05-23 19:05:05.673290,314.3193718110136,30.107389174861353
ba657197,1,e2d8fb6a,45460435,2026-05-23 19:05:05.673318,155.46614668606503,26.821625070626467
477dd6f8,1,9a4b5684,ac8fa3d8,2026-05-23 19:05:05.673346,206.2265085070172,29.577997970903887
477dd6f8,2,fba64ffd,b40b18bf,2026-05-23 19:05:05.673368,74.02304805496559,20.072174051393677
3185b5c3,1,531f5fa7,15bfe12f,2026-05-23 19:05:05.673396,300.62600023277867,13.165104170435871
3185b5c3,2,507392e6,66e13682,2026-05-23 19:05:05.673418,170.8378377886873,16.27524792637196
819bdbb5,1,a0a8781f,4e650515,2026-05-23 19:05:05.673446,300.6988822812348,34.701475945215215
b27a5163,1,7a224966,15bfe12f,2026-05-23 19:05:05.673474,255.66622286217444,8.246341292523745
95eaab9b,1,eaf09bf2,07a21a6e,2026-05-23 19:05:05.673502,83.31904127223515,11.113225508222245
95eaab9b,2,d6f5e7f4,9b360271,2026-05-23 19:05:05.673524,326.79559798943393,46.387507523988944
e29dd240,1,af286d24,ce20adb3,2026-05-23 19:05:05.673552,478.40447596561506,7.303008157756505
e29dd240,2,f7a0c352,dc8f6fd7,2026-05-23 19:05:05.673575,282.43204959522365,28.993531229482617
10fecdac,1,819f6726,67491841,2026-05-23 19:05:05.673603,316.1621867174033,24.142993420159467
45d0d48e,1,cabc28d5,07a21a6e,2026-05-23 19:05:05.673631,81.58087638598646,37.68646375396593
23bcdace,1,f0fa7368,99c13bee,2026-05-23 19:05:05.673659,314.23346540161646,39.75602387335444
03480d8f,1,f0766c58,586281b8,2026-05-23 19:05:05.673687,474.6224769016152,48.242662069450645
03480d8f,2,ec774cd8,aa58e7b1,2026-05-23 19:05:05.673709,443.08984397232757,36.15923811727273
77779991,1,1e866d17,33e748b3,2026-05-23 19:05:05.673737,378.65819022117057,47.37664106178508
8ae2efd8,1,59c6855b,249a652c,2026-05-23 19:05:05.673765,358.41858442135714,17.636129984641183
7a83d8a7,1,cec4fb47,586281b8,2026-05-23 19:05:05.673794,171.58250777015047,28.546043291520927
441b116c,1,15719040,5e6a3159,2026-05-23 19:05:05.673822,233.75367600315744,15.436549779139062
1b438f2c,1,531f5fa7,3b78784c,2026-05-23 19:05:05.673850,310.4512458897883,23.67285672031962
ced6d7ba,1,6096faed,894b8626,2026-05-23 19:05:05.673878,397.93572359174163,36.517072487208715
f333274e,1,81766bcf,249a652c,2026-05-23 19:05:05.673906,363.0564178543873,45.44799539238776
36073542,1,d9ea54ef,15627973,2026-05-23 19:05:05.673935,223.6682250099985,8.944266177913285
380651be,1,87b307f5,2e90d858,2026-05-23 19:05:05.673963,357.07111492666195,17.65188024195642
229ac715,1,507392e6,2e90d858,2026-05-23 19:05:05.673991,198.03049753440882,9.684026977920517
e36192c8,1,23e40a8f,5e02fca9,2026-05-23 19:05:05.674019,110.20662964344993,9.821858824858383
d5fd1592,1,0d4f14be,2e90d858,2026-05-23 19:05:05.674047,95.31390449094758,26.259322447332025
1462b575,1,71808bff,ea1be9b6,2026-05-23 19:05:05.674075,48.59463412931072,21.305972150606202
1367a6db,1,14b98e41,bf313c0e,2026-05-23 19:05:05.674103,136.89268962502172,38.52052407346092
64942d6c,1,b8caf64c,5e02fca9,2026-05-23 19:05:05.674131,320.76575571914185,16.252375706977716
6e7f9c0e,1,4bbadaeb,249a652c,2026-05-23 19:05:05.674159,273.37235547211657,31.961473662042756
b8e979ce,1,8f86fffc,63b5cfb8,2026-05-23 19:05:05.674187,136.02302608687242,23.069472549602448
1ed966fc,1,2deb52f2,08d65812,2026-05-23 19:05:05.674215,431.3084477161131,5.593103883766302
1ed966fc,2,91fb2ced,33e748b3,2026-05-23 19:05:05.674237,479.09933955410025,30.861994096746862
a42d3020,1,07d31f08,da9dd43e,2026-05-23 19:05:05.674265,485.0068061111584,6.004245067498637
d02519be,1,43646648,ce20adb3,2026-05-23 19:05:05.674293,478.03776828953295,26.855738269085546
d670f7c2,1,6502b540,0cd9ed1f,2026-05-23 19:05:05.674321,259.1610915131968,28.09275474524987
d670f7c2,2,b2ed138c,c739947b,2026-05-23 19:05:05.674344,441.3619823171339,35.47102000140142
973e9743,1,39cdb41d,5e02fca9,2026-05-23 19:05:05.674372,151.72146499768982,17.825122847796337
b25b97b9,1,f0fa7368,15bfe12f,2026-05-23 19:05:05.674400,300.7443363051905,34.36739770659789
d736aa11,1,14b98e41,1b864e2e,2026-05-23 19:05:05.674428,70.59027478035289,21.33657723680215
e3bf8432,1,73bdc762,bd830d4e,2026-05-23 19:05:05.674456,49.47971953835783,39.310882137162814
467a6721,1,a4ec77b1,ce20adb3,2026-05-23 19:05:05.674484,232.19319242796888,39.338053760744984
4ccd5fc5,1,02eb7d58,45460435,2026-05-23 19:05:05.674512,283.9156367039352,41.05427027234442
af0e434b,1,576b6874,894b8626,2026-05-23 19:05:05.674540,139.38232391892208,47.57534949973627
f20761f3,1,1792827c,1b864e2e,2026-05-23 19:05:05.674571,22.647010836204515,12.89387035583233
9768f986,1,0deada69,da9dd43e,2026-05-23 19:05:05.674599,422.5566820395919,25.935125584895683
9768f986,2,140ca47e,95784c07,2026-05-23 19:05:05.674622,276.0287931924562,24.997355952797466
dfbf3738,1,e3f461e3,16597aea,2026-05-23 19:05:05.674650,73.56757074683969,12.467893765464705
b12e547b,1,0010c2fe,08d65812,2026-05-23 19:05:05.674678,209.36521791739898,47.684972888086
b12e547b,2,35e4cb32,07a21a6e,2026-05-23 19:05:05.674700,428.5450631460767,46.68247523629007
4baf596f,1,5a1c1530,249a652c,2026-05-23 19:05:05.674728,302.1427019740758,41.10969618716971
9ad35d3a,1,b1c8aeb7,f3ab5934,2026-05-23 19:05:05.674757,376.7525761285976,31.65505185266979
ae62bbd0,1,a4d8f4ec,9644a854,2026-05-23 19:05:05.674785,406.15046489233276,36.027510774806
ae62bbd0,2,ba991e10,fb7e1c47,2026-05-23 19:05:05.674807,353.7490591141989,29.770868680413045
38b84c7c,1,7f0881df,ce20adb3,2026-05-23 19:05:05.674836,169.82591061051141,29.1081597109399
33750d33,1,c3e52a1d,97b111d7,2026-05-23 19:05:05.674864,488.0810970482891,41.08731055913333
aa925d5c,1,1b9d7f55,180aa0cd,2026-05-23 19:05:05.674892,255.09020352940593,14.22371442936201
0c2b1953,1,dd121367,0cd9ed1f,2026-05-23 19:05:05.674920,98.82674488633695,38.50111466928248
4d55c297,1,453cd56b,3d8cbaaa,2026-05-23 19:05:05.674948,303.98716301244417,12.175288439879374
7035cc0d,1,081be4d1,9644a854,2026-05-23 19:05:05.674976,354.0877662758376,34.52202813970287
7035cc0d,2,af286d24,894b8626,2026-05-23 19:05:05.675003,226.3975584604967,8.344930940049508
7035cc0d,3,02eb7d58,ea1be9b6,2026-05-23 19:05:05.675026,111.93240056343483,39.63741305492355
2cf54e3c,1,c3e52a1d,33e748b3,2026-05-23 19:05:05.675055,288.74559137115875,23.606121301521803
6a0a56ca,1,531f5fa7,33e748b3,2026-05-23 19:05:05.675083,462.4593668090166,33.83134536884279
6a0a56ca,2,fdf27c4c,bd830d4e,2026-05-23 19:05:05.675105,268.8797254883113,39.44900282978775
6a0a56ca,3,35e4cb32,9b360271,2026-05-23 19:05:05.675127,434.2961932901923,33.410791254793665
ed377c08,1,f7a0c352,da9dd43e,2026-05-23 19:05:05.675155,426.925945105327,8.938442697720596
cce83a0f,1,810bbb39,67491841,2026-05-23 19:05:05.675183,473.64408830125984,23.03641797535772
6104081a,1,576b6874,15bfe12f,2026-05-23 19:05:05.675212,286.2215212477499,19.41486445332201
5266eb18,1,d58037ff,16597aea,2026-05-23 19:05:05.675240,110.86110755091875,35.465267574927275
cffdd447,1,d69a9a23,bf313c0e,2026-05-23 19:05:05.675268,313.7326380412294,37.2178390979407
0431b9e0,1,0b819c5a,2e90d858,2026-05-23 19:05:05.675296,423.2963148359881,22.13254676078203
afb7d0e6,1,8990aa61,ea1be9b6,2026-05-23 19:05:05.675324,389.29825015187873,8.769516546195808
afb7d0e6,2,732fef27,63b5cfb8,2026-05-23 19:05:05.675347,470.035348036859,8.49551312694208
80a018aa,1,a5c4c351,7ed1bfe7,2026-05-23 19:05:05.675375,451.73950877280123,19.96732372968941
625e27fa,1,0481a318,c739947b,2026-05-23 19:05:05.675403,167.39233818969856,20.336595948956788
625e27fa,2,2082d9d2,3a9e1e22,2026-05-23 19:05:05.675425,352.62193671013114,30.339607521405412
e50019b2,1,dee1e0c5,66e13682,2026-05-23 19:05:05.675453,259.35182960424765,9.166547871812572
dc320998,1,982d53cd,3a9e1e22,2026-05-23 19:05:05.675481,54.09158139968692,46.90705720464214
dc320998,2,2ebafd7d,97b111d7,2026-05-23 19:05:05.675504,339.72717238001445,20.587054428520627
dc320998,3,acf39392,5e6a3159,2026-05-23 19:05:05.675526,415.09506644313626,17.685403427491412
9ac69c1f,1,0b502c6a,63b5cfb8,2026-05-23 19:05:05.675554,64.14163741274828,16.038330444778726
8c44042f,1,d9027657,2e90d858,2026-05-23 19:05:05.675582,200.82524340869273,46.84830468572014
99c6e161,1,a45b8c85,249a652c,2026-05-23 19:05:05.675611,295.277686329603,19.48739165412161
a49146e8,1,af8f94ee,ce20adb3,2026-05-23 19:05:05.675639,279.90988570063513,40.16016244014975
da7dfcac,1,26e8d692,5e02fca9,2026-05-23 19:05:05.675667,241.77225384671738,46.44589351218961
389ce08e,1,7b66be87,2e90d858,2026-05-23 19:05:05.675695,308.0516336765232,10.60096076964968
c0f84b42,1,42220161,33e748b3,2026-05-23 19:05:05.675723,296.8607918574783,37.14755185123263
802d3f56,1,89cf41e1,9bfa8093,2026-05-23 19:05:05.675752,313.8245397959654,32.62718955621978
11ad0f0f,1,21337267,586281b8,2026-05-23 19:05:05.675780,414.8603591670985,41.56780161862351
5ac54666,1,fd9d1a8c,67491841,2026-05-23 19:05:05.675808,63.57088556880805,26.596238248456785
5922de0c,1,81898926,f3ab5934,2026-05-23 19:05:05.675836,95.68318979816063,25.39869999209775
5922de0c,2,eb1ad0e1,66e13682,2026-05-23 19:05:05.675858,395.8296064420127,11.202084354752062
bffce756,1,526da5b1,da9dd43e,2026-05-23 19:05:05.675886,448.380747033151,43.355169938647414
c133f530,1,8990aa61,15627973,2026-05-23 19:05:05.675914,322.16251081636426,8.394653327434659
edc97ebe,1,dc1f3972,9bfa8093,2026-05-23 19:05:05.675942,471.75653622515574,30.571258634994717
edc97ebe,2,0704e62f,1b864e2e,2026-05-23 19:05:05.675965,177.1647227033274,35.80022780496571
edc97ebe,3,453cd56b,3b2bdf38,2026-05-23 19:05:05.675987,42.65999191802404,20.943976289079203
3dfa7ae3,1,8d1a49eb,9644a854,2026-05-23 19:05:05.676015,475.0504821959322,34.773233615808145
2102a4d9,1,26e8d692,63b5cfb8,2026-05-23 19:05:05.676045,265.8929464278225,41.76955940788218
6d190806,1,aa3475ce,dc8f6fd7,2026-05-23 19:05:05.676073,427.26811924505637,48.3969525896832
6ac9e7a5,1,d4d390ec,c739947b,2026-05-23 19:05:05.676109,182.4929142332844,7.8421227744951985
a53d4898,1,fab635ac,b40b18bf,2026-05-23 19:05:05.676137,386.88071016965404,35.08928048458202
a53d4898,2,6a6d679d,9bfa8093,2026-05-23 19:05:05.676159,323.3803337860476,42.63440768938008
584028a8,1,2deb52f2,3d8cbaaa,2026-05-23 19:05:05.676188,242.04846106069618,22.87946587807625
584028a8,2,732fef27,b4998c55,2026-05-23 19:05:05.676210,260.660450981976,20.736549885623884
65e62092,1,dc1f3972,9ea3a409,2026-05-23 19:05:05.676238,143.17953332142798,45.06876151746015
1d1e4778,1,f55f8f48,33e748b3,2026-05-23 19:05:05.676266,98.54876167872521,29.211899002140456
94903928,1,9196364e,7ed1bfe7,2026-05-23 19:05:05.676294,338.8519315678748,9.427936651906656
8a60ca7f,1,da6e8a9b,5e6a3159,2026-05-23 19:05:05.676322,360.70581634201983,45.16453373154009
510ba59c,1,aea8df35,9644a854,2026-05-23 19:05:05.676350,266.55738499908233,37.05466095716386
cb84a60b,1,20d3e294,15627973,2026-05-23 19:05:05.676378,133.66038990998481,32.76324156143512
ffd91f68,1,b124337a,2b1a9a37,2026-05-23 19:05:05.676406,413.9576376286086,13.088774738928759
293a89c7,1,0f4d7fa4,f3ab5934,2026-05-23 19:05:05.676434,424.86240179615976,18.59005221710224
8847ce48,1,b124337a,894b8626,2026-05-23 19:05:05.676462,226.98798621974328,41.94873087374014
374d3806,1,2e74541a,0cd9ed1f,2026-05-23 19:05:05.676490,466.05967117418896,22.078049433016425
4d2df1b0,1,e0b90abb,a9b0059e,2026-05-23 19:05:05.676518,360.0386489361678,11.708141172665659
732a7967,1,71808bff,7ed1bfe7,2026-05-23 19:05:05.676546,249.32653983677102,5.202535346747706
7fb90c9a,1,200524a6,a9b0059e,2026-05-23 19:05:05.676574,80.63624239057918,18.845535458301416
7fb90c9a,2,fba64ffd,249a652c,2026-05-23 19:05:05.676596,403.70081512959297,22.51325233009079
ebc9f1f8,1,a5c4c351,9b360271,2026-05-23 19:05:05.676625,342.186091246404,41.63994143744466
46d51363,1,ebf07848,3d8cbaaa,2026-05-23 19:05:05.676653,285.46989329338527,10.444882215987796
d2c1f424,1,abb42609,894b8626,2026-05-23 19:05:05.676681,213.63708816242433,28.625232742809622
e5c7a231,1,5602319e,da9dd43e,2026-05-23 19:05:05.676711,44.54316438914995,16.373464596858227
5436c899,1,25e8e9d0,249a652c,2026-05-23 19:05:05.676739,443.79472655612227,43.03803416230926
3adffc84,1,457cb1c2,9644a854,2026-05-23 19:05:05.676767,473.8155650417603,6.41075830138978
3adffc84,2,e384dc23,9ea3a409,2026-05-23 19:05:05.676789,202.67058242527614,14.613469729415327
3adffc84,3,239148df,66e13682,2026-05-23 19:05:05.676812,390.43949213753353,26.100971833181614
2dae1dc2,1,d554f362,bf313c0e,2026-05-23 19:05:05.676840,345.7126576795638,10.315476718975763
2dae1dc2,2,6da265a9,894b8626,2026-05-23 19:05:05.676862,84.03192817364072,41.400558525213825
554a50af,1,e91e0df6,586281b8,2026-05-23 19:05:05.676890,204.690661128889,39.365870439040556
f1ca79c8,1,59c6855b,fb7e1c47,2026-05-23 19:05:05.676939,345.1949961885243,33.53314189939828
e811496e,1,a45b8c85,07a21a6e,2026-05-23 19:05:05.676967,96.58411752696531,40.29522602347545
2eb62c94,1,06c13985,249a652c,2026-05-23 19:05:05.676995,56.3802994955406,38.55788830460932
2eb62c94,2,46aec63d,08d65812,2026-05-23 19:05:05.677017,122.24171930058434,28.630654480092254
2eb62c94,3,b4378c90,95784c07,2026-05-23 19:05:05.677040,123.12753617432234,49.752660618305185
1bd8f29a,1,30aef8b8,08d65812,2026-05-23 19:05:05.677068,223.0404172632425,38.52631806387643
507dfdca,1,30592970,c739947b,2026-05-23 19:05:05.677100,76.99875300780512,16.5258869608338
507dfdca,2,f55f8f48,97b111d7,2026-05-23 19:05:05.677122,375.5341595817175,24.31699437937597
455ae6c7,1,3efb1588,7ed1bfe7,2026-05-23 19:05:05.677150,202.2362581015076,9.599623585669345
455ae6c7,2,ff4acc5e,249a652c,2026-05-23 19:05:05.677173,261.841057952182,29.776413539312593
455ae6c7,3,239148df,07a21a6e,2026-05-23 19:05:05.677195,146.90369632565134,5.11180098663086
bdc68f8e,1,2ff7eef7,4e650515,2026-05-23 19:05:05.677223,457.5784481144874,48.60664879291241
bdc68f8e,2,081be4d1,bf313c0e,2026-05-23 19:05:05.677245,189.85840261158376,43.31116553518136
563ff092,1,0d4f14be,1b864e2e,2026-05-23 19:05:05.677274,206.01630834987003,10.102365220994828
563ff092,2,aad26c74,c739947b,2026-05-23 19:05:05.677296,378.6225951370867,38.943621752153994
8112050b,1,4a16a9b2,3d8cbaaa,2026-05-23 19:05:05.677324,145.69504130287177,21.24020920134147
7a914916,1,5b037f38,9644a854,2026-05-23 19:05:05.677352,175.52363597252193,40.54653325218196
7a914916,2,1b0c3530,f3ab5934,2026-05-23 19:05:05.677374,475.99252013912724,19.946486194371104
7a914916,3,140ca47e,c739947b,2026-05-23 19:05:05.677397,411.2455287917973,5.414343177765929
b01932d7,1,cec4fb47,15bfe12f,2026-05-23 19:05:05.677425,250.21210375073727,25.8246979299626
1d70e18b,1,f8c6bac7,586281b8,2026-05-23 19:05:05.677453,107.45173867193701,9.863003288753244
1d70e18b,2,19c33d19,b4998c55,2026-05-23 19:05:05.677475,460.5729549552728,21.582676322865435
26dfd63c,1,16cf8ae8,dc8f6fd7,2026-05-23 19:05:05.677503,69.14442136790166,31.65530165437615
5b6aeef5,1,e49271b4,9bfa8093,2026-05-23 19:05:05.677531,97.89570972093895,46.857019881020555
cc2ac483,1,275bb310,4e650515,2026-05-23 19:05:05.677559,493.4545203186614,41.16170159813168
12f28846,1,b1cc08e0,1b864e2e,2026-05-23 19:05:05.677587,491.6021712912549,36.56361984068573
967057cf,1,0bb0bcbd,99c13bee,2026-05-23 19:05:05.677615,305.65414830687985,32.03757485387113
ada43647,1,46c15051,fb7e1c47,2026-05-23 19:05:05.677644,118.12341951891396,27.04796705279116
ed8a5697,1,03715a61,9ea3a409,2026-05-23 19:05:05.677672,314.6609695980943,7.901830163201012
16af272e,1,fab635ac,67491841,2026-05-23 19:05:05.677700,161.5543432159649,14.166571608386171
6b613fde,1,d9027657,9ea3a409,2026-05-23 19:05:05.677728,111.04741565347011,23.50638715781193
6b613fde,2,f035dd6e,62cdfa79,2026-05-23 19:05:05.677750,358.9241630675507,9.131311323341485
511bc69e,1,46ec6a2f,95784c07,2026-05-23 19:05:05.677779,348.0048978415027,33.42420780812447
3fe95d08,1,861b3ce2,0cd9ed1f,2026-05-23 19:05:05.677809,333.200432690114,25.06194193875471
4a51c2d6,1,70199d84,66e13682,2026-05-23 19:05:05.677837,49.67831329482024,22.474062521413792
35993bcc,1,0704e62f,08d65812,2026-05-23 19:05:05.677865,30.41797853407788,13.518908303713696
78d49890,1,f092aab0,894b8626,2026-05-23 19:05:05.677893,158.4186609989712,49.40908959785732
78d49890,2,543b3a32,15627973,2026-05-23 19:05:05.677916,52.57764945429553,23.504540065826195
c16c9519,1,d400d501,15627973,2026-05-23 19:05:05.677944,128.51752410993433,6.618814236472175
b233eb7d,1,49052402,b40b18bf,2026-05-23 19:05:05.677972,123.37033927840183,32.59296817446601
7851a5c7,1,daca70db,9ea3a409,2026-05-23 19:05:05.678000,158.72636390537346,8.447959737135324
9c205d4c,1,646e5c19,ce20adb3,2026-05-23 19:05:05.678028,215.6893599351587,46.745455500343965
4466a2fb,1,e0639b9b,9644a854,2026-05-23 19:05:05.678056,153.23897019669852,6.478019723704895
0538eb2d,1,543b3a32,b4998c55,2026-05-23 19:05:05.678084,182.58074038791602,5.867238723745306
0538eb2d,2,ab313603,b4998c55,2026-05-23 19:05:05.678106,214.92392077591194,26.75671665942034
0538eb2d,3,03706ade,99c13bee,2026-05-23 19:05:05.678128,85.6031064123516,18.61094941234011
5c59286b,1,b95f3fdf,07a21a6e,2026-05-23 19:05:05.678156,277.5825062442673,24.597000299235145
d7207680,1,96de232f,fb7e1c47,2026-05-23 19:05:05.678200,155.70928407233933,25.00175680089873
ed9aa040,1,b85caafc,bd830d4e,2026-05-23 19:05:05.678228,75.52207575391506,40.208375076161076
2dbd8352,1,c9610a20,30eaa364,2026-05-23 19:05:05.678256,481.47436452397244,35.86752438042836
e62d08a3,1,ffa23f58,9644a854,2026-05-23 19:05:05.678284,105.11884979699377,27.520504406694794
d8486658,1,d9027657,fb7e1c47,2026-05-23 19:05:05.678313,451.40991814391566,45.535917846532826
6436890a,1,f66f78b7,110c0782,2026-05-23 19:05:05.678358,297.24267203508674,24.320943007292954
99407ce3,1,63728634,aa58e7b1,2026-05-23 19:05:05.678386,49.87486741954864,42.55937350251223
7de449e4,1,6096faed,16597aea,2026-05-23 19:05:05.678414,202.91097852242808,30.677095102537134
847c7a79,1,f2d5a45e,a9b0059e,2026-05-23 19:05:05.678444,166.90838991387275,29.921198556359016
d42cae94,1,819f6726,bd830d4e,2026-05-23 19:05:05.678472,408.2785426397355,22.868773636108674
9a0be8d0,1,8da5e0b6,3b78784c,2026-05-23 19:05:05.678501,382.5187134794367,43.034530387029896
b24236ed,1,8990aa61,15bfe12f,2026-05-23 19:05:05.678529,341.92784107397097,25.072647425125673
b24236ed,2,16cf8ae8,30eaa364,2026-05-23 19:05:05.678551,250.89615608819403,13.53773549960193
b24236ed,3,23e40a8f,07a21a6e,2026-05-23 19:05:05.678573,361.6138638834508,43.438221379225894
af8a2651,1,d4d390ec,66e13682,2026-05-23 19:05:05.678602,317.5908141992126,31.486676680112943
f18f7234,1,a2eb2053,bf313c0e,2026-05-23 19:05:05.678630,408.33502747501336,41.10367275687177
649f47c0,1,b3824fcb,62cdfa79,2026-05-23 19:05:05.678658,360.04481460092154,5.370275774613281
6d59c561,1,337e4c9d,249a652c,2026-05-23 19:05:05.678686,275.55532914121744,28.67098156126093
eaac7c17,1,d4d390ec,f3ab5934,2026-05-23 19:05:05.678714,137.48103148806388,9.69001119680659
8ac4b0fe,1,a6aaaf27,9ea3a409,2026-05-23 19:05:05.678742,153.737670837253,19.089321507261428
6c4b6951,1,da6e8a9b,33e748b3,2026-05-23 19:05:05.678770,364.5956318522644,10.080987668200132
a5864976,1,e237c3e6,ea1be9b6,2026-05-23 19:05:05.678811,196.85768274905655,20.55885021548177
68cf83fd,1,2ebafd7d,249a652c,2026-05-23 19:05:05.678840,442.4656647009362,30.73612820592915
68cf83fd,2,33eccda0,15bfe12f,2026-05-23 19:05:05.678862,413.1026949523411,23.703549212856593
65deb24f,1,e3f461e3,894b8626,2026-05-23 19:05:05.678890,284.6394492564087,16.84170875994209
b5d4a53e,1,eb354476,0cd9ed1f,2026-05-23 19:05:05.678918,480.5391054680002,23.626513198136905
d4d1edc3,1,ffa0fe42,586281b8,2026-05-23 19:05:05.678946,30.133820251083225,24.143822481575196
047e87b7,1,f0766c58,66e13682,2026-05-23 19:05:05.678974,482.86834701636235,23.153378656548956
424869b4,1,23a926d8,63b5cfb8,2026-05-23 19:05:05.679002,413.8573602903468,25.312785019716088
424869b4,2,6bbc7021,9644a854,2026-05-23 19:05:05.679024,327.21395097225394,12.017615177235228
ee238abf,1,c5ed13b4,45460435,2026-05-23 19:05:05.679052,349.6643985021688,9.78308019529394
7f711893,1,a8759dc8,a9b0059e,2026-05-23 19:05:05.679080,311.6277835723972,14.517534416650971
7fcd0d52,1,83cfeab2,15627973,2026-05-23 19:05:05.679108,487.5082550176148,19.04172580993526
d78c1db7,1,0d5d2bc4,2e90d858,2026-05-23 19:05:05.679136,196.89376014738292,40.65506135671837
aef720c7,1,7ed1283e,b40b18bf,2026-05-23 19:05:05.679164,321.79531791634736,33.30145333157669
ebd30f70,1,efe58b44,16597aea,2026-05-23 19:05:05.679204,325.4337948271513,19.131174936622344
c7990b5a,1,1ebfd578,3b78784c,2026-05-23 19:05:05.679232,57.135878768735196,9.987658956158835
9a528722,1,35c5b2f8,894b8626,2026-05-23 19:05:05.679260,287.7388168949159,32.280972027929685
c311199f,1,c1997843,99c13bee,2026-05-23 19:05:05.679288,468.2718547394588,17.139259997565322
38d116fc,1,cdc4c018,5e02fca9,2026-05-23 19:05:05.679316,32.682740045108446,44.74934931702544
1a00f4cf,1,e56f8c87,110c0782,2026-05-23 19:05:05.679344,43.082209419932354,8.265148265322336
9b3ea95d,1,6a6d679d,08d65812,2026-05-23 19:05:05.679372,167.3485111729258,16.61965747044317
e9beb19a,1,fab635ac,fb7e1c47,2026-05-23 19:05:05.679400,110.70198175606784,41.14885987682949
ed7318cf,1,6502b540,4e650515,2026-05-23 19:05:05.679428,131.13435548001422,32.56452147976117
bcd3faf3,1,750350d8,5e6a3159,2026-05-23 19:05:05.679456,245.77670378047904,30.482505707749812
57fb59cf,1,63728634,a9b0059e,2026-05-23 19:05:05.679484,323.0203839297018,16.495727690375833
e814013d,1,7498b701,ea1be9b6,2026-05-23 19:05:05.679512,130.22413067885105,40.79407147518666
249ecd97,1,ea4a85f7,fb7e1c47,2026-05-23 19:05:05.679543,460.4232245546065,44.72072678040613
249ecd97,2,b064749a,5e6a3159,2026-05-23 19:05:05.679565,425.3938429739656,35.88148559379259
8ee3a9f4,1,0d4f14be,110c0782,2026-05-23 19:05:05.679593,479.5870498348496,30.680646494564172
8ee3a9f4,2,acf39392,07a21a6e,2026-05-23 19:05:05.679615,346.6498304983926,8.110145715481126
39cbae2a,1,70199d84,f3ab5934,2026-05-23 19:05:05.679647,101.10264809422917,23.018319249653207
7cb687e1,1,96967213,110c0782,2026-05-23 19:05:05.679675,332.3007627584945,27.38732346470776
6f81e59a,1,f1803c5b,586281b8,2026-05-23 19:05:05.679703,237.8764317097752,5.629942473361123
3f6d9f05,1,15854b16,08d65812,2026-05-23 19:05:05.679731,70.9044466373414,9.751067781938007
8e75654f,1,c451f5e2,da9dd43e,2026-05-23 19:05:05.679759,326.25098066238604,40.17898761119761
3667f847,1,a5f865e2,9644a854,2026-05-23 19:05:05.679787,337.27457366950983,7.550941952916001
3808b229,1,d9bed1eb,07a21a6e,2026-05-23 19:05:05.679815,485.9854344408999,25.19324681560476
ef342758,1,8da5e0b6,08d65812,2026-05-23 19:05:05.679843,153.99628546853558,41.03610814753562
ef342758,2,0db194da,30eaa364,2026-05-23 19:05:05.679865,218.86428675812732,8.46955253904688
ef342758,3,f4b984b2,bd830d4e,2026-05-23 19:05:05.679887,211.802697602596,22.774301388361316
d5381dab,1,71808bff,5e6a3159,2026-05-23 19:05:05.679915,260.064686961566,9.907693803959527
55cacaaa,1,84f6f25e,95784c07,2026-05-23 19:05:05.679943,76.08150236034979,30.253825414066906
b01fcb0a,1,f4b984b2,3b2bdf38,2026-05-23 19:05:05.679971,221.07684901486567,32.64935733825935
3b951aba,1,aa3475ce,99c13bee,2026-05-23 19:05:05.679999,265.70648001229534,10.442299361775444
3b951aba,2,2deb52f2,b40b18bf,2026-05-23 19:05:05.680021,200.39423543671927,24.268508275808397
79a7ba03,1,a5f865e2,5e02fca9,2026-05-23 19:05:05.680049,152.07819439311652,38.572201139313954
823d1da5,1,1cd11889,dc8f6fd7,2026-05-23 19:05:05.680077,477.67226618140074,38.510731313604
d99d95ba,1,ce118617,dc8f6fd7,2026-05-23 19:05:05.680105,105.4027619674107,48.29071896440572
ffc0c694,1,3726cc61,62cdfa79,2026-05-23 19:05:05.680133,176.49203980892378,32.586988561834225
9ec278fb,1,02eb7d58,45460435,2026-05-23 19:05:05.680169,302.00780289494946,21.81031318345208
9ec278fb,2,9b028803,33e748b3,2026-05-23 19:05:05.680192,225.6998901835367,46.60876881547239
d1a4c354,1,1b0c3530,67491841,2026-05-23 19:05:05.680220,318.02397712629426,30.134156382385747
a3d9b7d4,1,a45374ef,c739947b,2026-05-23 19:05:05.680249,425.30989416290834,33.11794449201665
a3d9b7d4,2,dd524de3,99c13bee,2026-05-23 19:05:05.680271,456.08844555484853,13.028060151130058
622271a7,1,f4b984b2,a9b0059e,2026-05-23 19:05:05.680298,290.5563490085401,16.09105177033363
f815dab6,1,6d25ee58,62cdfa79,2026-05-23 19:05:05.680326,394.7653756694532,44.28506319337662
0d57556b,1,84329c95,b40b18bf,2026-05-23 19:05:05.680360,226.63349941189762,37.27485927902644
70d1082f,1,db7ee15f,5e6a3159,2026-05-23 19:05:05.680388,362.8031059450773,40.00455100892033
a88f1200,1,55e6c6a5,30eaa364,2026-05-23 19:05:05.680416,158.49634269839012,46.40700129677578
f532c6df,1,d53cabe3,63b5cfb8,2026-05-23 19:05:05.680444,497.51005086774677,40.254993962809436
6efed22b,1,0b819c5a,ea1be9b6,2026-05-23 19:05:05.680472,81.91145872822061,42.039516873309815
97de34bd,1,428e3978,99c13bee,2026-05-23 19:05:05.680500,114.30151401173052,24.705796365081824
a613aac8,1,1e9afbc6,3a9e1e22,2026-05-23 19:05:05.680528,310.0676457018137,46.93129149213752
6c3cb89d,1,92028873,1b864e2e,2026-05-23 19:05:05.680556,206.9240371993603,49.2644534361572
2df4af09,1,1c88cf70,110c0782,2026-05-23 19:05:05.680584,147.49513020594512,30.123571307757484
12d9a54c,1,b95f3fdf,3b2bdf38,2026-05-23 19:05:05.680612,311.4903619053483,30.17557431399104
09c479c5,1,df410c8f,15627973,2026-05-23 19:05:05.680640,106.01828472385608,38.114056379353464
5dad235a,1,982d53cd,7ed1bfe7,2026-05-23 19:05:05.680668,105.30107880135957,34.5434350366909
ebeb31a2,1,c9faca17,dc8f6fd7,2026-05-23 19:05:05.680696,447.738030017398,25.76623801526398
6f331916,1,f035dd6e,9b360271,2026-05-23 19:05:05.680724,252.76803521614002,34.45648485912443
36eb957f,1,73bdc762,9644a854,2026-05-23 19:05:05.680752,189.6088473206586,40.940576012092194
a0b3b209,1,8892d1d2,0cd9ed1f,2026-05-23 19:05:05.680780,281.6470539491299,16.87281623365123
b7648d21,1,675b3cbf,16597aea,2026-05-23 19:05:05.680808,491.82196451599697,6.938275361705054
b7648d21,2,03b8d8ba,3b2bdf38,2026-05-23 19:05:05.680831,249.0058780983421,43.78997691479465
f3740f02,1,a2eb2053,7ed1bfe7,2026-05-23 19:05:05.680859,82.6717118977325,36.469727817568064
e3ee9c90,1,0db194da,9644a854,2026-05-23 19:05:05.680887,214.45030111380726,34.118075371434934
9baa4238,1,a1ff7480,ce20adb3,2026-05-23 19:05:05.680915,70.21540466214809,22.399189924447473
a0ec769f,1,b7ab2de3,5e6a3159,2026-05-23 19:05:05.680943,224.2795530285653,19.73098260472981
2237ea99,1,b80eb1a1,67491841,2026-05-23 19:05:05.680971,460.27967399318493,41.4427433504614
7f7b775e,1,46aec63d,2b1a9a37,2026-05-23 19:05:05.680999,267.2328885111508,13.107205985928427
42df0be1,1,45326e3f,180aa0cd,2026-05-23 19:05:05.681027,322.8886541775848,23.290783665662396
a9a907d5,1,1ca8e41b,b40b18bf,2026-05-23 19:05:05.681055,55.15629428857116,9.0495334363922
a9a907d5,2,0b819c5a,0cd9ed1f,2026-05-23 19:05:05.681088,24.018159911654795,9.247411120129595
a9a907d5,3,67ae5ce4,4e650515,2026-05-23 19:05:05.681111,400.3672794457072,35.27190410452562
a85ea0b4,1,d6f5e7f4,07a21a6e,2026-05-23 19:05:05.681146,129.23953753316573,5.928594121255976
a85ea0b4,2,4f66b683,110c0782,2026-05-23 19:05:05.681168,360.7025710238783,13.20649034060026
549a7c5e,1,de6426fe,9ea3a409,2026-05-23 19:05:05.681196,335.47594886536325,26.12175768318498
0a9b58d7,1,e34a8487,9ea3a409,2026-05-23 19:05:05.681224,277.3485629163239,25.290032679269014
0a9b58d7,2,cae0b89b,ac8fa3d8,2026-05-23 19:05:05.681246,468.8581906589515,42.63328526164283
12de4bc5,1,d9bed1eb,30eaa364,2026-05-23 19:05:05.681277,458.95468976668514,22.36728431467256
49df6a41,1,0b9e4648,5e6a3159,2026-05-23 19:05:05.681305,386.3398211474912,12.922146294222662
f8a47869,1,a2c79ce6,63b5cfb8,2026-05-23 19:05:05.681333,241.21677033542665,32.174050006197795
ed87d1a3,1,b7e09b7b,15627973,2026-05-23 19:05:05.681361,397.2638228936324,36.628928849724346
bee6a13b,1,b2e5ceac,9ea3a409,2026-05-23 19:05:05.681389,247.63308656472617,30.972781280400245
5513f9db,1,f1803c5b,7ed1bfe7,2026-05-23 19:05:05.681417,78.11873293266756,11.743587267505745
05d20a4c,1,c92bce8f,95784c07,2026-05-23 19:05:05.681450,389.423281233556,17.957440832144364
8e174f3e,1,d108b3e1,9ea3a409,2026-05-23 19:05:05.681478,239.20661890196322,22.025466066566764
bc181cbd,1,f0766c58,2e90d858,2026-05-23 19:05:05.681506,101.38810462725807,7.654019550053292
f498c296,1,d2c057d7,4e650515,2026-05-23 19:05:05.681534,426.17280161084847,41.80638939592021
f498c296,2,0b7e335b,45460435,2026-05-23 19:05:05.681556,256.0573637651235,45.85296973857786
5b9e7fb6,1,0477d12a,67491841,2026-05-23 19:05:05.681584,240.52475667382086,5.480158966684458
3936b805,1,b327f5b3,249a652c,2026-05-23 19:05:05.681612,448.5916604721339,34.447292786629696
7dd42de4,1,53cc4a10,15627973,2026-05-23 19:05:05.681640,44.272526382168245,36.29846351352755
959e2965,1,6dc89fae,16597aea,2026-05-23 19:05:05.681668,52.27069386717737,19.579102459195173
b450156f,1,dd524de3,a9b0059e,2026-05-23 19:05:05.681696,279.8041665560432,34.46881508925743
38354fe6,1,cae0b89b,97b111d7,2026-05-23 19:05:05.681724,73.17638174342684,39.28426881100643
a29d149e,1,6d25ee58,66e13682,2026-05-23 19:05:05.681752,147.51446846677635,43.60968857106233
33473128,1,73bdc762,2b1a9a37,2026-05-23 19:05:05.681781,300.6257205202306,23.38823935199744
3effd874,1,02eb7d58,a9b0059e,2026-05-23 19:05:05.681808,179.65423774470057,28.041446362991522
55c65bd6,1,4bbadaeb,b40b18bf,2026-05-23 19:05:05.681836,180.228915318772,20.27393476981783
6ab0995d,1,0b502c6a,9644a854,2026-05-23 19:05:05.681864,28.70712026865002,15.406558534186633
4bf341b4,1,d737a7ea,bd830d4e,2026-05-23 19:05:05.681892,402.7443873469766,38.724372467394595
75c97c85,1,ba991e10,a9b0059e,2026-05-23 19:05:05.681920,269.88085754619993,10.947474786868687
4c7834fe,1,526da5b1,aa58e7b1,2026-05-23 19:05:05.681948,105.03231958465763,11.71519166989234
b25400c9,1,c5ed13b4,586281b8,2026-05-23 19:05:05.681976,486.01426060988,8.55929713486264
b25400c9,2,301b2fb7,aa58e7b1,2026-05-23 19:05:05.681999,245.36152492879862,42.37160496548659
dfbb7231,1,e3f461e3,63b5cfb8,2026-05-23 19:05:05.682027,204.55758769670462,22.08353565865658
7b3c3335,1,59c6855b,bf313c0e,2026-05-23 19:05:05.682054,400.5969443265107,48.90392508289926
53a15dbe,1,33003285,ac8fa3d8,2026-05-23 19:05:05.682082,75.44052117453529,21.086763066944197
94006b41,1,d4d390ec,f3ab5934,2026-05-23 19:05:05.682111,414.55861094169745,15.729146239040936
94006b41,2,0b7ac9e0,7ed1bfe7,2026-05-23 19:05:05.682133,306.3714938257147,42.046356083680635
4fe46b0c,1,1bff1a8c,b4998c55,2026-05-23 19:05:05.682164,29.253253204142187,40.776178735385244
791e4401,1,76a498f4,bd830d4e,2026-05-23 19:05:05.682192,185.25439613748068,22.453616300915986
a6a2a072,1,7ba033d5,9bfa8093,2026-05-23 19:05:05.682220,384.21266690662657,35.29554788728585
a6a2a072,2,79a42933,62cdfa79,2026-05-23 19:05:05.682243,400.0213754097805,48.68298076596728
ba79b176,1,6d25ee58,15627973,2026-05-23 19:05:05.682271,253.9182827596299,12.342153163604056
ba79b176,2,0b95b346,5e6a3159,2026-05-23 19:05:05.682293,131.09358481565317,20.311609981889454
ba79b176,3,f4b984b2,b4998c55,2026-05-23 19:05:05.682315,439.402139485641,24.71298753146427
2ad3e431,1,5a1c1530,249a652c,2026-05-23 19:05:05.682343,232.25736381553187,30.872514692793594
a3e41c26,1,cd6143ea,7ed1bfe7,2026-05-23 19:05:05.682371,344.83760110822914,23.88152202517887
1328c223,1,507392e6,3b2bdf38,2026-05-23 19:05:05.682399,184.13306568706128,38.12815474662934
1394beda,1,c8a5bb8c,3a9e1e22,2026-05-23 19:05:05.682427,373.05847815197495,44.97922040030162
279908b1,1,53cc4a10,67491841,2026-05-23 19:05:05.682459,300.26531625229177,42.90287754928835
f472a615,1,d45a0f2d,3b78784c,2026-05-23 19:05:05.682487,96.30859883402236,13.741487359813435
f4a728ab,1,84329c95,3b2bdf38,2026-05-23 19:05:05.682515,174.92170387996075,12.96402094326297
ade3bed0,1,dee1e0c5,45460435,2026-05-23 19:05:05.682542,412.21744380248225,31.515619689795102
ade3bed0,2,f0fa7368,3b78784c,2026-05-23 19:05:05.682565,129.13383598083396,12.012826670022065
788911d8,1,9a4b5684,97b111d7,2026-05-23 19:05:05.682593,347.0580199457555,10.766763286853323
a6c775a6,1,1bff1a8c,aa58e7b1,2026-05-23 19:05:05.682621,288.4697735597075,48.47828167477076
a6c775a6,2,e4ee2fad,110c0782,2026-05-23 19:05:05.682644,137.4091786552995,12.978354025006203
11071487,1,5552af64,9bfa8093,2026-05-23 19:05:05.682672,440.3795016679196,40.31444828363202
c8fff6ad,1,0481a318,b4998c55,2026-05-23 19:05:05.682700,43.995345436680026,14.158300482222598
f72bf19b,1,26c3d826,99c13bee,2026-05-23 19:05:05.682728,310.2190303810129,9.003606927370662
196fff0b,1,8990aa61,9ea3a409,2026-05-23 19:05:05.682756,282.2120878388744,21.083315841098123
3f9ecac6,1,1f6c563e,da9dd43e,2026-05-23 19:05:05.682795,270.8157698907513,16.498302326689863
31af639e,1,8f11fcf0,99c13bee,2026-05-23 19:05:05.682823,346.2571149920208,5.8616731036465755
6d3eb9cd,1,6a6d679d,c739947b,2026-05-23 19:05:05.682851,280.1133825297324,17.370026676511717
b7eeae2d,1,4b3a0747,aa58e7b1,2026-05-23 19:05:05.682879,332.85182554165596,48.10717474460461
d375aea6,1,02eb7d58,9bfa8093,2026-05-23 19:05:05.682907,138.84635051503503,39.287776707836656
f11f4e1b,1,0b7ac9e0,3b78784c,2026-05-23 19:05:05.682935,448.6569634122692,15.500761472851327
e3d8035f,1,b3824fcb,66e13682,2026-05-23 19:05:05.682963,368.53758884922183,42.97402783848253
dd2b8d41,1,ebe11d69,0cd9ed1f,2026-05-23 19:05:05.682991,325.30238059374255,45.752805271915236
76084022,1,f8eb5b7f,33e748b3,2026-05-23 19:05:05.683023,349.03146675790265,44.23387161933347
2cd00f86,1,2bc19be5,fb7e1c47,2026-05-23 19:05:05.683050,76.23514065893131,9.139731344683435
319f0271,1,0f022a88,ac8fa3d8,2026-05-23 19:05:05.683078,329.76557139539926,33.11792206164695
244fb914,1,b064749a,a9b0059e,2026-05-23 19:05:05.683106,384.77821774275696,12.820392584288584
54e1b26c,1,bcd1dd3b,894b8626,2026-05-23 19:05:05.683134,245.4647169589342,28.998786453837845
660dd245,1,453cd56b,9b360271,2026-05-23 19:05:05.683162,55.81949066783643,49.99806294659466
660dd245,2,9a4b5684,ce20adb3,2026-05-23 19:05:05.683185,445.5060065553236,11.474573713870832
660dd245,3,fd9d1a8c,3d8cbaaa,2026-05-23 19:05:05.683207,410.3953980742881,11.817001669577412
867b07ac,1,c8a5bb8c,b4998c55,2026-05-23 19:05:05.683241,124.05797486515509,48.89344586254673
87a4bdf9,1,c5ed13b4,99c13bee,2026-05-23 19:05:05.683269,406.42438567168284,22.367339921960355
0cd0e3ad,1,5b037f38,b40b18bf,2026-05-23 19:05:05.683297,333.0197535776281,8.0652979208818
89fa8790,1,65b6ef7a,3b78784c,2026-05-23 19:05:05.683324,496.562308068597,24.460106890040162
09096be0,1,db7ee15f,180aa0cd,2026-05-23 19:05:05.683352,264.5260874193824,23.537411985655922
09096be0,2,15854b16,2e90d858,2026-05-23 19:05:05.683375,318.14080199824434,20.020893966305863
d680b51b,1,ba4ae1ef,07a21a6e,2026-05-23 19:05:05.683403,236.5539764548426,19.02244118120978
a1593de4,1,a6aaaf27,249a652c,2026-05-23 19:05:05.683431,219.39054445214686,41.03881108509882
07c01356,1,b7f8c26d,b4998c55,2026-05-23 19:05:05.683459,115.38107140412522,30.299525941300942
cd6da15a,1,d69a9a23,ea1be9b6,2026-05-23 19:05:05.683487,373.1420528638558,15.729915277404292
cd6da15a,2,7498b701,aa58e7b1,2026-05-23 19:05:05.683509,159.06102071311895,40.129825025333496
6e8c3096,1,b1eadd47,1b864e2e,2026-05-23 19:05:05.683537,412.00984506994445,14.50374938845616
0e8d2280,1,dd5cf2a0,66e13682,2026-05-23 19:05:05.683566,141.7808605667384,21.349928426805054
4d087eac,1,2deb52f2,62cdfa79,2026-05-23 19:05:05.683594,365.41080781311825,26.468838282324743
4d087eac,2,a2c79ce6,249a652c,2026-05-23 19:05:05.683616,402.2816087644921,43.17459582987783
4d087eac,3,fab635ac,3a9e1e22,2026-05-23 19:05:05.683638,153.9092427831998,27.85419714338963
25e68489,1,140ca47e,2b1a9a37,2026-05-23 19:05:05.683666,75.07201315945694,40.9009228828958
b2541497,1,acf39392,2e90d858,2026-05-23 19:05:05.683694,347.1310061796873,7.237810986979324
51f9ca94,1,97385578,0cd9ed1f,2026-05-23 19:05:05.683723,180.64238198095845,10.877568037322456
51f9ca94,2,1da4bd30,180aa0cd,2026-05-23 19:05:05.683745,259.5539109438522,39.04114306291848
7f926172,1,0481a318,ea1be9b6,2026-05-23 19:05:05.683773,351.39055419814207,42.05992718197536
57282939,1,f0fa7368,0cd9ed1f,2026-05-23 19:05:05.683801,295.51630065469294,36.33100825291552
57282939,2,675b3cbf,62cdfa79,2026-05-23 19:05:05.683823,126.7524354550359,22.811650633245286
c84a466e,1,a5f865e2,249a652c,2026-05-23 19:05:05.683850,395.4094406838858,49.56245202595567
c84a466e,2,c3e52a1d,66e13682,2026-05-23 19:05:05.683873,244.5511088224637,25.10253555518234
0da70bd7,1,b2e5ceac,5e6a3159,2026-05-23 19:05:05.683901,256.0077225340469,27.118930689111135
2ac1d8e3,1,982d53cd,da9dd43e,2026-05-23 19:05:05.683956,54.09050093362167,28.84912333743577
2bf51231,1,b521971e,2e90d858,2026-05-23 19:05:05.683984,249.45465100324722,34.010310351948235
98ac82ee,1,30fb7ca7,894b8626,2026-05-23 19:05:05.684012,467.4644307013001,34.263485273801386
e40ddf69,1,cabc28d5,c739947b,2026-05-23 19:05:05.684040,443.63725237231506,11.457053990517377
48889eb8,1,9b481bfa,07a21a6e,2026-05-23 19:05:05.684068,112.54828298537322,15.506381322006304
55269679,1,c92bce8f,9644a854,2026-05-23 19:05:05.684096,473.39853798534597,9.46694818236965
49cf6d40,1,d414418d,2e90d858,2026-05-23 19:05:05.684124,380.4672596308013,44.04755951593148
720d5657,1,06c13985,33e748b3,2026-05-23 19:05:05.684152,52.71497242172147,38.90292676250341
0811f3ab,1,b7e09b7b,16597aea,2026-05-23 19:05:05.684180,118.39110790001597,24.533164904186613
5bd85b52,1,af286d24,2b1a9a37,2026-05-23 19:05:05.684208,397.1721190747212,39.34985302258438
5bd85b52,2,0840b2f6,7ed1bfe7,2026-05-23 19:05:05.684230,476.68642177824296,42.42360770366773
fc9166e9,1,6a6d679d,ac8fa3d8,2026-05-23 19:05:05.684258,499.09158745790637,44.195021011817445
147268a7,1,96967213,5e6a3159,2026-05-23 19:05:05.684287,450.9831990020591,19.748867242754784
07787eb5,1,23e40a8f,30eaa364,2026-05-23 19:05:05.684315,222.16492588579047,12.239244174006876
07787eb5,2,cf112ebc,aa58e7b1,2026-05-23 19:05:05.684337,277.56593613306336,32.12489839518624
07787eb5,3,4555ffbd,9ea3a409,2026-05-23 19:05:05.684359,91.68892167092864,11.099052906545433
6fb7eff6,1,272863cf,9b360271,2026-05-23 19:05:05.684387,254.91807881215027,25.772420975702758
6830b2bb,1,aea8df35,9bfa8093,2026-05-23 19:05:05.684416,182.37134273626114,21.473734463578396
3e1cc94b,1,b1eadd47,aa58e7b1,2026-05-23 19:05:05.684447,334.5345801095798,39.107759920771656
b8b0576e,1,ba4ae1ef,ac8fa3d8,2026-05-23 19:05:05.684475,133.15695975203286,15.60448217589664
b8b0576e,2,4d2c57f6,3a9e1e22,2026-05-23 19:05:05.684497,399.26411331928296,40.20108936399072
be0d6bd2,1,efe58b44,67491841,2026-05-23 19:05:05.684525,426.75696435538185,11.429810513605673
cf56178c,1,df410c8f,9bfa8093,2026-05-23 19:05:05.684553,231.1167018298276,11.38852414258842
a7eceab8,1,84f6f25e,110c0782,2026-05-23 19:05:05.684581,139.99195103251307,34.88543229953018
a7eceab8,2,30592970,a9b0059e,2026-05-23 19:05:05.684616,249.9180218454029,34.22674340215283
223d9ce4,1,b3824fcb,4e650515,2026-05-23 19:05:05.684644,32.857898508974905,9.541790446524077
349c4f85,1,97575e05,ac8fa3d8,2026-05-23 19:05:05.684672,255.4740817863638,30.94073534331597
349c4f85,2,ef4d75a2,586281b8,2026-05-23 19:05:05.684695,429.64848988903316,43.78783459344577
bdae3893,1,a4cc70ff,586281b8,2026-05-23 19:05:05.684722,53.269088544411716,26.913401358681536
9ff70393,1,91fb2ced,586281b8,2026-05-23 19:05:05.684751,316.2612119801267,8.42809518330953
435b218f,1,f035dd6e,1b864e2e,2026-05-23 19:05:05.684782,488.0228252387387,6.765741047414954
c2f4780c,1,6096faed,fb7e1c47,2026-05-23 19:05:05.684810,415.2239423535443,32.369158593371054
19aa82cd,1,c14c2565,180aa0cd,2026-05-23 19:05:05.684838,246.5626362883699,41.958564616388344
19aa82cd,2,b1e2187e,a9b0059e,2026-05-23 19:05:05.684860,428.74409019470596,9.754738166318605
19aa82cd,3,f092aab0,08d65812,2026-05-23 19:05:05.684882,427.66605565000793,15.998880252915361
9bf27b07,1,78db85d2,a9b0059e,2026-05-23 19:05:05.684910,64.92852253719347,32.41799189250274
ec3eb823,1,76a498f4,9ea3a409,2026-05-23 19:05:05.684938,244.13444320799508,19.87342246753334
6ca6a65b,1,e8915011,4e650515,2026-05-23 19:05:05.684966,314.92309818041537,18.186518585590363
6ca6a65b,2,fab635ac,5e6a3159,2026-05-23 19:05:05.684989,357.0828930102125,8.118884891988577
1eb59cf8,1,a30767f9,08d65812,2026-05-23 19:05:05.685017,214.89370027856853,33.11006050919597
4e1caff1,1,d5d9aebe,07a21a6e,2026-05-23 19:05:05.685045,68.22343516987613,43.768636452624065
d2d9d533,1,d6f5e7f4,3d8cbaaa,2026-05-23 19:05:05.685073,194.60953962903125,33.10388292984389
495173bb,1,b327f5b3,dc8f6fd7,2026-05-23 19:05:05.685101,147.5327174750262,45.87522445816366
495173bb,2,ea1f8042,9b360271,2026-05-23 19:05:05.685123,359.06044438285977,11.30054252690761
85b9d7ef,1,de6426fe,c739947b,2026-05-23 19:05:05.685151,364.3160670870402,19.57122294740504
9c0b5639,1,47ec1d2b,ea1be9b6,2026-05-23 19:05:05.685184,321.3675285124211,20.19054329514381
f9de507c,1,ffa1f70e,9644a854,2026-05-23 19:05:05.685212,105.8535973868243,43.340400210750964
d54a69bb,1,33245b0c,586281b8,2026-05-23 19:05:05.685240,81.5998721995754,35.91993624801107
e907e9ce,1,c5ed13b4,bd830d4e,2026-05-23 19:05:05.685268,165.8228944669241,10.274519773865581
5538549b,1,b70e06f1,4e650515,2026-05-23 19:05:05.685296,391.4386005683987,15.70423880013801
40ab9fdc,1,07d31f08,249a652c,2026-05-23 19:05:05.685325,407.6412891986595,32.16604115043919
40ab9fdc,2,d4d390ec,9bfa8093,2026-05-23 19:05:05.685347,53.246879822619405,15.99400079328951
40ab9fdc,3,ebf07848,33e748b3,2026-05-23 19:05:05.685369,488.6682678747805,44.11681952205942
3ceeea7d,1,8cb7dee8,33e748b3,2026-05-23 19:05:05.685397,45.246658216105274,33.46552934074895
9d973c83,1,089642f6,95784c07,2026-05-23 19:05:05.685425,271.0962551316681,40.79982082767873
e9eef99d,1,e3f461e3,5e6a3159,2026-05-23 19:05:05.685453,68.77402620740665,39.278851971620774
0337fe4c,1,301b2fb7,f3ab5934,2026-05-23 19:05:05.685481,440.04284837600335,29.005772086453423
b04573f9,1,70199d84,bf313c0e,2026-05-23 19:05:05.685509,372.4648798896179,39.03484903522765
034b0eb6,1,30592970,7ed1bfe7,2026-05-23 19:05:05.685537,327.91859921847464,6.826082625734127
02af44c4,1,8f86fffc,a9b0059e,2026-05-23 19:05:05.685565,110.45671625862798,11.985823799354964
8865b123,1,f0578d49,97b111d7,2026-05-23 19:05:05.685593,46.931818414489896,21.470513965881306
ef6ce3a2,1,f7eab29f,3d8cbaaa,2026-05-23 19:05:05.685621,359.4486355911365,41.280008538289145
6973de41,1,d9bed1eb,08d65812,2026-05-23 19:05:05.685649,215.41314342650455,33.63614150489907
3942d911,1,e0639b9b,9b360271,2026-05-23 19:05:05.685677,425.54044546729136,17.904763883844467
a858ab49,1,21337267,ce20adb3,2026-05-23 19:05:05.685705,249.66589801864035,24.24146331412949
dcd7b846,1,6fea26cd,ce20adb3,2026-05-23 19:05:05.685737,111.36441971649589,5.023752965862457
bd0c4221,1,b2673a73,f3ab5934,2026-05-23 19:05:05.685764,124.96756583309906,5.107554076797739
bd0c4221,2,ea1f8042,b4998c55,2026-05-23 19:05:05.685787,218.03513567123386,39.92029796039264
93f104e4,1,91fb2ced,586281b8,2026-05-23 19:05:05.685814,66.00234995132138,21.46361388136466
6fe4f507,1,1792827c,15bfe12f,2026-05-23 19:05:05.685842,207.57892352332382,16.68664670299389
6fe4f507,2,7f779927,9ea3a409,2026-05-23 19:05:05.685864,296.10906673636924,24.384179354989683
3a5d9b14,1,aad67ea5,f3ab5934,2026-05-23 19:05:05.685892,327.3684858915821,44.633898459945875
d646fa54,1,ac9c63b6,249a652c,2026-05-23 19:05:05.685927,303.7820112718812,26.47839343388032
dba63ec0,1,662fc2a5,110c0782,2026-05-23 19:05:05.685954,85.80917472990029,30.011180413372024
734125c1,1,ffa5a956,110c0782,2026-05-23 19:05:05.685982,226.62863177329078,38.55606319016768
856851aa,1,a1ff7480,07a21a6e,2026-05-23 19:05:05.686010,60.10285776903281,5.862854356420302
86bee48b,1,cd6143ea,99c13bee,2026-05-23 19:05:05.686041,254.014022465073,38.23933517647655
79e2de07,1,ed8c7d6f,bd830d4e,2026-05-23 19:05:05.686082,484.39955874793014,37.77729954590615
4cfc7789,1,2c976d13,110c0782,2026-05-23 19:05:05.686142,306.94537443927646,46.59332435774839
4cfc7789,2,ffa0fe42,15627973,2026-05-23 19:05:05.686171,154.22786193399278,22.317753217034383
0e775084,1,fe6d693f,7ed1bfe7,2026-05-23 19:05:05.686215,249.7543939086276,12.048296843723357
38075849,1,af8f94ee,586281b8,2026-05-23 19:05:05.686254,287.86427619191267,40.27593954137417
f8efd8a4,1,b404910a,08d65812,2026-05-23 19:05:05.686288,265.05392943242765,41.57005309796266
573d8458,1,081be4d1,62cdfa79,2026-05-23 19:05:05.686325,58.205568161043395,46.24683554188246
894bc0ba,1,1792827c,9b360271,2026-05-23 19:05:05.686360,67.70759587873346,25.12361008421055
1f5df65e,1,34384d23,2e90d858,2026-05-23 19:05:05.686389,281.6160757581438,25.674738820208834
82069409,1,32992893,2b1a9a37,2026-05-23 19:05:05.686418,34.14924972281714,27.127713362197106
7bd563b9,1,9c04b1ec,4e650515,2026-05-23 19:05:05.686446,218.45538289396578,12.000209020320932
fdee1729,1,c5ed13b4,ac8fa3d8,2026-05-23 19:05:05.686478,319.8007541865406,36.26949678736501
cc0e08d0,1,982d53cd,c739947b,2026-05-23 19:05:05.686506,281.0517006492127,39.18228553705748
55c04fe2,1,26e11775,08d65812,2026-05-23 19:05:05.686535,417.57842841175983,10.609103701261628
55c04fe2,2,b15e075c,249a652c,2026-05-23 19:05:05.686557,453.55331777300967,47.47706909290462
51f090e2,1,58e40345,45460435,2026-05-23 19:05:05.686586,46.467767204021385,48.02155531799427
232fd353,1,9fc805ba,66e13682,2026-05-23 19:05:05.686614,266.3789725958374,39.65885942221903
da5cd83b,1,4c492c77,b4998c55,2026-05-23 19:05:05.686642,348.7044794180089,29.010333507101016
7c260810,1,542cbb30,249a652c,2026-05-23 19:05:05.686671,439.66645524867954,10.430896217332759
71fbcae1,1,e2d8fb6a,ac8fa3d8,2026-05-23 19:05:05.686699,403.2320436128468,11.092669491808353
3a8528d8,1,819f6726,586281b8,2026-05-23 19:05:05.686727,356.574327957306,32.95515580261249
bdbc7aea,1,b1e2187e,97b111d7,2026-05-23 19:05:05.686755,187.35563288585988,13.310943562018133
62480cdd,1,af8f94ee,08d65812,2026-05-23 19:05:05.686783,346.2668536941504,29.730209096579987
1a394531,1,e8915011,99c13bee,2026-05-23 19:05:05.686812,258.0338762865419,19.83717169673295
c710adec,1,97575e05,b4998c55,2026-05-23 19:05:05.686840,370.79625114531785,11.804335483186756
57098b5d,1,58808e79,bd830d4e,2026-05-23 19:05:05.686868,127.1276273853117,34.145023851267595
d55b9938,1,fe6d693f,586281b8,2026-05-23 19:05:05.686896,433.5524876764122,39.20117879937619
04a9a7b0,1,0d4f14be,b4998c55,2026-05-23 19:05:05.686925,194.81322579019422,23.55013110868666
bad5fbb2,1,0b819c5a,0cd9ed1f,2026-05-23 19:05:05.686953,338.40379383695733,14.395051851889624
7ffd0a48,1,07d31f08,95784c07,2026-05-23 19:05:05.686981,210.27608158372342,45.93963907145768
c38203a7,1,a4cc70ff,249a652c,2026-05-23 19:05:05.687009,467.0312607910506,39.85482018572232
eea33b51,1,3eb38518,62cdfa79,2026-05-23 19:05:05.687043,259.9972374982009,5.623600494629711
705146c0,1,d554f362,95784c07,2026-05-23 19:05:05.687071,354.29526137950063,30.007615936966694
9e0d0c89,1,c07bc85b,586281b8,2026-05-23 19:05:05.687099,388.31970429739977,32.55612877224593
92a2b6ba,1,03715a61,3b2bdf38,2026-05-23 19:05:05.687127,287.91727479547876,36.207016110145844
2eb5be63,1,cec4fb47,fb7e1c47,2026-05-23 19:05:05.687155,220.60987892025534,45.25108147435655
37ed7857,1,f1803c5b,3a9e1e22,2026-05-23 19:05:05.687183,118.75408432881407,25.406143111803548
57b7694e,1,a40970e9,586281b8,2026-05-23 19:05:05.687211,100.2412581035187,31.942293596446213
d51cbffb,1,aad26c74,45460435,2026-05-23 19:05:05.687239,362.91367469293704,21.06955326314857
1d5bdb53,1,453cd56b,30eaa364,2026-05-23 19:05:05.687268,284.9351711645992,23.76069113178099
1c326cac,1,59c6855b,3b78784c,2026-05-23 19:05:05.687297,485.982660837001,12.730348420613272
1c326cac,2,63d73ef7,586281b8,2026-05-23 19:05:05.687319,101.80200836254411,48.75426767792
de838486,1,19c33d19,33e748b3,2026-05-23 19:05:05.687347,297.68474937522075,40.1562094470499
00065c0b,1,9fc805ba,ce20adb3,2026-05-23 19:05:05.687381,199.6697197681934,31.16645750939461
cadbb747,1,a5d3f66d,7ed1bfe7,2026-05-23 19:05:05.687409,342.2397323026806,29.277746700959888
0b293f04,1,865e88d7,15627973,2026-05-23 19:05:05.687436,42.81665235298895,18.0452239793214
0b293f04,2,d3487b0c,a9b0059e,2026-05-23 19:05:05.687459,46.52886706274092,28.563683122803653
6e237eaa,1,78db85d2,ce20adb3,2026-05-23 19:05:05.687487,425.7338668058035,6.0360507854736785
e06c98ba,1,3c62cc15,33e748b3,2026-05-23 19:05:05.687515,275.9051897506709,17.567074949239878
60a728b1,1,f0d91fa3,5e6a3159,2026-05-23 19:05:05.687543,284.92759011456627,38.88554882139383
08f335d9,1,8990aa61,7ed1bfe7,2026-05-23 19:05:05.687572,154.53421699923484,12.904975255753952
439d076d,1,c46d0109,ce20adb3,2026-05-23 19:05:05.687600,139.90380250039698,11.929144219415884
08330330,1,861b3ce2,3a9e1e22,2026-05-23 19:05:05.687636,390.60909196557543,5.787203938573779
81d9abad,1,b81d663e,9bfa8093,2026-05-23 19:05:05.687684,495.96355120587424,12.062150796301816
ee07330c,1,17b55e93,a9b0059e,2026-05-23 19:05:05.687713,122.28665333291818,41.31039149449233
3ff1f893,1,03715a61,45460435,2026-05-23 19:05:05.687741,40.52248905056841,47.693244867240665
32cfcfe7,1,542cbb30,45460435,2026-05-23 19:05:05.687769,484.11676663157465,34.5826037717388
24a164ff,1,301b2fb7,3b2bdf38,2026-05-23 19:05:05.687797,43.3108408742315,42.7525170733093
57c55633,1,6b99e29d,249a652c,2026-05-23 19:05:05.687825,189.6594368917162,44.843446257103984
e35069de,1,9196364e,a9b0059e,2026-05-23 19:05:05.687859,254.2092343595534,41.83347711327128
bad27449,1,cae0b89b,9ea3a409,2026-05-23 19:05:05.687887,85.14520258089973,5.678263080526898
7c8cd364,1,21061182,2b1a9a37,2026-05-23 19:05:05.687915,478.20048023384754,33.01009068078236
909e7dc5,1,a5c4c351,67491841,2026-05-23 19:05:05.687943,459.23795398394003,10.065507458746731
909e7dc5,2,fe6d693f,aa58e7b1,2026-05-23 19:05:05.687966,257.34619255546124,34.38996522135314
909e7dc5,3,e3f461e3,586281b8,2026-05-23 19:05:05.687988,463.63486420818975,45.657329413737195
3207db32,1,d45a0f2d,fb7e1c47,2026-05-23 19:05:05.688016,259.10309845728403,39.44046900631626
ff508833,1,dee1e0c5,bf313c0e,2026-05-23 19:05:05.688044,273.37058772910734,37.669523888046754
3f6dbbae,1,d9bed1eb,3a9e1e22,2026-05-23 19:05:05.688072,96.61216231235066,14.656742295423298
e20d6dc3,1,3c62cc15,ac8fa3d8,2026-05-23 19:05:05.688100,493.0427911215444,7.079206894254194
e20d6dc3,2,d218870d,3b2bdf38,2026-05-23 19:05:05.688123,175.99383893424928,49.81842666729151
45d1a94e,1,0840b2f6,0cd9ed1f,2026-05-23 19:05:05.688151,148.28330224742527,38.73524984226711
45d1a94e,2,bcd1dd3b,1b864e2e,2026-05-23 19:05:05.688173,338.5745541703609,43.91190297776134
45d1a94e,3,dc1f3972,b4998c55,2026-05-23 19:05:05.688195,327.4536710703649,36.50769001268133
217f3b96,1,ce0b5c90,9644a854,2026-05-23 19:05:05.688223,359.2882105039352,23.616119519051416
be0bc69a,1,14e8ac65,586281b8,2026-05-23 19:05:05.688251,415.0087648333115,21.08873220479408
9d766b2f,1,55038fe2,249a652c,2026-05-23 19:05:05.688279,244.88111856494479,37.64311623437282
5c2bc2bb,1,ffe98fb2,95784c07,2026-05-23 19:05:05.688307,233.3077943941819,35.47360477582263
5c2bc2bb,2,b1e2187e,9b360271,2026-05-23 19:05:05.688337,34.4674485263851,11.862059723545535
5c2bc2bb,3,272863cf,9bfa8093,2026-05-23 19:05:05.688359,410.2666043897678,15.645718727860375
bfa9a623,1,f5040716,07a21a6e,2026-05-23 19:05:05.688387,92.14110828656324,5.360715134701078
401ae962,1,1c88cf70,97b111d7,2026-05-23 19:05:05.688415,136.69578582564708,15.217408730198743
64818f6e,1,b521971e,aa58e7b1,2026-05-23 19:05:05.688444,36.50745382002165,30.221407760010102
239b1541,1,f5153864,3b2bdf38,2026-05-23 19:05:05.688471,351.71656338877665,18.208122797646478
20294b36,1,a40970e9,99c13bee,2026-05-23 19:05:05.688499,187.47389118966683,18.422500574379956
f548412a,1,6502b540,aa58e7b1,2026-05-23 19:05:05.688527,278.36322615943436,16.469473253091213
9fa51e1c,1,ab12b3b8,bd830d4e,2026-05-23 19:05:05.688556,21.997851162799922,20.20224331254688
9fa51e1c,2,a45b8c85,3a9e1e22,2026-05-23 19:05:05.688578,428.1194078287557,44.893320723347756
9fa51e1c,3,a5f865e2,dc8f6fd7,2026-05-23 19:05:05.688600,423.0454565411434,36.65121421342064
0390ac75,1,7b3bc82e,3a9e1e22,2026-05-23 19:05:05.688628,147.7880121567487,16.67431118403734
1d369a86,1,b85caafc,1b864e2e,2026-05-23 19:05:05.688656,256.5399074926138,28.62612398415627
a9ecbc25,1,1efe4014,63b5cfb8,2026-05-23 19:05:05.688684,146.48717536576916,15.033644961928115
d67509ea,1,7cf68268,110c0782,2026-05-23 19:05:05.688713,319.5612777541695,26.19976065057511
1779968d,1,f55f8f48,15bfe12f,2026-05-23 19:05:05.688741,494.2662194831784,15.917207662380788
1779968d,2,0d5d2bc4,5e6a3159,2026-05-23 19:05:05.688763,199.3263290785752,46.33954748319697
5b2deaf6,1,6b99e29d,16597aea,2026-05-23 19:05:05.688797,307.8548327340757,31.502288233544796
5b2deaf6,2,1efe4014,f3ab5934,2026-05-23 19:05:05.688819,132.98320600910284,22.552226888104475
ec3d8950,1,eaf09bf2,66e13682,2026-05-23 19:05:05.688847,233.94725053925472,26.67643468039361
6d2e4285,1,dc1f3972,97b111d7,2026-05-23 19:05:05.688875,187.6101673617288,14.75047609962983
6d2e4285,2,a2eb2053,16597aea,2026-05-23 19:05:05.688897,158.0307019975387,48.92106649834837
5d24c382,1,b80eb1a1,586281b8,2026-05-23 19:05:05.688925,153.16311932749815,5.02371882708658
016bd00b,1,8cb7dee8,894b8626,2026-05-23 19:05:05.688954,112.61820831113042,7.233841472734342
572e60f0,1,ae0f5524,110c0782,2026-05-23 19:05:05.688982,447.8249005069876,39.67521048346274
572e60f0,2,2082d9d2,9b360271,2026-05-23 19:05:05.689005,102.55772181186754,17.54818809501219
27ec67cb,1,542cbb30,45460435,2026-05-23 19:05:05.689033,40.952774262936416,27.46800270101975
3cb39785,1,cabc28d5,3b2bdf38,2026-05-23 19:05:05.689061,218.00529537292857,9.513974610138078
e366d813,1,b1eadd47,97b111d7,2026-05-23 19:05:05.689090,426.1671444137513,35.34273421698765
1f407292,1,f035dd6e,fb7e1c47,2026-05-23 19:05:05.689118,357.14264955158995,33.94519720455601
92d84ade,1,7b3bc82e,249a652c,2026-05-23 19:05:05.689146,136.60330727688665,11.199752737124765
92d84ade,2,0481a318,3d8cbaaa,2026-05-23 19:05:05.689168,267.51399490335183,42.24624066550158
6bb9579e,1,f7a0c352,dc8f6fd7,2026-05-23 19:05:05.689197,165.98092871569355,47.256361017018726
8dec98d5,1,140ca47e,ce20adb3,2026-05-23 19:05:05.689225,121.93555149199392,24.37961353621466
b50b6243,1,173de56d,a9b0059e,2026-05-23 19:05:05.689262,156.30015852176072,47.82315472129654
caf05a35,1,798444b8,3b2bdf38,2026-05-23 19:05:05.689290,50.64925100707317,37.68760044734221
92320c8a,1,0e7cc150,62cdfa79,2026-05-23 19:05:05.689318,60.47734228301081,29.636339246083068
0ddb82f6,1,eb354476,33e748b3,2026-05-23 19:05:05.689346,303.9277667217673,17.827929875864047
4ff57138,1,6dc89fae,9b360271,2026-05-23 19:05:05.689374,368.8455697689857,45.599104542506716
ba335c96,1,ac9d25dc,3b2bdf38,2026-05-23 19:05:05.689403,282.03835562986313,15.121943891279969
ba335c96,2,3726cc61,33e748b3,2026-05-23 19:05:05.689426,417.7528612436216,27.924851600365127
ba335c96,3,dd86c49f,4e650515,2026-05-23 19:05:05.689448,86.62720831640974,30.668692154365043
fc624c3c,1,77bc82f2,62cdfa79,2026-05-23 19:05:05.689476,308.027324313671,24.77150986857633
dddb28ab,1,de6426fe,95784c07,2026-05-23 19:05:05.689504,468.1657214464778,28.309233577324022
dddb28ab,2,a0a8781f,b40b18bf,2026-05-23 19:05:05.689527,269.852066246769,30.111566163814988
ffb25810,1,2434d7e9,aa58e7b1,2026-05-23 19:05:05.689555,467.8887138999739,15.047708089124187
7de2893f,1,de6426fe,95784c07,2026-05-23 19:05:05.689594,296.91718387754224,17.809129150766275
8a1ebdd0,1,0b502c6a,249a652c,2026-05-23 19:05:05.689622,466.36291320699814,44.18950157423209
cf37628f,1,677465c8,3b78784c,2026-05-23 19:05:05.689650,321.46810833373115,14.242763269253325
66d98cc7,1,45326e3f,63b5cfb8,2026-05-23 19:05:05.689678,160.2389939514603,44.5231497330224
d79a1d06,1,a4d92353,a9b0059e,2026-05-23 19:05:05.689706,432.57130899067124,29.940309248196147
d79a1d06,2,efe58b44,0cd9ed1f,2026-05-23 19:05:05.689729,475.45546975626337,10.820350978117627
5efae50f,1,baf95375,16597aea,2026-05-23 19:05:05.689756,489.63561342082744,33.76506856400385
5efae50f,2,8da5e0b6,7ed1bfe7,2026-05-23 19:05:05.689779,411.4356696699973,35.27022039241199
3ed384c9,1,543b3a32,2b1a9a37,2026-05-23 19:05:05.689812,135.9147732075093,44.02586700589629
d8b198f2,1,a1372f50,bf313c0e,2026-05-23 19:05:05.689840,185.66245148433387,20.764312246943657
cc994cda,1,f092aab0,3d8cbaaa,2026-05-23 19:05:05.689869,298.05041499419406,31.145615572810257
1b32c2dd,1,c36c1712,5e02fca9,2026-05-23 19:05:05.689897,375.31415994184096,19.555168828353345
1b32c2dd,2,ac9c63b6,15627973,2026-05-23 19:05:05.689919,89.17789368310926,40.11950554199802
032b88b1,1,e49271b4,c739947b,2026-05-23 19:05:05.689947,55.35164598162106,49.82292859750797
75b74bed,1,1b9d7f55,0cd9ed1f,2026-05-23 19:05:05.689976,179.74957000711606,22.5854392111073
75b74bed,2,55e6c6a5,7ed1bfe7,2026-05-23 19:05:05.689998,468.54490863432545,37.46038230599382
75b74bed,3,200524a6,894b8626,2026-05-23 19:05:05.690020,439.762593211567,38.95436837611278
8dd24c0d,1,26c3d826,bf313c0e,2026-05-23 19:05:05.690048,348.3919504598985,13.492390954151794
201bb0cb,1,2434d7e9,5e6a3159,2026-05-23 19:05:05.690076,491.3094450057568,27.948449617964133
49a3c6fe,1,63d73ef7,110c0782,2026-05-23 19:05:05.690104,481.9310386143854,37.78243594883471
74b140b3,1,c92bce8f,ea1be9b6,2026-05-23 19:05:05.690132,250.20560134356808,49.98525379523983
71cc3065,1,0b5b7698,bd830d4e,2026-05-23 19:05:05.690160,319.29992239660135,43.66061277131756
71cc3065,2,7469ba11,66e13682,2026-05-23 19:05:05.690182,33.134721656495074,46.32127827001821
5ebd4858,1,5e5d06a2,da9dd43e,2026-05-23 19:05:05.690210,336.3043111410338,12.117359678884574
5df7ffd0,1,e08b6212,9bfa8093,2026-05-23 19:05:05.690238,383.32671341532057,6.765991011345503
0484386c,1,8a46dc93,3a9e1e22,2026-05-23 19:05:05.690266,102.30605405054389,10.373777265993736
2b15aef9,1,b1eadd47,67491841,2026-05-23 19:05:05.690295,167.97720659816935,10.047703796633348
34f1787c,1,c46d0109,3a9e1e22,2026-05-23 19:05:05.690322,337.5647520923891,40.85346771997374
c97c083a,1,b2e5ceac,3d8cbaaa,2026-05-23 19:05:05.690350,189.51199820254504,7.3091968187511105
c97c083a,2,dd5cf2a0,30eaa364,2026-05-23 19:05:05.690373,74.36629022015667,49.27241440313773
34d9c1a8,1,4a16a9b2,15627973,2026-05-23 19:05:05.690404,243.7765612526535,38.182160474918035
83d1e2ae,1,26c3d826,16597aea,2026-05-23 19:05:05.690432,187.78911655865295,14.433874873591094
e19b71c0,1,6b99e29d,1b864e2e,2026-05-23 19:05:05.690460,381.13420968808225,30.81929434035424
e19b71c0,2,9244e8e2,97b111d7,2026-05-23 19:05:05.690482,380.96420169455655,40.54857319500565
84905b36,1,4a166bf0,9644a854,2026-05-23 19:05:05.690517,493.03794503462706,10.307930146146271
e811d932,1,200524a6,45460435,2026-05-23 19:05:05.690545,50.48519172234292,38.592991984504316
0ad5378f,1,2ff7eef7,da9dd43e,2026-05-23 19:05:05.690574,339.3587090549802,42.49060200585
d222b19c,1,d53cabe3,08d65812,2026-05-23 19:05:05.690602,30.730860485671254,38.23721548581875
93708740,1,8f86fffc,9644a854,2026-05-23 19:05:05.690630,250.00166275898852,37.28636452978047
89885429,1,453cd56b,67491841,2026-05-23 19:05:05.690658,223.72434629096296,7.471644040237747
7d9f87f2,1,ea4a85f7,1b864e2e,2026-05-23 19:05:05.690686,336.2042276711032,17.392570238788412
a4822454,1,d6f5e7f4,3b78784c,2026-05-23 19:05:05.690715,170.63864290136752,9.38060051576652
e4512e28,1,0b873518,16597aea,2026-05-23 19:05:05.690743,85.83441279621253,48.13807615026856
e4512e28,2,a5c4c351,7ed1bfe7,2026-05-23 19:05:05.690766,71.08218740630326,19.638337668992154
25e866b6,1,0010c2fe,5e02fca9,2026-05-23 19:05:05.690794,99.3102948696147,10.045837295679837
31882cfc,1,0b7ac9e0,99c13bee,2026-05-23 19:05:05.690830,438.72301633474115,24.87322421116421
31882cfc,2,861b3ce2,16597aea,2026-05-23 19:05:05.690853,237.81842559035863,40.037528588763166
ae791f0c,1,0b9e4648,da9dd43e,2026-05-23 19:05:05.690881,215.26146255697515,47.943448244451794
31cf83f2,1,eaf09bf2,1b864e2e,2026-05-23 19:05:05.690909,281.78814163927007,46.89431944289399
31cf83f2,2,7a224966,b40b18bf,2026-05-23 19:05:05.690932,364.03171094748075,30.89955330949549
3cf30382,1,ed8c7d6f,33e748b3,2026-05-23 19:05:05.690960,298.44574194044975,27.136838461250484
f12b9937,1,d737a7ea,586281b8,2026-05-23 19:05:05.690988,240.01137327797858,34.65845505855476
d5d41569,1,d3c419f1,16597aea,2026-05-23 19:05:05.691016,406.4893425517,41.77256390500289
59024c2e,1,5a1c1530,3a9e1e22,2026-05-23 19:05:05.691044,49.33755226753688,42.626231327113615
59024c2e,2,7b66be87,9ea3a409,2026-05-23 19:05:05.691066,122.47555837327157,28.6789459310838
43a9c131,1,ce118617,30eaa364,2026-05-23 19:05:05.691094,321.46431421640295,48.504141202973074
43a9c131,2,59c6855b,249a652c,2026-05-23 19:05:05.691117,273.30771294416417,11.046676166304408
966829ab,1,e08b6212,f3ab5934,2026-05-23 19:05:05.691145,156.15065602602095,31.022201520644067
44a0e247,1,d108b3e1,ac8fa3d8,2026-05-23 19:05:05.691173,68.69948360703746,40.80185054786022
44a0e247,2,eaf09bf2,110c0782,2026-05-23 19:05:05.691195,328.76284900428885,20.10852473022052
44a0e247,3,26e11775,3d8cbaaa,2026-05-23 19:05:05.691218,77.7215227228179,19.851977403525918
43a1e0f8,1,1792827c,c739947b,2026-05-23 19:05:05.691246,251.96415306468958,12.992603562040431
71b419a0,1,c451f5e2,97b111d7,2026-05-23 19:05:05.691274,377.707303580727,46.47491442644678
957e6f71,1,21061182,f3ab5934,2026-05-23 19:05:05.691301,254.48641409979072,40.34279628422146
13ea4251,1,e01d6e05,3a9e1e22,2026-05-23 19:05:05.691330,122.97450985881031,36.32360682478922
13ea4251,2,e8a04814,5e02fca9,2026-05-23 19:05:05.691352,120.85754513813635,15.84328257601284
13ea4251,3,140ca47e,95784c07,2026-05-23 19:05:05.691374,407.7529570745493,39.308182858735144
105454ca,1,a4d8f4ec,07a21a6e,2026-05-23 19:05:05.691402,370.90185745394155,29.386218021174358
019d088e,1,15854b16,62cdfa79,2026-05-23 19:05:05.691430,146.47651745630858,48.715479281276515
019d088e,2,fbae8b7e,b40b18bf,2026-05-23 19:05:05.691452,442.6477619603967,14.64660936087227
83870b6a,1,30aef8b8,b40b18bf,2026-05-23 19:05:05.691480,234.9383220400111,25.93156349519931
b2af94e4,1,a45b8c85,3d8cbaaa,2026-05-23 19:05:05.691507,370.2446610625691,22.257128484070673
a572426d,1,1cd11889,3b78784c,2026-05-23 19:05:05.691536,87.80381753790051,42.90733285850808
a572426d,2,531f5fa7,95784c07,2026-05-23 19:05:05.691559,95.81282608550127,44.81567094872583
94a1a8ac,1,b7ab2de3,9b360271,2026-05-23 19:05:05.691588,299.64025428706634,39.41944185160294
ae7e51b2,1,f913184c,33e748b3,2026-05-23 19:05:05.691616,278.84713591721436,38.6645880998103
34de9027,1,b81d663e,62cdfa79,2026-05-23 19:05:05.691644,354.34189859176576,17.134292034377697
a3289bb7,1,b87fd63c,0cd9ed1f,2026-05-23 19:05:05.691671,97.2297709059947,20.48668605713042
5847cba2,1,b95f3fdf,07a21a6e,2026-05-23 19:05:05.691699,193.42876439383335,46.06423247296088
ef7fb5c0,1,1bff1a8c,f3ab5934,2026-05-23 19:05:05.691727,191.70546537805757,27.632862463313643
d74e4f2d,1,33245b0c,45460435,2026-05-23 19:05:05.691755,127.18850130274028,36.3916654559999
09b05254,1,5449ea46,67491841,2026-05-23 19:05:05.691783,99.50830873640462,29.151188139008237
ad9d289e,1,bbe309dd,180aa0cd,2026-05-23 19:05:05.691810,341.6048115199413,23.07052953049952
aa37aa8f,1,898892b7,bf313c0e,2026-05-23 19:05:05.691838,114.88539145376855,15.39126471121681
2ee12473,1,1ebfd578,586281b8,2026-05-23 19:05:05.691867,354.6267768351539,19.209324104161894
2ee12473,2,fd399d3f,180aa0cd,2026-05-23 19:05:05.691889,80.77558168695043,20.027818361731274
2ee12473,3,78db85d2,97b111d7,2026-05-23 19:05:05.691912,312.9527990844659,43.587308376621415
ef867ae3,1,03715a61,63b5cfb8,2026-05-23 19:05:05.691940,103.8078649185166,34.25380751516701
ef867ae3,2,f2d5a45e,a9b0059e,2026-05-23 19:05:05.691962,21.627381822891945,44.703797519953014
d4f594b9,1,e2f99ef5,bd830d4e,2026-05-23 19:05:05.691990,170.63483970082066,10.288166554935703
4be4b99d,1,526da5b1,3b2bdf38,2026-05-23 19:05:05.692018,242.9706470758008,49.99140380503958
689ab00e,1,75fd4c10,3d8cbaaa,2026-05-23 19:05:05.692046,353.08838913823683,32.16374559105447
689ab00e,2,4a166bf0,dc8f6fd7,2026-05-23 19:05:05.692068,445.27271535537386,39.49665723376075
f11db412,1,1e9afbc6,894b8626,2026-05-23 19:05:05.692096,48.647672497669134,29.13254080933424
a3e0ed93,1,453cd56b,4e650515,2026-05-23 19:05:05.692124,334.78369011640234,47.442322440882265
7a663103,1,d58037ff,ce20adb3,2026-05-23 19:05:05.692152,357.73075649483116,44.20641758187334
ef526989,1,8bf4bda1,2e90d858,2026-05-23 19:05:05.692186,24.147872161794,14.68428897452829
ea76659e,1,abb4e8a1,66e13682,2026-05-23 19:05:05.692214,231.2603719778465,26.59657126469928
7a410c93,1,0db1a5ea,180aa0cd,2026-05-23 19:05:05.692241,24.34478804281426,15.773948965492055
8e62edf7,1,9cd99410,249a652c,2026-05-23 19:05:05.692270,324.0729208035912,11.34703113861409
da6ec207,1,f7eab29f,33e748b3,2026-05-23 19:05:05.692298,493.1054484076297,45.97545133525503
da6ec207,2,1ec31fb7,45460435,2026-05-23 19:05:05.692320,176.88487509080676,23.7570125225775
da6ec207,3,3726cc61,4e650515,2026-05-23 19:05:05.692342,409.6798801447332,8.908766419885524
a72ce58d,1,796f07a5,9bfa8093,2026-05-23 19:05:05.692371,454.70104857207843,5.247113039129851
7999361b,1,53cc4a10,9644a854,2026-05-23 19:05:05.692404,378.56253709831253,24.613738728631088
7999361b,2,a4d8f4ec,fb7e1c47,2026-05-23 19:05:05.692426,468.0426529814665,17.595126169289088
7999361b,3,f092aab0,99c13bee,2026-05-23 19:05:05.692449,251.6727110984946,36.810483235634734
f31a401c,1,ba4ae1ef,da9dd43e,2026-05-23 19:05:05.692477,184.22507115669794,21.354798994292057
f31a401c,2,75fd4c10,33e748b3,2026-05-23 19:05:05.692500,445.56694205555584,13.2707812296651
f31a401c,3,e56f8c87,3d8cbaaa,2026-05-23 19:05:05.692522,456.61856756460287,10.458305105030746
4cd7332d,1,72305100,45460435,2026-05-23 19:05:05.692550,231.74764100538164,10.706393176544083
fc758679,1,b4ae0a98,2e90d858,2026-05-23 19:05:05.692578,390.43633409813276,18.24373179099944
ad62a587,1,1e866d17,15627973,2026-05-23 19:05:05.692606,311.7592367953067,29.018270640220393
e12906be,1,272863cf,ea1be9b6,2026-05-23 19:05:05.692634,321.2561608807558,7.55084361293903
5ece79b6,1,3bb56b00,dc8f6fd7,2026-05-23 19:05:05.692662,405.56847700282935,26.570585807036142
5ece79b6,2,fbb41c14,ce20adb3,2026-05-23 19:05:05.692685,243.23353938209212,34.112201228231626
ba0649a7,1,0f4d7fa4,dc8f6fd7,2026-05-23 19:05:05.692713,142.0045640549589,37.37101603438185
99369cb4,1,4c0b1c75,95784c07,2026-05-23 19:05:05.692741,160.96222651624038,17.538429742193127
c9787224,1,bbe309dd,5e02fca9,2026-05-23 19:05:05.692769,351.87313737217113,46.57588838408465
c9787224,2,53cc4a10,45460435,2026-05-23 19:05:05.692791,149.27423370228996,18.23063389790458
a6a467f9,1,543b3a32,bd830d4e,2026-05-23 19:05:05.692819,354.56440501728156,17.184116449640253
ae1b05aa,1,2082d9d2,9644a854,2026-05-23 19:05:05.692847,112.81225043085544,21.419937794620516
6f79d6af,1,ef4d75a2,9ea3a409,2026-05-23 19:05:05.692875,428.02022411892125,28.847551733149924
ede8942d,1,ffe98fb2,da9dd43e,2026-05-23 19:05:05.692903,353.5811575438468,48.419096343513885
45d754ee,1,479b7a62,ea1be9b6,2026-05-23 19:05:05.692931,332.5798835533042,44.30445247353154
12c3a496,1,ec774cd8,3b2bdf38,2026-05-23 19:05:05.692959,398.6369285130537,42.08053560401093
1d4e976f,1,b327f5b3,249a652c,2026-05-23 19:05:05.692987,151.89502140167497,39.95666481675364
4b7c1596,1,a80408ce,08d65812,2026-05-23 19:05:05.693015,225.36574290034628,35.08940533504301
d509d185,1,e8a04814,2b1a9a37,2026-05-23 19:05:05.693049,206.71808600625667,19.102514343767552
d509d185,2,20c82e51,f3ab5934,2026-05-23 19:05:05.693071,264.94469590232194,29.603524716874006
1b915b7a,1,fbae8b7e,99c13bee,2026-05-23 19:05:05.693098,221.60062976448836,45.02882030511648
39c982cf,1,b064749a,62cdfa79,2026-05-23 19:05:05.693127,429.8159302424797,46.51313390906448
39c982cf,2,741f3878,99c13bee,2026-05-23 19:05:05.693149,191.08968003534864,27.929378449504966
867a24e8,1,4589144e,15627973,2026-05-23 19:05:05.693177,496.3497770457276,38.16521029500224
abe575f7,1,810bbb39,aa58e7b1,2026-05-23 19:05:05.693205,432.95786794163104,19.802753184956902
14674c4b,1,f1803c5b,7ed1bfe7,2026-05-23 19:05:05.693233,492.46843129653473,21.16497531262099
fa8ecdc6,1,804a783b,b4998c55,2026-05-23 19:05:05.693261,131.7920164752482,32.73730250896519
77bc338d,1,9b028803,dc8f6fd7,2026-05-23 19:05:05.693289,205.96702464544958,28.963818443644193
83559002,1,53cc4a10,9bfa8093,2026-05-23 19:05:05.693319,59.272901299800495,21.92715302492128
52bfe1cb,1,898892b7,3b78784c,2026-05-23 19:05:05.693347,211.20133133109996,33.40326477725111
df48a4ca,1,b85caafc,4e650515,2026-05-23 19:05:05.693374,107.1791153583419,31.1861141873161
732c4321,1,9b028803,fb7e1c47,2026-05-23 19:05:05.693403,67.12450360498849,15.51768700466614
732c4321,2,419673b9,3d8cbaaa,2026-05-23 19:05:05.693424,171.9688767243971,38.58370689441446
732c4321,3,23e40a8f,33e748b3,2026-05-23 19:05:05.693446,55.40666443180699,30.394572285025017
d288fe4b,1,36e830ef,95784c07,2026-05-23 19:05:05.693474,267.63628867902315,38.39174999910869
f52f7f54,1,b1eadd47,63b5cfb8,2026-05-23 19:05:05.693503,386.11398449458284,15.688334783688292
fe879db8,1,19014209,63b5cfb8,2026-05-23 19:05:05.693531,438.2549179217928,6.153388250141122
9fe349fb,1,1719139b,95784c07,2026-05-23 19:05:05.693559,133.6655469039908,11.159599538590445
dbca1244,1,25e8e9d0,30eaa364,2026-05-23 19:05:05.693587,244.3013567695032,41.900574454013146
dd740f3b,1,dd86c49f,ac8fa3d8,2026-05-23 19:05:05.693615,356.3821868641337,35.31201648184402
cbf4b303,1,a4ec77b1,66e13682,2026-05-23 19:05:05.693654,301.03732510314535,18.503157951662697
cbf4b303,2,ffe98fb2,da9dd43e,2026-05-23 19:05:05.693676,383.7077225366077,9.646402130078252
cbf4b303,3,1c88cf70,63b5cfb8,2026-05-23 19:05:05.693698,222.51209784603822,10.111302488285235
3bd3fc60,1,34384d23,180aa0cd,2026-05-23 19:05:05.693726,331.93730060185135,18.000247343873657
17beb07b,1,3bb56b00,249a652c,2026-05-23 19:05:05.693754,216.43153050222318,17.391990731520778
93a42b9e,1,b2673a73,ce20adb3,2026-05-23 19:05:05.693782,398.64651158317565,14.474551699920054
93a42b9e,2,e3f461e3,3d8cbaaa,2026-05-23 19:05:05.693805,292.8278562486768,5.181272136598707
93a42b9e,3,2082d9d2,95784c07,2026-05-23 19:05:05.693827,88.26498615177351,15.040446846393339
a10790bd,1,c451f5e2,da9dd43e,2026-05-23 19:05:05.693855,169.70175871425232,15.758192120170287
d6c4bd9b,1,af286d24,586281b8,2026-05-23 19:05:05.693883,345.5967464277824,46.90987323871419
d6c4bd9b,2,19c33d19,180aa0cd,2026-05-23 19:05:05.693905,490.28426912768504,17.184820825456324
a22f8ded,1,0d5d2bc4,5e02fca9,2026-05-23 19:05:05.693933,130.90767634215015,49.67925599451061
340e5615,1,9571a4b9,180aa0cd,2026-05-23 19:05:05.693961,283.20643283024015,26.012788607626206
f25298ff,1,fe6d693f,da9dd43e,2026-05-23 19:05:05.693989,440.9127602576596,18.879965568325023
f27018d9,1,f1803c5b,95784c07,2026-05-23 19:05:05.694017,216.59312065938497,12.374340028788579
a2400562,1,6bbc7021,45460435,2026-05-23 19:05:05.694045,43.837511467313135,23.794816223250983
ba5593fa,1,cae0b89b,9ea3a409,2026-05-23 19:05:05.694073,476.1751733833527,38.06318517016559
64d5d1cb,1,1efe4014,3b2bdf38,2026-05-23 19:05:05.694101,297.7692339355921,22.497594190528158
e07f535d,1,db7ee15f,99c13bee,2026-05-23 19:05:05.694131,155.3222002169561,45.435774852429645
8847f713,1,1f6c563e,bd830d4e,2026-05-23 19:05:05.694160,171.27290201056903,8.68483787790216
af913ece,1,0d5d2bc4,3a9e1e22,2026-05-23 19:05:05.694188,279.353187393547,5.883084669266207
67da3335,1,94dfc64f,97b111d7,2026-05-23 19:05:05.694215,166.2338471822571,16.708758836291146
67da3335,2,c07bc85b,33e748b3,2026-05-23 19:05:05.694237,454.361084758721,31.40887663849569
3bbf6bcc,1,543b3a32,07a21a6e,2026-05-23 19:05:05.694266,457.1776610511673,42.27537513697299
8b931e9a,1,864efcb0,ce20adb3,2026-05-23 19:05:05.694294,440.4658912085709,21.589018532235475
d73127c6,1,b7ab2de3,ac8fa3d8,2026-05-23 19:05:05.694322,197.70052832607777,24.8922282773979
d73127c6,2,d9ea54ef,ea1be9b6,2026-05-23 19:05:05.694345,193.327476624646,42.195097040900734
d73127c6,3,c898aa01,9ea3a409,2026-05-23 19:05:05.694367,364.9946044726282,37.308324775636756
aceff7ad,1,2c976d13,3a9e1e22,2026-05-23 19:05:05.694395,437.35163990281484,39.465528304367496
b2533a7a,1,f035dd6e,99c13bee,2026-05-23 19:05:05.694422,53.47249890440695,30.060694196402295
bd83f570,1,46ec6a2f,aa58e7b1,2026-05-23 19:05:05.694450,346.7979174517775,43.53546491776885
bd83f570,2,c3733ff1,9bfa8093,2026-05-23 19:05:05.694473,46.37543108487003,20.789237542751394
e5edc440,1,2e74541a,249a652c,2026-05-23 19:05:05.694501,130.22741070710023,44.652758893663844
8f980b8f,1,cabc28d5,3d8cbaaa,2026-05-23 19:05:05.694529,440.7715684345514,37.976587615772594
f0b7e006,1,a81b9a61,ce20adb3,2026-05-23 19:05:05.694557,64.11995874597169,14.003025787611543
57f48360,1,c46d0109,3a9e1e22,2026-05-23 19:05:05.694585,404.23028673416087,16.82439773579077
80ade360,1,ecf80d71,15627973,2026-05-23 19:05:05.694613,206.42402824274023,18.988861228511787
0abe8201,1,98b1abf5,180aa0cd,2026-05-23 19:05:05.694641,160.90122985221,11.372776563780663
8040a89c,1,6a6d679d,45460435,2026-05-23 19:05:05.694669,385.83348373522324,48.62398410852951
1e40b7d7,1,c9faca17,15627973,2026-05-23 19:05:05.694697,418.0018238293217,8.019654137071225
01644ff9,1,c898aa01,5e02fca9,2026-05-23 19:05:05.694725,235.23607974624846,40.902704117661834
b316889a,1,2016e8c0,15bfe12f,2026-05-23 19:05:05.694753,257.9094413942119,14.585495858556538
b316889a,2,23e40a8f,7ed1bfe7,2026-05-23 19:05:05.694775,463.3492310115417,22.680479132301716
15cd9616,1,a5d3f66d,45460435,2026-05-23 19:05:05.694802,267.00541406488327,31.93632637698069
ed0655b0,1,bd1f1f4c,99c13bee,2026-05-23 19:05:05.694831,52.77345656769796,30.09596924358123
a84622d2,1,09e1dc5f,67491841,2026-05-23 19:05:05.694859,167.02498897318148,23.54801000840097
d7fbc5ae,1,8990aa61,4e650515,2026-05-23 19:05:05.694887,428.7845175240496,15.309574322893909
50771bf1,1,b61b8324,62cdfa79,2026-05-23 19:05:05.694915,201.838069212065,11.458226006243237
123af8c5,1,33245b0c,08d65812,2026-05-23 19:05:05.694943,460.9002032511168,28.117550018886995
7e4fb79f,1,b521971e,2b1a9a37,2026-05-23 19:05:05.694971,88.76617881145981,34.02438701148605
7e4fb79f,2,190fd57b,07a21a6e,2026-05-23 19:05:05.694993,434.54384320874897,37.62764290732298
7e4fb79f,3,7ba033d5,9644a854,2026-05-23 19:05:05.695015,187.72006859159765,43.015757530687054
21a07303,1,b404910a,9b360271,2026-05-23 19:05:05.695044,215.28289018763996,7.3914629303836685
21a07303,2,4f66b683,9ea3a409,2026-05-23 19:05:05.695068,88.0581548466615,17.456150504061185
40f7a609,1,ffa5a956,97b111d7,2026-05-23 19:05:05.695096,473.16794263614105,43.77474598399221
11fce3c7,1,46ec6a2f,894b8626,2026-05-23 19:05:05.695124,52.83147355713007,43.71579082019177
355c7066,1,ac9c63b6,ac8fa3d8,2026-05-23 19:05:05.695152,305.32913645427254,36.47261922153434
60023dff,1,ab12b3b8,1b864e2e,2026-05-23 19:05:05.695180,386.83177359040764,13.285570779769468
1fc4fbf5,1,49052402,2b1a9a37,2026-05-23 19:05:05.695208,97.99575589594171,17.875220950599058
8c620368,1,a5d3f66d,45460435,2026-05-23 19:05:05.695236,71.69628212426338,8.7226928442198
8c620368,2,cd775c56,7ed1bfe7,2026-05-23 19:05:05.695259,81.20592113108083,27.276964698071133
b78941ab,1,7ba033d5,bd830d4e,2026-05-23 19:05:05.695287,442.9176955669845,26.29757245495009
f7bf9dfd,1,cf112ebc,3a9e1e22,2026-05-23 19:05:05.695315,328.1418194937721,12.314067469148787
f7bf9dfd,2,dee1e0c5,9ea3a409,2026-05-23 19:05:05.695338,338.4949371284672,21.325757941560333
1ef502a1,1,97575e05,7ed1bfe7,2026-05-23 19:05:05.695366,205.94142887929453,20.22103515264473
4ed41c8d,1,365315d9,99c13bee,2026-05-23 19:05:05.695394,485.23027247830953,44.69703543835602
d9a954e8,1,cddc7b75,2e90d858,2026-05-23 19:05:05.695422,212.06662647199386,46.00475262520588
de163077,1,7498b701,3a9e1e22,2026-05-23 19:05:05.695450,285.8213111639359,32.50416759834271
ab3075c0,1,2c976d13,3d8cbaaa,2026-05-23 19:05:05.695479,402.5734330699487,11.908884457389684
ab3075c0,2,e237c3e6,3b78784c,2026-05-23 19:05:05.695501,385.3149954675999,48.56495330154582
ab3075c0,3,e2f99ef5,5e02fca9,2026-05-23 19:05:05.695523,122.71354184547464,25.921990816894766
c611fbdc,1,0b1f8d64,bf313c0e,2026-05-23 19:05:05.695551,72.29060556839875,20.829090525630328
c611fbdc,2,aa3475ce,1b864e2e,2026-05-23 19:05:05.695574,392.9189513362386,25.122511130416367
4d156c4e,1,f7eab29f,180aa0cd,2026-05-23 19:05:05.695605,365.66753564981485,44.27926087214881
e7b69afc,1,3726cc61,07a21a6e,2026-05-23 19:05:05.695637,412.5617162692776,6.546818526673087
c57aa784,1,a4d92353,b4998c55,2026-05-23 19:05:05.695668,304.8369678279192,24.111157544984653
867b8593,1,a40970e9,30eaa364,2026-05-23 19:05:05.695708,293.57876550857634,40.44066064364379
4e5c4ee5,1,b426fb84,45460435,2026-05-23 19:05:05.695740,21.789264603323915,24.597531594443407
eaeb3298,1,22b3d235,ac8fa3d8,2026-05-23 19:05:05.695768,442.17863509756586,18.978377184796148
ad8d3050,1,275bb310,a9b0059e,2026-05-23 19:05:05.695797,82.42256250304776,49.541293211683296
70c1683c,1,cabc28d5,bd830d4e,2026-05-23 19:05:05.695825,330.8476699092512,13.619503990877806
21a1801b,1,dd86c49f,a9b0059e,2026-05-23 19:05:05.695855,204.54346086393363,13.985463040597415
e6a14dcd,1,efaf5996,15bfe12f,2026-05-23 19:05:05.695883,450.96107322702846,43.18178586395892
e6a14dcd,2,87b307f5,16597aea,2026-05-23 19:05:05.695905,136.51817075607647,32.689348892890784
2ac92fa2,1,419673b9,30eaa364,2026-05-23 19:05:05.695933,323.636116137251,33.10815170922395
5490d92d,1,da6e8a9b,b40b18bf,2026-05-23 19:05:05.695961,290.83356874847334,21.79884537635225
b428f1ca,1,591fed2c,110c0782,2026-05-23 19:05:05.695989,157.609501396453,37.74238530025843
789917a0,1,0c7d5c0d,3b78784c,2026-05-23 19:05:05.696017,234.87836022958976,14.106372085507703
7bb75ee3,1,1da4bd30,3d8cbaaa,2026-05-23 19:05:05.696045,481.57067508591757,28.395658773230185
7bb75ee3,2,1c88cf70,15bfe12f,2026-05-23 19:05:05.696068,268.8481979961907,43.728246767208525
96f900ee,1,c92bce8f,1b864e2e,2026-05-23 19:05:05.696098,283.0196536917802,29.572455216780515
63d23ebc,1,8f86fffc,7ed1bfe7,2026-05-23 19:05:05.696126,153.88102200543383,24.837705091571593
cf5d450b,1,7cf68268,0cd9ed1f,2026-05-23 19:05:05.696154,98.42135171490467,29.87847113694388
cf5d450b,2,8892d1d2,f3ab5934,2026-05-23 19:05:05.696176,294.0491483063184,34.1430524157662
ecc489f7,1,1ec31fb7,f3ab5934,2026-05-23 19:05:05.696204,32.55806006917144,42.44779249009364
12f377ce,1,7122197c,33e748b3,2026-05-23 19:05:05.696232,97.84010156798331,20.6068286766737
5fc198bc,1,b9745c32,97b111d7,2026-05-23 19:05:05.696260,309.34032146633285,39.26759253584337
9b8c5bed,1,e2d2b752,aa58e7b1,2026-05-23 19:05:05.696289,87.47496910048497,47.24489980787529
9b8c5bed,2,2f8dbd79,07a21a6e,2026-05-23 19:05:05.696311,279.0806988871059,26.45265043364929
78560e69,1,63d73ef7,9644a854,2026-05-23 19:05:05.696339,405.50449126367505,27.316831141343137
cdfab18b,1,ae0f5524,97b111d7,2026-05-23 19:05:05.696368,297.9273686559715,14.914645404438504
808598f4,1,b61b8324,3b78784c,2026-05-23 19:05:05.696395,23.43224308292445,8.623644410364644
4ee39ab0,1,b1e2187e,3b2bdf38,2026-05-23 19:05:05.696423,363.8895153490794,24.084318062557017
3735430a,1,ea4a85f7,1b864e2e,2026-05-23 19:05:05.696451,355.53720822953056,28.770779501214868
646dad62,1,c14c2565,67491841,2026-05-23 19:05:05.696479,274.8622593455071,49.47783120579567
ccec645b,1,b87fd63c,b4998c55,2026-05-23 19:05:05.696508,235.277332558747,28.594422977407383
83e9ea29,1,e33d6924,b40b18bf,2026-05-23 19:05:05.696535,222.58533809354847,23.59340752239647
c00e6ffc,1,15719040,aa58e7b1,2026-05-23 19:05:05.696564,493.2513294935057,12.808386432286483
2351e90e,1,79a42933,110c0782,2026-05-23 19:05:05.696591,442.8104135490842,29.682195739798242
3a863a2a,1,75fd4c10,2e90d858,2026-05-23 19:05:05.696620,284.0992068005484,10.316831863582262
3a863a2a,2,aea8df35,2e90d858,2026-05-23 19:05:05.696642,143.5120016907487,26.871428011394382
905a4770,1,d108b3e1,15627973,2026-05-23 19:05:05.696670,259.83679297289075,18.522896964302433
a55117a0,1,03715a61,16597aea,2026-05-23 19:05:05.696698,488.65222673972085,33.27492229819037
dc25d714,1,591fed2c,67491841,2026-05-23 19:05:05.696726,107.09465467974341,6.743578953306499
add5ecac,1,2082d9d2,5e02fca9,2026-05-23 19:05:05.696754,452.9099240422994,17.06914641087412
806a3e85,1,8f8402ce,2b1a9a37,2026-05-23 19:05:05.696782,220.9713997145376,7.9395808392965845
49c130da,1,964d9148,bf313c0e,2026-05-23 19:05:05.696810,402.97647254994797,8.80833812023804
9bd11ab2,1,b426fb84,f3ab5934,2026-05-23 19:05:05.696838,288.38048898780494,6.943821153068291
525b97a0,1,9c04b1ec,97b111d7,2026-05-23 19:05:05.696866,176.72912274682054,14.540116849644818
525b97a0,2,453cd56b,5e6a3159,2026-05-23 19:05:05.696888,458.4321019313513,9.240387337715855
c26140cb,1,0b819c5a,97b111d7,2026-05-23 19:05:05.696916,392.9492167747271,7.178740197335944
3bf190bf,1,9fc805ba,2e90d858,2026-05-23 19:05:05.696944,263.41332668600563,5.14396631126837
c670114f,1,d9ea54ef,c739947b,2026-05-23 19:05:05.696974,66.98096140162298,28.998332761193545
529b32ed,1,c92bce8f,30eaa364,2026-05-23 19:05:05.697002,458.0765616755401,22.954848180797022
5dd52fa8,1,26e11775,9644a854,2026-05-23 19:05:05.697029,246.33810078457736,13.28294252746106
0b7924ab,1,369f091e,99c13bee,2026-05-23 19:05:05.697057,379.1784155656969,14.592258956072214
84707f0a,1,70199d84,33e748b3,2026-05-23 19:05:05.697085,99.93216980969646,8.131599249856215
cb8260d6,1,a8759dc8,249a652c,2026-05-23 19:05:05.697113,333.28589531251515,24.13721044528836
ecaf75d1,1,0558b9dd,66e13682,2026-05-23 19:05:05.697141,183.08219226716236,27.315629111416982
903fdece,1,337e4c9d,33e748b3,2026-05-23 19:05:05.697169,414.09787449148746,15.43753226158681
34d8aca1,1,b2e5ceac,3d8cbaaa,2026-05-23 19:05:05.697197,37.759102599541485,24.187139696889076
827e5cf5,1,b80eb1a1,ce20adb3,2026-05-23 19:05:05.697225,173.7630665400078,39.63666341307137
0a83d2b4,1,cabc28d5,45460435,2026-05-23 19:05:05.697253,468.2443011375312,15.746846445364346
945a2245,1,a4d8f4ec,08d65812,2026-05-23 19:05:05.697281,324.55652589746376,28.458925334651557
86069399,1,179bd7d2,a9b0059e,2026-05-23 19:05:05.697309,431.37777547630765,8.519170994476855
86069399,2,fdf27c4c,ea1be9b6,2026-05-23 19:05:05.697331,114.90231284943577,21.31496130605544
312c846f,1,14ce9de4,ac8fa3d8,2026-05-23 19:05:05.697359,460.96692889145186,24.871717513116106
a7b7a1e9,1,f8c6bac7,894b8626,2026-05-23 19:05:05.697387,405.60149786603216,29.260143600212327
8c6354e6,1,e49271b4,3d8cbaaa,2026-05-23 19:05:05.697415,308.1385699133333,37.572412515508326
5c4b7010,1,0c7d5c0d,dc8f6fd7,2026-05-23 19:05:05.697443,204.55017023722763,11.874013158245942
dcc70036,1,a1372f50,07a21a6e,2026-05-23 19:05:05.697471,360.4596519634476,44.32679936293298
5c408a80,1,87b307f5,1b864e2e,2026-05-23 19:05:05.697499,197.16617483479035,42.492165242307415
5e4c98d2,1,e56f8c87,3d8cbaaa,2026-05-23 19:05:05.697527,79.52317362629526,9.019701797920003
2681c13f,1,06108e89,249a652c,2026-05-23 19:05:05.697555,324.2253063449346,6.189735609800094
9f2a0294,1,741f3878,110c0782,2026-05-23 19:05:05.697585,479.39210002997197,20.299147010965978
7bfcd7c3,1,aea8df35,07a21a6e,2026-05-23 19:05:05.697612,261.93484126706034,10.79227877588825
504d69e6,1,ae2bd5d6,3b2bdf38,2026-05-23 19:05:05.697640,268.94831836044233,16.757099194865315
d6dd98f1,1,84329c95,16597aea,2026-05-23 19:05:05.697668,194.3632322156535,32.30828839351187
c8887684,1,479b7a62,586281b8,2026-05-23 19:05:05.697696,50.56387896106999,40.228754556042645
3539ec90,1,85e2c5d9,08d65812,2026-05-23 19:05:05.697724,387.5837997991108,30.227801084168295
1bdf4061,1,15854b16,07a21a6e,2026-05-23 19:05:05.697752,452.003921354864,33.732375339021324
457a209d,1,db7ee15f,b4998c55,2026-05-23 19:05:05.697780,302.99453143909005,13.106733981472917
3c04a79c,1,78db85d2,aa58e7b1,2026-05-23 19:05:05.697808,244.17029416071142,7.922825764123683
02b158cf,1,a4d92353,ea1be9b6,2026-05-23 19:05:05.697836,259.31290522669696,39.222199181465776
b9fcf146,1,47ec1d2b,9644a854,2026-05-23 19:05:05.697864,162.69030332288693,25.32209531334497
d1ca3544,1,c1997843,5e02fca9,2026-05-23 19:05:05.697892,274.29554208017237,12.943614287623541
be2bb8d6,1,79a54c6a,07a21a6e,2026-05-23 19:05:05.697920,129.00857190549334,41.29218511970813
bc07d247,1,ae0f5524,9ea3a409,2026-05-23 19:05:05.697948,142.3571623850038,19.57345490559109
641c2bee,1,e8915011,2b1a9a37,2026-05-23 19:05:05.697976,431.4566263319729,27.766842617928372
6941692e,1,bd1f1f4c,aa58e7b1,2026-05-23 19:05:05.698004,444.7153718205773,43.684044961893036
ddc3e445,1,a8759dc8,ac8fa3d8,2026-05-23 19:05:05.698032,44.42467232449813,11.935489289568915
4407bbeb,1,55e6c6a5,4e650515,2026-05-23 19:05:05.698060,405.5657572331312,35.87537050940478
bb2ebafe,1,b2673a73,45460435,2026-05-23 19:05:05.698088,208.088495571185,5.147934940049608
ed83a486,1,b21e3120,30eaa364,2026-05-23 19:05:05.698116,488.60488666930155,21.375172864218666
bee3605b,1,8bf4bda1,110c0782,2026-05-23 19:05:05.698144,436.6182802849956,19.476404136354507
bee3605b,2,b7f8c26d,2e90d858,2026-05-23 19:05:05.698166,340.33757047391026,14.060574736640007
7f0787f2,1,0b7e335b,ac8fa3d8,2026-05-23 19:05:05.698194,332.43864114103616,5.582469245578135
0f7614ce,1,dd5cf2a0,7ed1bfe7,2026-05-23 19:05:05.698222,165.20491084205685,38.55652239417758
65a49901,1,7f0881df,45460435,2026-05-23 19:05:05.698250,131.3917704713958,26.976426970374387
d1c7fecf,1,eb354476,08d65812,2026-05-23 19:05:05.698278,336.5432757187515,21.613674141341995
d1c7fecf,2,ba991e10,da9dd43e,2026-05-23 19:05:05.698301,240.93130688051568,9.897798270193295
d1c7fecf,3,5449ea46,9b360271,2026-05-23 19:05:05.698323,215.65132787206318,34.957683961647824
6b4125e8,1,7ed1283e,ac8fa3d8,2026-05-23 19:05:05.698351,27.662482049760637,5.580394808175869
ad44dcc1,1,0db194da,16597aea,2026-05-23 19:05:05.698379,499.44310768487975,15.9461551576691
3688b060,1,b15e075c,33e748b3,2026-05-23 19:05:05.698407,306.3654813040141,24.546524286773103
3688b060,2,1f6c563e,15627973,2026-05-23 19:05:05.698429,386.0048115856942,20.639453896566287
6818c6ba,1,98b1abf5,894b8626,2026-05-23 19:05:05.698457,386.4663484799859,29.836918997275294
b69c0bed,1,3efb1588,0cd9ed1f,2026-05-23 19:05:05.698485,356.28620278582076,39.71137498899653
569299b8,1,2016e8c0,aa58e7b1,2026-05-23 19:05:05.698513,358.57456197733893,29.988606149920514
febf3109,1,cec4fb47,3d8cbaaa,2026-05-23 19:05:05.698541,295.67718832263813,10.796234141331874
febf3109,2,4bbadaeb,fb7e1c47,2026-05-23 19:05:05.698563,222.70022320822528,37.35784817551948
e2c53e70,1,d96a25fc,99c13bee,2026-05-23 19:05:05.698591,212.196920127873,11.63759877853547
53bc2df0,1,26e11775,7ed1bfe7,2026-05-23 19:05:05.698618,117.22274176428866,10.569744372482337
3ad87d96,1,b15e075c,4e650515,2026-05-23 19:05:05.698646,147.1988025042356,27.283560112256847
8c81b44d,1,7a224966,45460435,2026-05-23 19:05:05.698674,153.26584726244235,13.371428420676219
7236fbaf,1,ea1f8042,63b5cfb8,2026-05-23 19:05:05.698703,220.24611691362395,37.45405654373978
7236fbaf,2,f5040716,9b360271,2026-05-23 19:05:05.698725,414.7474440526645,14.867219480634434
1047c239,1,eed96f09,a9b0059e,2026-05-23 19:05:05.698752,351.45918551096,26.204137507578317
fa983ac8,1,86b13fa3,2b1a9a37,2026-05-23 19:05:05.698780,39.609410768437776,45.33529843469794
1aca4691,1,07a5e35a,07a21a6e,2026-05-23 19:05:05.698808,240.63049370378116,29.030181599798286
62c8f32f,1,55e6c6a5,97b111d7,2026-05-23 19:05:05.698848,418.13811363226904,45.825084169492825
4011186f,1,ffa1f70e,30eaa364,2026-05-23 19:05:05.698877,418.84795728558186,38.86996010289686
c6edb64a,1,35e4cb32,249a652c,2026-05-23 19:05:05.698905,443.99038566697595,9.006874972039457
c6edb64a,2,140ca47e,9ea3a409,2026-05-23 19:05:05.698926,62.62164247386649,38.70084394820815
b725dd5f,1,0840b2f6,dc8f6fd7,2026-05-23 19:05:05.698954,307.6452733152534,11.582591385140322
3f8c1f8a,1,f5153864,5e02fca9,2026-05-23 19:05:05.698983,252.23532907848434,10.198411431434376
71e07684,1,d5657d48,da9dd43e,2026-05-23 19:05:05.699013,20.411947437324915,17.41053951308148
80fcac2f,1,ce118617,3b78784c,2026-05-23 19:05:05.699040,485.37615111903017,10.383353554089982
3eddc2b8,1,622da96f,b40b18bf,2026-05-23 19:05:05.699068,205.77741822158993,20.696489763095464
3eddc2b8,2,a81b9a61,3a9e1e22,2026-05-23 19:05:05.699091,249.68241780749477,40.432008620615626
4f2ff1bb,1,de6426fe,c739947b,2026-05-23 19:05:05.699118,396.94039313621715,33.039126754464604
4f2ff1bb,2,2deb52f2,ce20adb3,2026-05-23 19:05:05.699140,439.95068076867,38.27811230861722
e6e9449e,1,453cd56b,2b1a9a37,2026-05-23 19:05:05.699168,305.9838451624711,45.42588877178431
18790f04,1,354b510a,3a9e1e22,2026-05-23 19:05:05.699196,435.8574441267564,10.80055630235515
545380f8,1,b1c8aeb7,3b2bdf38,2026-05-23 19:05:05.699224,435.3583944121804,15.355669671957594
b7ef20d4,1,76a498f4,a9b0059e,2026-05-23 19:05:05.699252,378.11732500595207,12.423959554008075
9be0e33b,1,a4d8f4ec,97b111d7,2026-05-23 19:05:05.699281,283.26359048394113,18.03310060122621
125b8382,1,63728634,ac8fa3d8,2026-05-23 19:05:05.699311,337.20855141938597,47.68258487435623
125b8382,2,aa3475ce,ac8fa3d8,2026-05-23 19:05:05.699343,136.23369066264453,42.37055029109648
68f2846b,1,004d4636,894b8626,2026-05-23 19:05:05.699381,497.356926903649,27.897010387337314
bd43f5de,1,0b502c6a,3d8cbaaa,2026-05-23 19:05:05.699420,161.30213439410963,24.52582595129099
ca95bb8f,1,92028873,08d65812,2026-05-23 19:05:05.699451,54.953545101889034,18.634677485954672
96b25f32,1,b1e2187e,180aa0cd,2026-05-23 19:05:05.699479,474.9525496791335,35.06766924296278
b707a83a,1,0558b9dd,3d8cbaaa,2026-05-23 19:05:05.699518,236.24761745911388,6.8647386179108345
b707a83a,2,77bc82f2,95784c07,2026-05-23 19:05:05.699540,90.49693381868826,41.243966478724055
639ddcfd,1,75fd4c10,dc8f6fd7,2026-05-23 19:05:05.699568,21.830506588208713,9.04829784521792
639ddcfd,2,a4d92353,b4998c55,2026-05-23 19:05:05.699591,160.95263643003202,39.15569690341101
f5e618fe,1,89f60b65,33e748b3,2026-05-23 19:05:05.699625,382.35473964658075,31.421219427845397
26af1198,1,79a54c6a,180aa0cd,2026-05-23 19:05:05.699658,251.75551261554057,44.11043642929262
62d641d5,1,86b13fa3,3d8cbaaa,2026-05-23 19:05:05.699709,364.8933761828719,16.706048217937187
7ed4a114,1,b1eadd47,1b864e2e,2026-05-23 19:05:05.699737,24.973925888432955,21.5241834578522
b3b621a4,1,662fc2a5,894b8626,2026-05-23 19:05:05.699765,136.13823566285345,25.757126064482247
b3b621a4,2,79a54c6a,3d8cbaaa,2026-05-23 19:05:05.699788,93.93851352186735,40.301005611509645
f34066ee,1,a1372f50,9b360271,2026-05-23 19:05:05.699816,342.44449360240947,33.26903545945739
401cb91f,1,abb42609,45460435,2026-05-23 19:05:05.699844,106.98693715560472,36.38738082749242
8d29bf16,1,ce118617,249a652c,2026-05-23 19:05:05.699872,253.2942552602253,40.90046613609184
8d29bf16,2,622da96f,3b2bdf38,2026-05-23 19:05:05.699907,183.61951079066543,43.42029068015511
df4d1d76,1,94dfc64f,9ea3a409,2026-05-23 19:05:05.699934,140.89666582436092,22.53085633299536
5d53d87e,1,0b5b7698,aa58e7b1,2026-05-23 19:05:05.699963,449.4932885951737,18.943846204513886
5d53d87e,2,5449ea46,f3ab5934,2026-05-23 19:05:05.699985,417.30919527088633,25.5013346841066
a465994a,1,b61b8324,4e650515,2026-05-23 19:05:05.700013,429.55878420075,28.31490060551771
3435cf53,1,453cd56b,5e02fca9,2026-05-23 19:05:05.700041,344.7051413144221,16.05440872957002
3435cf53,2,e49271b4,30eaa364,2026-05-23 19:05:05.700063,215.96035888740093,21.535772903859403
3435cf53,3,45326e3f,bf313c0e,2026-05-23 19:05:05.700086,476.9207707683461,26.0094174626766
e2616457,1,ebf07848,da9dd43e,2026-05-23 19:05:05.700114,262.74680023007863,17.91961121743793
f092dc32,1,ca3f9970,15bfe12f,2026-05-23 19:05:05.700142,488.79940744995594,14.305217882726929
666a4396,1,798444b8,ea1be9b6,2026-05-23 19:05:05.700170,376.99077855717667,37.27268867821558
7bd9fd45,1,19014209,249a652c,2026-05-23 19:05:05.700199,123.29212234488132,31.89487063247106
8dc3d754,1,d4986c37,66e13682,2026-05-23 19:05:05.700227,119.99086441824632,21.837354500688285
8dc3d754,2,9a4b5684,45460435,2026-05-23 19:05:05.700249,125.41138072860262,41.281666750342
d53ed1ad,1,97cfd068,b4998c55,2026-05-23 19:05:05.700277,272.67420850212,32.63318431278202
06fe32df,1,aa3475ce,9644a854,2026-05-23 19:05:05.700305,274.96060852460704,36.22285247610474
16658e50,1,35e4cb32,3b2bdf38,2026-05-23 19:05:05.700333,464.10209921446307,36.273445063452975
7a291785,1,81898926,9ea3a409,2026-05-23 19:05:05.700361,78.5387968459147,25.651875890572104
c50230b6,1,1bff1a8c,99c13bee,2026-05-23 19:05:05.700397,442.9261028519006,37.27675733976715
fb2724e5,1,179bd7d2,3d8cbaaa,2026-05-23 19:05:05.700425,457.9728132510737,7.355029817851054
a911c133,1,0f022a88,9644a854,2026-05-23 19:05:05.700454,462.4829247229206,24.36485011408142
967fa867,1,21337267,97b111d7,2026-05-23 19:05:05.700482,113.44975867574891,29.854477999250776
85696e27,1,94dfc64f,bf313c0e,2026-05-23 19:05:05.700510,467.5694333424319,26.86102656993374
a812b70e,1,aea8df35,586281b8,2026-05-23 19:05:05.700538,176.3578544841526,40.016069797811234
b4fb5489,1,874bac3e,33e748b3,2026-05-23 19:05:05.700566,94.08763895848033,5.993609238579911
5de8407f,1,a7664c7d,ac8fa3d8,2026-05-23 19:05:05.700594,36.688449502997514,14.587549963301116
88a20637,1,5a1c1530,a9b0059e,2026-05-23 19:05:05.700622,68.85780093841217,18.09547677118463
ea1a8152,1,83ce8d7f,894b8626,2026-05-23 19:05:05.700650,251.53004363734982,33.15846869352971
9b82bdc6,1,081be4d1,62cdfa79,2026-05-23 19:05:05.700678,310.80099051894433,27.771905976552635
20681260,1,b124337a,f3ab5934,2026-05-23 19:05:05.700706,345.6995563282677,12.265463284261367
08960539,1,ba4ae1ef,2b1a9a37,2026-05-23 19:05:05.700746,413.1811193984992,29.220503945672338
640834bf,1,dee1e0c5,95784c07,2026-05-23 19:05:05.700774,487.5860575482827,18.43445023369876
640834bf,2,f092aab0,95784c07,2026-05-23 19:05:05.700796,449.4349796748087,36.83173283110955
640834bf,3,e49271b4,a9b0059e,2026-05-23 19:05:05.700819,131.26514926344248,13.011723447306215
c6dd7cde,1,b21e3120,b40b18bf,2026-05-23 19:05:05.700847,89.7671101270136,39.94809360362584
ec6f6d18,1,3efb1588,63b5cfb8,2026-05-23 19:05:05.700879,214.39944098726866,48.20859674706511
eceda361,1,0b1f8d64,7ed1bfe7,2026-05-23 19:05:05.700908,62.43425307542065,37.95973730217612
a874f022,1,861b3ce2,16597aea,2026-05-23 19:05:05.700936,288.42239816726254,23.07634641743614
6093f20a,1,3386bf02,9ea3a409,2026-05-23 19:05:05.700964,203.48360831419416,6.503623248974638
41fbe0d7,1,f0578d49,07a21a6e,2026-05-23 19:05:05.700992,152.54878968067692,16.346277440903272
41fbe0d7,2,f0766c58,45460435,2026-05-23 19:05:05.701014,241.03738171885658,28.516658590844997
f36ad587,1,30aef8b8,16597aea,2026-05-23 19:05:05.701042,91.93684233789348,40.1045516328617
1481795d,1,c87fb338,9b360271,2026-05-23 19:05:05.701070,448.0782431231987,43.394842568831315
d4d275ff,1,2c976d13,95784c07,2026-05-23 19:05:05.701098,465.04172844502926,45.36526270607784
14198b4b,1,d1c6bef6,30eaa364,2026-05-23 19:05:05.701138,216.89130334871612,42.435917225055995
e18bc333,1,70199d84,bd830d4e,2026-05-23 19:05:05.701166,246.75165895193535,12.285551788698312
e18bc333,2,97385578,bd830d4e,2026-05-23 19:05:05.701189,160.1699971943643,18.980268951849975
2ac7eeb2,1,e8a04814,7ed1bfe7,2026-05-23 19:05:05.701216,291.2796682828007,30.374249423519263
2ac7eeb2,2,49052402,586281b8,2026-05-23 19:05:05.701252,293.52718828244156,39.30267574305438
d087802a,1,272863cf,15627973,2026-05-23 19:05:05.701281,311.39048163724686,30.389027655504332
c3551401,1,741f3878,ea1be9b6,2026-05-23 19:05:05.701309,266.9530109190468,36.27291932685551
08bc68e2,1,b9745c32,15bfe12f,2026-05-23 19:05:05.701337,52.03455098610224,22.99626116300687
08bc68e2,2,c451f5e2,ac8fa3d8,2026-05-23 19:05:05.701359,445.3527132054142,6.565748212689506
6bb37bc5,1,79a54c6a,c739947b,2026-05-23 19:05:05.701387,298.6763243405138,20.484628734669318
aea6e604,1,0b873518,ea1be9b6,2026-05-23 19:05:05.701428,189.78858276749241,47.91890351992379
c8956da9,1,f8c6bac7,ce20adb3,2026-05-23 19:05:05.701456,497.1838758588297,26.62792155135828
82817a00,1,662fc2a5,45460435,2026-05-23 19:05:05.701484,229.29548849826662,43.623865690164166
eab430d4,1,dd524de3,9ea3a409,2026-05-23 19:05:05.701512,51.82997185529557,29.17056588746125
680bb095,1,0704e62f,586281b8,2026-05-23 19:05:05.701540,303.7796623305062,38.158843624361126
0c4d3d9d,1,0840b2f6,3a9e1e22,2026-05-23 19:05:05.701568,358.933415934524,14.79537642915105
a5470d5c,1,c8a5bb8c,fb7e1c47,2026-05-23 19:05:05.701596,381.2883544695483,46.21463261268961
973b8c2c,1,b87fd63c,180aa0cd,2026-05-23 19:05:05.701626,407.57756720493467,11.0439498412733
0b77fbe5,1,c92bce8f,9644a854,2026-05-23 19:05:05.701653,420.2194291809371,31.70559263426551
503fee0f,1,e56f8c87,da9dd43e,2026-05-23 19:05:05.701681,373.63470795526325,36.74834714441409
75680cd8,1,33003285,4e650515,2026-05-23 19:05:05.701709,340.629843986805,31.709824177949947
9be4108d,1,0db194da,63b5cfb8,2026-05-23 19:05:05.701737,96.9924431216414,10.235003779866943
8c38d64c,1,db7ee15f,07a21a6e,2026-05-23 19:05:05.701778,213.3775458721428,45.712074079011245
c0d8e631,1,804a783b,a9b0059e,2026-05-23 19:05:05.701806,195.88607225424863,20.483232619993892
281b1d1a,1,a5c4c351,07a21a6e,2026-05-23 19:05:05.701834,239.8583821563416,36.61871543998602
281b1d1a,2,1e9afbc6,97b111d7,2026-05-23 19:05:05.701857,50.10852341459008,22.69551005528169
281b1d1a,3,f6143d5b,9ea3a409,2026-05-23 19:05:05.701879,205.76869817113104,9.525972902941547
59a377ae,1,78db85d2,3d8cbaaa,2026-05-23 19:05:05.701907,182.68816395016415,7.237060269229089
44fe4e3b,1,e8915011,16597aea,2026-05-23 19:05:05.701935,250.193460336908,22.858681477745446
a0316727,1,796f07a5,5e6a3159,2026-05-23 19:05:05.701963,343.1175596955799,27.555123853991624
a0316727,2,f5153864,9ea3a409,2026-05-23 19:05:05.701985,164.49831368430497,17.829128509581547
0bf91353,1,dbf83b6b,4e650515,2026-05-23 19:05:05.702013,436.1828510530935,46.056689755167575
1e1cb562,1,3efb1588,b40b18bf,2026-05-23 19:05:05.702041,249.35672455144714,43.58290719388734
7d2413c6,1,742b6473,2e90d858,2026-05-23 19:05:05.702082,44.31368252202601,39.36322155191308
09f18e2d,1,07d31f08,ce20adb3,2026-05-23 19:05:05.702110,446.3000194140889,37.23248661051686
48a12f80,1,8f11fcf0,9ea3a409,2026-05-23 19:05:05.702138,140.02770312286313,47.169285085440606
3ef30699,1,2434d7e9,9ea3a409,2026-05-23 19:05:05.702166,24.185220995772294,39.96049662145639
3ef30699,2,acf39392,4e650515,2026-05-23 19:05:05.702188,243.2990525825286,24.49083941670752
58496fd5,1,59c6855b,95784c07,2026-05-23 19:05:05.702216,246.39171741106873,12.53834188932907
4e9d556e,1,c9610a20,62cdfa79,2026-05-23 19:05:05.702244,30.64460315079664,39.40665127006274
550312f1,1,a5d3f66d,45460435,2026-05-23 19:05:05.702272,357.65414241342796,26.98342350634222
65f581a7,1,a0f95b64,16597aea,2026-05-23 19:05:05.702300,58.96148981472356,47.6318111995164
9b6e141a,1,2deb52f2,33e748b3,2026-05-23 19:05:05.702328,480.1774090610931,18.52199291368022
9b6e141a,2,f55f8f48,bd830d4e,2026-05-23 19:05:05.702350,382.46511713066104,18.905191174957118
11f5b136,1,23a926d8,1b864e2e,2026-05-23 19:05:05.702390,244.82689260927873,10.562730881604246
3dbde45f,1,d2c057d7,3a9e1e22,2026-05-23 19:05:05.702418,189.53054337103669,9.575987069819181
c2aff994,1,aea8df35,ea1be9b6,2026-05-23 19:05:05.702446,482.0532957731198,46.42443011543493
2eeb76f0,1,9b481bfa,07a21a6e,2026-05-23 19:05:05.702474,158.78744590654807,13.718014648841393
d5eb041a,1,8bf4bda1,9b360271,2026-05-23 19:05:05.702502,336.7529688109245,20.721722818822236
d5eb041a,2,140ca47e,c739947b,2026-05-23 19:05:05.702537,287.77478282737883,8.873147800943542
78acf2db,1,b3824fcb,180aa0cd,2026-05-23 19:05:05.702565,366.4081564149354,27.17607451701405
78acf2db,2,baf95375,2b1a9a37,2026-05-23 19:05:05.702587,145.2465516854209,22.7799660047877
78acf2db,3,602b55d7,b40b18bf,2026-05-23 19:05:05.702609,77.95239427021829,43.332681643334965
b09b53d7,1,804a783b,7ed1bfe7,2026-05-23 19:05:05.702637,200.8718837671051,31.733627913519733
b09b53d7,2,20d3e294,bf313c0e,2026-05-23 19:05:05.702659,436.9166779539818,21.780095150505385
b09b53d7,3,591fed2c,95784c07,2026-05-23 19:05:05.702691,135.23873805530005,35.62015937011055
e6c633ae,1,2bc19be5,2e90d858,2026-05-23 19:05:05.702726,202.30766512964448,18.245269865135384
94bcdb69,1,cddc7b75,3b2bdf38,2026-05-23 19:05:05.702760,343.9289816501596,32.52457804098502
35be3ba6,1,fab635ac,c739947b,2026-05-23 19:05:05.702794,161.47715303504077,15.473193311614835
b683cb61,1,aad67ea5,15bfe12f,2026-05-23 19:05:05.702824,247.87550747861192,36.187036938251296
1d904ec3,1,804a783b,15627973,2026-05-23 19:05:05.702858,481.833785150808,46.75738859560121
bc010f4d,1,7b66be87,99c13bee,2026-05-23 19:05:05.702890,497.62366770867817,8.309179996564593
5f79b29e,1,79a54c6a,0cd9ed1f,2026-05-23 19:05:05.702926,413.30218307156326,26.202907083002366
aeed3917,1,0b5b7698,4e650515,2026-05-23 19:05:05.702958,72.71599184511473,17.820684245284085
21f49d76,1,d218870d,67491841,2026-05-23 19:05:05.702998,151.48041687006696,16.317430765759518
b5a3643a,1,3517bafa,95784c07,2026-05-23 19:05:05.703026,253.86754724415744,12.80909309667303
b002c69e,1,f8eb5b7f,3b78784c,2026-05-23 19:05:05.703055,419.11548420179145,25.453154910385898
911c165b,1,8892d1d2,1b864e2e,2026-05-23 19:05:05.703083,128.84873037732592,18.834897527502072
e2fb508d,1,365315d9,7ed1bfe7,2026-05-23 19:05:05.703111,380.1828584764766,30.786467016436767
ecf9b89d,1,6a6d679d,5e6a3159,2026-05-23 19:05:05.703151,58.05174942533354,19.983609877593782
0dd69fa2,1,d9bed1eb,fb7e1c47,2026-05-23 19:05:05.703179,423.3726850768055,18.359705442049314
55c901cd,1,e49271b4,ce20adb3,2026-05-23 19:05:05.703207,218.11565119206966,14.648391737722543
6b237b96,1,e8a04814,249a652c,2026-05-23 19:05:05.703235,408.19017669615306,5.182820946107932
85a700a3,1,7122197c,9644a854,2026-05-23 19:05:05.703270,345.9164944919918,39.747525406515884
c817b726,1,15854b16,15627973,2026-05-23 19:05:05.703298,51.653417720593566,23.481048033692023
c817b726,2,f6cd0a4d,99c13bee,2026-05-23 19:05:05.703333,197.97995848556621,25.17406300562692
b3d9fc8a,1,c3733ff1,9b360271,2026-05-23 19:05:05.703361,180.66609245989443,26.978586254630365
b3d9fc8a,2,eed96f09,b40b18bf,2026-05-23 19:05:05.703391,199.89570284520744,47.15666194689201
600caf04,1,0d4ffb87,249a652c,2026-05-23 19:05:05.703419,20.770656780557974,6.164783143136852
10e64b34,1,98b1abf5,15627973,2026-05-23 19:05:05.703447,69.98886523285236,22.228413963265307
2b2f6420,1,2bc19be5,7ed1bfe7,2026-05-23 19:05:05.703475,173.18659614042164,14.536069069103718
e769a370,1,a4d92353,b4998c55,2026-05-23 19:05:05.703518,77.32069116847443,26.581750041234102
709937af,1,5b037f38,62cdfa79,2026-05-23 19:05:05.703548,414.3464858759326,46.83784908669928
5cda3a3f,1,84b3928b,2b1a9a37,2026-05-23 19:05:05.703576,344.8050943362428,42.91186995420947
a9f23ffa,1,f0d91fa3,63b5cfb8,2026-05-23 19:05:05.703611,491.63630971928006,48.687303811867835
a9f23ffa,2,fe6d693f,45460435,2026-05-23 19:05:05.703633,280.17541791050445,35.048742779790445
ce249804,1,d3487b0c,30eaa364,2026-05-23 19:05:05.703661,266.85698895426015,6.594654459975764
15faf118,1,dd86c49f,110c0782,2026-05-23 19:05:05.703689,32.58995770255801,40.51678184632783
15faf118,2,a4cc70ff,b40b18bf,2026-05-23 19:05:05.703718,301.10326401388363,27.49977261323221
6396e02c,1,ffa1f70e,2e90d858,2026-05-23 19:05:05.703747,256.28415948214536,18.167767514055043
d23b410e,1,428e3978,180aa0cd,2026-05-23 19:05:05.703783,350.62093167415236,26.259816083789236
d23b410e,2,a0a8781f,2b1a9a37,2026-05-23 19:05:05.703805,282.5304546560827,42.79568882340043
213d7d28,1,ca3f9970,5e02fca9,2026-05-23 19:05:05.703833,40.33095404552968,47.144190979575775
17e69d55,1,354b510a,ea1be9b6,2026-05-23 19:05:05.703872,259.22427847074243,12.226221586382394
17e69d55,2,cd775c56,bf313c0e,2026-05-23 19:05:05.703895,308.9929392586802,33.21520087732545
17e69d55,3,140ca47e,2b1a9a37,2026-05-23 19:05:05.703916,199.5335302335286,27.780283829131942
98948e8c,1,d5657d48,3a9e1e22,2026-05-23 19:05:05.703944,383.4494533235531,42.018540394497734
98948e8c,2,f092aab0,ce20adb3,2026-05-23 19:05:05.703966,98.81552145212237,12.379799361413442
351dc6cb,1,bcd1dd3b,97b111d7,2026-05-23 19:05:05.703994,161.49362108250423,8.204825859063332
f241aa5a,1,272863cf,99c13bee,2026-05-23 19:05:05.704022,377.05808230626053,42.368308839804634
d8b79acc,1,7f779927,a9b0059e,2026-05-23 19:05:05.704050,135.4998978898176,8.625936219944357
47f9fc84,1,1792827c,33e748b3,2026-05-23 19:05:05.704078,188.662065380006,45.414988543141774
47f9fc84,2,78db85d2,45460435,2026-05-23 19:05:05.704100,419.57298390400916,18.15545522055569
d81b251b,1,0b95b346,2e90d858,2026-05-23 19:05:05.704128,374.2476111821826,19.05899795708914
d81b251b,2,b2673a73,2e90d858,2026-05-23 19:05:05.704162,215.92712851765333,30.884572769504224
64b48dec,1,b7f8c26d,b40b18bf,2026-05-23 19:05:05.704190,355.45483038035127,36.874920791576834
81cd497e,1,543b3a32,bd830d4e,2026-05-23 19:05:05.704223,234.23767471204178,39.458669526196694
2dc6f4b8,1,d6f5e7f4,15bfe12f,2026-05-23 19:05:05.704257,66.11523452298394,34.88226808679893
2dc6f4b8,2,f7a0c352,249a652c,2026-05-23 19:05:05.704280,288.50418391969407,31.79670955316327
f2e58a19,1,aad67ea5,b4998c55,2026-05-23 19:05:05.704308,173.67986330341978,10.892440021822754
b7c9ab48,1,1ca8e41b,15bfe12f,2026-05-23 19:05:05.704336,411.1535018856099,21.423150535531168
b7c9ab48,2,daca70db,16597aea,2026-05-23 19:05:05.704358,469.2047654905424,48.78110301959003
b7c9ab48,3,89cf41e1,95784c07,2026-05-23 19:05:05.704388,328.4480873898379,15.922217151396309
75b1e43c,1,b81d663e,9ea3a409,2026-05-23 19:05:05.704416,455.9528769427789,19.025087083296064
cdacbeaf,1,e0e01f58,15627973,2026-05-23 19:05:05.704444,136.70962063495958,34.17729885501891
42f54e62,1,b21e3120,249a652c,2026-05-23 19:05:05.704472,104.67820668453817,20.439122746586715
42f54e62,2,3bb56b00,180aa0cd,2026-05-23 19:05:05.704495,338.95329814156497,29.740940033257182
e05b9691,1,543b3a32,ea1be9b6,2026-05-23 19:05:05.704522,230.15005019760957,25.653648813768925
fbe8dbd6,1,b7ab2de3,97b111d7,2026-05-23 19:05:05.704552,407.0092022106248,13.22109572595256
fbe8dbd6,2,d3c419f1,110c0782,2026-05-23 19:05:05.704575,238.54814779287867,14.422720176239158
fbe8dbd6,3,e8915011,fb7e1c47,2026-05-23 19:05:05.704597,102.58604495758584,46.487193168845664
944f391a,1,f8c6bac7,16597aea,2026-05-23 19:05:05.704625,34.350074144919006,46.06034637663147
cfe4e3fd,1,1e9afbc6,fb7e1c47,2026-05-23 19:05:05.704665,326.0713760104241,39.553310786258386
5f221d4c,1,fd399d3f,bd830d4e,2026-05-23 19:05:05.704693,174.8110717907813,48.77983686116109
3f59035c,1,cae0b89b,c739947b,2026-05-23 19:05:05.704721,232.23698562477102,45.093574970906054
3a59572e,1,9571a4b9,bf313c0e,2026-05-23 19:05:05.704749,353.60614404559385,27.877453313034465
a6028e54,1,5e5d06a2,180aa0cd,2026-05-23 19:05:05.704789,99.89997477633159,12.479966721951335
0512b4ad,1,b4378c90,15bfe12f,2026-05-23 19:05:05.704817,21.75059716760641,38.46908986867062
c7260ad7,1,fbb41c14,9b360271,2026-05-23 19:05:05.704845,258.6603620190278,20.60141155832373
7f5aee00,1,982d53cd,bf313c0e,2026-05-23 19:05:05.704874,83.67352142249479,23.184846873527047
b0dedaa7,1,0010c2fe,30eaa364,2026-05-23 19:05:05.704902,301.10009164877096,45.61688503156919
f7e1697e,1,0d4ffb87,5e02fca9,2026-05-23 19:05:05.704930,334.5144367004471,37.66122732718943
8d79f965,1,6da265a9,3b2bdf38,2026-05-23 19:05:05.704958,459.2538864095449,37.65113825317912
8d79f965,2,1ec31fb7,da9dd43e,2026-05-23 19:05:05.704980,232.9227456950399,16.124263454147098
8d79f965,3,3efb1588,180aa0cd,2026-05-23 19:05:05.705002,493.319989494234,20.681970359866362
8b35b5cc,1,b124337a,9ea3a409,2026-05-23 19:05:05.705030,165.64301300776424,15.941983705711596
908f9f09,1,ca737cf4,33e748b3,2026-05-23 19:05:05.705058,364.81476927764743,35.61233893410937
7fb7bbb2,1,741f3878,ac8fa3d8,2026-05-23 19:05:05.705086,30.87254346865672,28.976306769901992
d3eb64d4,1,c92bce8f,08d65812,2026-05-23 19:05:05.705114,229.11222156083565,44.69534750671216
d3eb64d4,2,2016e8c0,bd830d4e,2026-05-23 19:05:05.705136,192.52372607182576,30.4389253341776
7c27eca8,1,5602319e,33e748b3,2026-05-23 19:05:05.705164,237.1140401289176,7.327500050351842
b865c669,1,e01d6e05,97b111d7,2026-05-23 19:05:05.705203,284.0269758490924,49.286492023761255
39394046,1,a45374ef,b4998c55,2026-05-23 19:05:05.705231,122.58692956841686,9.808919673577027
fcf4c0ac,1,ffe98fb2,ce20adb3,2026-05-23 19:05:05.705259,301.9390168593047,24.925244818307917
b0dda314,1,4555ffbd,9ea3a409,2026-05-23 19:05:05.705288,88.10315648735224,38.35329913638057
a9bdf9a2,1,8690917d,180aa0cd,2026-05-23 19:05:05.705316,288.626480980163,15.85521295040007
fc26d91c,1,8990aa61,9bfa8093,2026-05-23 19:05:05.705344,128.57291536027137,38.70477880990543
bd4d3f2a,1,e8a04814,62cdfa79,2026-05-23 19:05:05.705377,426.6735572942815,27.25326696737167
a993c516,1,eb1ad0e1,1b864e2e,2026-05-23 19:05:05.705405,220.96550512798194,31.758236755362372
3febbd42,1,1efe4014,5e6a3159,2026-05-23 19:05:05.705432,180.41107986487734,49.09620104500105
3834545e,1,e237c3e6,15bfe12f,2026-05-23 19:05:05.705461,321.3248649989493,32.9962216962631
c6fdb4ec,1,1e866d17,3a9e1e22,2026-05-23 19:05:05.705489,155.7336997404986,20.736148923882713
141f9725,1,23a926d8,15bfe12f,2026-05-23 19:05:05.705517,279.69404340392725,13.340278693469793
db110617,1,baf95375,fb7e1c47,2026-05-23 19:05:05.705544,449.9357054943845,47.889676877562636
91b5c2a8,1,428e3978,3a9e1e22,2026-05-23 19:05:05.705572,427.47911670520114,8.584919494495157
82f98186,1,3c62cc15,5e02fca9,2026-05-23 19:05:05.705600,344.37744758864886,37.78114621735611
82f98186,2,89f60b65,3d8cbaaa,2026-05-23 19:05:05.705626,447.93207647512014,17.96725798523781
82f98186,3,dd121367,3a9e1e22,2026-05-23 19:05:05.705648,226.54655826329466,36.68579709708719
acaeefa3,1,369f091e,a9b0059e,2026-05-23 19:05:05.705676,287.215411195784,18.409738333543366
66e8532a,1,453cd56b,9b360271,2026-05-23 19:05:05.705703,392.8226254132441,22.41977815255901
c341941d,1,65b6ef7a,0cd9ed1f,2026-05-23 19:05:05.705731,419.3708792852073,32.44164075083144
b9ee9186,1,d108b3e1,3b78784c,2026-05-23 19:05:05.705760,129.97245679133852,24.315400099113976
4417734a,1,0477d12a,62cdfa79,2026-05-23 19:05:05.705788,121.8433989159096,39.16252138459128
7eed7bf2,1,b21e3120,2b1a9a37,2026-05-23 19:05:05.705816,332.55970828487983,17.53595962733821
0a445800,1,c92bce8f,586281b8,2026-05-23 19:05:05.705844,38.82815552616776,43.958652456919566
d8f2c1d9,1,798444b8,da9dd43e,2026-05-23 19:05:05.705871,156.04633396356445,13.83744203527867
992f3a42,1,c898aa01,3b78784c,2026-05-23 19:05:05.705899,66.87163097915092,19.978896824724632
04e7b908,1,c14c2565,c739947b,2026-05-23 19:05:05.705927,483.99440729725694,9.716484546925459
04e7b908,2,03715a61,f3ab5934,2026-05-23 19:05:05.705949,231.0743225272402,13.766762232534754
04e7b908,3,a1ff7480,63b5cfb8,2026-05-23 19:05:05.705971,23.350779868153193,20.621309309531057
a4a0194c,1,0db1a5ea,bf313c0e,2026-05-23 19:05:05.706000,179.616029857964,9.115401387742917
4cfea5aa,1,1ec31fb7,67491841,2026-05-23 19:05:05.706028,89.7416656548102,13.959230513315834
4cfea5aa,2,19c33d19,f3ab5934,2026-05-23 19:05:05.706050,130.14390821592804,27.64880305549651
ef454f34,1,4a16a9b2,7ed1bfe7,2026-05-23 19:05:05.706078,237.6543022826647,34.87682697292234
ef454f34,2,a4cc70ff,15bfe12f,2026-05-23 19:05:05.706105,93.9162134531157,11.991322813909944
02673fdc,1,0558b9dd,95784c07,2026-05-23 19:05:05.706133,181.45701325906265,45.61525484230519
02673fdc,2,d06b3a63,180aa0cd,2026-05-23 19:05:05.706155,211.1714199250041,27.97014041606953
d5cc3adc,1,0c7d5c0d,30eaa364,2026-05-23 19:05:05.706183,443.9784013595438,12.241595324203875
4e7f8487,1,a2c79ce6,586281b8,2026-05-23 19:05:05.706215,46.974874057906,35.31938898033529
b8062abf,1,46ec6a2f,3b78784c,2026-05-23 19:05:05.706243,214.6636994349921,20.73144026712717
910c0063,1,84b3928b,f3ab5934,2026-05-23 19:05:05.706271,283.04550815177043,31.18453244757227
910c0063,2,457cb1c2,4e650515,2026-05-23 19:05:05.706293,141.22509569203447,34.5469996129554
3717f4d9,1,385cae5b,0cd9ed1f,2026-05-23 19:05:05.706322,53.42654766190512,8.179289286129679
2bbf9112,1,9196364e,4e650515,2026-05-23 19:05:05.706350,351.0366969491487,31.678386577832015
ee1a0758,1,864efcb0,1b864e2e,2026-05-23 19:05:05.706378,321.8459619017386,36.238935106810096
9ed2b02e,1,b1eadd47,bf313c0e,2026-05-23 19:05:05.706405,455.62378888413247,26.42331068218052
10929fca,1,646e5c19,99c13bee,2026-05-23 19:05:05.706453,209.39551122512637,44.916621491927515
9a9b628b,1,97a673c8,3d8cbaaa,2026-05-23 19:05:05.706481,281.90608363854403,46.887000829559064
9a9b628b,2,337e4c9d,16597aea,2026-05-23 19:05:05.706504,426.2485778113481,44.68132645234583
5bb5ac44,1,f5153864,bf313c0e,2026-05-23 19:05:05.706532,223.52604860310518,38.30301589266705
037c93b8,1,a4d8f4ec,9bfa8093,2026-05-23 19:05:05.706560,85.56810292915898,13.6545999966418
b8dd78ad,1,d108b3e1,15627973,2026-05-23 19:05:05.706588,279.59347646967865,42.8375739556971
02f30e0b,1,c46d0109,15bfe12f,2026-05-23 19:05:05.706616,276.04619617789774,42.41876149325299
02f30e0b,2,e2d2b752,fb7e1c47,2026-05-23 19:05:05.706638,207.13348349980612,20.88772332681106
67b24d3d,1,c07bc85b,3b78784c,2026-05-23 19:05:05.706666,432.63886712820374,19.318897746732024
329892dc,1,84b3928b,ea1be9b6,2026-05-23 19:05:05.706694,77.08210504146605,32.29913253973226
7ed9c16a,1,97a673c8,dc8f6fd7,2026-05-23 19:05:05.706722,457.7401230457305,18.28127958625276
22e84e68,1,14b98e41,110c0782,2026-05-23 19:05:05.706750,30.54395765483882,6.524336744743397
099806f3,1,1e9afbc6,0cd9ed1f,2026-05-23 19:05:05.706778,145.18334492592786,5.066748069451262
2bac39f1,1,d06b3a63,95784c07,2026-05-23 19:05:05.706806,125.31838678031514,19.99355003146839
6357489b,1,baf95375,586281b8,2026-05-23 19:05:05.706834,62.76967404280228,47.989761657688604
cc6f1979,1,b8caf64c,bf313c0e,2026-05-23 19:05:05.706862,311.80829124906575,10.292093224324502
85b6f83d,1,0b873518,62cdfa79,2026-05-23 19:05:05.706889,71.71328573413959,43.53086590790872
6821fe65,1,272863cf,c739947b,2026-05-23 19:05:05.706917,481.3350557013155,14.936298735905169
91887bcd,1,d218870d,180aa0cd,2026-05-23 19:05:05.706945,398.613643881678,23.332799344047945
91887bcd,2,275bb310,2e90d858,2026-05-23 19:05:05.706967,362.0937308545588,11.780988795661058
b14dfc20,1,55038fe2,9b360271,2026-05-23 19:05:05.706995,59.36007099659818,15.281600664829748
b14dfc20,2,79804949,110c0782,2026-05-23 19:05:05.707018,174.12102541959354,43.53475977408603
1f3e8c7b,1,8cb7dee8,a9b0059e,2026-05-23 19:05:05.707046,441.56455605757577,7.1782174545465445
7609f95b,1,4dceac83,62cdfa79,2026-05-23 19:05:05.707074,210.63536184870765,20.587515815315985
db8907da,1,db7ee15f,3b2bdf38,2026-05-23 19:05:05.707102,290.62017907654484,23.090414075957757
9f795ccb,1,eaf09bf2,45460435,2026-05-23 19:05:05.707130,402.1204882087595,16.438819826621728
f7967a56,1,eb354476,3b78784c,2026-05-23 19:05:05.707160,336.99295942875756,49.718607944111156
4599cd64,1,7cf68268,3d8cbaaa,2026-05-23 19:05:05.707188,81.06277511393296,30.438346726409446
8be372f9,1,d45a0f2d,a9b0059e,2026-05-23 19:05:05.707216,324.39353287445596,47.97635151615961
2b7c2fbe,1,0b1f8d64,45460435,2026-05-23 19:05:05.707244,380.83766199116087,47.95353544082315
d1da6d73,1,17b55e93,3d8cbaaa,2026-05-23 19:05:05.707272,251.41926905077395,15.60912066608187
12f401d2,1,c36c1712,0cd9ed1f,2026-05-23 19:05:05.707300,372.0532091532473,40.31990502818582
12f401d2,2,810bbb39,97b111d7,2026-05-23 19:05:05.707322,351.19272546893365,30.761468376316298
12f401d2,3,abb4e8a1,f3ab5934,2026-05-23 19:05:05.707344,384.74618341449843,46.76072651763955
c974d34c,1,5449ea46,62cdfa79,2026-05-23 19:05:05.707373,41.81919627095425,15.130355993847457
d3a3516a,1,f035dd6e,3b78784c,2026-05-23 19:05:05.707400,132.21414018132495,20.31188867433949
057a8ffd,1,af286d24,33e748b3,2026-05-23 19:05:05.707428,247.5890028952568,20.523626156302093
0b40005f,1,dd524de3,9ea3a409,2026-05-23 19:05:05.707456,177.39543497766203,36.9233443038871
60f800e5,1,d9027657,b4998c55,2026-05-23 19:05:05.707484,365.5183286717507,37.76115808303473
804b4426,1,8e1a7023,c739947b,2026-05-23 19:05:05.707512,131.5419068602836,42.66036815075928
804b4426,2,0d4f14be,1b864e2e,2026-05-23 19:05:05.707534,470.5345220421353,18.79940890035378
8a80a951,1,b87fd63c,aa58e7b1,2026-05-23 19:05:05.707562,73.65150829025255,48.263171228978365
dcbd5740,1,4a166bf0,249a652c,2026-05-23 19:05:05.707590,192.02339040877752,9.303519615409558
169669ff,1,39cdb41d,aa58e7b1,2026-05-23 19:05:05.707618,102.32329074064094,10.014206614814226
cfd24462,1,1ec31fb7,1b864e2e,2026-05-23 19:05:05.707646,95.43821187796519,31.16828437270338
cfd24462,2,a5c4c351,9bfa8093,2026-05-23 19:05:05.707668,225.14362622218619,31.564122186890454
aae654a7,1,d737a7ea,15627973,2026-05-23 19:05:05.707697,387.2245263374933,10.971491625730819
aae654a7,2,e4ee2fad,4e650515,2026-05-23 19:05:05.707719,127.10467034262501,27.16105261443684
aae654a7,3,b1eadd47,ce20adb3,2026-05-23 19:05:05.707741,490.2968239807584,46.28740990642901
3aa87593,1,b2ed138c,894b8626,2026-05-23 19:05:05.707768,287.3393558825053,40.643702524569754
3792fafc,1,d9ea54ef,fb7e1c47,2026-05-23 19:05:05.707797,27.017078080026877,9.736170613357123
cd51203d,1,5b037f38,3b78784c,2026-05-23 19:05:05.707825,114.79047948159176,7.3017983417397225
8dff03cd,1,84db25bf,586281b8,2026-05-23 19:05:05.707853,391.1009669088649,41.948939777752244
d6839195,1,864efcb0,4e650515,2026-05-23 19:05:05.707880,208.50070913466135,48.7630716573332
d08b1a9f,1,9b028803,5e6a3159,2026-05-23 19:05:05.707908,260.7524544059306,6.147613850425356
427db31a,1,c36c1712,2e90d858,2026-05-23 19:05:05.707936,313.79936705649914,48.62394848238426
2a73b4b1,1,3bb56b00,63b5cfb8,2026-05-23 19:05:05.707964,380.27666056420856,6.9645646221398945
4c6ad4ee,1,14b98e41,15bfe12f,2026-05-23 19:05:05.707991,381.6985572451962,32.04364927594576
e71ca241,1,eaf09bf2,b40b18bf,2026-05-23 19:05:05.708020,367.9843244788226,49.72621982361811
e71ca241,2,c9610a20,ac8fa3d8,2026-05-23 19:05:05.708042,363.0168144018372,18.424741465445646
e71ca241,3,365315d9,5e6a3159,2026-05-23 19:05:05.708064,457.7371553771942,43.399487938144325
65c8fdac,1,ae2bd5d6,249a652c,2026-05-23 19:05:05.708092,426.2593326126327,17.81032601931621
ae602e0c,1,efaf5996,dc8f6fd7,2026-05-23 19:05:05.708120,93.13111151360974,37.38942410435644
ae602e0c,2,8cb7dee8,ea1be9b6,2026-05-23 19:05:05.708142,89.28452103923647,25.580696223299995
deeed10b,1,e2d2b752,894b8626,2026-05-23 19:05:05.708171,235.56278936217456,32.574659459552265
deeed10b,2,b70e06f1,16597aea,2026-05-23 19:05:05.708195,121.78677832542527,26.00286695159061
08c313bf,1,8892d1d2,bf313c0e,2026-05-23 19:05:05.708223,32.65616082428822,46.757073721409405
acfb9677,1,96967213,08d65812,2026-05-23 19:05:05.708251,107.05997462935471,8.107059526016002
acfb9677,2,e3f461e3,99c13bee,2026-05-23 19:05:05.708285,308.9708044561728,38.02627376486542
d7b37825,1,7b66be87,5e02fca9,2026-05-23 19:05:05.708313,351.71785927790444,28.266005198658686
a193d036,1,2f8dbd79,5e6a3159,2026-05-23 19:05:05.708341,238.7249894677701,25.93047346630307
6de3a145,1,4a16a9b2,15627973,2026-05-23 19:05:05.708372,22.41662532501529,46.573129082078545
6539c884,1,ac9d25dc,3b2bdf38,2026-05-23 19:05:05.708400,63.63070268428881,7.098620001367577
19b52cd9,1,84f6f25e,95784c07,2026-05-23 19:05:05.708428,316.39273040397245,34.304814912378724
19b52cd9,2,55e6c6a5,95784c07,2026-05-23 19:05:05.708450,419.9581587018126,14.631361612737553
408e30c2,1,dee1e0c5,7ed1bfe7,2026-05-23 19:05:05.708478,164.20487692532086,25.846092118215566
f2a90256,1,d4d390ec,30eaa364,2026-05-23 19:05:05.708506,105.7716560793341,35.77653648427293
ebdc4d32,1,ebf07848,dc8f6fd7,2026-05-23 19:05:05.708534,312.76732362177665,33.62529456228319
246ce34e,1,f913184c,30eaa364,2026-05-23 19:05:05.708562,445.3183595799739,7.382695902994957
6aeb01f9,1,b1e2187e,dc8f6fd7,2026-05-23 19:05:05.708590,325.9394760449344,34.86451311180048
08653ecc,1,0c7d5c0d,ce20adb3,2026-05-23 19:05:05.708618,30.462304751734628,41.49722236860467
08653ecc,2,3517bafa,95784c07,2026-05-23 19:05:05.708640,426.60311340683865,39.91932273474262
43f9bf58,1,de6426fe,9644a854,2026-05-23 19:05:05.708668,22.48222600163677,33.98927670077362
a74c6456,1,55e6c6a5,3a9e1e22,2026-05-23 19:05:05.708696,439.66019558409005,30.50333936305789
a74c6456,2,4d223d3c,110c0782,2026-05-23 19:05:05.708718,403.1913757160275,27.166731518491407
951374b5,1,8c7a1f1a,3d8cbaaa,2026-05-23 19:05:05.708746,239.49788405338015,5.875890656920198
64206266,1,b85caafc,110c0782,2026-05-23 19:05:05.708774,99.35114284279479,12.240717553638442
4b0d344b,1,ed8c7d6f,99c13bee,2026-05-23 19:05:05.708802,412.4211376763351,39.17108609999248
dbe38073,1,176a9f25,c739947b,2026-05-23 19:05:05.708830,57.29428753110376,25.996180377295243
53c251c0,1,33245b0c,67491841,2026-05-23 19:05:05.708858,248.86201316052643,6.83363649298647
53c251c0,2,b81d663e,bf313c0e,2026-05-23 19:05:05.708880,23.5915063665788,38.150641564748696
39261f48,1,30592970,0cd9ed1f,2026-05-23 19:05:05.708913,479.8667691420944,43.05429236949618
0307076e,1,a7664c7d,b4998c55,2026-05-23 19:05:05.708941,300.4217066487518,32.368249751344514
f51256c6,1,b327f5b3,15bfe12f,2026-05-23 19:05:05.708969,355.5087578721147,8.923742776619482
d4195f91,1,79a42933,3b78784c,2026-05-23 19:05:05.708997,208.7364530391384,31.241110885669578
60eda27e,1,1bff1a8c,a9b0059e,2026-05-23 19:05:05.709025,65.35319427104506,41.134268188556625
8d35bb4e,1,e8915011,a9b0059e,2026-05-23 19:05:05.709053,208.27560519802864,29.611503308527283
3593f948,1,de6426fe,3b2bdf38,2026-05-23 19:05:05.709081,425.69300670406744,18.306334527354938
2f82f26b,1,e08b6212,ea1be9b6,2026-05-23 19:05:05.709108,90.27593634220605,40.00172384857497
d30927ad,1,d4986c37,30eaa364,2026-05-23 19:05:05.709136,388.5845431135924,11.618289205865436
d30927ad,2,d96a25fc,c739947b,2026-05-23 19:05:05.709159,418.25304620236255,49.01803525579199
d30927ad,3,2434d7e9,97b111d7,2026-05-23 19:05:05.709181,247.22148768643095,18.027231492344434
7564a418,1,34384d23,45460435,2026-05-23 19:05:05.709209,453.384759061274,16.19643601094864
35fbc5a6,1,06c13985,66e13682,2026-05-23 19:05:05.709237,236.20835040354277,7.390909072346125
35fbc5a6,2,741f3878,63b5cfb8,2026-05-23 19:05:05.709260,432.0327833905672,41.43130752036174
5610d393,1,19c33d19,15bfe12f,2026-05-23 19:05:05.709288,493.50007746653205,23.45266687029262
b16a3c3f,1,f9a59579,16597aea,2026-05-23 19:05:05.709315,336.90936327778996,45.111426705488896
4add87a4,1,ffa23f58,0cd9ed1f,2026-05-23 19:05:05.709343,335.8206908091627,35.713536916107685
4add87a4,2,06c13985,63b5cfb8,2026-05-23 19:05:05.709365,194.5909968363072,45.80853062523907
129c79ce,1,662fc2a5,bf313c0e,2026-05-23 19:05:05.709393,70.04115914404622,16.084249967042865
e5eb06e0,1,3c62cc15,3b2bdf38,2026-05-23 19:05:05.709422,65.98992686990984,11.918994996896886
c6a1f099,1,0d4ffb87,9b360271,2026-05-23 19:05:05.709450,101.45781992557274,13.029618428923367
e350e428,1,02eb7d58,95784c07,2026-05-23 19:05:05.709478,454.0877440321088,28.84177350239385
e87d954d,1,86b13fa3,5e6a3159,2026-05-23 19:05:05.709506,362.4609377169677,34.19121150208125
ac801839,1,79804949,2b1a9a37,2026-05-23 19:05:05.709534,121.51618127577491,31.710999880397566
47ecdb27,1,f2d5a45e,fb7e1c47,2026-05-23 19:05:05.709562,127.29762654723174,18.556435491583553
87604e98,1,72305100,15627973,2026-05-23 19:05:05.709590,392.29162465096033,30.732922865357246
3df07ea1,1,9c04b1ec,33e748b3,2026-05-23 19:05:05.709618,176.41814661351023,42.64258886150221
763364f2,1,3c194590,4e650515,2026-05-23 19:05:05.709646,404.69377018063983,13.05746277197556
e7874b41,1,b7f8c26d,97b111d7,2026-05-23 19:05:05.709674,122.39047802490133,46.368558794147944
e7874b41,2,4555ffbd,aa58e7b1,2026-05-23 19:05:05.709696,492.88299332770646,32.44004270407471
e7874b41,3,3386bf02,16597aea,2026-05-23 19:05:05.709718,347.58571844238145,18.01860115198856
35ee52f6,1,e384dc23,16597aea,2026-05-23 19:05:05.709746,104.59864023211483,46.56061565538075
b79f73c5,1,a4ec77b1,ea1be9b6,2026-05-23 19:05:05.709774,421.3132670206865,14.528870989166041
b79f73c5,2,ae0f5524,2e90d858,2026-05-23 19:05:05.709796,388.417005900961,19.71187756552896
55120ae9,1,b1e2187e,4e650515,2026-05-23 19:05:05.709824,495.00866244431927,30.46899716721117
b9c1f3d3,1,1da4bd30,b40b18bf,2026-05-23 19:05:05.709852,331.3517881274316,36.56208254778118
3dfe0d5b,1,3386bf02,c739947b,2026-05-23 19:05:05.709880,433.4136858799981,34.182091680119335
3dfe0d5b,2,15854b16,16597aea,2026-05-23 19:05:05.709902,346.066632501242,34.99544558117625
8ec14ce1,1,d2c057d7,110c0782,2026-05-23 19:05:05.709958,119.94308668995542,45.46057014434088
c23eb342,1,b7e09b7b,97b111d7,2026-05-23 19:05:05.709986,201.0689911318541,39.368126370234336
dc9724a7,1,ca3f9970,110c0782,2026-05-23 19:05:05.710013,106.17537655742498,27.086789311917446
69eba34a,1,6502b540,da9dd43e,2026-05-23 19:05:05.710045,413.94288804389623,38.99961286346975
855d6557,1,d554f362,110c0782,2026-05-23 19:05:05.710072,429.06814899596753,34.25465706429251
561505a5,1,85e2c5d9,aa58e7b1,2026-05-23 19:05:05.710100,102.87270810289492,35.68613302407936
b3ce5fed,1,d554f362,7ed1bfe7,2026-05-23 19:05:05.710128,178.68602208513695,20.655851974093924
f1f2330a,1,19c33d19,97b111d7,2026-05-23 19:05:05.710156,113.94811178733461,12.164392787742027
21322e4d,1,a0a8781f,fb7e1c47,2026-05-23 19:05:05.710184,227.6186020715256,33.044127843539734
c8e736b5,1,8cb7dee8,5e6a3159,2026-05-23 19:05:05.710212,33.29728100384276,22.305480461835963
c8e736b5,2,4bbadaeb,62cdfa79,2026-05-23 19:05:05.710234,262.43451754183445,28.859852683052864
018715a5,1,97385578,da9dd43e,2026-05-23 19:05:05.710262,46.14878673824903,30.238705631614696
cf33f7f2,1,14e8ac65,fb7e1c47,2026-05-23 19:05:05.710309,369.6051963574547,28.39641246937157
fc8c5750,1,96de232f,66e13682,2026-05-23 19:05:05.710337,268.7295070458473,40.11375903273181
fc8c5750,2,ce118617,99c13bee,2026-05-23 19:05:05.710360,31.148952697658068,26.767932064368157
94d95651,1,b70e06f1,33e748b3,2026-05-23 19:05:05.710388,494.6240934261475,13.013442354167871
94d95651,2,864efcb0,62cdfa79,2026-05-23 19:05:05.710410,27.977029227833707,7.265925568787683
62195230,1,77bc82f2,99c13bee,2026-05-23 19:05:05.710438,435.8978480093254,48.54403472639849
f230e698,1,8f86fffc,ea1be9b6,2026-05-23 19:05:05.710469,378.5261653254832,15.823750989842813
f230e698,2,3517bafa,15bfe12f,2026-05-23 19:05:05.710492,476.5449484871829,38.800748077700646
89acef8a,1,ed8c7d6f,63b5cfb8,2026-05-23 19:05:05.710520,483.90974930846704,9.354115369136796
ea6d2be2,1,369f091e,97b111d7,2026-05-23 19:05:05.710547,363.94726264207117,24.889084332843378
2b07f624,1,89f60b65,3b2bdf38,2026-05-23 19:05:05.710575,450.8261624524805,48.041081087174646
cb60fb9d,1,089642f6,45460435,2026-05-23 19:05:05.710603,484.81842071372336,48.138123279550626
afa87cf7,1,a6aaaf27,9644a854,2026-05-23 19:05:05.710631,468.8590506306139,38.45770822705323
748ce146,1,d58037ff,f3ab5934,2026-05-23 19:05:05.710659,402.1458249662369,9.737654408883806
d64b3f56,1,f2d5a45e,67491841,2026-05-23 19:05:05.710687,444.1241534969621,30.634414804491144
3d332f06,1,ac9c63b6,08d65812,2026-05-23 19:05:05.710715,388.6306419905747,11.91041408092952
dc327ec1,1,8f11fcf0,62cdfa79,2026-05-23 19:05:05.710742,278.1124443720935,6.726422586383412
dc327ec1,2,43646648,ce20adb3,2026-05-23 19:05:05.710764,78.92761121758431,33.490479131410964
70a14b5e,1,ea4a85f7,2b1a9a37,2026-05-23 19:05:05.710792,460.23904191008836,40.30267062740026
57974dda,1,96967213,c739947b,2026-05-23 19:05:05.710820,294.629988200335,11.090604323515503
c8d02178,1,6dc89fae,5e02fca9,2026-05-23 19:05:05.710849,251.1726435773217,24.195354809065176
c4e05abf,1,b87fd63c,97b111d7,2026-05-23 19:05:05.710877,353.2692224161261,26.521732757889318
c4e05abf,2,a0a8781f,3a9e1e22,2026-05-23 19:05:05.710899,135.69967892272672,14.110396879546002
099da1b4,1,0c7d5c0d,ce20adb3,2026-05-23 19:05:05.710926,104.47231956989259,47.34258800769965
dbedca38,1,16cf8ae8,16597aea,2026-05-23 19:05:05.710954,323.9332708836085,24.815942328226875
1f17935c,1,a1ff7480,aa58e7b1,2026-05-23 19:05:05.710982,342.7556845953354,12.04625084490472
544ccd7e,1,7ed1283e,a9b0059e,2026-05-23 19:05:05.711010,411.77264584570025,12.77073791960444
6b3bfebb,1,741f3878,30eaa364,2026-05-23 19:05:05.711038,151.87041719660922,9.196634696843184
2c8a7ce3,1,ad8d092f,9b360271,2026-05-23 19:05:05.711068,455.4101890628117,23.525407096086752
2c8a7ce3,2,419673b9,15bfe12f,2026-05-23 19:05:05.711089,235.21112061803987,32.56218914814526
d2161598,1,84f6f25e,15bfe12f,2026-05-23 19:05:05.711117,222.76812507140906,47.63747662255257
1ff04a41,1,e01d6e05,9ea3a409,2026-05-23 19:05:05.711146,175.93583904211005,31.314281090531512
ff53452a,1,8e1a7023,3b78784c,2026-05-23 19:05:05.711174,300.8020477709304,21.450318812508556
3006aa45,1,ad8d092f,9b360271,2026-05-23 19:05:05.711201,228.55463399124463,42.77601448230528
3006aa45,2,ac9c63b6,5e02fca9,2026-05-23 19:05:05.711224,330.29305882627534,21.849667068621635
3006aa45,3,d414418d,5e02fca9,2026-05-23 19:05:05.711246,374.3262672761388,37.23101287450095
477c1676,1,d45a0f2d,30eaa364,2026-05-23 19:05:05.711274,278.39218400413824,38.606693186767345
d36b04ad,1,ab12b3b8,ce20adb3,2026-05-23 19:05:05.711302,453.81308835359806,32.44497697851365
2c57c0ff,1,a5c4c351,586281b8,2026-05-23 19:05:05.711329,314.0284379217341,8.13362735774472
b39b463c,1,385cae5b,45460435,2026-05-23 19:05:05.711357,358.16059123906484,45.18723313570836
41eadaa6,1,30aef8b8,2e90d858,2026-05-23 19:05:05.711385,312.21652478595894,31.84166350384909
41eadaa6,2,fd29b273,0cd9ed1f,2026-05-23 19:05:05.711407,301.75003957572693,46.691969655377044
6eb6fdf5,1,b61d752f,bf313c0e,2026-05-23 19:05:05.711435,72.95241092822066,27.511007188264117
3187be4e,1,0558b9dd,07a21a6e,2026-05-23 19:05:05.711463,53.52313169502595,16.859197183252448
3187be4e,2,239148df,63b5cfb8,2026-05-23 19:05:05.711486,287.6115729726721,46.133205361080975
18d4fa33,1,1ec31fb7,894b8626,2026-05-23 19:05:05.711514,324.1011199556993,34.89913102250085
18d4fa33,2,542cbb30,9bfa8093,2026-05-23 19:05:05.711536,179.8239231003688,18.004525052429475
93464a81,1,ebe11d69,07a21a6e,2026-05-23 19:05:05.711564,218.8384575324599,19.44808449946084
37a3a445,1,efe58b44,33e748b3,2026-05-23 19:05:05.711592,49.166811214683136,32.74241472213575
37a3a445,2,ba991e10,586281b8,2026-05-23 19:05:05.711614,489.7178386272114,11.500028870514996
8343aad4,1,55e6c6a5,3a9e1e22,2026-05-23 19:05:05.711642,338.8709495305921,44.421019696384946
8343aad4,2,b2ed138c,c739947b,2026-05-23 19:05:05.711666,185.80852750373538,36.74164110420701
db689649,1,97a673c8,110c0782,2026-05-23 19:05:05.711695,470.133085147671,17.334025151059514
137bed25,1,7498b701,bd830d4e,2026-05-23 19:05:05.711722,190.4478862719011,22.085756154464296
987859c6,1,8e1a7023,ea1be9b6,2026-05-23 19:05:05.711751,319.95657863932576,11.065742594722723
36ea67c8,1,25e8e9d0,15627973,2026-05-23 19:05:05.711779,203.7029439025385,15.091926203654733
36ea67c8,2,36e830ef,16597aea,2026-05-23 19:05:05.711801,223.31163976600877,47.99154422193275
36ea67c8,3,d4986c37,fb7e1c47,2026-05-23 19:05:05.711823,433.64918441846083,6.59205047875991
b900783b,1,73bdc762,bd830d4e,2026-05-23 19:05:05.711862,434.5109755247565,32.43348017695525
15055d75,1,bcd1dd3b,63b5cfb8,2026-05-23 19:05:05.711901,295.9103180834994,9.86081817878201
8bb68f4a,1,457cb1c2,f3ab5934,2026-05-23 19:05:05.711929,236.48755823186207,44.18555482690494
3ae3bd5a,1,b70e06f1,0cd9ed1f,2026-05-23 19:05:05.711958,121.36180928091343,28.07088575203002
f3751a9f,1,81898926,3b78784c,2026-05-23 19:05:05.711986,154.35322027675613,6.98896703514538
59bd47fe,1,55e6c6a5,15bfe12f,2026-05-23 19:05:05.712014,82.90903937952125,11.002313773268634
1e712ce1,1,fa76f6ba,da9dd43e,2026-05-23 19:05:05.712042,213.79169581873708,17.048104467799227
1e712ce1,2,a2c79ce6,45460435,2026-05-23 19:05:05.712064,306.1111527958655,23.818348488177175
1e712ce1,3,7b72f050,fb7e1c47,2026-05-23 19:05:05.712086,356.20480814914634,47.739951539875335
d5c1de36,1,b426fb84,99c13bee,2026-05-23 19:05:05.712114,351.8680691971097,29.19695171333201
d5c1de36,2,34734614,1b864e2e,2026-05-23 19:05:05.712136,56.83248968610382,9.127822692837503
1fb18dc5,1,a81b9a61,fb7e1c47,2026-05-23 19:05:05.712168,287.7611949556865,14.636334384543588
1fb18dc5,2,6502b540,97b111d7,2026-05-23 19:05:05.712190,386.5010499582765,5.372704607567811
1fb18dc5,3,aea8df35,da9dd43e,2026-05-23 19:05:05.712212,243.10266862472676,25.84237856868067
a0d1e4cd,1,089642f6,15627973,2026-05-23 19:05:05.712240,154.94971611497556,22.36481697845723
547a0733,1,8cb7dee8,7ed1bfe7,2026-05-23 19:05:05.712268,213.95597450213413,39.86815195339824
4a00dc17,1,ef4d75a2,3d8cbaaa,2026-05-23 19:05:05.712296,26.988320082307915,40.49627174367613
4a00dc17,2,20d3e294,95784c07,2026-05-23 19:05:05.712332,118.95638951774674,27.443526013014623
c4118cc9,1,819f6726,f3ab5934,2026-05-23 19:05:05.712361,495.4213186875315,32.750743310082726
c4118cc9,2,0b7e335b,3b2bdf38,2026-05-23 19:05:05.712383,161.54687737632844,5.4972978187564
eaabd84f,1,e8a04814,5e02fca9,2026-05-23 19:05:05.712411,268.0708905116123,29.196700429039836
0c9d506b,1,ba991e10,586281b8,2026-05-23 19:05:05.712439,284.1218931200994,35.59764316363459
0c9d506b,2,22b3d235,30eaa364,2026-05-23 19:05:05.712461,354.99227668209977,28.975010457622204
cc36adf1,1,0f4d7fa4,3b2bdf38,2026-05-23 19:05:05.712489,137.72730276705042,34.44092742487867
0162ff28,1,190fd57b,9b360271,2026-05-23 19:05:05.712517,356.27313090541065,43.6102399056225
b55b8f19,1,e0e01f58,67491841,2026-05-23 19:05:05.712545,177.08514020774768,9.175457397056274
9d5b1460,1,7ed1283e,894b8626,2026-05-23 19:05:05.712573,286.22185600374075,24.05950201152864
70992ee9,1,a7664c7d,15bfe12f,2026-05-23 19:05:05.712600,94.26591212889508,15.621121205833646
f99b5df3,1,34384d23,b40b18bf,2026-05-23 19:05:05.712628,40.452131925745064,14.4475475167771
31c61f90,1,1b9d7f55,15bfe12f,2026-05-23 19:05:05.712656,370.60493721507044,36.40944259377502
70bdbaeb,1,9cd99410,67491841,2026-05-23 19:05:05.712684,54.1319511582461,27.187578653357903
70bdbaeb,2,7498b701,0cd9ed1f,2026-05-23 19:05:05.712706,189.94886271084295,34.84386734504962
a8b97362,1,f5153864,ac8fa3d8,2026-05-23 19:05:05.712734,383.39916115488205,40.41575397291928
0eee93d6,1,84329c95,07a21a6e,2026-05-23 19:05:05.712762,357.6829091093809,43.96586628561694
dd13c9cc,1,81898926,9b360271,2026-05-23 19:05:05.712790,496.0162864526687,6.285470002117281
dd13c9cc,2,0b9e4648,30eaa364,2026-05-23 19:05:05.712819,182.07848587192433,15.760613156601734
53924c59,1,a45b8c85,110c0782,2026-05-23 19:05:05.712857,191.79815403142723,46.29995358545537
4067ed96,1,ebe11d69,45460435,2026-05-23 19:05:05.712885,150.480895866538,29.574937158300717
1b83f0d1,1,964d9148,33e748b3,2026-05-23 19:05:05.712917,362.35483210618327,44.320394204118685
8c548899,1,33003285,16597aea,2026-05-23 19:05:05.712944,274.03894268607314,12.990474832759288
6b5e01be,1,15854b16,62cdfa79,2026-05-23 19:05:05.712973,88.3681546555678,21.913546295995264
4f66bbbf,1,aea8df35,9ea3a409,2026-05-23 19:05:05.713001,156.35752831820759,34.95675914370238
4f66bbbf,2,fbae8b7e,66e13682,2026-05-23 19:05:05.713023,214.0869393037479,6.010337902162693
bc2e3600,1,e34a8487,da9dd43e,2026-05-23 19:05:05.713063,241.2661398678639,36.533264388155686
bc2e3600,2,af8f94ee,99c13bee,2026-05-23 19:05:05.713085,261.8292918002212,24.748953885493485
05dd140d,1,9b028803,99c13bee,2026-05-23 19:05:05.713113,259.2484556811019,18.307060565601066
ea39de0a,1,ba991e10,67491841,2026-05-23 19:05:05.713141,25.87117928356358,17.659599285259716
0fc70fb8,1,0b95b346,ac8fa3d8,2026-05-23 19:05:05.713169,284.9205776303698,25.77258568267323
dde515f2,1,179bd7d2,0cd9ed1f,2026-05-23 19:05:05.713197,86.01692988040135,26.884403116565636
ac9a7b7c,1,b1e2187e,f3ab5934,2026-05-23 19:05:05.713225,216.37185618433165,48.394143450668096
ac9a7b7c,2,9b028803,1b864e2e,2026-05-23 19:05:05.713247,255.41800982948996,16.182085363944417
ae7127bb,1,a1372f50,7ed1bfe7,2026-05-23 19:05:05.713275,463.8932654035895,22.84421238655611
e468067d,1,6fea26cd,62cdfa79,2026-05-23 19:05:05.713313,299.9126036759321,41.901954516340716
2a8728cf,1,0477d12a,95784c07,2026-05-23 19:05:05.713341,433.01469534769893,29.646820728835017
2a8728cf,2,14e8ac65,bf313c0e,2026-05-23 19:05:05.713363,459.7551559866203,22.524498098089765
6f557d3f,1,d3487b0c,ce20adb3,2026-05-23 19:05:05.713391,204.6602590455571,6.9721417643522265
4ce564b7,1,e01d6e05,33e748b3,2026-05-23 19:05:05.713420,317.8531109438782,5.582782292584078
3b8f4b50,1,3eb38518,62cdfa79,2026-05-23 19:05:05.713449,366.5745668661864,30.338230140923596
62bc64c8,1,33245b0c,c739947b,2026-05-23 19:05:05.713477,75.45364152430363,45.42650462310962
81f1b590,1,53cc4a10,99c13bee,2026-05-23 19:05:05.713504,184.58600956037645,46.36577823030884
4c8f3383,1,97385578,da9dd43e,2026-05-23 19:05:05.713540,411.5880176404097,35.8201388196345
6fe2ff39,1,1c88cf70,c739947b,2026-05-23 19:05:05.713576,74.6256935029114,20.15482127407827
7c36c725,1,8b9e19ff,ea1be9b6,2026-05-23 19:05:05.713604,88.54052576571058,11.861555751678326
96eb4335,1,d5657d48,9b360271,2026-05-23 19:05:05.713632,284.61891303471316,40.32016713961913
96eb4335,2,f55f8f48,bf313c0e,2026-05-23 19:05:05.713654,474.2081029075812,45.719620339496366
44fdeca7,1,cec4fb47,0cd9ed1f,2026-05-23 19:05:05.713682,474.8413694858377,28.460777889825774
44fdeca7,2,861b3ce2,bd830d4e,2026-05-23 19:05:05.713704,241.77594219908207,47.91001695430075
ab3f293b,1,8bf4bda1,586281b8,2026-05-23 19:05:05.713732,62.48952672023712,44.47958206661365
0b86b4af,1,e2d2b752,99c13bee,2026-05-23 19:05:05.713760,233.82880898746686,35.7387798625213
c25497d2,1,2016e8c0,62cdfa79,2026-05-23 19:05:05.713789,52.28350133176656,24.811985431030106
aa74c043,1,f0fa7368,9bfa8093,2026-05-23 19:05:05.713821,255.38626793916993,25.653800040717336
8a3a7ab3,1,77bc82f2,dc8f6fd7,2026-05-23 19:05:05.713852,191.33557541146936,8.609117614993382
33ee199a,1,0b1f8d64,4e650515,2026-05-23 19:05:05.713890,295.46645162323597,34.6598405662325
7b2b53c4,1,b3824fcb,62cdfa79,2026-05-23 19:05:05.713923,157.8786787391886,12.580382854050486
d575cdb4,1,354b510a,249a652c,2026-05-23 19:05:05.713951,445.2292789115797,22.323022472095513
d2bd04da,1,74cee2e1,0cd9ed1f,2026-05-23 19:05:05.713979,214.834714429945,15.465512803388396
886a92b1,1,0b873518,30eaa364,2026-05-23 19:05:05.714007,338.7908633958856,33.73314353801566
7a4d047e,1,63728634,a9b0059e,2026-05-23 19:05:05.714035,99.1718626855217,38.82174931886206
7a4d047e,2,74cee2e1,99c13bee,2026-05-23 19:05:05.714057,288.1284252530048,8.46851942684268
5fc09dde,1,67ae5ce4,586281b8,2026-05-23 19:05:05.714085,70.39210949240164,18.799997219693658
672a0d9a,1,efe58b44,9644a854,2026-05-23 19:05:05.714113,179.68645048625436,27.24350832148243
2e9740e7,1,4c0b1c75,3b78784c,2026-05-23 19:05:05.714141,406.3507482742245,42.430765863288485
798421b7,1,a799b7d2,66e13682,2026-05-23 19:05:05.714169,197.9116777570094,36.590237175884496
798421b7,2,c1997843,08d65812,2026-05-23 19:05:05.714191,39.08072553433057,20.074588855956808
798421b7,3,176a9f25,f3ab5934,2026-05-23 19:05:05.714213,75.89813296548975,33.59960816955961
60c2a993,1,f913184c,3b2bdf38,2026-05-23 19:05:05.714241,75.2728041414565,16.127726664333778
7fd30a1d,1,089642f6,62cdfa79,2026-05-23 19:05:05.714269,244.80581523429296,47.959949269264804
5b722584,1,2082d9d2,3b2bdf38,2026-05-23 19:05:05.714297,490.91849073510735,29.32801984371055
2a43e942,1,ae2bd5d6,62cdfa79,2026-05-23 19:05:05.714325,462.36233815768213,17.423448557380127
65b631a1,1,7122197c,ce20adb3,2026-05-23 19:05:05.714361,278.1375363799905,31.00053038685813
b548a3b6,1,59c6855b,33e748b3,2026-05-23 19:05:05.714389,105.77465452665973,43.026173870931466
4f63dabf,1,26c3d826,2b1a9a37,2026-05-23 19:05:05.714417,286.8705202163585,20.481869773124092
1ab9f00b,1,30fb7ca7,07a21a6e,2026-05-23 19:05:05.714445,121.50972842510131,11.034333106364699
c3486aba,1,fe6d693f,9bfa8093,2026-05-23 19:05:05.714472,257.70773455056093,39.268513230056996
c3486aba,2,c9faca17,aa58e7b1,2026-05-23 19:05:05.714495,324.73984662432827,12.354482612662165
8b349d4f,1,2269c4dd,15bfe12f,2026-05-23 19:05:05.714522,120.69739440517154,26.760042720929423
461122cf,1,85e2c5d9,110c0782,2026-05-23 19:05:05.714550,123.84420777549323,49.0141370232421
3bdf9bf2,1,76a498f4,180aa0cd,2026-05-23 19:05:05.714578,196.62921072976633,8.052778240356249
3bdf9bf2,2,eaf09bf2,15bfe12f,2026-05-23 19:05:05.714600,311.3901852861736,32.393143751534545
3bdf9bf2,3,f0766c58,0cd9ed1f,2026-05-23 19:05:05.714622,345.01680145799315,43.08524705912108
5338d3cf,1,a5d3f66d,3d8cbaaa,2026-05-23 19:05:05.714655,491.4617764296837,17.25607570632494
a8de785d,1,8d1a49eb,66e13682,2026-05-23 19:05:05.714683,169.54334324520022,8.51337007138436
add89195,1,c898aa01,110c0782,2026-05-23 19:05:05.714711,130.62389475343522,37.87718802979552
add89195,2,25e8e9d0,15627973,2026-05-23 19:05:05.714733,135.33217303922387,9.662731414732157
adac03eb,1,200524a6,ce20adb3,2026-05-23 19:05:05.714761,190.45367899948155,38.98667142487565
adac03eb,2,622da96f,07a21a6e,2026-05-23 19:05:05.714783,394.68894450670683,38.42528619478233
adac03eb,3,275bb310,3b2bdf38,2026-05-23 19:05:05.714805,145.14893835556572,33.5641482626731
1d374992,1,0e7cc150,33e748b3,2026-05-23 19:05:05.714833,394.06974361130716,10.394443748756766
e2051eca,1,4dceac83,67491841,2026-05-23 19:05:05.714860,441.66874664968907,13.402709255279989
45503c25,1,fbae8b7e,95784c07,2026-05-23 19:05:05.714888,87.80100911343872,30.897307619998475
bb84c146,1,675b3cbf,c739947b,2026-05-23 19:05:05.714916,430.0617013656152,39.06399784959876
fcc78f30,1,fdf27c4c,1b864e2e,2026-05-23 19:05:05.714944,91.43167440346629,30.080060076914307
fcc78f30,2,4d223d3c,33e748b3,2026-05-23 19:05:05.714976,73.09949911833259,15.524968172411542
80640303,1,fd399d3f,16597aea,2026-05-23 19:05:05.715004,309.6623857849456,31.62894908995797
c9d28686,1,1ce90747,9b360271,2026-05-23 19:05:05.715032,429.08918874659156,45.84906720815768
7782bd04,1,3726cc61,15627973,2026-05-23 19:05:05.715059,39.378341810650724,45.541854974164394
d2037215,1,26e8d692,62cdfa79,2026-05-23 19:05:05.715087,429.6667510117456,48.77362795825739
98e69dcc,1,b33edcc7,110c0782,2026-05-23 19:05:05.715115,273.88932307490836,9.38299747362243
1fc5cf69,1,85e2c5d9,da9dd43e,2026-05-23 19:05:05.715143,137.9173071577906,36.84121308815862
cfb4f151,1,6b99e29d,3b2bdf38,2026-05-23 19:05:05.715171,390.5812332673142,47.26921029990148
09d7f3ca,1,a7664c7d,16597aea,2026-05-23 19:05:05.715200,150.45420054572878,48.686317008921236
9fd459fa,1,dee1e0c5,180aa0cd,2026-05-23 19:05:05.715227,465.37717366338524,37.38328675717712
1e8dfade,1,19c33d19,5e6a3159,2026-05-23 19:05:05.715256,437.44670060627305,37.25981104898065
1e8dfade,2,622da96f,67491841,2026-05-23 19:05:05.715278,23.500306156098407,49.19586362562526
e16d1e22,1,1ca8e41b,67491841,2026-05-23 19:05:05.715306,473.43494849710396,21.614344411914658
ee7fa0ca,1,b95f3fdf,16597aea,2026-05-23 19:05:05.715333,180.60004238056902,36.16890456877075
52339949,1,81dbafcf,9bfa8093,2026-05-23 19:05:05.715365,235.68770505202266,30.221763271908152
495d08e5,1,33eccda0,bd830d4e,2026-05-23 19:05:05.715393,373.5686340730981,38.232545613799616
dbd4facd,1,8d1a49eb,c739947b,2026-05-23 19:05:05.715421,74.01093844071808,18.983941108625345
6082c175,1,21337267,a9b0059e,2026-05-23 19:05:05.715449,30.69860831035612,10.450990384530124
2f4cf643,1,f5040716,b40b18bf,2026-05-23 19:05:05.715477,393.83598248139697,10.523833734727738
d838b8a0,1,ba4ae1ef,bd830d4e,2026-05-23 19:05:05.715505,481.29605826750173,17.103376226351337
7f27e9cb,1,6096faed,da9dd43e,2026-05-23 19:05:05.715533,433.41430883272113,15.205624630020075
63ce0165,1,8b9e19ff,b40b18bf,2026-05-23 19:05:05.715560,227.25168118460167,48.75495742078561
63ce0165,2,c6773b2b,3d8cbaaa,2026-05-23 19:05:05.715583,174.3132580940122,34.15666503499418
004af778,1,34384d23,ce20adb3,2026-05-23 19:05:05.715611,446.12112223519205,41.984666763529525
2c6d634c,1,a1ff7480,15627973,2026-05-23 19:05:05.715639,126.00197133508073,44.775321319381746
d0f97f7c,1,7f0881df,586281b8,2026-05-23 19:05:05.715667,491.25160531815527,43.75206965398628
0e8afaa5,1,004d4636,249a652c,2026-05-23 19:05:05.715694,129.30370744390598,25.342244958912104
5f22bf6d,1,26e8d692,1b864e2e,2026-05-23 19:05:05.715722,398.3708949447296,30.004741655915698
b1c92620,1,d06b3a63,97b111d7,2026-05-23 19:05:05.715751,439.83003219108247,12.621257500794075
122f6156,1,cd775c56,5e6a3159,2026-05-23 19:05:05.715779,495.80661713668957,36.559829390000296
122f6156,2,f7eab29f,99c13bee,2026-05-23 19:05:05.715801,175.67493260706254,10.98983862123791
af80aba7,1,91fb2ced,67491841,2026-05-23 19:05:05.715829,227.5720861758261,30.193333558840344
71e4d112,1,14ce9de4,9bfa8093,2026-05-23 19:05:05.715857,386.68999300503276,26.17091428271999
71e4d112,2,5a1c1530,aa58e7b1,2026-05-23 19:05:05.715879,429.42640667859564,35.597712805238764
64a66ae3,1,3c194590,aa58e7b1,2026-05-23 19:05:05.715907,428.84664905276475,8.012066369969384
a5c2d86d,1,42220161,0cd9ed1f,2026-05-23 19:05:05.715936,475.35284796486894,14.693198381043453
5ff8fe14,1,6d25ee58,07a21a6e,2026-05-23 19:05:05.715967,425.3171234819451,28.443397483042617
da905612,1,f9a59579,9bfa8093,2026-05-23 19:05:05.715995,271.5748588264169,7.6056012126457775
da905612,2,efe58b44,f3ab5934,2026-05-23 19:05:05.716017,222.51229060074172,18.736386208620914
8b245b72,1,72305100,66e13682,2026-05-23 19:05:05.716045,181.89650068456044,24.60932564668866
8b245b72,2,4d2c57f6,110c0782,2026-05-23 19:05:05.716067,72.83772937382614,27.085769172685254
f4b981eb,1,f5040716,97b111d7,2026-05-23 19:05:05.716101,474.0566541601817,31.25059947195965
f4b981eb,2,d5657d48,c739947b,2026-05-23 19:05:05.716123,41.390881225954374,21.308857894688202
2bc085b6,1,eaf09bf2,45460435,2026-05-23 19:05:05.716151,476.69836355289186,11.94203139036784
f0e78c11,1,14ce9de4,ea1be9b6,2026-05-23 19:05:05.716180,396.02198254792216,30.307901325739344
a9b3ed39,1,f55f8f48,b40b18bf,2026-05-23 19:05:05.716208,418.34047896135326,8.549477160187577
14756478,1,79a42933,b40b18bf,2026-05-23 19:05:05.716235,409.37020014646885,42.40787593358423
14f11ad2,1,70199d84,249a652c,2026-05-23 19:05:05.716263,406.5566042161318,9.152629141635506
cc07d7b4,1,3bb56b00,67491841,2026-05-23 19:05:05.716291,162.58552665291876,19.580522714727906
bcf9864b,1,d9027657,ac8fa3d8,2026-05-23 19:05:05.716319,229.61474468012992,5.074833448263529
bcf9864b,2,0bb0bcbd,2e90d858,2026-05-23 19:05:05.716341,68.79112446623745,19.53045417894393
ec0e8483,1,579f8f38,9bfa8093,2026-05-23 19:05:05.716369,156.39259511349525,27.180807282078288
3015d6be,1,72305100,dc8f6fd7,2026-05-23 19:05:05.716397,426.6518652180408,7.848350831518229
3015d6be,2,1efe4014,110c0782,2026-05-23 19:05:05.716424,469.4406471239475,29.409867888828945
b3274836,1,b124337a,3b78784c,2026-05-23 19:05:05.716452,425.9444775434308,25.03854948557791
f88eb27d,1,ff4acc5e,bd830d4e,2026-05-23 19:05:05.716480,281.6373563244458,13.893350216696504
b2472d43,1,479b7a62,07a21a6e,2026-05-23 19:05:05.716509,131.7795696163288,45.22731805879983
b2472d43,2,865e88d7,07a21a6e,2026-05-23 19:05:05.716531,296.7927911270449,21.75231304117507
05351f6d,1,732fef27,249a652c,2026-05-23 19:05:05.716559,465.8561077526078,23.35623385727171
493faa58,1,efaf5996,b40b18bf,2026-05-23 19:05:05.716593,478.48175307041384,41.496348205921024
b06eb501,1,e3f461e3,07a21a6e,2026-05-23 19:05:05.716630,271.60597301166166,17.182850766134433
24b09c3a,1,94dfc64f,3a9e1e22,2026-05-23 19:05:05.716661,92.20424472871198,47.31554635451054
57df3a85,1,8690917d,66e13682,2026-05-23 19:05:05.716694,407.11247478417715,45.86023355096755
1d0d4e4d,1,74cee2e1,894b8626,2026-05-23 19:05:05.716729,269.15027091035313,49.325054740607584
d9d64f4f,1,7469ba11,bf313c0e,2026-05-23 19:05:05.716765,245.01763284852336,35.87209809397575
50a9e0ec,1,3c194590,180aa0cd,2026-05-23 19:05:05.716793,54.20574284389245,17.51406337317448
50a9e0ec,2,7b72f050,894b8626,2026-05-23 19:05:05.716815,332.71132891732947,29.952329251655126
50a9e0ec,3,ed8c7d6f,bf313c0e,2026-05-23 19:05:05.716838,133.75559869838744,37.12468167564442
57ec70b7,1,aad67ea5,ea1be9b6,2026-05-23 19:05:05.716865,287.25096877191197,28.727036494142126
4dc831d5,1,81766bcf,c739947b,2026-05-23 19:05:05.716893,429.28633547532587,23.227509404637043
5772148e,1,d2c057d7,67491841,2026-05-23 19:05:05.716922,390.32704060156465,34.70850271582416
c3b100ee,1,1b9d7f55,3a9e1e22,2026-05-23 19:05:05.716950,471.1620190509062,15.054133489525578
fb826e72,1,2deb52f2,c739947b,2026-05-23 19:05:05.716978,61.42338719718172,13.153491004450622
179e6689,1,b15e075c,9644a854,2026-05-23 19:05:05.717006,439.77151310774434,28.202732697914488
08f3aeda,1,baf95375,97b111d7,2026-05-23 19:05:05.717034,437.6299289368702,34.817965434054216
ef69f725,1,c92bce8f,9644a854,2026-05-23 19:05:05.717062,417.07241816492126,38.014490869948474
9e43331a,1,f7a0c352,7ed1bfe7,2026-05-23 19:05:05.717090,156.83728057753552,7.258094491628926
9e43331a,2,f0fa7368,33e748b3,2026-05-23 19:05:05.717113,72.96259446869831,35.65899234543526
6632bf83,1,f4b984b2,bd830d4e,2026-05-23 19:05:05.717141,311.37787648950143,29.086919188465345
6632bf83,2,e8915011,08d65812,2026-05-23 19:05:05.717168,465.17999542986894,46.24677727448296
be6353e6,1,f0766c58,586281b8,2026-05-23 19:05:05.717196,230.80083574312735,43.76165612501349
321eb3ae,1,eb1ad0e1,bf313c0e,2026-05-23 19:05:05.717224,95.19603681069657,9.841447126844749
321eb3ae,2,eb354476,15bfe12f,2026-05-23 19:05:05.717256,222.27088735292344,34.16724575301842
aed5b1b9,1,d218870d,b4998c55,2026-05-23 19:05:05.717284,292.1135274227216,26.955733125774653
aed5b1b9,2,fbb41c14,f3ab5934,2026-05-23 19:05:05.717310,187.82993236165322,33.142578355644396
688163cc,1,1ec31fb7,07a21a6e,2026-05-23 19:05:05.717338,499.05549210540346,47.961792156149414
a111b22d,1,8da5e0b6,110c0782,2026-05-23 19:05:05.717367,133.3841422993913,18.634433240477243
5766e038,1,1b9d7f55,16597aea,2026-05-23 19:05:05.717395,28.58354760264385,22.71983586868081
94531ef2,1,b1e2187e,95784c07,2026-05-23 19:05:05.717423,57.66977508609916,29.28082366932477
ae4e3ec4,1,b1e2187e,30eaa364,2026-05-23 19:05:05.717451,133.93366205075228,14.917389755715517
1164c2a1,1,1e9afbc6,9bfa8093,2026-05-23 19:05:05.717479,412.930941012285,5.137306959248443
36ab806f,1,97385578,66e13682,2026-05-23 19:05:05.717507,221.71547968436204,20.018202546413356
acc1eb81,1,86b13fa3,62cdfa79,2026-05-23 19:05:05.717535,470.6540177310932,46.00625995818455
592a5177,1,33003285,7ed1bfe7,2026-05-23 19:05:05.717563,219.40257668201315,42.82545241062678
591321c1,1,73bdc762,9644a854,2026-05-23 19:05:05.717591,441.21533579538925,18.67925069181483
591321c1,2,79804949,586281b8,2026-05-23 19:05:05.717613,60.55587927490441,38.16955881755765
591321c1,3,71808bff,97b111d7,2026-05-23 19:05:05.717639,470.79672112945474,43.996081239790826
c965a7cf,1,d5657d48,15bfe12f,2026-05-23 19:05:05.717667,353.28708079302044,37.9177721652512
f0d22ef5,1,272863cf,63b5cfb8,2026-05-23 19:05:05.717695,456.9151784653039,7.095585686314124
90bcd6d7,1,1bff1a8c,f3ab5934,2026-05-23 19:05:05.717723,447.71431023520427,8.340087514683933
17bbde96,1,8da5e0b6,dc8f6fd7,2026-05-23 19:05:05.717751,349.5146754548149,19.274114892433293
ae577b29,1,8990aa61,dc8f6fd7,2026-05-23 19:05:05.717779,392.19179432605404,38.720716910576975
1dc6dbd6,1,efaf5996,62cdfa79,2026-05-23 19:05:05.717806,366.5592898092364,19.519251999670423
1dc6dbd6,2,b1eadd47,9b360271,2026-05-23 19:05:05.717828,212.76589394840084,17.83407033082431
c5e2e8e2,1,dc1f3972,5e6a3159,2026-05-23 19:05:05.717856,355.76168260829706,9.921132337763886
1a593fe2,1,f4b984b2,3b2bdf38,2026-05-23 19:05:05.717884,486.09662839914625,24.126924414732436
56a8eb78,1,f4b984b2,b4998c55,2026-05-23 19:05:05.717912,170.09971433092755,5.2535639928734925
dcaca9a4,1,45326e3f,2b1a9a37,2026-05-23 19:05:05.717940,405.1103555423636,35.809405352899276
74f5459d,1,a81b9a61,2b1a9a37,2026-05-23 19:05:05.717968,184.45593107783503,10.537670477479644
acd82c17,1,a6aaaf27,67491841,2026-05-23 19:05:05.717996,410.7170668080623,9.472585579474021
826c89f0,1,a6aaaf27,fb7e1c47,2026-05-23 19:05:05.718024,169.03074903284656,42.361850484452766
02ba8ea6,1,42220161,bf313c0e,2026-05-23 19:05:05.718052,48.72156569655836,24.194565934760455
2fe7f4a0,1,af286d24,b40b18bf,2026-05-23 19:05:05.718080,69.89955535053029,23.003948904786192
c7c0c161,1,4dceac83,bf313c0e,2026-05-23 19:05:05.718108,148.52290153324842,33.210146373472035
40011f02,1,5b037f38,3a9e1e22,2026-05-23 19:05:05.718135,341.19452592973,37.67613261709197
e58a37f6,1,e256942c,9644a854,2026-05-23 19:05:05.718163,352.31082737470547,10.331898509657199
e58a37f6,2,d45a0f2d,63b5cfb8,2026-05-23 19:05:05.718186,468.95442841450216,22.58230174216092
e58a37f6,3,a0a8781f,b4998c55,2026-05-23 19:05:05.718208,270.79118831365713,48.04050202111057
02daa573,1,8f11fcf0,67491841,2026-05-23 19:05:05.718241,411.0407999395355,40.49371250255911
da35c30f,1,94dfc64f,15627973,2026-05-23 19:05:05.718269,84.57140411050801,16.031776853473794
95c8da29,1,337e4c9d,dc8f6fd7,2026-05-23 19:05:05.718297,197.92124345960576,12.229692702287501
42c59aa3,1,9cd99410,110c0782,2026-05-23 19:05:05.718325,239.26614270324683,35.82578536820634
d108e068,1,7122197c,c739947b,2026-05-23 19:05:05.718353,37.737269813593706,27.208507321213318
e4d9f37d,1,ba991e10,fb7e1c47,2026-05-23 19:05:05.718381,184.61434951233537,7.373029259258694
7868739e,1,3c62cc15,ea1be9b6,2026-05-23 19:05:05.718409,187.35960108966884,22.076566265223978
7868739e,2,99fe0983,5e02fca9,2026-05-23 19:05:05.718431,252.10056958711144,22.23303299680809
4a2d7e03,1,c46d0109,ac8fa3d8,2026-05-23 19:05:05.718459,57.504600217766665,19.07151130434128
c420d193,1,46c15051,180aa0cd,2026-05-23 19:05:05.718487,223.61267350928742,11.746391057586758
c420d193,2,d400d501,ac8fa3d8,2026-05-23 19:05:05.718510,231.9135383549347,22.78535529788595
c420d193,3,a0f95b64,dc8f6fd7,2026-05-23 19:05:05.718532,61.86334603358141,27.26276837839936
03771e69,1,ce0b5c90,dc8f6fd7,2026-05-23 19:05:05.718560,288.9806164566179,11.229092610075394
03771e69,2,9cd99410,5e6a3159,2026-05-23 19:05:05.718582,402.2391545954151,13.833095508847899
02a0fcd7,1,af286d24,3b2bdf38,2026-05-23 19:05:05.718610,365.0441045911007,23.700560199252816
9501c443,1,23a926d8,63b5cfb8,2026-05-23 19:05:05.718638,453.50108791357735,15.026190832498273
b3d5c9b9,1,35c5b2f8,3b78784c,2026-05-23 19:05:05.718667,108.15658946548896,22.690372689667747
112bf4c0,1,ac9d25dc,16597aea,2026-05-23 19:05:05.718707,292.59417429903436,27.39151692417371
32cb12da,1,baf95375,3b2bdf38,2026-05-23 19:05:05.718735,431.3670658498479,26.74868261928081
a57642d4,1,1ebfd578,180aa0cd,2026-05-23 19:05:05.718763,241.172100997689,32.207024410560315
38aa83f7,1,26c3d826,bd830d4e,2026-05-23 19:05:05.718790,87.28900104850814,11.138510508330647
38aa83f7,2,b7f8c26d,2b1a9a37,2026-05-23 19:05:05.718813,405.66726981822364,48.484215068649526
09aff4e9,1,21337267,07a21a6e,2026-05-23 19:05:05.718840,393.797046443486,34.781051820986
6f57c9cb,1,23e40a8f,fb7e1c47,2026-05-23 19:05:05.718869,456.9970030774929,27.191947419921355
6f57c9cb,2,b1c8aeb7,16597aea,2026-05-23 19:05:05.718891,185.81981494952285,24.213484819699318
a76c2ce1,1,796f07a5,1b864e2e,2026-05-23 19:05:05.718919,193.53625166998393,14.926552199900634
a76c2ce1,2,73bdc762,67491841,2026-05-23 19:05:05.718946,421.7268628983761,44.179970450967936
b0cf8bf6,1,84b3928b,2b1a9a37,2026-05-23 19:05:05.718974,381.83928147263276,42.915202446781514
8ae852b4,1,c36c1712,ac8fa3d8,2026-05-23 19:05:05.719002,329.76033280693434,20.64582638830862
53eaedee,1,63d73ef7,45460435,2026-05-23 19:05:05.719030,219.85755564396635,16.563309335409834
53eaedee,2,d737a7ea,f3ab5934,2026-05-23 19:05:05.719052,406.98257403064366,49.293883225054316
d5dc2d45,1,6b99e29d,180aa0cd,2026-05-23 19:05:05.719080,80.41356227929727,11.976060870330743
3adde1f6,1,457cb1c2,97b111d7,2026-05-23 19:05:05.719109,80.42322619958523,20.675769706164694
114b19b4,1,71808bff,da9dd43e,2026-05-23 19:05:05.719137,335.9661789246535,23.470523641553378
fef9f11c,1,d9bed1eb,16597aea,2026-05-23 19:05:05.719165,365.54146831486025,29.70782248246969
fef9f11c,2,30aef8b8,97b111d7,2026-05-23 19:05:05.719187,151.11804209368543,7.196833849572908
06cb324a,1,eed96f09,9b360271,2026-05-23 19:05:05.719215,215.68020423012362,29.187734241910448
96232090,1,aad67ea5,bd830d4e,2026-05-23 19:05:05.719243,352.96686747076404,25.844402962520753
594e1e31,1,7b66be87,33e748b3,2026-05-23 19:05:05.719271,151.2301529181596,33.100817624194754
2c131df6,1,07d31f08,08d65812,2026-05-23 19:05:05.719299,42.00294783644473,47.28868825624221
2c131df6,2,a4ec77b1,2e90d858,2026-05-23 19:05:05.719322,458.9649624890319,41.58807361371447
fd1753e6,1,97575e05,95784c07,2026-05-23 19:05:05.719350,474.8978741229473,34.65741502361745
5ede4fee,1,97385578,3d8cbaaa,2026-05-23 19:05:05.719383,87.0154543876385,46.371599206397846
e2225ad9,1,cdc4c018,4e650515,2026-05-23 19:05:05.719416,209.94259532660857,39.940072053136575
f2ddc5aa,1,6b99e29d,bd830d4e,2026-05-23 19:05:05.719462,119.41297443808975,19.390816989324875
7eb06d8a,1,f0d91fa3,9b360271,2026-05-23 19:05:05.719494,191.30185198419025,21.956181901129185
227e29e2,1,92028873,dc8f6fd7,2026-05-23 19:05:05.719530,181.9620032202991,47.12708666556252
7f65e5a5,1,32992893,bf313c0e,2026-05-23 19:05:05.719564,144.10833223563986,25.082351859135386
7f65e5a5,2,f0766c58,15627973,2026-05-23 19:05:05.719592,360.9080656012496,45.89533110199918
ab9e3518,1,cf112ebc,180aa0cd,2026-05-23 19:05:05.719623,371.51327331548737,45.8238109847384
3593b02d,1,bcd1dd3b,9b360271,2026-05-23 19:05:05.719663,272.1030238032847,16.562436316278706
458eb190,1,b4ae0a98,dc8f6fd7,2026-05-23 19:05:05.719698,187.4463487184486,26.014513602004854
132e7db3,1,4a16a9b2,ce20adb3,2026-05-23 19:05:05.719726,309.2223870465141,10.70635919253654
7e931acc,1,a6aaaf27,3b2bdf38,2026-05-23 19:05:05.719755,467.7859488240966,44.144359104130494
60abf98b,1,8f86fffc,3b78784c,2026-05-23 19:05:05.719783,371.3956969162441,33.61052326847136
25059d07,1,98b1abf5,99c13bee,2026-05-23 19:05:05.719811,169.5080547386691,33.99368325890817
4bf26787,1,8b9e19ff,08d65812,2026-05-23 19:05:05.719839,269.90938124253955,24.537352627946486
55cf53ef,1,ebf07848,62cdfa79,2026-05-23 19:05:05.719867,310.40961181012204,48.64102225680959
ef3c41c0,1,23e40a8f,9bfa8093,2026-05-23 19:05:05.719896,376.8515475459615,27.856349251218436
4e6d8faa,1,86b13fa3,3b78784c,2026-05-23 19:05:05.719924,349.8197074621928,35.09441166607578
524cc4a5,1,428e3978,2e90d858,2026-05-23 19:05:05.719952,291.1494698693685,32.14855344322888
badb9a27,1,7498b701,99c13bee,2026-05-23 19:05:05.719980,397.05819984618546,19.456974612742357
c5aaedf4,1,e08b6212,9ea3a409,2026-05-23 19:05:05.720009,25.51684231680447,25.881815195351503
894fbf4b,1,78db85d2,16597aea,2026-05-23 19:05:05.720037,399.821557015483,19.944361702421915
bcf12f7b,1,46ec6a2f,0cd9ed1f,2026-05-23 19:05:05.720065,285.1802475844452,12.165665119613283
bcf12f7b,2,d69a9a23,97b111d7,2026-05-23 19:05:05.720088,173.28523521329393,28.727662551791095
7f63e7ef,1,622da96f,c739947b,2026-05-23 19:05:05.720116,351.4424443938683,46.32952203478862
5418e6bc,1,fbae8b7e,9b360271,2026-05-23 19:05:05.720144,26.133510384254617,38.748350510240456
5418e6bc,2,453cd56b,99c13bee,2026-05-23 19:05:05.720167,355.06693542702135,25.487436936906843
4fdb3dea,1,0db194da,08d65812,2026-05-23 19:05:05.720201,54.10273186752761,43.911049436654295
cbc88092,1,d3c419f1,30eaa364,2026-05-23 19:05:05.720234,428.2169121943599,44.133497024861676
fa238d35,1,72305100,16597aea,2026-05-23 19:05:05.720262,458.4302057916206,10.304880536715652
b840db66,1,9fc805ba,586281b8,2026-05-23 19:05:05.720291,198.30444395185833,28.939377082838547
74b021cd,1,83ce8d7f,dc8f6fd7,2026-05-23 19:05:05.720319,287.83180133402936,20.619978271124168
a968e309,1,86b13fa3,3d8cbaaa,2026-05-23 19:05:05.720347,197.10058369943943,5.539894136068185
90ca8207,1,ca3f9970,aa58e7b1,2026-05-23 19:05:05.720375,482.04827906281696,31.988506221549542
1c92be9e,1,23e40a8f,c739947b,2026-05-23 19:05:05.720403,466.0541167194012,41.144434893413525
255685e2,1,f913184c,7ed1bfe7,2026-05-23 19:05:05.720432,301.3156972820196,5.0258305250375965
2fa77473,1,7a224966,2e90d858,2026-05-23 19:05:05.720460,181.3803258638696,31.94089869506546
990fd8c1,1,0bb0bcbd,3b78784c,2026-05-23 19:05:05.720488,315.8502151330787,11.751796787253115
990fd8c1,2,ac9d25dc,ac8fa3d8,2026-05-23 19:05:05.720511,459.48031216301854,13.009905786463225
73b0139d,1,77bc82f2,7ed1bfe7,2026-05-23 19:05:05.720539,247.27218333280638,23.60299556142864
17999cf0,1,f4b984b2,0cd9ed1f,2026-05-23 19:05:05.720568,394.45410325598897,17.503626743051232
510e31ef,1,36e830ef,c739947b,2026-05-23 19:05:05.720596,253.74368557626408,22.892020598583027
76d153f6,1,ce118617,ea1be9b6,2026-05-23 19:05:05.720624,101.47796812335145,35.9447519333557
3a0f1f55,1,798444b8,5e6a3159,2026-05-23 19:05:05.720653,320.68316878812004,32.83907020804579
ba9eee1c,1,5a1c1530,ac8fa3d8,2026-05-23 19:05:05.720688,441.20175250552006,18.15883049474828
ba9eee1c,2,1efe4014,15bfe12f,2026-05-23 19:05:05.720714,49.72381028977637,23.510656534270503
496b5d16,1,b9745c32,15bfe12f,2026-05-23 19:05:05.720754,357.7389017880815,29.063993593020356
c8886a1c,1,39cdb41d,33e748b3,2026-05-23 19:05:05.720785,364.4995164984045,49.51432039200256
c8886a1c,2,ffa0fe42,9bfa8093,2026-05-23 19:05:05.720807,39.11877934913959,27.718342525722356
dc3e4417,1,c5ed13b4,63b5cfb8,2026-05-23 19:05:05.720847,255.23362503113742,18.277286198487413
1b874416,1,06108e89,63b5cfb8,2026-05-23 19:05:05.720875,157.49952692302918,12.627544783156138
96bdc159,1,622da96f,fb7e1c47,2026-05-23 19:05:05.720903,419.2435042351809,44.722264528158284
162ae40a,1,089642f6,f3ab5934,2026-05-23 19:05:05.720932,366.2346142503078,11.984922697035781
ec2df564,1,0db1a5ea,3b78784c,2026-05-23 19:05:05.720960,334.7093191960279,38.96557664637755
8467f37d,1,798444b8,bf313c0e,2026-05-23 19:05:05.720988,122.49340707452387,31.671479961919935
8de98362,1,43646648,15bfe12f,2026-05-23 19:05:05.721016,216.95156209822136,18.991581259364086
b8fd8d6d,1,f5040716,45460435,2026-05-23 19:05:05.721044,34.37701153455885,7.18363535354914
46275e5f,1,173de56d,9644a854,2026-05-23 19:05:05.721072,41.10934938029912,27.82431203495511
7b6d1ff8,1,6d25ee58,fb7e1c47,2026-05-23 19:05:05.721100,152.38107564886693,46.39640982557184
7b6d1ff8,2,b21e3120,3a9e1e22,2026-05-23 19:05:05.721123,311.35830919975353,27.832174996969712
3e564437,1,d5657d48,fb7e1c47,2026-05-23 19:05:05.721151,261.2418088373602,38.080858504507674
e9cb747b,1,b4378c90,bf313c0e,2026-05-23 19:05:05.721179,365.8314646167031,14.706917665149062
c3b28676,1,6a6d679d,99c13bee,2026-05-23 19:05:05.721207,380.06909924497,32.21252438158765
5b3d148b,1,0deada69,07a21a6e,2026-05-23 19:05:05.721235,51.31225337789804,15.770815947137988
c3dad4ec,1,b7f8c26d,9644a854,2026-05-23 19:05:05.721263,384.85606556511357,17.580463439594137
1303ed99,1,f0d91fa3,3b78784c,2026-05-23 19:05:05.721291,271.764071338227,49.256054038834364
eebf80f0,1,d5d9aebe,2b1a9a37,2026-05-23 19:05:05.721320,463.0101831456153,15.503928582283653
eebf80f0,2,c9faca17,dc8f6fd7,2026-05-23 19:05:05.721342,470.3347781177026,49.26542334045572
eebf80f0,3,0c7d5c0d,9b360271,2026-05-23 19:05:05.721364,36.577998633267725,46.98010239139815
39f58765,1,db7ee15f,9bfa8093,2026-05-23 19:05:05.721392,63.05115015780635,28.02849876245748
5ec63390,1,1792827c,f3ab5934,2026-05-23 19:05:05.721420,240.24505211659584,8.337646462289499
fed0e3e7,1,f4b984b2,b40b18bf,2026-05-23 19:05:05.721454,148.11850960439196,47.16655731839421
47e0d8b0,1,49052402,b4998c55,2026-05-23 19:05:05.721487,362.75203671636217,45.22909274462063
4de4b7ba,1,a4cc70ff,180aa0cd,2026-05-23 19:05:05.721515,70.45393477484984,38.97114684604192
37b12a78,1,89cf41e1,33e748b3,2026-05-23 19:05:05.721543,167.83592551934748,21.1650558526223
03f782a0,1,73bdc762,3a9e1e22,2026-05-23 19:05:05.721571,102.42739230162498,43.06307225483114
2ea59c4f,1,675b3cbf,3b2bdf38,2026-05-23 19:05:05.721599,70.95139927484354,30.893325755703902
2ea59c4f,2,b87fd63c,3b78784c,2026-05-23 19:05:05.721622,51.89927162318496,46.1077230085533
88a245da,1,864efcb0,2e90d858,2026-05-23 19:05:05.721650,242.35080791056322,26.6677697018175
73ecb672,1,c9faca17,0cd9ed1f,2026-05-23 19:05:05.721678,358.90603561816255,46.08193121483047
3c09e4db,1,591fed2c,5e02fca9,2026-05-23 19:05:05.721706,288.90554578939043,14.038703288607108
3c09e4db,2,e384dc23,67491841,2026-05-23 19:05:05.721729,421.8686384376536,41.47082854145177
3c09e4db,3,c6773b2b,3b2bdf38,2026-05-23 19:05:05.721751,459.88761626751085,30.809740570757743
7ce4ec6a,1,7b72f050,99c13bee,2026-05-23 19:05:05.721779,381.5917730959325,7.342169216980743
c253b31d,1,15854b16,15627973,2026-05-23 19:05:05.721807,369.397931917327,14.629712637337363
c253b31d,2,5194ad1a,ce20adb3,2026-05-23 19:05:05.721829,356.2816519598394,37.16144970811541
c253b31d,3,bbe309dd,3b78784c,2026-05-23 19:05:05.721852,219.70942073153955,31.784262914990666
6459e472,1,89cf41e1,0cd9ed1f,2026-05-23 19:05:05.721883,421.5467003609852,46.40195970081399
af586056,1,2bc19be5,ce20adb3,2026-05-23 19:05:05.721911,438.2552213874472,14.879961347325507
9c3bde95,1,8e1a7023,ce20adb3,2026-05-23 19:05:05.721939,106.65976517245952,26.952228853304607
26f52cfa,1,f0578d49,9bfa8093,2026-05-23 19:05:05.721967,429.84564636030655,47.17327975352302
26f52cfa,2,81898926,180aa0cd,2026-05-23 19:05:05.721995,97.79071528618303,18.087880108012534
26f52cfa,3,7b66be87,dc8f6fd7,2026-05-23 19:05:05.722017,49.630024878123855,40.39945294367606
1de13e7a,1,7469ba11,180aa0cd,2026-05-23 19:05:05.722046,203.21977480169016,30.097393549161243
e36d7fcb,1,7469ba11,66e13682,2026-05-23 19:05:05.722074,491.5464464677977,38.70534545485174
e36d7fcb,2,53cc4a10,62cdfa79,2026-05-23 19:05:05.722096,161.33532807514263,37.17379704102916
2052c008,1,d414418d,3b78784c,2026-05-23 19:05:05.722124,96.98496017853657,16.434874602022642
c2e03ea9,1,b80eb1a1,894b8626,2026-05-23 19:05:05.722152,464.8557767300909,9.538711366533661
7ae85088,1,9c04b1ec,9bfa8093,2026-05-23 19:05:05.722180,194.222694789326,39.71686206419462
bda65639,1,d69a9a23,99c13bee,2026-05-23 19:05:05.722209,486.654775476937,32.74073476449134
02bd6706,1,4d2c57f6,586281b8,2026-05-23 19:05:05.722237,354.0363698439371,36.245034070975166
12c80264,1,7f0881df,08d65812,2026-05-23 19:05:05.722266,284.2764096127702,49.11891704745441
dfdd9236,1,72305100,7ed1bfe7,2026-05-23 19:05:05.722294,36.48053346551757,22.119556437185047
dfdd9236,2,b426fb84,16597aea,2026-05-23 19:05:05.722316,270.3757797091667,39.360455932643944
74a81bd6,1,419673b9,2b1a9a37,2026-05-23 19:05:05.722344,125.6965269791014,26.852548047918344
74a81bd6,2,f5040716,fb7e1c47,2026-05-23 19:05:05.722367,78.04177961989886,31.884081459844477
c53e6f75,1,f913184c,249a652c,2026-05-23 19:05:05.722395,43.9774262069783,48.33823416531916
74339801,1,0b7ac9e0,ac8fa3d8,2026-05-23 19:05:05.722431,393.75223602950035,42.63610909991477
019bfdeb,1,af8f94ee,249a652c,2026-05-23 19:05:05.722459,422.0976660688848,43.68523976703506
f14bf0ad,1,337e4c9d,66e13682,2026-05-23 19:05:05.722487,152.86110574270762,35.022532836305906
a820b32d,1,f6143d5b,30eaa364,2026-05-23 19:05:05.722515,166.0045169627165,36.783530128347465
9bc823a2,1,36e830ef,07a21a6e,2026-05-23 19:05:05.722543,126.9897992429206,20.802760642804056
4976fbfa,1,fd399d3f,894b8626,2026-05-23 19:05:05.722571,171.52676792141602,7.710732490009116
1db68f0c,1,f8eb5b7f,dc8f6fd7,2026-05-23 19:05:05.722600,443.15455325286,11.880011171802202
1db68f0c,2,d96a25fc,c739947b,2026-05-23 19:05:05.722622,327.74149773735115,33.330462783217406
1db68f0c,3,8a46dc93,0cd9ed1f,2026-05-23 19:05:05.722644,464.906256297094,31.013509714119056
292973c4,1,646e5c19,15bfe12f,2026-05-23 19:05:05.722672,445.60986904414193,43.39079039103243
1470c5ba,1,79a54c6a,5e6a3159,2026-05-23 19:05:05.722700,364.20869329577386,8.18620591678656
1ade9e83,1,591fed2c,5e6a3159,2026-05-23 19:05:05.722728,111.2656428764121,29.560464609275474
a041541f,1,ac9c63b6,5e6a3159,2026-05-23 19:05:05.722758,491.4025136959687,23.55964706062453
5f953b41,1,7f0881df,9b360271,2026-05-23 19:05:05.722786,223.74913996146222,42.40501617824372
d2811ffd,1,32992893,2b1a9a37,2026-05-23 19:05:05.722814,190.2415851604321,14.141769708310806
d2811ffd,2,34384d23,180aa0cd,2026-05-23 19:05:05.722836,229.32478271714825,34.28904741446512
01828c2c,1,e384dc23,2e90d858,2026-05-23 19:05:05.722868,243.946220923692,19.473780886724516
8d79019b,1,140ca47e,894b8626,2026-05-23 19:05:05.722896,41.64345826223222,28.789961145437452
4182bd90,1,898892b7,97b111d7,2026-05-23 19:05:05.722924,228.64187166277335,33.852385849228995
58d6a9a6,1,eaf09bf2,97b111d7,2026-05-23 19:05:05.722952,177.80188524247134,35.953745583939885
2a4b8f5e,1,d45a0f2d,5e6a3159,2026-05-23 19:05:05.722980,42.83504846545014,20.65985384106616
eb385f31,1,2c976d13,4e650515,2026-05-23 19:05:05.723008,398.70312727022747,37.74493119492382
b61b5671,1,a4d92353,08d65812,2026-05-23 19:05:05.723036,219.20275478654625,41.51556570455362
7a02cf6b,1,c3e52a1d,07a21a6e,2026-05-23 19:05:05.723064,208.82978245958432,32.26652311678262
7a02cf6b,2,ffa5a956,1b864e2e,2026-05-23 19:05:05.723086,34.06199027036662,8.357685937847942
b5b65ba6,1,2c976d13,aa58e7b1,2026-05-23 19:05:05.723114,241.62834060964093,15.45387830989188
ef91f04d,1,a40970e9,5e6a3159,2026-05-23 19:05:05.723142,259.1269253577719,39.05849095550614
f6488bc4,1,0477d12a,a9b0059e,2026-05-23 19:05:05.723171,139.57062828425444,31.84839515400949
1199167c,1,810bbb39,249a652c,2026-05-23 19:05:05.723199,496.1759870610735,22.088209357641208
1199167c,2,fd29b273,bf313c0e,2026-05-23 19:05:05.723221,331.7332516584879,42.152529110580765
1199167c,3,579f8f38,3a9e1e22,2026-05-23 19:05:05.723243,358.77713773168847,8.071593511991669
68f5a484,1,1ebfd578,66e13682,2026-05-23 19:05:05.723271,323.1221972687316,48.80129237078844
686a4380,1,84db25bf,30eaa364,2026-05-23 19:05:05.723300,320.2150867580919,11.986558028648043
b1e4face,1,343bb9d6,aa58e7b1,2026-05-23 19:05:05.723328,306.8134533138886,10.227056521766293
532b7a1b,1,2e74541a,63b5cfb8,2026-05-23 19:05:05.723356,132.3219273727091,7.68420878309486
f763325b,1,e0639b9b,3b78784c,2026-05-23 19:05:05.723384,298.888140666711,41.44250336390067
f763325b,2,b9745c32,4e650515,2026-05-23 19:05:05.723406,216.53842634386865,32.941593368449816
7cf22bb5,1,5449ea46,45460435,2026-05-23 19:05:05.723434,452.52433655542,35.79314041785179
7cf22bb5,2,c8a5bb8c,95784c07,2026-05-23 19:05:05.723456,114.50383999544584,47.32029667955673
7cf22bb5,3,200524a6,a9b0059e,2026-05-23 19:05:05.723478,222.90645714737371,12.250654740497483
b8d5ea22,1,f0d91fa3,07a21a6e,2026-05-23 19:05:05.723507,99.77978284130437,22.382598598405558
4dd4d0a7,1,34734614,aa58e7b1,2026-05-23 19:05:05.723535,322.7557474159805,20.77680147740967
4dd4d0a7,2,dd31d64a,894b8626,2026-05-23 19:05:05.723557,292.4114766138621,26.820553398125462
85e91d8a,1,301b2fb7,ea1be9b6,2026-05-23 19:05:05.723585,375.37096912152805,39.01326068893715
1c8ebfa2,1,c898aa01,99c13bee,2026-05-23 19:05:05.723613,429.4840689136141,12.771679207589896
d7d8abbf,1,750350d8,3b78784c,2026-05-23 19:05:05.723642,179.27832495135368,26.52627172924328
3b8a66e6,1,b4305394,63b5cfb8,2026-05-23 19:05:05.723670,173.0769214239694,49.212831121550835
b4aa55f7,1,eb1ad0e1,a9b0059e,2026-05-23 19:05:05.723700,340.4081067402184,18.157752881547115
bb8ee8c3,1,f8c6bac7,0cd9ed1f,2026-05-23 19:05:05.723728,312.7765669213114,18.424467660417626
25ef80fa,1,84b3928b,16597aea,2026-05-23 19:05:05.723757,114.1999926966403,45.08382663952193
c3624ddf,1,79a54c6a,dc8f6fd7,2026-05-23 19:05:05.723806,154.36373952296128,32.09073412314851
c3624ddf,2,96de232f,180aa0cd,2026-05-23 19:05:05.723829,194.97426010786324,17.093155105165877
47ba5eef,1,79a54c6a,5e02fca9,2026-05-23 19:05:05.723857,55.472375325609406,25.82288712288748
896ab698,1,c6773b2b,33e748b3,2026-05-23 19:05:05.723886,425.2785204873292,16.589627908637723
3b9161c3,1,4c8b7456,07a21a6e,2026-05-23 19:05:05.723914,278.48560636541225,21.465697545219818
70c261e8,1,d5d9aebe,7ed1bfe7,2026-05-23 19:05:05.723942,187.32558795306784,8.646553746160675
301f13d6,1,531f5fa7,45460435,2026-05-23 19:05:05.723970,431.58264682078965,24.673114137709153
301f13d6,2,e4ee2fad,9ea3a409,2026-05-23 19:05:05.723992,448.2138275061279,31.399889136983678
7ec6bc34,1,4589144e,99c13bee,2026-05-23 19:05:05.724020,403.01764769598554,5.736541257606625
014e2e54,1,8f86fffc,62cdfa79,2026-05-23 19:05:05.724048,310.4158103887841,38.80598890721917
fa47db39,1,1b0c3530,97b111d7,2026-05-23 19:05:05.724077,410.53794378335306,40.653093807548416
e34374e7,1,a4cc70ff,110c0782,2026-05-23 19:05:05.724105,274.26299984575087,6.4172228033991905
e34374e7,2,cd775c56,5e6a3159,2026-05-23 19:05:05.724127,470.68481677098976,20.18124886527857
4a0b1f5d,1,a4d92353,b4998c55,2026-05-23 19:05:05.724155,147.58351865657795,31.56863876652713
8a741b06,1,6502b540,3b2bdf38,2026-05-23 19:05:05.724183,376.6694037300309,35.24086144663476
d276dc36,1,d6f5e7f4,3b78784c,2026-05-23 19:05:05.724212,438.93174062956166,23.12582322704118
b37c1c7c,1,140ca47e,4e650515,2026-05-23 19:05:05.724240,461.7591956956009,27.860806342431687
9dac141b,1,861b3ce2,67491841,2026-05-23 19:05:05.724268,125.027672483282,10.577854681627192
edb38b04,1,6b99e29d,16597aea,2026-05-23 19:05:05.724296,285.3930930022929,10.899769071830201
eb1cbad4,1,c3733ff1,3b78784c,2026-05-23 19:05:05.724324,235.84349405606372,20.66326139332278
eb1cbad4,2,419673b9,1b864e2e,2026-05-23 19:05:05.724346,429.2778921486692,9.800478335041547
ff6f3b86,1,5a1c1530,3b78784c,2026-05-23 19:05:05.724374,332.01686758478434,47.89003858240437
84d87e63,1,385cae5b,b40b18bf,2026-05-23 19:05:05.724402,384.37876824832506,25.251103729049564
d7800485,1,2deb52f2,0cd9ed1f,2026-05-23 19:05:05.724431,139.97088758235307,15.739025518848045
dd07c892,1,a1372f50,9bfa8093,2026-05-23 19:05:05.724459,349.1292508529152,38.73654858080124
cd1cc6fa,1,741f3878,1b864e2e,2026-05-23 19:05:05.724487,55.32696608744022,37.00838902394566
6a63efaf,1,0bb0bcbd,99c13bee,2026-05-23 19:05:05.724514,367.4386788084239,35.400143334792
69c61a69,1,7ed1283e,07a21a6e,2026-05-23 19:05:05.724543,312.82235928019344,37.16963789031727
45585277,1,1c88cf70,16597aea,2026-05-23 19:05:05.724571,416.5242933731774,22.56751332062871
f3e7058f,1,7ba033d5,2e90d858,2026-05-23 19:05:05.724599,300.88007477744907,8.127789235992237
0d229c5e,1,ecf80d71,9b360271,2026-05-23 19:05:05.724630,453.0073665953547,22.512928249142558
d9503e3a,1,9b481bfa,894b8626,2026-05-23 19:05:05.724658,431.0075705776667,23.87763989935089
6019af54,1,0477d12a,3b2bdf38,2026-05-23 19:05:05.724686,26.34297391686042,7.471469249567159
75e1cac4,1,65b6ef7a,a9b0059e,2026-05-23 19:05:05.724714,491.34152735271886,49.116924938096226
888b9434,1,369f091e,b40b18bf,2026-05-23 19:05:05.724742,122.4714198203487,24.54492719460169
aebe7a74,1,a4cc70ff,a9b0059e,2026-05-23 19:05:05.724776,264.4829288465921,34.40594612170894
aebe7a74,2,23e40a8f,249a652c,2026-05-23 19:05:05.724798,171.52561804205706,22.47921627487627
55407090,1,0de23cb0,0cd9ed1f,2026-05-23 19:05:05.724826,95.88461539653719,13.96993528602122
533fdd99,1,3eb38518,bd830d4e,2026-05-23 19:05:05.724854,359.52236111789944,27.776848874663838
f7e27fd2,1,91fb2ced,63b5cfb8,2026-05-23 19:05:05.724882,300.7264174877119,15.335436016929748
cc6e94d6,1,dbf83b6b,7ed1bfe7,2026-05-23 19:05:05.724910,236.19651405944492,42.22291140438843
2d525992,1,0db194da,4e650515,2026-05-23 19:05:05.724938,163.42076897218152,35.591144508818026
2d525992,2,ab313603,62cdfa79,2026-05-23 19:05:05.724960,487.0726885773932,41.50803239195603
0175926b,1,7469ba11,08d65812,2026-05-23 19:05:05.724988,24.039460661363456,42.43193249007431
0175926b,2,20c82e51,63b5cfb8,2026-05-23 19:05:05.725010,78.73186929263646,42.74011038392404
ce400cf3,1,ebf07848,b4998c55,2026-05-23 19:05:05.725038,133.44842618424894,39.681874396995646
656c90fe,1,f5040716,7ed1bfe7,2026-05-23 19:05:05.725066,422.2790486597364,49.28127865839337
0094405d,1,ffa23f58,180aa0cd,2026-05-23 19:05:05.725095,480.18823090953026,21.82080310372276
aaf36e5f,1,5a1c1530,fb7e1c47,2026-05-23 19:05:05.725123,212.93650721300548,14.650723237095363
a6f10a85,1,af286d24,249a652c,2026-05-23 19:05:05.725151,358.06929423666253,46.341279819216545
19dc7dd8,1,a45b8c85,67491841,2026-05-23 19:05:05.725179,273.7285526543602,32.90780458835389
19dc7dd8,2,9196364e,66e13682,2026-05-23 19:05:05.725202,484.8669179630985,44.901188418981796
c9e476fe,1,cf112ebc,bf313c0e,2026-05-23 19:05:05.725230,74.74926158491768,36.059429173519696
c5108195,1,a4ec77b1,15bfe12f,2026-05-23 19:05:05.725258,475.71001308776783,14.719644866649093
a6df4130,1,b61d752f,15627973,2026-05-23 19:05:05.725286,94.53916992262157,29.267275352934753
870a9ee4,1,5602319e,f3ab5934,2026-05-23 19:05:05.725314,138.51312870334812,18.544775262693406
24beba4a,1,c87fb338,9644a854,2026-05-23 19:05:05.725342,395.26059889908663,47.659945842529616
5dd3fe8a,1,33245b0c,fb7e1c47,2026-05-23 19:05:05.725370,51.40775435282663,15.7629456340621
eb83c6c2,1,b327f5b3,9ea3a409,2026-05-23 19:05:05.725398,355.00672005621925,5.206585148398861
3a110fce,1,d400d501,3b78784c,2026-05-23 19:05:05.725426,112.58032948588472,45.54368754901577
e0d7c433,1,72305100,b4998c55,2026-05-23 19:05:05.725454,28.964295081795424,26.79380890714432
e82e8dfb,1,baf95375,9644a854,2026-05-23 19:05:05.725486,201.80238254166707,46.44533369471842
9e554464,1,b064749a,63b5cfb8,2026-05-23 19:05:05.725514,467.7058292189953,12.580179060033718
3e4b2148,1,f2d5a45e,586281b8,2026-05-23 19:05:05.725542,309.0737157615964,40.535257267292025
dc60cae5,1,861b3ce2,3a9e1e22,2026-05-23 19:05:05.725571,449.0058451558278,11.889041578466193
dc60cae5,2,1ce90747,66e13682,2026-05-23 19:05:05.725593,275.9039599537349,48.84663992624873
dc60cae5,3,1b9d7f55,ea1be9b6,2026-05-23 19:05:05.725615,166.46835372014297,35.09471087631995
43dfe131,1,343bb9d6,62cdfa79,2026-05-23 19:05:05.725643,133.88272803839794,7.213916820300403
1a86e3b5,1,7469ba11,da9dd43e,2026-05-23 19:05:05.725671,284.5706154880451,6.054570422935477
e02431a5,1,d414418d,67491841,2026-05-23 19:05:05.725700,478.21025291040866,44.34609068865655
a79bdd15,1,f0fa7368,f3ab5934,2026-05-23 19:05:05.725728,319.87754969511496,36.10958806469258
f7af7e69,1,004d4636,08d65812,2026-05-23 19:05:05.725756,445.961387552441,36.396635650619395
4fa3bef4,1,3bb56b00,4e650515,2026-05-23 19:05:05.725784,103.92946928344982,16.08308541555096
4fa3bef4,2,ce0b5c90,3b78784c,2026-05-23 19:05:05.725807,348.18270496440937,9.816476006186878
07baa6a5,1,1ce90747,a9b0059e,2026-05-23 19:05:05.725835,26.000797350456466,9.86298188033044
a3166423,1,d9bed1eb,586281b8,2026-05-23 19:05:05.725863,318.5642993016549,49.81842637095362
5c4aed1f,1,63d73ef7,dc8f6fd7,2026-05-23 19:05:05.725891,219.08607122605702,11.568894470080537
66dcd034,1,30592970,99c13bee,2026-05-23 19:05:05.725919,442.1948063484357,43.73825473043108
3b52249c,1,b4378c90,3b78784c,2026-05-23 19:05:05.725947,255.73807671601935,21.54724340622985
025f394c,1,fdf27c4c,bf313c0e,2026-05-23 19:05:05.725975,29.656725769912224,17.805388022574473
552a60c0,1,fab635ac,586281b8,2026-05-23 19:05:05.726003,403.0154008175163,23.103324467461725
552a60c0,2,f55f8f48,180aa0cd,2026-05-23 19:05:05.726025,424.2728593463895,37.53100566861143
3b9aae48,1,0481a318,3d8cbaaa,2026-05-23 19:05:05.726053,316.0416733173254,27.69652399187617
3b9aae48,2,b404910a,586281b8,2026-05-23 19:05:05.726076,362.91931855985587,27.759498697439323
192f0090,1,baf95375,f3ab5934,2026-05-23 19:05:05.726104,94.03155981980814,49.66142936461931
f70dff2d,1,03b8d8ba,dc8f6fd7,2026-05-23 19:05:05.726132,111.67197282219905,23.555909303259025
117b4455,1,d2c057d7,aa58e7b1,2026-05-23 19:05:05.726160,69.74657153353492,33.595020945038726
a5f8d78e,1,0d4ffb87,0cd9ed1f,2026-05-23 19:05:05.726188,393.5461068630767,26.332830904498618
17ac1283,1,aea8df35,66e13682,2026-05-23 19:05:05.726216,189.6342959452767,45.405700170486604
387126c8,1,4589144e,62cdfa79,2026-05-23 19:05:05.726244,338.5748298902698,9.618425356772441
cc33c105,1,97cfd068,9ea3a409,2026-05-23 19:05:05.726272,294.0110447502976,41.307012510991825
75649168,1,602b55d7,da9dd43e,2026-05-23 19:05:05.726300,128.46575859399186,46.523791416561394
6e9faed3,1,d3487b0c,08d65812,2026-05-23 19:05:05.726328,27.465078961562046,5.71651324312384
0a1ab960,1,0deada69,4e650515,2026-05-23 19:05:05.726356,192.02179024150215,18.420463739539702
23f42dee,1,d9bed1eb,110c0782,2026-05-23 19:05:05.726390,64.0774446007764,9.88819666814306
6428735e,1,864efcb0,3b2bdf38,2026-05-23 19:05:05.726418,453.1785861997847,25.86815197194535
e6c6ffd3,1,25e8e9d0,3a9e1e22,2026-05-23 19:05:05.726447,260.7875549552938,27.589188989943985
7e850724,1,732fef27,c739947b,2026-05-23 19:05:05.726475,208.26928071279647,31.47449766799508
5384fd0f,1,cd775c56,07a21a6e,2026-05-23 19:05:05.726502,416.97310359761894,23.617985960421453
53333867,1,1719139b,894b8626,2026-05-23 19:05:05.726530,470.0042328999827,36.19454093730582
0c6c433f,1,2bc19be5,3b2bdf38,2026-05-23 19:05:05.726569,184.50411255987922,49.24643107185261
39b8eaea,1,81dbafcf,894b8626,2026-05-23 19:05:05.726597,56.43471195612803,37.09579467765433
bca7bb4c,1,43646648,3d8cbaaa,2026-05-23 19:05:05.726625,393.2512484702098,26.232482374140897
875e30dc,1,73bdc762,b40b18bf,2026-05-23 19:05:05.726653,248.31982605307238,23.6944876148084
e53ab05b,1,6bbc7021,bf313c0e,2026-05-23 19:05:05.726681,158.4381797144789,47.989692675887895
3d8823e9,1,dee1e0c5,5e02fca9,2026-05-23 19:05:05.726709,55.076455811494526,47.326255368866164
3d8823e9,2,fd399d3f,ce20adb3,2026-05-23 19:05:05.726731,348.5998997228536,10.75366575209129
78f22e00,1,1e866d17,9644a854,2026-05-23 19:05:05.726759,230.01506076028434,24.64048258443696
678b8435,1,ecf80d71,08d65812,2026-05-23 19:05:05.726787,266.24183025740444,39.85112720978979
b1e218bf,1,53cc4a10,33e748b3,2026-05-23 19:05:05.726815,286.53631282507916,41.55344962807742
2e24e289,1,92028873,9ea3a409,2026-05-23 19:05:05.726843,455.1642639897028,37.31673887799257
c1206f90,1,d554f362,45460435,2026-05-23 19:05:05.726871,250.4605791563247,43.661933430855875
d486782a,1,8690917d,3a9e1e22,2026-05-23 19:05:05.726899,494.8914906225879,17.679214745864943
97d8a2a7,1,77bc82f2,67491841,2026-05-23 19:05:05.726927,234.93761841012554,38.06247516591399
7ce871af,1,ed8c7d6f,aa58e7b1,2026-05-23 19:05:05.726974,211.1101924293982,8.130425264910542
c25157af,1,b2673a73,ac8fa3d8,2026-05-23 19:05:05.727003,116.90760968003764,24.26142363961455
c25157af,2,a1ff7480,f3ab5934,2026-05-23 19:05:05.727025,105.79383834184279,22.990032091774474
c25157af,3,36e830ef,249a652c,2026-05-23 19:05:05.727047,308.9828605615451,32.65624731477573
14584c55,1,fa76f6ba,9ea3a409,2026-05-23 19:05:05.727076,21.22915737646725,6.394083956062592
14584c55,2,35c5b2f8,ac8fa3d8,2026-05-23 19:05:05.727098,121.52538967070959,26.531633109922907
14584c55,3,cd6143ea,da9dd43e,2026-05-23 19:05:05.727120,340.3280541285561,8.768599355730206
d69435c6,1,baf95375,fb7e1c47,2026-05-23 19:05:05.727148,142.75785759766325,22.120073418143438
7dc02e3d,1,2082d9d2,9bfa8093,2026-05-23 19:05:05.727176,280.2773906749922,34.69760763549821
35e653f6,1,0db194da,b40b18bf,2026-05-23 19:05:05.727204,256.4711509302647,13.306973303697916
35e653f6,2,c9faca17,dc8f6fd7,2026-05-23 19:05:05.727226,65.56946850019195,13.893698526052383
2e03aad9,1,d108b3e1,95784c07,2026-05-23 19:05:05.727254,359.3012041956033,25.63020145687908
0167bdd5,1,a7664c7d,33e748b3,2026-05-23 19:05:05.727282,487.23502018240134,7.372117702557167
20ebfee2,1,46c15051,97b111d7,2026-05-23 19:05:05.727310,450.332696091391,40.8941559519732
ac084247,1,ae2bd5d6,15627973,2026-05-23 19:05:05.727338,119.88682929590871,5.6178766208431306
05448fa4,1,0f022a88,b4998c55,2026-05-23 19:05:05.727366,228.05289890255642,30.61619467019392
04c9f194,1,1f6c563e,9ea3a409,2026-05-23 19:05:05.727396,444.48620661676006,26.51630491862255
4d4e5181,1,81898926,62cdfa79,2026-05-23 19:05:05.727424,72.4374570741415,15.34253590217921
64b24dfa,1,ae2bd5d6,180aa0cd,2026-05-23 19:05:05.727452,431.6436872571118,11.776087548901156
05311794,1,84f6f25e,b4998c55,2026-05-23 19:05:05.727480,306.7315190124771,39.60466386090061
8286fac1,1,a4d8f4ec,30eaa364,2026-05-23 19:05:05.727508,307.83509078881457,36.30360928911121
dac06ca6,1,b1c8aeb7,30eaa364,2026-05-23 19:05:05.727536,429.0180602327504,29.00696849206993
df877dbc,1,d9ea54ef,33e748b3,2026-05-23 19:05:05.727564,308.87481531504073,6.889475754279767
36021a80,1,e4ee2fad,95784c07,2026-05-23 19:05:05.727592,155.8437714673249,32.96716467406197
36021a80,2,0b95b346,586281b8,2026-05-23 19:05:05.727614,496.7567434768732,20.78783047105552
5b876566,1,1f6c563e,45460435,2026-05-23 19:05:05.727642,357.9924939362765,24.078497816840454
fb61e3dd,1,baf95375,bd830d4e,2026-05-23 19:05:05.727670,278.3900482775877,41.1410521650104
fb61e3dd,2,55038fe2,63b5cfb8,2026-05-23 19:05:05.727692,154.05839839901859,11.979365466533789
d0082c15,1,f9a59579,33e748b3,2026-05-23 19:05:05.727720,210.74048183459726,20.723323539467835
7452ce9f,1,419673b9,ce20adb3,2026-05-23 19:05:05.727749,277.8745555437192,18.865616056696886
92fbf08c,1,79804949,62cdfa79,2026-05-23 19:05:05.727777,389.35037108938826,28.82887496266742
0d0d5085,1,aea8df35,7ed1bfe7,2026-05-23 19:05:05.727804,355.9692794048728,21.69975655941723
17c19e94,1,acf39392,2b1a9a37,2026-05-23 19:05:05.727832,205.5897108802792,38.56744666193675
dd059c3f,1,b95f3fdf,67491841,2026-05-23 19:05:05.727860,33.95467856304711,16.673306946813504
74b71d36,1,4c8b7456,b4998c55,2026-05-23 19:05:05.727888,376.4905057541939,35.97881652882265
755552c6,1,59c6855b,7ed1bfe7,2026-05-23 19:05:05.727916,421.22546792505057,19.20299034529947
58b3fb9b,1,081be4d1,3d8cbaaa,2026-05-23 19:05:05.727944,452.20518147827283,34.560689985441314
246a165d,1,d96a25fc,08d65812,2026-05-23 19:05:05.727972,259.7053219611804,47.087991895070225
246a165d,2,579f8f38,66e13682,2026-05-23 19:05:05.727994,377.9112543472837,45.56597640525198
ecf8dd63,1,b80eb1a1,b40b18bf,2026-05-23 19:05:05.728022,485.83704201656576,16.30309878671355
73866a7e,1,c8a5bb8c,586281b8,2026-05-23 19:05:05.728050,489.8163515357092,24.500802846778903
2f88b44b,1,5b037f38,3a9e1e22,2026-05-23 19:05:05.728078,248.25125604607283,18.650715619143824
dc08e59b,1,d9ea54ef,1b864e2e,2026-05-23 19:05:05.728105,201.72163136597982,32.74258918993717
dc08e59b,2,84f6f25e,ac8fa3d8,2026-05-23 19:05:05.728128,247.72329874497308,48.80676349583944
dc08e59b,3,732fef27,9b360271,2026-05-23 19:05:05.728150,456.95381046743245,6.938729093537575
ba49ecbb,1,874bac3e,9644a854,2026-05-23 19:05:05.728178,180.17136121947001,5.048112273738996
a2af894c,1,97575e05,f3ab5934,2026-05-23 19:05:05.728206,78.8935341630011,34.57242054446501
7de6b82d,1,30aef8b8,4e650515,2026-05-23 19:05:05.728234,140.5266940913885,39.85908729800908
fcf3a636,1,f0fa7368,9bfa8093,2026-05-23 19:05:05.728262,254.31616729603905,42.88886856392086
04cb34dd,1,76a498f4,ce20adb3,2026-05-23 19:05:05.728290,320.38692361670934,28.13389869270704
c68f4989,1,b521971e,ac8fa3d8,2026-05-23 19:05:05.728320,58.104658851168836,37.617433551833706
6a369f86,1,03b8d8ba,0cd9ed1f,2026-05-23 19:05:05.728368,82.49013166693182,40.46667862749977
8d589a64,1,89cf41e1,15bfe12f,2026-05-23 19:05:05.728396,207.82331009955857,41.501760406050735
47ef2198,1,dd524de3,b4998c55,2026-05-23 19:05:05.728424,161.6987366641116,37.61653093677396
e1e32501,1,25e8e9d0,3a9e1e22,2026-05-23 19:05:05.728452,307.3918939281775,25.275861252486756
5a0667ab,1,db7ee15f,c739947b,2026-05-23 19:05:05.728480,493.1669014930722,45.76167752219549
6622ba0f,1,8b9e19ff,180aa0cd,2026-05-23 19:05:05.728508,100.84542601039443,43.42708451462496
e860f67b,1,f5153864,bd830d4e,2026-05-23 19:05:05.728536,130.3145347464918,9.605091800185466
e860f67b,2,457cb1c2,c739947b,2026-05-23 19:05:05.728558,345.089325140251,9.558316121125605
4c85f4b0,1,7b3bc82e,da9dd43e,2026-05-23 19:05:05.728586,295.4701709770022,28.554234611392534
4bffef28,1,ce118617,9bfa8093,2026-05-23 19:05:05.728614,274.8419969073749,16.524289162945664
0ded8c16,1,a1ff7480,9ea3a409,2026-05-23 19:05:05.728642,225.95994517861638,7.364380055157595
f21a28e4,1,0010c2fe,ac8fa3d8,2026-05-23 19:05:05.728670,92.56301789128204,11.613181880136489
53ee663d,1,8f86fffc,a9b0059e,2026-05-23 19:05:05.728698,421.2974283875359,16.918188987470604
afca34c3,1,03715a61,67491841,2026-05-23 19:05:05.728726,79.92890098415839,31.3669502647347
12255047,1,ed8c7d6f,f3ab5934,2026-05-23 19:05:05.728754,30.80698861241217,16.551632591766914
a43beed6,1,3bb56b00,9644a854,2026-05-23 19:05:05.728798,157.92568621190406,36.85651070410765
aae047f9,1,f0578d49,aa58e7b1,2026-05-23 19:05:05.728827,56.06839775956496,49.55360305866092
6f2dea29,1,2c976d13,110c0782,2026-05-23 19:05:05.728855,304.9524150072481,20.57097923654242
e6dfae45,1,fa76f6ba,16597aea,2026-05-23 19:05:05.728883,385.1661506051335,34.78065935919816
257e8f3b,1,d414418d,97b111d7,2026-05-23 19:05:05.728910,32.076809873081004,34.3334255148264
b31be2d8,1,c9faca17,2b1a9a37,2026-05-23 19:05:05.728938,67.1920956016131,8.268043959498403
e82e263c,1,089642f6,da9dd43e,2026-05-23 19:05:05.728967,104.08384311342495,25.873073946618508
ac72c5cb,1,06c13985,2e90d858,2026-05-23 19:05:05.728995,484.01751497609456,21.416715021567274
055f55ca,1,9a4b5684,5e6a3159,2026-05-23 19:05:05.729026,435.1957847135831,33.67725242907531
de82df43,1,d53cabe3,9b360271,2026-05-23 19:05:05.729054,410.05974825800024,23.175017716903437
62de27c7,1,d5d9aebe,0cd9ed1f,2026-05-23 19:05:05.729082,264.33790972989334,9.32635654298599
85fa89d3,1,cec4fb47,c739947b,2026-05-23 19:05:05.729110,407.9400182429156,14.185724573911202
74db527f,1,d554f362,b4998c55,2026-05-23 19:05:05.729137,372.4224381566269,23.923274636851378
0fb65d91,1,ba4ae1ef,fb7e1c47,2026-05-23 19:05:05.729165,286.61693858710134,45.53003830478919
0fb65d91,2,6da265a9,a9b0059e,2026-05-23 19:05:05.729193,242.0918118721389,27.6573051950035
8cae2fd8,1,3eb38518,3b2bdf38,2026-05-23 19:05:05.729221,367.0218221910517,29.870699877755754
8f0e3111,1,ca3f9970,33e748b3,2026-05-23 19:05:05.729249,446.00830124668283,20.90607570697829
c1a072e8,1,e2d8fb6a,bd830d4e,2026-05-23 19:05:05.729277,40.78765292002796,27.319712309780087
7a435b79,1,63d73ef7,586281b8,2026-05-23 19:05:05.729305,486.6999423141912,37.34892186915447
acea26c7,1,d69a9a23,180aa0cd,2026-05-23 19:05:05.729334,298.0359506677242,18.60331205167566
acea26c7,2,2164f126,bd830d4e,2026-05-23 19:05:05.729356,461.2189888401762,34.00366033655429
aece7978,1,f7eab29f,da9dd43e,2026-05-23 19:05:05.729384,68.18780036319781,30.157980106717286
aece7978,2,a4d8f4ec,ac8fa3d8,2026-05-23 19:05:05.729406,171.40611256679284,29.66251622713392
fcd48659,1,7cf68268,08d65812,2026-05-23 19:05:05.729439,290.88108549625565,36.55760492559953
a90526c2,1,a4d92353,30eaa364,2026-05-23 19:05:05.729467,317.9391195494578,39.32661235387196
1d4ea0ef,1,c87fb338,4e650515,2026-05-23 19:05:05.729495,169.00755744245996,44.85594871806662
6981c219,1,1ce90747,3a9e1e22,2026-05-23 19:05:05.729535,27.52285844100424,14.457195731025926
e0583903,1,e2d8fb6a,30eaa364,2026-05-23 19:05:05.729563,235.2387847262562,32.2723744265472
cd1e18d5,1,173de56d,7ed1bfe7,2026-05-23 19:05:05.729591,353.80196475598206,23.267404007310017
2ce68691,1,0db1a5ea,0cd9ed1f,2026-05-23 19:05:05.729619,271.2134861195728,30.129980414599302
2ce68691,2,d218870d,15627973,2026-05-23 19:05:05.729641,319.53670019624184,49.731167568486626
2ce68691,3,0e7cc150,95784c07,2026-05-23 19:05:05.729663,92.64338584765855,37.6826120748165
a72d3f3c,1,d96a25fc,bf313c0e,2026-05-23 19:05:05.729691,199.7494286342492,46.271692980348725
996b4ef3,1,cd6143ea,fb7e1c47,2026-05-23 19:05:05.729719,319.1158635945589,11.745574911597412
996b4ef3,2,d45a0f2d,1b864e2e,2026-05-23 19:05:05.729742,392.89599531286945,17.96206004296767
996b4ef3,3,6502b540,fb7e1c47,2026-05-23 19:05:05.729764,31.995103807203744,15.435229609302487
5876adc9,1,e08b6212,0cd9ed1f,2026-05-23 19:05:05.729792,475.358085961271,40.053312764342934
acd3d202,1,b80eb1a1,894b8626,2026-05-23 19:05:05.729820,217.95379409391242,29.359871274854534
cd6f92ee,1,f035dd6e,0cd9ed1f,2026-05-23 19:05:05.729848,493.50916007360775,5.73852765968453
cd6f92ee,2,a80408ce,249a652c,2026-05-23 19:05:05.729870,449.43461662488477,38.26785315232044
cd6f92ee,3,457cb1c2,16597aea,2026-05-23 19:05:05.729893,38.49786321210843,19.964467116734408
0c9ea360,1,dd86c49f,3a9e1e22,2026-05-23 19:05:05.729921,335.35919127471027,19.29393404820936
0c9ea360,2,fa76f6ba,5e02fca9,2026-05-23 19:05:05.729943,225.97197578679527,37.05858971535173
20f3b81a,1,26c3d826,07a21a6e,2026-05-23 19:05:05.729971,110.48581030992418,25.282829671073817
606bc499,1,c07bc85b,aa58e7b1,2026-05-23 19:05:05.729999,122.25481699630055,44.05519269035039
536a5244,1,ff4acc5e,62cdfa79,2026-05-23 19:05:05.730027,374.89370601711914,28.97603363018954
536a5244,2,6bbc7021,2b1a9a37,2026-05-23 19:05:05.730049,111.78871456599526,37.36436424454064
536a5244,3,25e8e9d0,2b1a9a37,2026-05-23 19:05:05.730071,154.7060069449145,46.38251912632133
9f4cbc5b,1,f8c6bac7,0cd9ed1f,2026-05-23 19:05:05.730099,388.4211423993923,21.93075208008371
007b9bdf,1,d96a25fc,586281b8,2026-05-23 19:05:05.730127,481.10136427559064,19.611558326779946
7b6273bf,1,fba64ffd,9bfa8093,2026-05-23 19:05:05.730159,114.88785958416295,36.22113113008178
bc715d37,1,2434d7e9,aa58e7b1,2026-05-23 19:05:05.730187,188.195387042251,46.97661873275357
38566e97,1,bbe309dd,3b78784c,2026-05-23 19:05:05.730215,312.80160951866867,38.534873371962874
38566e97,2,8bf4bda1,fb7e1c47,2026-05-23 19:05:05.730237,143.69625342750768,12.598650472228925
38566e97,3,622da96f,b4998c55,2026-05-23 19:05:05.730260,261.18999295294265,18.363371795376764
acfb109e,1,07d31f08,5e6a3159,2026-05-23 19:05:05.730288,389.6165083312127,44.90411377072522
825057dd,1,0b1f8d64,2e90d858,2026-05-23 19:05:05.730316,154.69737495891306,21.450857297583138
40258af0,1,cd775c56,1b864e2e,2026-05-23 19:05:05.730344,110.21893215515055,11.10004889320375
86ce8d15,1,0b502c6a,63b5cfb8,2026-05-23 19:05:05.730378,69.68898467379425,7.031317019630668
77ee7ea7,1,dee1e0c5,da9dd43e,2026-05-23 19:05:05.730405,219.66191605409568,31.266305880832835
e339e29c,1,272863cf,aa58e7b1,2026-05-23 19:05:05.730433,471.35543800563823,28.168417049943265
f5979b39,1,59c6855b,4e650515,2026-05-23 19:05:05.730461,156.7504434212973,30.193786642173283
a31ac154,1,3efb1588,16597aea,2026-05-23 19:05:05.730489,230.06206199172692,19.266432832103032
a5551ce1,1,ffa0fe42,249a652c,2026-05-23 19:05:05.730517,431.6321198349557,45.15067075939741
586e27af,1,abb4e8a1,15627973,2026-05-23 19:05:05.730545,61.58062673171381,16.515012527824425
07ebc7e8,1,576b6874,4e650515,2026-05-23 19:05:05.730573,69.73651675797487,40.4815031021427
f9f0a455,1,861b3ce2,9bfa8093,2026-05-23 19:05:05.730601,451.31776798717743,17.582484687740376
2a0c8fba,1,d6f5e7f4,3b78784c,2026-05-23 19:05:05.730629,431.21628661629336,13.95360997095546
e93d19bd,1,b87fd63c,ce20adb3,2026-05-23 19:05:05.730657,251.97953492251048,23.23757085583987
8cd2b192,1,d1c6bef6,b40b18bf,2026-05-23 19:05:05.730685,330.5837166422714,33.21906621968107
76584dd5,1,c8a5bb8c,07a21a6e,2026-05-23 19:05:05.730713,144.1614234120193,16.831858672358916
76584dd5,2,675b3cbf,dc8f6fd7,2026-05-23 19:05:05.730736,316.3292645956233,42.72753787753221
77b7aef5,1,7f0881df,33e748b3,2026-05-23 19:05:05.730764,401.0469145717063,18.03505580604823
d0072f1b,1,33003285,2e90d858,2026-05-23 19:05:05.730792,74.35436779932368,33.98249645441089
5dc453c4,1,b7f8c26d,3a9e1e22,2026-05-23 19:05:05.730820,319.69714743697386,24.719166369559666
959f1d9d,1,78db85d2,9ea3a409,2026-05-23 19:05:05.730848,323.3412982073405,31.5882861913074
0dbe05f5,1,b80eb1a1,15627973,2026-05-23 19:05:05.730876,26.239772335395504,30.07941122041813
2908608a,1,750350d8,0cd9ed1f,2026-05-23 19:05:05.730911,290.29808104954617,35.0577746829194
9c84e89a,1,d4d390ec,45460435,2026-05-23 19:05:05.730939,259.05075479066437,39.15835734850542
e782853f,1,f5153864,b40b18bf,2026-05-23 19:05:05.730967,26.851326995276708,19.361383728475236
36ff698f,1,1efe4014,5e02fca9,2026-05-23 19:05:05.730995,252.90249342865866,46.60582566314792
1fddf9a5,1,0b5b7698,9644a854,2026-05-23 19:05:05.731023,298.5988247439667,45.33615410212521
01378636,1,f0d91fa3,3d8cbaaa,2026-05-23 19:05:05.731051,306.5759525035921,44.30639037093381
078e3886,1,03715a61,97b111d7,2026-05-23 19:05:05.731079,487.7187733007026,6.168978685978916
3030bced,1,dd524de3,ce20adb3,2026-05-23 19:05:05.731107,258.25751023897294,42.550968084313325
1bf14edb,1,e8915011,9bfa8093,2026-05-23 19:05:05.731135,115.9999380090175,30.612141461295533
b7514061,1,f0766c58,ea1be9b6,2026-05-23 19:05:05.731166,458.3003690779839,14.248174432699019
04cc6d47,1,20c82e51,ce20adb3,2026-05-23 19:05:05.731194,219.91991672530207,29.283982912100466
04cc6d47,2,9fc805ba,bf313c0e,2026-05-23 19:05:05.731217,182.31362024315365,49.36259931883706
902d62c1,1,ab12b3b8,95784c07,2026-05-23 19:05:05.731245,428.84089172852657,39.72313381909139
902d62c1,2,a5c4c351,3a9e1e22,2026-05-23 19:05:05.731267,297.9914443722708,21.22036985767685
16ff94fc,1,9cd99410,9b360271,2026-05-23 19:05:05.731295,387.121892697856,5.575827091223545
a5b4b374,1,b80eb1a1,fb7e1c47,2026-05-23 19:05:05.731323,209.48689915640503,40.582920322388944
b8c310d2,1,7ed1283e,16597aea,2026-05-23 19:05:05.731351,479.3683922848327,40.22763705686374
bd11d1b2,1,8990aa61,894b8626,2026-05-23 19:05:05.731379,248.37200367111865,40.23524605577887
a12d1bac,1,abb4e8a1,586281b8,2026-05-23 19:05:05.731407,250.46954242277064,15.607173501200236
ac0201d4,1,b81d663e,3d8cbaaa,2026-05-23 19:05:05.731435,289.4287585034515,27.92523444000909
8748b327,1,83ce8d7f,3b2bdf38,2026-05-23 19:05:05.731463,190.0174298783192,23.700527208061988
9b721e9d,1,46c15051,07a21a6e,2026-05-23 19:05:05.731491,221.56665238808037,23.66697838213974
d62cd6c4,1,e8915011,894b8626,2026-05-23 19:05:05.731519,316.7363941642778,45.35276868483412
43d7bf3b,1,051f76c2,5e6a3159,2026-05-23 19:05:05.731547,24.013883062193546,24.58701092294273
43d7bf3b,2,46aec63d,b40b18bf,2026-05-23 19:05:05.731569,415.6140585586553,40.43723209852556
7783ffd0,1,0b819c5a,da9dd43e,2026-05-23 19:05:05.731597,365.0127317725663,19.121866293416165
6e4e2449,1,fab635ac,9644a854,2026-05-23 19:05:05.731625,345.0014682474007,30.55868108905586
6a9269ef,1,354b510a,ea1be9b6,2026-05-23 19:05:05.731653,360.073410300483,48.31800638167486
47073291,1,ec774cd8,aa58e7b1,2026-05-23 19:05:05.731681,231.14936243099402,13.633463485180178
47073291,2,0d4f14be,3d8cbaaa,2026-05-23 19:05:05.731703,22.67979660196726,44.08523529660517
40303b06,1,43646648,4e650515,2026-05-23 19:05:05.731731,186.79186612904022,14.029973911905426
1d3caf38,1,84f6f25e,15627973,2026-05-23 19:05:05.731759,35.697298579637184,32.027755224722526
0e221ff9,1,c5ed13b4,b4998c55,2026-05-23 19:05:05.731790,35.291725620033404,19.66717456623869
445c2f0d,1,4dceac83,1b864e2e,2026-05-23 19:05:05.731818,392.3093424557294,23.55601084811661
fb0cec7a,1,d06b3a63,ea1be9b6,2026-05-23 19:05:05.731846,413.61616307157965,26.42001288615598
fb0cec7a,2,77bc82f2,0cd9ed1f,2026-05-23 19:05:05.731868,135.4026259269334,26.87706532478765
cde7aaae,1,34384d23,fb7e1c47,2026-05-23 19:05:05.731896,239.88902341321037,41.479750334090646
ae99ed11,1,63728634,bf313c0e,2026-05-23 19:05:05.731924,59.67507426233345,34.54583555700112
68d8cc0f,1,d108b3e1,fb7e1c47,2026-05-23 19:05:05.731952,264.09517117342506,25.281187272925482
833a975b,1,20c82e51,0cd9ed1f,2026-05-23 19:05:05.731981,371.1164917157107,24.420269294247788
dbf0eacc,1,b521971e,dc8f6fd7,2026-05-23 19:05:05.732009,420.63527013919037,32.52490784741874
dbf0eacc,2,33245b0c,ce20adb3,2026-05-23 19:05:05.732036,379.0287363882596,16.099655937466437
47b0f2d9,1,aad67ea5,66e13682,2026-05-23 19:05:05.732064,441.8607111957084,22.311844092745822
f7c2450d,1,1cd11889,30eaa364,2026-05-23 19:05:05.732092,393.67728902082615,6.596099227255781
1877c968,1,a1372f50,66e13682,2026-05-23 19:05:05.732120,229.66364130892757,35.04416726309646
337f8eed,1,d4986c37,ce20adb3,2026-05-23 19:05:05.732148,408.66455856801167,28.12460152411028
337f8eed,2,428e3978,15bfe12f,2026-05-23 19:05:05.732170,247.28395104251143,48.34798202322997
247af9f8,1,e49271b4,33e748b3,2026-05-23 19:05:05.732198,387.4087004017821,8.418802811168408
704ae292,1,26c3d826,45460435,2026-05-23 19:05:05.732226,148.31713925295472,31.20904796558756
57998d2c,1,732fef27,894b8626,2026-05-23 19:05:05.732254,456.2487765907585,23.208540837058816
308a937e,1,d218870d,ac8fa3d8,2026-05-23 19:05:05.732282,119.63315699988668,24.43039703713819
308a937e,2,7122197c,1b864e2e,2026-05-23 19:05:05.732304,81.67562844091363,26.39089502548618
78ed6a67,1,ae0f5524,dc8f6fd7,2026-05-23 19:05:05.732332,97.80113312091737,14.967953104316798
ae3f6a60,1,ce118617,99c13bee,2026-05-23 19:05:05.732360,143.7377686310091,28.769939144379453
2c2383b0,1,a5c4c351,33e748b3,2026-05-23 19:05:05.732388,234.19007911815433,40.65770661154204
bd0d09a3,1,457cb1c2,f3ab5934,2026-05-23 19:05:05.732416,268.6273106594039,40.53755192378306
25c6b774,1,87b307f5,67491841,2026-05-23 19:05:05.732444,442.1255801760034,23.011707839881815
0a431463,1,e2f99ef5,894b8626,2026-05-23 19:05:05.732472,233.87102293321493,27.867349248720434
6c4fdda9,1,2bc19be5,bd830d4e,2026-05-23 19:05:05.732500,237.92907891654195,6.670351560489639
264d351f,1,45326e3f,ce20adb3,2026-05-23 19:05:05.732528,167.3663291200538,24.675982819008915
f5f1dd26,1,19c33d19,3b78784c,2026-05-23 19:05:05.732556,264.2237227630232,43.17039986407443
5e652577,1,21337267,7ed1bfe7,2026-05-23 19:05:05.732590,230.9690857610836,29.222531412963313
2f3a9dd5,1,63728634,ce20adb3,2026-05-23 19:05:05.732618,383.51552581197024,16.082214404555373
52e62cc2,1,df410c8f,67491841,2026-05-23 19:05:05.732646,286.9513156927545,26.017002707587846
9843bdaa,1,f4b984b2,16597aea,2026-05-23 19:05:05.732676,323.99111253833803,39.363010873396895
8faa8282,1,798444b8,aa58e7b1,2026-05-23 19:05:05.732704,285.59092963718786,29.613717189176857
8faa8282,2,07d31f08,da9dd43e,2026-05-23 19:05:05.732726,28.95979219660303,8.615313645063637
473f869c,1,385cae5b,30eaa364,2026-05-23 19:05:05.732755,65.25248652187804,9.797171796145282
52957fe2,1,df410c8f,3b78784c,2026-05-23 19:05:05.732783,243.21575196947276,7.840813814853392
d43d59bc,1,7122197c,3b2bdf38,2026-05-23 19:05:05.732811,34.88327545651947,44.46327978900804
6b73a202,1,fbb41c14,2b1a9a37,2026-05-23 19:05:05.732839,397.6983580268225,42.17805618721424
a70b0804,1,e01d6e05,2b1a9a37,2026-05-23 19:05:05.732867,249.01808218847611,20.821058501238337
06c366dd,1,ba991e10,3b2bdf38,2026-05-23 19:05:05.732895,328.4619692515013,37.670995175660785
f7b8f0e8,1,0b95b346,fb7e1c47,2026-05-23 19:05:05.732923,89.39160022423053,12.570700124330099
11b224b3,1,8da5e0b6,ce20adb3,2026-05-23 19:05:05.732951,315.7574683812596,25.119824742723345
bc5ff6ec,1,af286d24,15627973,2026-05-23 19:05:05.732979,157.78698563257595,32.12059516943592
73b0e10c,1,507392e6,07a21a6e,2026-05-23 19:05:05.733007,82.23540177760262,34.497494024755056
ec7119be,1,0704e62f,da9dd43e,2026-05-23 19:05:05.733035,126.9931084960413,42.16458212859708
250aa21f,1,97a673c8,16597aea,2026-05-23 19:05:05.733063,117.03085781867802,47.877526996824045
250aa21f,2,eb354476,fb7e1c47,2026-05-23 19:05:05.733085,345.56654639720296,48.35110950319287
ddd7f798,1,419673b9,dc8f6fd7,2026-05-23 19:05:05.733113,257.5184560004358,20.34687529208435
ddd7f798,2,ca737cf4,aa58e7b1,2026-05-23 19:05:05.733136,296.3308427588708,25.411057847766454
ddd7f798,3,e0e01f58,b4998c55,2026-05-23 19:05:05.733158,277.07610848270684,19.80429194762729
b6c971de,1,19014209,15bfe12f,2026-05-23 19:05:05.733186,73.17753069659625,34.86483386286604
ab52b57d,1,526da5b1,3b78784c,2026-05-23 19:05:05.733214,49.71596219462107,31.725031513869865
04d9d3b6,1,35e4cb32,249a652c,2026-05-23 19:05:05.733242,445.1355025164442,19.050630222644696
88b2df74,1,63d73ef7,9b360271,2026-05-23 19:05:05.733270,456.9544466384495,10.204125782024846
1ef1a56a,1,f0578d49,fb7e1c47,2026-05-23 19:05:05.733298,175.79450996496314,36.54530642314704
1ef1a56a,2,dd31d64a,3b2bdf38,2026-05-23 19:05:05.733320,181.78383610437385,11.900110141333403
8aae35eb,1,6a6d679d,da9dd43e,2026-05-23 19:05:05.733348,409.39922027520623,19.8803538789307
32fc4ec3,1,3eb38518,3d8cbaaa,2026-05-23 19:05:05.733376,243.7941670365493,39.254480870247576
8698d6bb,1,0b819c5a,3b78784c,2026-05-23 19:05:05.733404,149.13710134617875,30.550723784492103
664d0ecc,1,87b307f5,fb7e1c47,2026-05-23 19:05:05.733432,317.7010555237736,40.52196282089659
f77a22bd,1,200524a6,ea1be9b6,2026-05-23 19:05:05.733460,133.07295286530726,46.385971267552414
5e93960d,1,f7eab29f,97b111d7,2026-05-23 19:05:05.733488,479.3326546176073,13.56885949762955
f2d65a6a,1,301b2fb7,66e13682,2026-05-23 19:05:05.733516,443.5139291431972,45.129368334005086
f2d65a6a,2,aad67ea5,97b111d7,2026-05-23 19:05:05.733538,393.7768216609018,35.69322247916519
08bcc866,1,d53cabe3,f3ab5934,2026-05-23 19:05:05.733566,218.45765833468226,37.68001880255756
08bcc866,2,b2e5ceac,9644a854,2026-05-23 19:05:05.733588,413.62635930473976,17.86907960806979
bc305baf,1,d414418d,9ea3a409,2026-05-23 19:05:05.733616,421.26730529638894,36.07111713492659
629d9731,1,06108e89,3d8cbaaa,2026-05-23 19:05:05.733644,47.911791625756024,6.935209438336511
629d9731,2,a2c79ce6,ea1be9b6,2026-05-23 19:05:05.733666,216.26210672753066,43.014240118582876
629d9731,3,9cd99410,97b111d7,2026-05-23 19:05:05.733688,234.44643719661968,16.88076414941264
14212dbf,1,579f8f38,ac8fa3d8,2026-05-23 19:05:05.733716,205.8507408948667,21.67057991333488
8ddf6b67,1,479b7a62,45460435,2026-05-23 19:05:05.733744,234.74251129704703,17.052440339118952
a22b7276,1,a80408ce,3b78784c,2026-05-23 19:05:05.733772,189.00463021817893,10.664393794116172
3c30e970,1,1e9afbc6,4e650515,2026-05-23 19:05:05.733800,254.78822098895617,12.063278186104071
454bcafc,1,dd31d64a,9ea3a409,2026-05-23 19:05:05.733828,389.69099065717336,13.562173704604426
454bcafc,2,de6426fe,894b8626,2026-05-23 19:05:05.733853,149.5456453596891,15.33148829628107
5c907e69,1,e56f8c87,4e650515,2026-05-23 19:05:05.733881,252.78305100865305,38.08282867897195
5c907e69,2,b3824fcb,9ea3a409,2026-05-23 19:05:05.733904,25.616353725528622,39.27607630133998
5c907e69,3,ebe11d69,30eaa364,2026-05-23 19:05:05.733926,439.1273180491864,27.101905782306485
87c22aa4,1,e56f8c87,894b8626,2026-05-23 19:05:05.733954,437.58115082419823,40.66873642917101
3760802e,1,ffa23f58,45460435,2026-05-23 19:05:05.733982,423.7020735118356,9.227617641796362
0006ab23,1,a1ff7480,b40b18bf,2026-05-23 19:05:05.734009,405.6584155399928,21.973861403093803
0006ab23,2,7122197c,63b5cfb8,2026-05-23 19:05:05.734032,330.3593205621237,44.7511579739179
6f11eefb,1,ea1f8042,2e90d858,2026-05-23 19:05:05.734081,205.61624568558102,30.420733122881067
a9770843,1,3eb38518,586281b8,2026-05-23 19:05:05.734110,55.479669889895774,40.581926198756484
18ebbf85,1,dd31d64a,45460435,2026-05-23 19:05:05.734138,163.25803453094616,41.31509201773432
24b2ee00,1,b327f5b3,ce20adb3,2026-05-23 19:05:05.734166,262.70505059804145,22.102755324469655
4a4c5b93,1,d737a7ea,894b8626,2026-05-23 19:05:05.734194,352.0450937672152,31.66004287145479
4a4c5b93,2,0bb0bcbd,ce20adb3,2026-05-23 19:05:05.734216,268.2955959586216,29.00489664572797
a54ecae7,1,d5d9aebe,249a652c,2026-05-23 19:05:05.734244,373.46149129558614,17.085890920757258
a54ecae7,2,3eb38518,2e90d858,2026-05-23 19:05:05.734266,453.55357207368144,23.47977043452195
be80f880,1,f4b984b2,ac8fa3d8,2026-05-23 19:05:05.734294,322.8475268828492,32.22784623135106
060527a3,1,ff4acc5e,3a9e1e22,2026-05-23 19:05:05.734326,87.82614334334674,21.37552847807758
f561c363,1,b2ed138c,b4998c55,2026-05-23 19:05:05.734354,328.4954180665265,27.40881034083083
24e44539,1,cd775c56,4e650515,2026-05-23 19:05:05.734382,268.16740645631126,44.729455301601405
1d85a54a,1,5552af64,3a9e1e22,2026-05-23 19:05:05.734410,291.2705493603842,14.961950524446241
f333460d,1,dee1e0c5,aa58e7b1,2026-05-23 19:05:05.734440,248.10931717725458,43.65578074420102
92aa2fb7,1,da6e8a9b,da9dd43e,2026-05-23 19:05:05.734468,121.11363360233015,35.57491706979515
f2229d90,1,a7664c7d,f3ab5934,2026-05-23 19:05:05.734496,420.91046560269365,49.46931529697432
33713f08,1,f7a0c352,3d8cbaaa,2026-05-23 19:05:05.734524,381.87105280587366,37.65449640768662
77e5fe75,1,c14c2565,63b5cfb8,2026-05-23 19:05:05.734552,344.0217099237623,29.676132789898915
1e54d8c3,1,ffa1f70e,3b78784c,2026-05-23 19:05:05.734580,494.74645563657606,45.77546664717953
fe34bedc,1,dd31d64a,3a9e1e22,2026-05-23 19:05:05.734608,110.63584184971914,10.263734905660318
87978ee1,1,0b502c6a,2b1a9a37,2026-05-23 19:05:05.734636,450.82906085371553,36.071563647541446
87978ee1,2,abb42609,b40b18bf,2026-05-23 19:05:05.734659,73.84465328627421,49.61359175923702
6422bd7f,1,b87fd63c,b4998c55,2026-05-23 19:05:05.734687,429.1887966893686,38.16803553572918
6422bd7f,2,ebf07848,95784c07,2026-05-23 19:05:05.734710,31.46856400518452,5.6333365749636695
6422bd7f,3,179bd7d2,a9b0059e,2026-05-23 19:05:05.734732,321.1480823004972,27.14765666647286
f5d7f64f,1,ac9c63b6,180aa0cd,2026-05-23 19:05:05.734760,368.3358830118562,22.419584529335076
f5d7f64f,2,f7eab29f,45460435,2026-05-23 19:05:05.734782,441.0298646938881,23.000088420299782
f5d7f64f,3,30fb7ca7,66e13682,2026-05-23 19:05:05.734805,469.72515242142924,41.90650532092366
4df79097,1,dbf83b6b,ea1be9b6,2026-05-23 19:05:05.734833,79.59890891736306,46.90892036414799
9ef99fe3,1,804a783b,0cd9ed1f,2026-05-23 19:05:05.734861,366.2310491315779,27.808743799004873
106ae0b9,1,73bdc762,3a9e1e22,2026-05-23 19:05:05.734889,210.62746773067184,23.013098619393247
2e97022c,1,1cd11889,a9b0059e,2026-05-23 19:05:05.734917,337.6189763409233,20.361808194105283
2e97022c,2,200524a6,3b78784c,2026-05-23 19:05:05.734939,272.72847758266386,43.5707629009632
2e97022c,3,1b0c3530,07a21a6e,2026-05-23 19:05:05.734962,209.85107508269368,42.25207482688567
bb53d68e,1,d5657d48,67491841,2026-05-23 19:05:05.734989,396.52834272474604,18.639064146642465
4eec6405,1,a30767f9,ea1be9b6,2026-05-23 19:05:05.735017,21.31543653094015,42.455762611003536
d847ccfa,1,c07bc85b,16597aea,2026-05-23 19:05:05.735045,337.7831621859984,34.41192462507048
46c01aea,1,b2e5ceac,ea1be9b6,2026-05-23 19:05:05.735074,231.6545648174338,41.21642511939754
6d9525b1,1,ed8c7d6f,63b5cfb8,2026-05-23 19:05:05.735102,237.8064222151163,42.571950078283734
d155cd0f,1,0e7cc150,15627973,2026-05-23 19:05:05.735129,338.0580917258539,26.432915345742895
d155cd0f,2,8a46dc93,b40b18bf,2026-05-23 19:05:05.735151,377.97563406813083,28.286398274120515
115219e9,1,6096faed,aa58e7b1,2026-05-23 19:05:05.735179,459.078979173113,18.550292821176566
e74ff993,1,ebe11d69,15627973,2026-05-23 19:05:05.735207,60.262769677636854,6.978630125974023
dc2a143d,1,6dc89fae,9ea3a409,2026-05-23 19:05:05.735235,188.85462983192323,41.923596778480494
dc2a143d,2,d5d9aebe,7ed1bfe7,2026-05-23 19:05:05.735257,220.3003174637244,37.6902498964126
dc2a143d,3,7b72f050,9ea3a409,2026-05-23 19:05:05.735279,414.13671825712214,49.10175580684084
f5fbd503,1,74cee2e1,08d65812,2026-05-23 19:05:05.735307,70.1020744131177,48.96981380901989
31dd8738,1,0d4f14be,3a9e1e22,2026-05-23 19:05:05.735335,79.75835404638192,8.939609881723225
ceca023b,1,d69a9a23,ce20adb3,2026-05-23 19:05:05.735364,274.499297458509,20.530235185410298
ac68dc65,1,8690917d,5e02fca9,2026-05-23 19:05:05.735391,96.41647884610282,26.282288315234208
e8a5aa17,1,b81d663e,15bfe12f,2026-05-23 19:05:05.735420,415.4372684921441,36.5276289295662
b5127475,1,79804949,aa58e7b1,2026-05-23 19:05:05.735447,239.72464602860813,17.890391173774706
b5127475,2,0b7e335b,63b5cfb8,2026-05-23 19:05:05.735470,188.35491716109038,14.603458979451492
c327982d,1,c898aa01,9ea3a409,2026-05-23 19:05:05.735498,164.20104316818345,26.39683015329623
c327982d,2,25e8e9d0,9644a854,2026-05-23 19:05:05.735520,271.5662593466425,43.17949716655995
f558f165,1,a4cc70ff,66e13682,2026-05-23 19:05:05.735548,166.7363087163184,6.955055431116549
f558f165,2,ba4ae1ef,586281b8,2026-05-23 19:05:05.735570,274.5334266371613,18.430386492832042
3c047073,1,97a673c8,b4998c55,2026-05-23 19:05:05.735598,183.44137856124465,32.17783036697622
d47716d3,1,b61d752f,b40b18bf,2026-05-23 19:05:05.735626,112.8350074287493,43.735107247421034
89b1b8c5,1,bc10f1a6,3b78784c,2026-05-23 19:05:05.735662,421.60619655084906,30.694966934843706
3b0ee60e,1,a5d3f66d,fb7e1c47,2026-05-23 19:05:05.735690,423.9604266206827,16.866665850262507
de66fe97,1,0b502c6a,62cdfa79,2026-05-23 19:05:05.735718,471.12469084248903,47.67334358945334
3f65cc5c,1,354b510a,bf313c0e,2026-05-23 19:05:05.735749,105.73332865838861,27.16082987181519
89489d12,1,79804949,110c0782,2026-05-23 19:05:05.735777,273.1983542963642,43.22498959970062
e9107f7a,1,9571a4b9,9644a854,2026-05-23 19:05:05.735805,230.93763331437484,5.108622410344532
908d40d2,1,e2d2b752,66e13682,2026-05-23 19:05:05.735838,252.49320272925027,25.463654111979746
101287e0,1,5552af64,bd830d4e,2026-05-23 19:05:05.735866,487.7216507790943,20.55426310042662
101287e0,2,ab12b3b8,ea1be9b6,2026-05-23 19:05:05.735889,415.0008055382241,28.9333365585593
e991e1ad,1,1ce90747,bd830d4e,2026-05-23 19:05:05.735917,191.29615964830475,13.643424234347954
aee0098a,1,f035dd6e,07a21a6e,2026-05-23 19:05:05.735945,201.98449351135727,44.73288514637463
b3096b24,1,f7eab29f,bd830d4e,2026-05-23 19:05:05.735973,485.84299338891657,30.033104212176095
e3693577,1,e08b6212,08d65812,2026-05-23 19:05:05.736001,376.8200429769375,30.791432026216842
e8172243,1,83cfeab2,30eaa364,2026-05-23 19:05:05.736029,209.3570928943561,41.474754672157545
e8172243,2,b87fd63c,5e02fca9,2026-05-23 19:05:05.736058,464.8335328456391,11.863450762153015
c4d4460d,1,5e5d06a2,5e02fca9,2026-05-23 19:05:05.736094,349.7418014095831,13.790726694148272
540ce225,1,d3487b0c,da9dd43e,2026-05-23 19:05:05.736131,451.4034074700083,18.509993842449113
94266cdd,1,8e1a7023,586281b8,2026-05-23 19:05:05.736161,437.22826670060584,31.867706351599463
88ade773,1,b1cc08e0,3b2bdf38,2026-05-23 19:05:05.736196,291.6575032220469,17.84671104824176
88ade773,2,6da265a9,5e02fca9,2026-05-23 19:05:05.736225,428.4174121876084,31.262862847921504
b87b574b,1,0e7cc150,30eaa364,2026-05-23 19:05:05.736262,199.21261762224225,25.16512530182352
b87b574b,2,e0e01f58,97b111d7,2026-05-23 19:05:05.736286,423.3177273233791,49.03843147100765
609613c7,1,b426fb84,110c0782,2026-05-23 19:05:05.736320,159.87587025719478,26.36542279295894
29d3e3e1,1,190fd57b,5e02fca9,2026-05-23 19:05:05.736356,454.363707408117,13.870284890911028
29d3e3e1,2,7122197c,f3ab5934,2026-05-23 19:05:05.736378,412.4751788326462,31.072064015652835
1265f0a8,1,2164f126,249a652c,2026-05-23 19:05:05.736406,497.19884556289384,6.803133971039523
4bd9440a,1,d58037ff,5e6a3159,2026-05-23 19:05:05.736439,177.99167119675727,9.792011253332559
149487b3,1,7122197c,9b360271,2026-05-23 19:05:05.736467,205.32380149553362,40.473639843289895
f8744b92,1,06c13985,4e650515,2026-05-23 19:05:05.736495,445.2506441684158,43.80154571859827
4388e3eb,1,a30767f9,62cdfa79,2026-05-23 19:05:05.736523,181.22501716674225,19.843274731518516
da2ec858,1,c5ed13b4,b40b18bf,2026-05-23 19:05:05.736551,193.0694073867425,27.159202358982938
da2ec858,2,9fc805ba,15627973,2026-05-23 19:05:05.736574,149.80336317838788,19.52131085511381
f5876b4f,1,53cc4a10,1b864e2e,2026-05-23 19:05:05.736612,37.798449299221346,32.23195521688985
ec8565fc,1,b9745c32,67491841,2026-05-23 19:05:05.736644,250.70531205209903,36.29736999818127
97570f23,1,0481a318,bf313c0e,2026-05-23 19:05:05.736672,414.6309799429655,39.70205286081567
368b8636,1,84f6f25e,66e13682,2026-05-23 19:05:05.736700,346.4903432758844,23.216155043761106
06d22e0d,1,20d3e294,07a21a6e,2026-05-23 19:05:05.736728,351.5021989065172,41.42830167107669
90ca9ca4,1,3517bafa,15627973,2026-05-23 19:05:05.736756,328.5605975966392,34.166981816735515
fad623e6,1,ac9c63b6,fb7e1c47,2026-05-23 19:05:05.736784,23.148677069529082,42.016159140549405
c88ed723,1,479b7a62,c739947b,2026-05-23 19:05:05.736812,218.149932802179,25.302624801139164
d9b71a41,1,239148df,bf313c0e,2026-05-23 19:05:05.736840,250.78562656285786,46.1076448147388
ed5f9bca,1,b33edcc7,2e90d858,2026-05-23 19:05:05.736868,27.07831641644324,26.517532246181784
8a50db1e,1,531f5fa7,a9b0059e,2026-05-23 19:05:05.736896,216.02970754282055,12.879459091448116
8a50db1e,2,1ec31fb7,15bfe12f,2026-05-23 19:05:05.736918,412.84047621705616,20.99974609396614
8a50db1e,3,861b3ce2,5e02fca9,2026-05-23 19:05:05.736940,430.5065177607107,35.74219278895264
f30ddeb1,1,4f66b683,15627973,2026-05-23 19:05:05.736968,52.40002477149835,26.54795951085016
20f629fc,1,07d31f08,bf313c0e,2026-05-23 19:05:05.736996,26.459524522004738,47.20682061006107
bff701df,1,3386bf02,95784c07,2026-05-23 19:05:05.737024,485.1165283159383,28.705560348953583
6b3354c3,1,f8eb5b7f,c739947b,2026-05-23 19:05:05.737052,134.2082909455753,26.42929325280273
1730a577,1,a0a8781f,0cd9ed1f,2026-05-23 19:05:05.737079,394.88579932483924,30.406376615891556
d2d87298,1,6b99e29d,5e6a3159,2026-05-23 19:05:05.737108,294.6798414407849,12.252450849711716
8b88d297,1,190fd57b,7ed1bfe7,2026-05-23 19:05:05.737135,351.23947547478684,18.114667637085933
ecbe5634,1,b9745c32,15627973,2026-05-23 19:05:05.737163,402.3910274650124,5.871685839457157
ecbe5634,2,dbf83b6b,9ea3a409,2026-05-23 19:05:05.737186,125.69044726950153,24.965614340395543
a60296bc,1,78db85d2,67491841,2026-05-23 19:05:05.737214,62.23821292772976,7.632327120269009
a60296bc,2,a1372f50,da9dd43e,2026-05-23 19:05:05.737236,81.60696393753781,13.121393660329868
4fb75965,1,d108b3e1,bd830d4e,2026-05-23 19:05:05.737264,190.47299544629288,24.524668138175564
4fb75965,2,f7a0c352,5e6a3159,2026-05-23 19:05:05.737286,135.1266822812475,28.19855941549405
f1ceb5ff,1,a81b9a61,da9dd43e,2026-05-23 19:05:05.737314,91.85824295433888,12.041074954536432
9bbf6fec,1,b15e075c,0cd9ed1f,2026-05-23 19:05:05.737342,443.9995248918977,6.505312133246782
2bc9fe64,1,428e3978,63b5cfb8,2026-05-23 19:05:05.737370,309.5150794461647,40.63858726685091
2bc9fe64,2,2f8dbd79,33e748b3,2026-05-23 19:05:05.737397,178.93490069734074,9.57304067903467
2bc9fe64,3,7b3bc82e,97b111d7,2026-05-23 19:05:05.737419,408.3153229693712,37.210462293693254
7046918d,1,e56f8c87,ce20adb3,2026-05-23 19:05:05.737447,433.9581353846785,41.46570065045089
7649f12d,1,cf112ebc,66e13682,2026-05-23 19:05:05.737475,451.20470101084453,24.566092291501533
d39aa454,1,83cfeab2,66e13682,2026-05-23 19:05:05.737503,231.9110734393082,14.363283995498065
3cc4b05e,1,f0fa7368,08d65812,2026-05-23 19:05:05.737531,265.7732170934588,33.580266027362015
c705909d,1,798444b8,5e02fca9,2026-05-23 19:05:05.737559,234.02670651209704,47.07276135136579
4fc91b3b,1,2164f126,63b5cfb8,2026-05-23 19:05:05.737587,456.8989250588017,46.60218595557339
6dea01e3,1,c9faca17,63b5cfb8,2026-05-23 19:05:05.737617,233.98375132222833,46.14888698271264
ed8c02d9,1,365315d9,3b2bdf38,2026-05-23 19:05:05.737645,401.60983382669787,44.861505107367776
b64843c7,1,9fc805ba,2e90d858,2026-05-23 19:05:05.737675,419.1479620428114,25.76955934549784
32c1ace8,1,db7ee15f,b4998c55,2026-05-23 19:05:05.737703,365.95060568163257,46.34671375077879
0b43199d,1,b7ab2de3,33e748b3,2026-05-23 19:05:05.737731,362.08809947774495,24.75450499529051
e242be25,1,4d2c57f6,33e748b3,2026-05-23 19:05:05.737758,118.27495968261658,19.332819749967705
b19137d1,1,c9610a20,66e13682,2026-05-23 19:05:05.737786,438.7886872417443,21.714250277801984
b19137d1,2,eb1ad0e1,894b8626,2026-05-23 19:05:05.737809,201.48731787670283,36.89226337596598
b19137d1,3,a0f95b64,15bfe12f,2026-05-23 19:05:05.737831,40.62808236888973,22.29416053248533
63141d01,1,e8a04814,5e02fca9,2026-05-23 19:05:05.737859,409.72577650810416,43.54944242546848
405bb909,1,79804949,9ea3a409,2026-05-23 19:05:05.737887,370.438724628741,25.179308412769487
ba47eb7c,1,7f779927,9b360271,2026-05-23 19:05:05.737915,482.9344845698806,41.093400350394205
221034cd,1,1b0c3530,586281b8,2026-05-23 19:05:05.737943,117.68232451128837,43.59236925607339
9ad11f6a,1,2e74541a,c739947b,2026-05-23 19:05:05.737970,337.0927897814887,38.368998889630134
11849c9e,1,0de23cb0,16597aea,2026-05-23 19:05:05.737998,362.78900037102443,16.530202467015418
516307bf,1,f1803c5b,16597aea,2026-05-23 19:05:05.738026,231.61742137313203,6.317592200606493
1a82298f,1,e33d6924,95784c07,2026-05-23 19:05:05.738054,274.852755046078,12.782798729079738
91104deb,1,49052402,99c13bee,2026-05-23 19:05:05.738082,101.36300207986565,44.437882720081504
c00fd229,1,b2f0edf2,586281b8,2026-05-23 19:05:05.738110,155.78544360220937,41.86336288539287
ccbcceee,1,675b3cbf,2e90d858,2026-05-23 19:05:05.738138,130.92018951289768,37.07598644347383
ccbcceee,2,7b3bc82e,95784c07,2026-05-23 19:05:05.738160,207.70553967153364,39.146241880667425
34c22f18,1,b9745c32,bf313c0e,2026-05-23 19:05:05.738188,294.99982834342484,15.78593611576147
585c7fc5,1,1b0c3530,3b78784c,2026-05-23 19:05:05.738216,130.58765187982561,48.335929824733874
bb5bbe50,1,1ce90747,45460435,2026-05-23 19:05:05.738245,393.4739617819293,46.778129671198435
138121a1,1,71808bff,2b1a9a37,2026-05-23 19:05:05.738283,127.48578959781385,33.25390537733284
9b8d07af,1,33eccda0,2b1a9a37,2026-05-23 19:05:05.738311,23.712383218060875,12.06441873346567
cc560c52,1,b7e09b7b,2b1a9a37,2026-05-23 19:05:05.738339,312.19863843391687,33.07555316511365
d250ca7f,1,4589144e,16597aea,2026-05-23 19:05:05.738367,472.01335315330243,35.310486969418115
673d3a31,1,a1ff7480,ea1be9b6,2026-05-23 19:05:05.738400,402.86584994035127,47.4343348638776
2203f58c,1,91fb2ced,f3ab5934,2026-05-23 19:05:05.738428,389.7279007484637,34.28749129078061
10836541,1,b327f5b3,33e748b3,2026-05-23 19:05:05.738456,485.6175956317233,29.832174010359637
10836541,2,d58037ff,a9b0059e,2026-05-23 19:05:05.738478,396.33884002821935,43.96818601416487
4c53dacb,1,a127fb43,f3ab5934,2026-05-23 19:05:05.738506,199.67892953147367,49.36527216738395
59c1446e,1,7b3bc82e,3b2bdf38,2026-05-23 19:05:05.738534,259.42528733530827,29.07873461048627
65ade2b7,1,b2ed138c,97b111d7,2026-05-23 19:05:05.738562,20.642977897910697,30.245057941171567
d0421910,1,7469ba11,bd830d4e,2026-05-23 19:05:05.738598,422.520106650317,6.350794293444179
7031f0ec,1,16cf8ae8,3a9e1e22,2026-05-23 19:05:05.738626,390.3450669605911,10.951848950122168
e606177a,1,c92bce8f,67491841,2026-05-23 19:05:05.738654,24.102653994994228,34.55046073108573
e606177a,2,84329c95,586281b8,2026-05-23 19:05:05.738676,189.77189173174625,28.74083460634643
57ff4454,1,dd86c49f,b4998c55,2026-05-23 19:05:05.738713,381.5020757747445,47.366223677890964
9482fa40,1,591fed2c,aa58e7b1,2026-05-23 19:05:05.738741,262.4356893125999,45.71396069761936
3543a48c,1,b521971e,3b78784c,2026-05-23 19:05:05.738769,285.5399458229053,19.708942187395202
82409d2c,1,cdc4c018,66e13682,2026-05-23 19:05:05.738797,497.3446414139623,21.922826362594147
a47ccb99,1,d218870d,5e6a3159,2026-05-23 19:05:05.738825,118.21778592545616,22.383459502103317
7b07ea02,1,45326e3f,110c0782,2026-05-23 19:05:05.738852,330.04114798577297,16.5468309716339
c7fd5a51,1,173de56d,99c13bee,2026-05-23 19:05:05.738880,100.1602988409974,12.64868440712915
c7fd5a51,2,ad8d092f,3a9e1e22,2026-05-23 19:05:05.738903,133.57901096848462,12.576820588369696
8f32549f,1,92028873,45460435,2026-05-23 19:05:05.738931,315.35154139673125,8.558493277244338
93d72b7c,1,0b873518,30eaa364,2026-05-23 19:05:05.738959,316.54011278507056,11.285750580655936
5fb416c7,1,b81d663e,2e90d858,2026-05-23 19:05:05.738987,487.3358611984661,22.49653787783669
7785b9b7,1,0de23cb0,da9dd43e,2026-05-23 19:05:05.739015,106.49426883960935,11.57501122616591
550c9ad4,1,2016e8c0,67491841,2026-05-23 19:05:05.739043,270.3046683370808,41.181883022825154
476d6750,1,c898aa01,dc8f6fd7,2026-05-23 19:05:05.739070,423.76777183295883,11.746337525822842
b89ef72c,1,b8caf64c,2e90d858,2026-05-23 19:05:05.739098,87.70081318140774,12.582150091935326
b89ef72c,2,59c6855b,3b78784c,2026-05-23 19:05:05.739121,370.00216787600505,34.50800736315933
f6d8ac2c,1,7f0881df,ac8fa3d8,2026-05-23 19:05:05.739149,251.93956683480877,14.449663957605498
40d5810c,1,542cbb30,249a652c,2026-05-23 19:05:05.739177,492.88700403057965,38.732222932307
982f395d,1,85e2c5d9,67491841,2026-05-23 19:05:05.739205,43.89514686975721,28.9251616049991
0ee0364d,1,e08b6212,bd830d4e,2026-05-23 19:05:05.739233,47.21907151888679,5.421243465526135
3f67dae5,1,aa3475ce,249a652c,2026-05-23 19:05:05.739261,61.54593207201215,17.551249658357843
3f67dae5,2,b21e3120,9bfa8093,2026-05-23 19:05:05.739283,279.03366332725295,47.715656582116075
8f3e196b,1,dbf83b6b,bf313c0e,2026-05-23 19:05:05.739311,436.4048799211542,38.32135240617948
61a39816,1,63d73ef7,7ed1bfe7,2026-05-23 19:05:05.739339,29.380694254903332,23.899923885079215
3422b589,1,26e11775,bd830d4e,2026-05-23 19:05:05.739370,333.7891307289966,40.55869387961354
3422b589,2,f913184c,99c13bee,2026-05-23 19:05:05.739392,438.46279596383306,35.44615561285172
3422b589,3,f6cd0a4d,fb7e1c47,2026-05-23 19:05:05.739415,360.80830892539825,13.817677297726473
d8e6a55c,1,d4986c37,62cdfa79,2026-05-23 19:05:05.739445,217.1957767003884,25.327302228129
a76512b1,1,b33edcc7,99c13bee,2026-05-23 19:05:05.739473,131.52698355561972,15.796384373927955
228fd73a,1,b80eb1a1,0cd9ed1f,2026-05-23 19:05:05.739501,493.2070818382848,18.90644636980503
c753d736,1,457cb1c2,66e13682,2026-05-23 19:05:05.739529,127.9684473637187,5.533908671456029
c753d736,2,32992893,2b1a9a37,2026-05-23 19:05:05.739551,354.35563279619373,15.31639997570877
06720e8e,1,c5ed13b4,1b864e2e,2026-05-23 19:05:05.739580,421.01305669851735,12.615054913298566
818ed666,1,1e9afbc6,97b111d7,2026-05-23 19:05:05.739608,246.6030302892457,17.956830608055
42857350,1,cae0b89b,33e748b3,2026-05-23 19:05:05.739636,312.75937817855277,43.098785918809014
eeeb87f9,1,004d4636,aa58e7b1,2026-05-23 19:05:05.739665,334.27406862417666,32.10256093169238
eeeb87f9,2,874bac3e,5e6a3159,2026-05-23 19:05:05.739687,207.89791087665907,17.83008610831708
efb1e7f0,1,d96a25fc,586281b8,2026-05-23 19:05:05.739715,441.2016014644498,37.52706169389664
0d3ece4c,1,576b6874,b4998c55,2026-05-23 19:05:05.739745,290.6619255096731,26.534600992648198
b35e7ae6,1,5194ad1a,bd830d4e,2026-05-23 19:05:05.739773,95.78160572909064,40.21441121409448
b35e7ae6,2,3c62cc15,3a9e1e22,2026-05-23 19:05:05.739795,427.7324763444165,29.872080080962007
74763a1e,1,6a6d679d,99c13bee,2026-05-23 19:05:05.739824,325.41677465324193,48.961768147778606
2393ccaf,1,f66f78b7,66e13682,2026-05-23 19:05:05.739851,467.5356432018008,42.13114556488682
e9c3ec54,1,dbf83b6b,15bfe12f,2026-05-23 19:05:05.739880,488.67165166334894,19.29679533839226
125022a8,1,ca737cf4,5e6a3159,2026-05-23 19:05:05.739908,72.85855803254742,35.37391630060733
50eca8b7,1,96de232f,a9b0059e,2026-05-23 19:05:05.739936,448.14570024587414,40.855425772830515
7cab0508,1,f0fa7368,07a21a6e,2026-05-23 19:05:05.739964,217.62119835861438,49.74987614769506
2cd90dde,1,ac9c63b6,5e02fca9,2026-05-23 19:05:05.739992,301.37248604203427,16.964407695407445
25c870a7,1,e0639b9b,5e6a3159,2026-05-23 19:05:05.740020,472.50071532869856,35.62330050255191
25c870a7,2,84f6f25e,9644a854,2026-05-23 19:05:05.740043,27.401416896446875,23.340978779549495
267b8eb6,1,2016e8c0,c739947b,2026-05-23 19:05:05.740071,426.46468730392604,30.590789635326786
267b8eb6,2,83ce8d7f,9b360271,2026-05-23 19:05:05.740093,27.284043509632987,42.738024517302954
267b8eb6,3,df410c8f,ac8fa3d8,2026-05-23 19:05:05.740115,56.81458692325889,36.939017231744195
18b94b9a,1,b521971e,9644a854,2026-05-23 19:05:05.740143,112.31922650685448,19.46274956325982
d01add05,1,c9faca17,aa58e7b1,2026-05-23 19:05:05.740183,99.5983219660799,6.733907558385251
9caebccd,1,d3c419f1,45460435,2026-05-23 19:05:05.740211,346.37718153900147,27.62640060136797
9caebccd,2,1e9afbc6,bd830d4e,2026-05-23 19:05:05.740233,402.06298854743,42.19734256485435
9caebccd,3,81dbafcf,fb7e1c47,2026-05-23 19:05:05.740255,432.521788532958,39.26976480850129
5f64524c,1,d400d501,3b78784c,2026-05-23 19:05:05.740284,420.7024924922986,40.71028772815975
8ca0f34f,1,a5c4c351,1b864e2e,2026-05-23 19:05:05.740312,485.29156567533045,38.09578178329564
52c2b09b,1,4c0b1c75,110c0782,2026-05-23 19:05:05.740340,271.8374916553243,32.220619846229006
52c2b09b,2,8990aa61,110c0782,2026-05-23 19:05:05.740362,163.15249829611344,44.396507940155786
52c2b09b,3,ac9d25dc,07a21a6e,2026-05-23 19:05:05.740384,418.1468209098234,30.635676614626192
aba371aa,1,d108b3e1,f3ab5934,2026-05-23 19:05:05.740412,468.8713890058725,24.081509132526826
aba371aa,2,6d25ee58,bf313c0e,2026-05-23 19:05:05.740435,329.53439872293586,39.85652334779397
c4898fcc,1,b1e2187e,da9dd43e,2026-05-23 19:05:05.740463,300.85604416700744,23.1756401202684
7f8f6a06,1,b1eadd47,7ed1bfe7,2026-05-23 19:05:05.740491,498.4595355037054,21.17270371668773
7f8f6a06,2,f66f78b7,bf313c0e,2026-05-23 19:05:05.740513,83.51941270818358,31.068455573576298
1fd5259d,1,1792827c,dc8f6fd7,2026-05-23 19:05:05.740541,294.2276958558978,14.645340771559617
1fd5259d,2,d9bed1eb,ac8fa3d8,2026-05-23 19:05:05.740563,417.89059002107444,31.952562311034814
1fd5259d,3,173de56d,894b8626,2026-05-23 19:05:05.740586,41.386476604632506,33.30448375536355
91f31cb7,1,ce0b5c90,45460435,2026-05-23 19:05:05.740614,252.54534864382566,11.319082847843276
b4c20561,1,cae0b89b,30eaa364,2026-05-23 19:05:05.740642,139.74925481490106,11.366807146211507
f126a5b5,1,53cc4a10,5e6a3159,2026-05-23 19:05:05.740671,106.16347441606094,36.15507853856221
b98d9863,1,b2f0edf2,ac8fa3d8,2026-05-23 19:05:05.740698,96.34605560677105,6.051458244473403
457d20c5,1,ffa23f58,08d65812,2026-05-23 19:05:05.740730,278.21604916441515,32.31638498513735
7dd66bb0,1,3726cc61,0cd9ed1f,2026-05-23 19:05:05.740758,222.450851221957,41.96268475850941
7dd66bb0,2,8bf4bda1,7ed1bfe7,2026-05-23 19:05:05.740781,439.8998420442612,14.483177141454565
7dd66bb0,3,f2d5a45e,0cd9ed1f,2026-05-23 19:05:05.740803,320.7032239414365,25.829323215391124
b7860e77,1,d06b3a63,63b5cfb8,2026-05-23 19:05:05.740831,495.30714284105676,23.240919163041703
85321d43,1,576b6874,4e650515,2026-05-23 19:05:05.740859,436.71951371353356,14.773570116887
85321d43,2,97385578,5e02fca9,2026-05-23 19:05:05.740881,420.772885156076,42.44761129555968
f1fccf9a,1,d9027657,16597aea,2026-05-23 19:05:05.740909,321.6409765471391,34.961483481775716
4bc8e8ea,1,77bc82f2,2b1a9a37,2026-05-23 19:05:05.740938,317.08498129876256,24.352681407793362
1d9c2a5e,1,1f6c563e,5e6a3159,2026-05-23 19:05:05.740965,159.71292605174938,14.077325054741102
2166024c,1,daca70db,07a21a6e,2026-05-23 19:05:05.740995,293.28825167583864,14.005578220953188
b04b6e6f,1,d45a0f2d,66e13682,2026-05-23 19:05:05.741023,205.53371445685275,40.552782773671204
89809ab4,1,0704e62f,b40b18bf,2026-05-23 19:05:05.741051,35.19089238167162,23.71845904386928
ceb8f24b,1,07a5e35a,1b864e2e,2026-05-23 19:05:05.741079,491.3321325416708,13.735553130725952
c3714099,1,fbae8b7e,b40b18bf,2026-05-23 19:05:05.741107,34.696665258566185,36.34958501039123
2c43538f,1,602b55d7,c739947b,2026-05-23 19:05:05.741135,457.73189010899546,22.424573117268004
fb8bc075,1,6b99e29d,aa58e7b1,2026-05-23 19:05:05.741163,483.3470118149108,17.662936510420405
08aa4d86,1,ce0b5c90,bd830d4e,2026-05-23 19:05:05.741191,148.3771191373713,40.598126018730554
08aa4d86,2,fab635ac,07a21a6e,2026-05-23 19:05:05.741224,283.07042074610854,21.080711262595415
08aa4d86,3,a4d8f4ec,b40b18bf,2026-05-23 19:05:05.741246,467.00996101872715,27.974932600099983
42956087,1,479b7a62,586281b8,2026-05-23 19:05:05.741274,497.7744058231544,44.73790344559327
34e631af,1,f66f78b7,3b2bdf38,2026-05-23 19:05:05.741302,382.66667029424343,9.081888098238496
f8c80a6b,1,804a783b,63b5cfb8,2026-05-23 19:05:05.741331,54.906679223280236,46.16409724361709
c52cb9f6,1,06c13985,3a9e1e22,2026-05-23 19:05:05.741365,79.25272728470952,24.045607309776855
40e92531,1,176a9f25,ea1be9b6,2026-05-23 19:05:05.741393,397.2725992188809,14.00724174159074
e98cd315,1,a2eb2053,1b864e2e,2026-05-23 19:05:05.741421,454.7050779641865,45.19865704178957
4337142c,1,354b510a,da9dd43e,2026-05-23 19:05:05.741449,492.9920655027114,19.933126219528408
c5a54637,1,6a6d679d,ac8fa3d8,2026-05-23 19:05:05.741477,310.29970147478423,28.276033668845823
82408fb4,1,819f6726,99c13bee,2026-05-23 19:05:05.741505,59.15479557651338,18.4031146532676
82408fb4,2,ba991e10,95784c07,2026-05-23 19:05:05.741528,220.5729672822479,34.79625737965712
82408fb4,3,ca737cf4,c739947b,2026-05-23 19:05:05.741550,52.24729930886882,13.81803068751183
77e6cb99,1,b9745c32,99c13bee,2026-05-23 19:05:05.741578,345.28640755658853,19.234644041777827
b6fcef1a,1,ba991e10,bf313c0e,2026-05-23 19:05:05.741606,432.01368167164475,17.44196960501378
4970f76b,1,0558b9dd,3d8cbaaa,2026-05-23 19:05:05.741634,129.29468633310074,39.51501701225829
a40960cf,1,337e4c9d,c739947b,2026-05-23 19:05:05.741662,474.16855058397624,37.56370306194925
22224625,1,4589144e,5e02fca9,2026-05-23 19:05:05.741693,111.45296718126347,39.02630328412593
7119bad4,1,14b98e41,45460435,2026-05-23 19:05:05.741721,319.1321095570518,11.477523581836767
d98a9e8d,1,0c7d5c0d,30eaa364,2026-05-23 19:05:05.741750,205.79780630818757,10.503116492157531
d98a9e8d,2,8892d1d2,3b78784c,2026-05-23 19:05:05.741772,472.39459794361034,31.15096241644002
a204cbcf,1,a127fb43,249a652c,2026-05-23 19:05:05.741800,404.31209468497593,27.86435426106836
c9d459d3,1,874bac3e,da9dd43e,2026-05-23 19:05:05.741828,366.54302627146745,25.67034997740199
ea549ea9,1,1cd11889,2b1a9a37,2026-05-23 19:05:05.741856,414.07179730537695,12.61956618046989
7310ee0d,1,ab313603,ce20adb3,2026-05-23 19:05:05.741884,376.68834477666695,5.622424375123351
85e7e52d,1,051f76c2,7ed1bfe7,2026-05-23 19:05:05.741912,270.2141851704193,25.970585302943242
b6200f2f,1,8c7a1f1a,3b78784c,2026-05-23 19:05:05.741945,349.89011777200847,41.951489761293345
93216355,1,c9faca17,bd830d4e,2026-05-23 19:05:05.741973,309.7865974251467,7.202283256307742
5943d2e2,1,982d53cd,4e650515,2026-05-23 19:05:05.742003,136.9528297372132,33.29381707556867
5943d2e2,2,f6143d5b,3a9e1e22,2026-05-23 19:05:05.742025,234.48699986341475,24.62464876982757
5943d2e2,3,e2d2b752,33e748b3,2026-05-23 19:05:05.742047,397.61831335387063,23.435240196935624
51b89fed,1,7b3bc82e,3d8cbaaa,2026-05-23 19:05:05.742075,124.37345657869099,28.742791637805503
cf9d353b,1,2bc19be5,15627973,2026-05-23 19:05:05.742103,206.70827581617394,20.897714865862408
1aae3365,1,d218870d,586281b8,2026-05-23 19:05:05.742131,359.34010355029716,31.156360767752147
99bb3ae1,1,b8caf64c,16597aea,2026-05-23 19:05:05.742159,96.55405433893304,7.114587394559578
a41da027,1,4b3a0747,b4998c55,2026-05-23 19:05:05.742187,351.58289647563146,48.277985427639216
62a43401,1,0b9e4648,62cdfa79,2026-05-23 19:05:05.742215,335.7037224788025,43.712554131926375
c5af5757,1,3eb38518,07a21a6e,2026-05-23 19:05:05.742243,479.7784742999949,45.80213490286006
0d4358d6,1,8d1a49eb,15627973,2026-05-23 19:05:05.742271,125.95091422842772,46.091084499839845
82b8e4f5,1,97a673c8,1b864e2e,2026-05-23 19:05:05.742299,69.90079150709988,7.345530952129817
9fefccd7,1,0d4f14be,15bfe12f,2026-05-23 19:05:05.742327,279.7719806645294,28.714077304453987
9fefccd7,2,874bac3e,3b78784c,2026-05-23 19:05:05.742349,220.65483736679244,26.40722575821412
9fefccd7,3,b426fb84,33e748b3,2026-05-23 19:05:05.742371,399.6352950050549,21.967870504267086
19307617,1,97a673c8,15627973,2026-05-23 19:05:05.742399,141.7740158144417,44.45389722961102
72aade8e,1,20c82e51,586281b8,2026-05-23 19:05:05.742426,401.96288893928073,43.20836479007049
020a19bb,1,fd399d3f,110c0782,2026-05-23 19:05:05.742454,88.33154122956557,47.32063395761901
020a19bb,2,4a16a9b2,c739947b,2026-05-23 19:05:05.742476,142.83392084036774,8.781743579486799
2e84ce43,1,c5ed13b4,3d8cbaaa,2026-05-23 19:05:05.742504,171.32931434158044,12.518935858893652
2e84ce43,2,26e11775,b40b18bf,2026-05-23 19:05:05.742526,314.68720930061704,7.118787487659058
aaf523ae,1,d1c6bef6,15627973,2026-05-23 19:05:05.742555,308.48713614023967,42.19604456206816
de75a5d1,1,1b0c3530,5e6a3159,2026-05-23 19:05:05.742582,366.0754961232844,42.26586756760732
8108c5ad,1,d218870d,bf313c0e,2026-05-23 19:05:05.742610,239.80119461852783,13.933743526510678
db078f35,1,eaf09bf2,33e748b3,2026-05-23 19:05:05.742638,246.5751539782427,11.639820163052052
936d19af,1,d5d9aebe,1b864e2e,2026-05-23 19:05:05.742666,75.61192669066932,15.092342604293147
b5bc9017,1,9a4b5684,2e90d858,2026-05-23 19:05:05.742694,301.19322423654353,43.02368943900498
b5bc9017,2,55e6c6a5,07a21a6e,2026-05-23 19:05:05.742716,222.78394702437643,38.97505641337079
b5bc9017,3,71808bff,15627973,2026-05-23 19:05:05.742738,151.1378359991817,16.788886886263697
5195f49a,1,272863cf,bf313c0e,2026-05-23 19:05:05.742766,26.281568621886677,46.770174086170954
0362595d,1,cabc28d5,da9dd43e,2026-05-23 19:05:05.742794,347.94699891036913,44.85684068264563
fb61985d,1,c8a5bb8c,9644a854,2026-05-23 19:05:05.742822,279.14614195254063,37.989434316666085
e10bb6b6,1,91fb2ced,9644a854,2026-05-23 19:05:05.742850,156.19494068842064,44.80896892004413
e10bb6b6,2,ba991e10,5e6a3159,2026-05-23 19:05:05.742872,375.7143438935227,32.224091584622435
eea94a0a,1,1ce90747,249a652c,2026-05-23 19:05:05.742900,266.1726125191315,40.75079087568404
89f55b27,1,3eb38518,7ed1bfe7,2026-05-23 19:05:05.742928,87.81410462614319,29.576958159675097
3e95ea5d,1,ec774cd8,ce20adb3,2026-05-23 19:05:05.742956,154.89272220978114,26.267453199380615
e207a1f4,1,0477d12a,3d8cbaaa,2026-05-23 19:05:05.743011,289.3698557640292,46.58244623065897
e207a1f4,2,ef4d75a2,586281b8,2026-05-23 19:05:05.743033,44.09762634339421,12.940816582470056
30eb514f,1,f0578d49,aa58e7b1,2026-05-23 19:05:05.743062,182.65030495421485,37.753632673981414
8770c045,1,3386bf02,249a652c,2026-05-23 19:05:05.743090,209.0598374929373,31.563794765403227
481e33cf,1,ac9d25dc,586281b8,2026-05-23 19:05:05.743118,310.2132628773831,27.72817159273883
481e33cf,2,b80eb1a1,110c0782,2026-05-23 19:05:05.743140,145.75506397704788,17.75102543207283
cefd3764,1,b1eadd47,2b1a9a37,2026-05-23 19:05:05.743178,28.64249962209689,38.604663647299276
d523b1cc,1,55e6c6a5,dc8f6fd7,2026-05-23 19:05:05.743206,485.9931153922987,40.180708874265825
3804ed82,1,2434d7e9,33e748b3,2026-05-23 19:05:05.743234,357.91548646076365,34.40521928549108
60271362,1,3517bafa,aa58e7b1,2026-05-23 19:05:05.743262,249.676348208185,12.462260583924802
72f71cf7,1,b1cc08e0,3a9e1e22,2026-05-23 19:05:05.743295,171.88664217247077,6.365849364826056
a5412386,1,83ce8d7f,894b8626,2026-05-23 19:05:05.743323,345.9737133152777,34.90268840385538
8187a594,1,c36c1712,07a21a6e,2026-05-23 19:05:05.743351,155.84587112026367,25.41220995854245
171018c3,1,87b307f5,3a9e1e22,2026-05-23 19:05:05.743408,443.6865983983826,14.271844535800147
75628556,1,c9faca17,aa58e7b1,2026-05-23 19:05:05.743436,260.71799180192755,19.596805553941383
451a95b6,1,796f07a5,3a9e1e22,2026-05-23 19:05:05.743464,119.7084259003921,6.69590322782761
71f893bf,1,337e4c9d,15627973,2026-05-23 19:05:05.743493,102.26092516563293,34.315392345415646
8f962cd0,1,5194ad1a,249a652c,2026-05-23 19:05:05.743521,491.0495600235282,9.999134902573587
f43b0544,1,081be4d1,5e02fca9,2026-05-23 19:05:05.743549,477.4197043435409,28.48657721127753
df8b018f,1,46ec6a2f,1b864e2e,2026-05-23 19:05:05.743577,46.725121608811065,9.95412165633663
280709dd,1,b4378c90,249a652c,2026-05-23 19:05:05.743618,46.80300305123289,31.92205466942418
280709dd,2,c07bc85b,9b360271,2026-05-23 19:05:05.743641,214.8460736949808,10.412292739194534
464114dd,1,02eb7d58,97b111d7,2026-05-23 19:05:05.743669,206.97830295823897,9.954823929056381
ac3ead17,1,19014209,9ea3a409,2026-05-23 19:05:05.743697,249.48385619052817,41.15771152878361
877fb25e,1,591fed2c,586281b8,2026-05-23 19:05:05.743725,344.21403001968656,37.043358598449124
b81b35b2,1,2164f126,b40b18bf,2026-05-23 19:05:05.743753,249.62476514554626,26.31221799965352
ca62692f,1,d1c6bef6,ce20adb3,2026-05-23 19:05:05.743783,173.32469957486853,18.551664053041257
ec08ff37,1,cec4fb47,180aa0cd,2026-05-23 19:05:05.743811,26.157646818381597,44.60756251646747
7675e5e9,1,0481a318,7ed1bfe7,2026-05-23 19:05:05.743840,238.10519245917786,39.93489462680505
abae6467,1,f6143d5b,bd830d4e,2026-05-23 19:05:05.743868,327.3559083761133,32.33362891898263
abae6467,2,6a6d679d,249a652c,2026-05-23 19:05:05.743890,245.39296491069013,18.734147165197143
b8b81db1,1,0b95b346,99c13bee,2026-05-23 19:05:05.743918,33.289379836312705,7.842711614437914
f546cb73,1,96de232f,bd830d4e,2026-05-23 19:05:05.743946,107.92361484770475,37.413294991839074
f546cb73,2,0d4f14be,894b8626,2026-05-23 19:05:05.743969,148.15200235554377,30.700586024855063
f546cb73,3,06108e89,fb7e1c47,2026-05-23 19:05:05.743991,338.0616775279025,11.232379650798768
0aa8c60e,1,fe6d693f,08d65812,2026-05-23 19:05:05.744019,217.52543274716066,16.386392834598627
f522e24a,1,d4d390ec,894b8626,2026-05-23 19:05:05.744047,272.7931162706117,10.936542252820765
38458820,1,ab313603,66e13682,2026-05-23 19:05:05.744075,490.2409316075308,12.516431909338722
46a9f810,1,30aef8b8,110c0782,2026-05-23 19:05:05.744103,419.79961692996943,9.347335937752387
cc8ec128,1,ea1f8042,9ea3a409,2026-05-23 19:05:05.744131,429.2008489950827,43.552698440197226
f2f83cec,1,f0578d49,9bfa8093,2026-05-23 19:05:05.744159,326.50521272435094,34.64478320754772
0cdc502a,1,e08b6212,7ed1bfe7,2026-05-23 19:05:05.744188,167.98834676142462,37.44293641853492
0cdc502a,2,4b3a0747,f3ab5934,2026-05-23 19:05:05.744210,140.68734231891438,49.08518811172681
132c988a,1,140ca47e,9ea3a409,2026-05-23 19:05:05.744238,321.9090417225098,25.109523763154066
e2c65085,1,c87fb338,99c13bee,2026-05-23 19:05:05.744266,402.4706404750743,47.58730634732093
23b3f560,1,fdf27c4c,da9dd43e,2026-05-23 19:05:05.744294,65.61828809598168,10.674346725863542
71a1121f,1,df410c8f,2b1a9a37,2026-05-23 19:05:05.744322,62.00902995264505,10.51582036038205
f910d2ef,1,677465c8,a9b0059e,2026-05-23 19:05:05.744350,411.54983337503205,13.501783537296282
f910d2ef,2,3386bf02,b40b18bf,2026-05-23 19:05:05.744373,64.86525354130032,38.109550869576815
f910d2ef,3,c9faca17,b4998c55,2026-05-23 19:05:05.744395,459.9421055019778,30.26119064218111
c68872f6,1,081be4d1,33e748b3,2026-05-23 19:05:05.744423,396.7985101923707,37.754204079527824
5a9361ae,1,e384dc23,9ea3a409,2026-05-23 19:05:05.744451,218.74130570031414,18.271783072124634
5a9361ae,2,ad8d092f,95784c07,2026-05-23 19:05:05.744473,98.69280790277075,25.91632038349308
44f5eb70,1,acf39392,2b1a9a37,2026-05-23 19:05:05.744501,143.35046592211415,48.531472605694916
3f3e01d9,1,84b3928b,aa58e7b1,2026-05-23 19:05:05.744529,430.8652194086235,5.628580346250248
c8facfd9,1,c14c2565,b4998c55,2026-05-23 19:05:05.744557,185.15760864009985,49.799215906232476
08d7d91d,1,ffe98fb2,b4998c55,2026-05-23 19:05:05.744585,242.94487110706802,49.66224916050153
9cc35c0b,1,8bf4bda1,f3ab5934,2026-05-23 19:05:05.744613,406.1063194548826,44.26871702057373
3e951201,1,aad26c74,bd830d4e,2026-05-23 19:05:05.744641,128.52539519326658,35.00342462914327
a5f77386,1,865e88d7,30eaa364,2026-05-23 19:05:05.744669,242.95778175940464,42.36342749712379
8b86a0c5,1,06108e89,99c13bee,2026-05-23 19:05:05.744697,313.44875250901646,34.11870031337314
8b310c49,1,3726cc61,5e6a3159,2026-05-23 19:05:05.744726,66.6583977701333,37.130845141355536
8b310c49,2,35e4cb32,66e13682,2026-05-23 19:05:05.744748,164.236756468259,21.6877998345114
7266a8cf,1,1ec31fb7,586281b8,2026-05-23 19:05:05.744779,484.0845969421868,26.878318817773064
e902e81c,1,4d223d3c,15627973,2026-05-23 19:05:05.744807,252.5330286735107,20.997909489333956
f5ff6699,1,f5040716,ce20adb3,2026-05-23 19:05:05.744836,36.17550464786046,40.733282678839736
c962d9bc,1,83cfeab2,ce20adb3,2026-05-23 19:05:05.744863,260.383840672334,28.801978775158243
c962d9bc,2,a1372f50,3b78784c,2026-05-23 19:05:05.744886,281.1902394891518,17.494921278148187
c962d9bc,3,fbae8b7e,9bfa8093,2026-05-23 19:05:05.744908,249.0551723669752,40.32501794888961
53282e04,1,d5657d48,9b360271,2026-05-23 19:05:05.744959,86.15375752877027,28.459846632620742
b4c769bf,1,d4d390ec,b4998c55,2026-05-23 19:05:05.745004,320.90427826177176,41.766427616874545
e679b4f1,1,d554f362,62cdfa79,2026-05-23 19:05:05.745032,106.66733940967966,42.10474487347234
09f39e9d,1,eed96f09,33e748b3,2026-05-23 19:05:05.745060,315.3845247621202,27.680437271143536
740f69ae,1,6bbc7021,66e13682,2026-05-23 19:05:05.745088,62.2779549725267,15.967566778223533
b22d01e6,1,c14c2565,15627973,2026-05-23 19:05:05.745116,72.95107360597908,17.161384484196667
d6682e1f,1,94dfc64f,dc8f6fd7,2026-05-23 19:05:05.745144,270.4878079461762,27.855646947298794
e467586f,1,173de56d,5e6a3159,2026-05-23 19:05:05.745175,460.1595577730436,33.264561619193074
e467586f,2,2e74541a,b4998c55,2026-05-23 19:05:05.745198,203.1161945096031,36.45715892252507
bd306428,1,f0fa7368,0cd9ed1f,2026-05-23 19:05:05.745226,342.34190283001345,17.857979584321903
638b845b,1,3c194590,180aa0cd,2026-05-23 19:05:05.745253,322.98454924041573,49.20499699565879
638b845b,2,b95f3fdf,33e748b3,2026-05-23 19:05:05.745276,275.1791162103158,43.67244147122458
b3f810e7,1,2269c4dd,9644a854,2026-05-23 19:05:05.745304,400.4191494959188,18.721918265044508
2a757dce,1,7498b701,180aa0cd,2026-05-23 19:05:05.745351,325.1986825916274,14.092882236379097
95870f5d,1,eed96f09,bf313c0e,2026-05-23 19:05:05.745379,462.2631108057408,14.58554017953793
6b856973,1,3386bf02,da9dd43e,2026-05-23 19:05:05.745406,405.5491840672178,25.544073769548785
d85bbade,1,c07bc85b,586281b8,2026-05-23 19:05:05.745434,127.76695081431885,24.17245507125998
27beb888,1,6b99e29d,ea1be9b6,2026-05-23 19:05:05.745462,66.78721091422588,12.573996111124922
c2e6c579,1,7ba033d5,45460435,2026-05-23 19:05:05.745490,417.4162520361877,17.584460538611097
bb0023c2,1,c46d0109,b40b18bf,2026-05-23 19:05:05.745518,126.90574241627613,16.403351866424092
1fa7b48a,1,7b3bc82e,0cd9ed1f,2026-05-23 19:05:05.745546,286.1012173986082,8.030138132332603
26222fa8,1,9a4b5684,07a21a6e,2026-05-23 19:05:05.745574,407.6489150889099,18.034864161162744
394cebb6,1,fd29b273,33e748b3,2026-05-23 19:05:05.745605,74.09148886182271,43.730413670744205
394cebb6,2,5e5d06a2,3a9e1e22,2026-05-23 19:05:05.745631,214.2609903182254,49.67584328602919
e40f729f,1,750350d8,ea1be9b6,2026-05-23 19:05:05.745660,333.5246560810461,15.021573354000234
87b080c0,1,d414418d,5e02fca9,2026-05-23 19:05:05.745698,264.54297449965935,6.3851548463872785
e6fe2363,1,9cd99410,ac8fa3d8,2026-05-23 19:05:05.745730,159.98269848887588,8.565302397435671
c7512e18,1,e2d2b752,3a9e1e22,2026-05-23 19:05:05.745758,410.7071258053969,42.60772570647015
ed2a6332,1,aa3475ce,1b864e2e,2026-05-23 19:05:05.745786,366.06752250033696,27.477326915370345
c316517a,1,a2eb2053,97b111d7,2026-05-23 19:05:05.745814,322.1988645721119,40.41605590451173
c316517a,2,a2eb2053,08d65812,2026-05-23 19:05:05.745836,59.05508071933936,44.99879272077084
a733256e,1,92028873,ce20adb3,2026-05-23 19:05:05.745864,256.0420424124087,44.66132954490507
a733256e,2,a5f865e2,9ea3a409,2026-05-23 19:05:05.745887,89.06284145021245,18.86019780140539
7dd23e95,1,ab12b3b8,bd830d4e,2026-05-23 19:05:05.745915,90.78170489243519,18.63967463150638
b80e4993,1,a6aaaf27,180aa0cd,2026-05-23 19:05:05.745943,334.31202090923074,19.78482843250366
b80e4993,2,9cd99410,5e6a3159,2026-05-23 19:05:05.745976,492.1023415026682,16.31418857006947
b1538c67,1,23e40a8f,bd830d4e,2026-05-23 19:05:05.746004,231.63183941141617,43.28737934538172
b1538c67,2,eb354476,2e90d858,2026-05-23 19:05:05.746027,447.1573411257855,33.618484214676556
1a1b9581,1,8d1a49eb,33e748b3,2026-05-23 19:05:05.746074,458.5723190720017,30.669339666009652
4b12c1b2,1,576b6874,fb7e1c47,2026-05-23 19:05:05.746105,397.95410413515145,25.44896365297276
033f4449,1,ffa23f58,c739947b,2026-05-23 19:05:05.746133,219.0366496034174,12.46156796813076
f0ee932b,1,99fe0983,f3ab5934,2026-05-23 19:05:05.746161,134.99144415410808,15.903309021036225
f0ee932b,2,369f091e,08d65812,2026-05-23 19:05:05.746183,230.3451917531164,45.08094141843042
ead21207,1,7b3bc82e,ac8fa3d8,2026-05-23 19:05:05.746212,105.97905241189515,37.349344419909755
e62bc57e,1,e2f99ef5,15bfe12f,2026-05-23 19:05:05.746240,357.829911908086,26.283839911437433
3beea6f7,1,6502b540,3a9e1e22,2026-05-23 19:05:05.746268,186.748168463601,28.510958684679323
97341d1b,1,e2d8fb6a,1b864e2e,2026-05-23 19:05:05.746296,189.5748180410036,13.167433432932631
86b3819d,1,d6f5e7f4,fb7e1c47,2026-05-23 19:05:05.746324,374.62042178006124,13.892144912609327
95ee892e,1,e2f99ef5,95784c07,2026-05-23 19:05:05.746352,126.07409267593002,24.84083218958314
b9cd906f,1,c898aa01,3d8cbaaa,2026-05-23 19:05:05.746381,133.55848974378372,35.07576934839597
fd2dd295,1,84f6f25e,fb7e1c47,2026-05-23 19:05:05.746410,85.8463475160937,8.303230153583872
7f13ca25,1,46c15051,15627973,2026-05-23 19:05:05.746439,282.40295441211003,9.229335490231367
26843f40,1,da6e8a9b,15627973,2026-05-23 19:05:05.746467,488.05766806460355,20.402231441216994
a56f8f99,1,83ce8d7f,4e650515,2026-05-23 19:05:05.746495,437.4791519451914,40.02945090625305
98cd7932,1,de6426fe,5e02fca9,2026-05-23 19:05:05.746523,339.97925372235034,29.850180473270985
86c90242,1,0db1a5ea,586281b8,2026-05-23 19:05:05.746551,496.6244825031926,11.949479467822686
86c90242,2,b7e09b7b,5e02fca9,2026-05-23 19:05:05.746573,131.07727849114576,17.23611422491802
e5f99cc8,1,efe58b44,62cdfa79,2026-05-23 19:05:05.746612,471.55845376920513,17.582995575447935
85628c20,1,a1ff7480,b4998c55,2026-05-23 19:05:05.746640,387.12136958112075,35.227486894440005
8ceb3791,1,ea7a8b41,3b78784c,2026-05-23 19:05:05.746668,193.16781983825106,49.724989129841056
14eb0455,1,fbb41c14,f3ab5934,2026-05-23 19:05:05.746697,349.782510736841,16.41627641196815
58dae994,1,97a673c8,3b78784c,2026-05-23 19:05:05.746725,266.51424650736976,45.97309745281032
58dae994,2,3eb38518,9bfa8093,2026-05-23 19:05:05.746747,296.5631363981794,32.47199612150029
58dae994,3,06108e89,4e650515,2026-05-23 19:05:05.746769,272.1474266758771,14.822473991274737
d4a16ae5,1,b327f5b3,586281b8,2026-05-23 19:05:05.746797,34.67796383948959,15.667921334451854
04c076e3,1,ebe11d69,45460435,2026-05-23 19:05:05.746825,59.32315028834996,48.68845640041186
00d8ec25,1,5552af64,ce20adb3,2026-05-23 19:05:05.746853,72.11186895415976,41.968428444360626
00d8ec25,2,d4d390ec,b4998c55,2026-05-23 19:05:05.746875,107.3953296794453,30.90614880722302
00d8ec25,3,63d73ef7,a9b0059e,2026-05-23 19:05:05.746897,486.78613286692496,42.16844746145394
a446ebdb,1,21061182,5e02fca9,2026-05-23 19:05:05.746926,209.73611864024664,43.76723774195867
76dcc763,1,c14c2565,62cdfa79,2026-05-23 19:05:05.746954,123.05064790577785,14.700634585932015
3ec3fe49,1,7b3bc82e,5e02fca9,2026-05-23 19:05:05.746981,164.284777756234,5.124519504931467
3ec3fe49,2,f5040716,97b111d7,2026-05-23 19:05:05.747004,402.6751624989441,17.087224187605113
8160527d,1,d737a7ea,95784c07,2026-05-23 19:05:05.747032,384.24944137610737,24.272657358821945
1c9067cf,1,a4d92353,c739947b,2026-05-23 19:05:05.747060,386.226916309978,13.421875762056946
8a68f5d0,1,c898aa01,15627973,2026-05-23 19:05:05.747088,239.23408757336117,34.77935673171716
a1ee1938,1,3c62cc15,15bfe12f,2026-05-23 19:05:05.747116,212.82602823012323,20.90601627750126
67d6b21c,1,c46d0109,9bfa8093,2026-05-23 19:05:05.747144,321.0345906051711,35.99072216132808
67d6b21c,2,33003285,45460435,2026-05-23 19:05:05.747166,389.4299212983849,40.23952179496502
aaf4206a,1,d45a0f2d,63b5cfb8,2026-05-23 19:05:05.747194,493.45002960481594,33.91793152350755
096d6c7d,1,d6f5e7f4,fb7e1c47,2026-05-23 19:05:05.747222,246.03270535795946,49.31013624167215
34055124,1,b4ae0a98,08d65812,2026-05-23 19:05:05.747251,231.04417833051917,45.714987459083595
22b242a0,1,6016ddc1,a9b0059e,2026-05-23 19:05:05.747279,32.472578111136094,11.49290997598136
fd164cf7,1,ae2bd5d6,30eaa364,2026-05-23 19:05:05.747307,389.06217614837703,48.57285744584686
36929551,1,55e6c6a5,3d8cbaaa,2026-05-23 19:05:05.747335,261.26637007543906,26.65229754197458
a48c73ce,1,81898926,97b111d7,2026-05-23 19:05:05.747363,496.09010174405955,20.837871533528045
1f781493,1,a80408ce,c739947b,2026-05-23 19:05:05.747391,406.18916347282294,40.37700283295002
2d9ab752,1,b1e2187e,b40b18bf,2026-05-23 19:05:05.747419,494.02140199622687,47.41747715480153
5e9893b4,1,004d4636,9644a854,2026-05-23 19:05:05.747447,446.6657456681279,27.258979573656145
7c2fdc61,1,fd399d3f,110c0782,2026-05-23 19:05:05.747476,331.64238451978906,30.897516160358048
232b48b6,1,f2d5a45e,99c13bee,2026-05-23 19:05:05.747504,438.2924872624017,43.88465055530975
a3e028f6,1,507392e6,16597aea,2026-05-23 19:05:05.747532,397.2668248992947,22.45353562353247
7f1972fa,1,34734614,bd830d4e,2026-05-23 19:05:05.747560,88.57192320660926,31.772677767025524
7c288659,1,c9610a20,67491841,2026-05-23 19:05:05.747588,238.98310871648076,24.50775011691325
07d02383,1,0558b9dd,3b2bdf38,2026-05-23 19:05:05.747616,268.99640630731034,42.35345096896317
4b6b9fb9,1,5e5d06a2,ac8fa3d8,2026-05-23 19:05:05.747644,353.9152645250139,34.11766241142849
b4713a81,1,1e866d17,110c0782,2026-05-23 19:05:05.747671,135.82762878222817,39.61799103890113
bd0711fe,1,1e9afbc6,ac8fa3d8,2026-05-23 19:05:05.747699,268.48179630451415,5.046221010631992
5ad9679b,1,14ce9de4,3d8cbaaa,2026-05-23 19:05:05.747727,21.747416330959908,9.428543738600462
5335a1ba,1,02eb7d58,0cd9ed1f,2026-05-23 19:05:05.747755,29.339915881946155,14.261639308611219
cedeec1f,1,ffa0fe42,2e90d858,2026-05-23 19:05:05.747788,299.6180032071567,29.364114067734356
6f7b82e4,1,34384d23,f3ab5934,2026-05-23 19:05:05.747816,94.82674490948128,28.478361121604678
12f120ec,1,55038fe2,62cdfa79,2026-05-23 19:05:05.747844,322.38964148797606,23.507800744687227
6a8d4f63,1,864efcb0,3b78784c,2026-05-23 19:05:05.747871,410.2507224072211,21.46687095942663
fbc7d794,1,e237c3e6,62cdfa79,2026-05-23 19:05:05.747899,492.1267977421194,33.04502431432746
4acf4154,1,081be4d1,08d65812,2026-05-23 19:05:05.747927,136.27552767717643,45.218507832875154
179f6031,1,ec774cd8,aa58e7b1,2026-05-23 19:05:05.747955,223.92581935489633,17.074226424409723
bbf115f5,1,e08b6212,586281b8,2026-05-23 19:05:05.747984,177.36828115817625,10.727701334620592
3fbcfa4d,1,eb1ad0e1,33e748b3,2026-05-23 19:05:05.748011,435.1182121942131,9.085103899035643
3fbcfa4d,2,0840b2f6,07a21a6e,2026-05-23 19:05:05.748034,324.6147167037474,10.794895067942726
3fbcfa4d,3,1792827c,aa58e7b1,2026-05-23 19:05:05.748056,350.8275831191362,41.15483484713423
b6017d8a,1,81898926,66e13682,2026-05-23 19:05:05.748090,276.6175599756662,35.789405578756224
b6017d8a,2,810bbb39,2e90d858,2026-05-23 19:05:05.748112,101.88117499300225,38.29269467980817
6dc8b737,1,419673b9,45460435,2026-05-23 19:05:05.748140,57.302223140384925,31.47893430207209
312e06c0,1,d53cabe3,5e6a3159,2026-05-23 19:05:05.748168,318.065747005098,49.562683480318384
6997ab4b,1,0010c2fe,95784c07,2026-05-23 19:05:05.748196,482.9263943960755,18.436021894025515
8c73b7ab,1,428e3978,30eaa364,2026-05-23 19:05:05.748224,205.2509830226575,14.43334150844398
a77fd795,1,2082d9d2,586281b8,2026-05-23 19:05:05.748252,416.6351308226707,22.50602896230448
04feeef6,1,b7f8c26d,bf313c0e,2026-05-23 19:05:05.748280,476.7430537840718,49.244397924192256
04feeef6,2,af286d24,bd830d4e,2026-05-23 19:05:05.748303,142.9917629103917,21.484607166705445
3e2fab2f,1,b426fb84,9644a854,2026-05-23 19:05:05.748341,413.0863024753466,46.7396672186789
702c4d70,1,0d4f14be,33e748b3,2026-05-23 19:05:05.748369,89.27709994698003,9.134117269037764
702c4d70,2,6fea26cd,9644a854,2026-05-23 19:05:05.748391,364.9030735173074,48.91618475271008
702c4d70,3,84329c95,5e6a3159,2026-05-23 19:05:05.748413,405.48917753352464,9.185634295035534
ad226f1b,1,457cb1c2,b40b18bf,2026-05-23 19:05:05.748441,398.1840715558871,18.830998617619592
ad226f1b,2,97385578,bd830d4e,2026-05-23 19:05:05.748464,141.49152241663222,49.53288550962263
cf9ac3b3,1,fe6d693f,5e6a3159,2026-05-23 19:05:05.748492,320.46051320098013,37.784929162407025
cf9ac3b3,2,c3733ff1,ac8fa3d8,2026-05-23 19:05:05.748514,308.5444385697927,31.498473006364858
dd30a2bc,1,662fc2a5,c739947b,2026-05-23 19:05:05.748544,166.03484395437488,20.728180495257195
dd30a2bc,2,da6e8a9b,66e13682,2026-05-23 19:05:05.748566,242.75035611143204,9.956964458541993
0e0c283d,1,804a783b,ea1be9b6,2026-05-23 19:05:05.748594,434.6872510786808,36.520816411772714
872319f6,1,b80eb1a1,07a21a6e,2026-05-23 19:05:05.748622,403.284480561057,44.63621262627542
872319f6,2,86b13fa3,bf313c0e,2026-05-23 19:05:05.748644,499.55645849656474,18.528994227120457
89ce3c30,1,675b3cbf,3b2bdf38,2026-05-23 19:05:05.748672,24.144988237445713,44.865784669722274
b0b0d568,1,d53cabe3,da9dd43e,2026-05-23 19:05:05.748700,319.30856941656896,40.59913081098332
817820e8,1,0f022a88,da9dd43e,2026-05-23 19:05:05.748728,76.47722290022656,36.690582554999736
956a41fd,1,0b5b7698,15627973,2026-05-23 19:05:05.748756,76.01734439132004,30.075237496881336
956a41fd,2,7b66be87,2b1a9a37,2026-05-23 19:05:05.748778,214.65230056116152,24.305617970646438
c05c9b6f,1,dee1e0c5,08d65812,2026-05-23 19:05:05.748806,157.57929988327905,13.616288921825564
afc86e97,1,0db1a5ea,586281b8,2026-05-23 19:05:05.748834,436.16365202071194,45.49214047671596
8f29e885,1,58808e79,bf313c0e,2026-05-23 19:05:05.748862,212.6079908537444,48.30418884213729
ae613513,1,cdc4c018,3a9e1e22,2026-05-23 19:05:05.748890,81.41353339345193,37.0761087010533
ae613513,2,abb42609,ac8fa3d8,2026-05-23 19:05:05.748912,448.94810068690055,43.33120799647767
ae613513,3,c8a5bb8c,f3ab5934,2026-05-23 19:05:05.748934,266.86212359196094,19.593708220415227
c2231649,1,eb1ad0e1,67491841,2026-05-23 19:05:05.748962,219.77848700810426,20.829324748196175
e0b3cca1,1,26c3d826,33e748b3,2026-05-23 19:05:05.748990,208.58709416927394,34.84814630983484
0a4bb6e8,1,f4b984b2,99c13bee,2026-05-23 19:05:05.749018,252.4898299906858,39.817164737956155
611827d6,1,9a4b5684,67491841,2026-05-23 19:05:05.749046,222.81723207336935,43.135735238580736
611827d6,2,4c0b1c75,bf313c0e,2026-05-23 19:05:05.749069,187.9497567832249,31.598637523208616
17175e6f,1,0010c2fe,07a21a6e,2026-05-23 19:05:05.749097,470.7716966620051,6.076692520365167
4ea902a1,1,9cd99410,45460435,2026-05-23 19:05:05.749125,204.75156593094175,26.18554435942563
ef27a48e,1,77bc82f2,9bfa8093,2026-05-23 19:05:05.749157,431.53584695342886,26.7613391694022
018bdc3e,1,1e9afbc6,bf313c0e,2026-05-23 19:05:05.749188,319.6918973486911,49.217863364733
8d42cf2d,1,365315d9,180aa0cd,2026-05-23 19:05:05.749224,492.9018810303141,42.12377828875866
8d42cf2d,2,8e1a7023,15bfe12f,2026-05-23 19:05:05.749251,379.27569385679163,24.46353137475104
f8c84687,1,21337267,0cd9ed1f,2026-05-23 19:05:05.749282,138.29674652825003,40.77509859444458
fcde08c8,1,4c0b1c75,ea1be9b6,2026-05-23 19:05:05.749311,84.54238877789236,37.38692744803386
af3b550c,1,b2f0edf2,9644a854,2026-05-23 19:05:05.749339,174.01017443173663,24.4515092221415
9e16e737,1,c36c1712,15627973,2026-05-23 19:05:05.749367,101.11177488955656,14.13712517834503
9e16e737,2,1c88cf70,16597aea,2026-05-23 19:05:05.749389,49.13593718917465,48.4438795945281
9e16e737,3,3c62cc15,180aa0cd,2026-05-23 19:05:05.749411,410.37771340283433,39.762429375380606
2e00731b,1,23e40a8f,2b1a9a37,2026-05-23 19:05:05.749443,453.14418183569745,10.749732334916782
271589f7,1,2269c4dd,9b360271,2026-05-23 19:05:05.749472,148.67346247131115,32.38252100853975
271589f7,2,239148df,33e748b3,2026-05-23 19:05:05.749494,29.28568178333464,9.487235780424689
509875aa,1,a4cc70ff,67491841,2026-05-23 19:05:05.749522,163.5932199183644,23.817652006816793
cf5dd97e,1,af286d24,b40b18bf,2026-05-23 19:05:05.749552,427.09568516341136,8.276326815124676
cf5dd97e,2,e256942c,2e90d858,2026-05-23 19:05:05.749574,452.74838273443686,17.824966505315956
276efb20,1,f7eab29f,3a9e1e22,2026-05-23 19:05:05.749602,63.61103829716132,39.66806334869856
28460638,1,0deada69,15bfe12f,2026-05-23 19:05:05.749630,231.0492485600658,16.23227871538983
64857baf,1,0558b9dd,67491841,2026-05-23 19:05:05.749658,156.09294922959174,18.388524104317973
77c38575,1,1ebfd578,99c13bee,2026-05-23 19:05:05.749686,137.73046961983357,17.447466440239886
e68cc79f,1,a6aaaf27,15627973,2026-05-23 19:05:05.749719,143.8307666768469,23.98473389940735
f9d81a72,1,86b13fa3,110c0782,2026-05-23 19:05:05.749746,168.7092087402746,39.38757079709703
ad41cb29,1,dd121367,ea1be9b6,2026-05-23 19:05:05.749774,237.42636185155214,21.600472213377383
a1f08858,1,ca737cf4,894b8626,2026-05-23 19:05:05.749802,151.78584624110925,43.727134094515534
4dd53b79,1,8f86fffc,bf313c0e,2026-05-23 19:05:05.749831,360.6718474835101,42.87113435321105
61691959,1,b7ab2de3,66e13682,2026-05-23 19:05:05.749859,406.78218223194665,34.212646181436085
aa4b0afc,1,c1997843,dc8f6fd7,2026-05-23 19:05:05.749887,331.7380266884077,33.87098381892305
bfe8d889,1,f7eab29f,c739947b,2026-05-23 19:05:05.749915,39.58378282669328,14.859773148982066
10c38408,1,819f6726,bd830d4e,2026-05-23 19:05:05.749943,178.40324084208646,25.75284626467572
10c38408,2,b95f3fdf,9644a854,2026-05-23 19:05:05.749965,414.6271474024963,48.050767474044775
4818e5aa,1,da6e8a9b,c739947b,2026-05-23 19:05:05.749993,189.1467853904589,5.118526470850614
7d474b74,1,bc10f1a6,ea1be9b6,2026-05-23 19:05:05.750022,384.0488127176767,38.69438360619859
7319ca6c,1,2164f126,9b360271,2026-05-23 19:05:05.750050,225.2149369731139,33.60513093592412
7319ca6c,2,0e7cc150,586281b8,2026-05-23 19:05:05.750072,455.6980103064898,6.138876394193472
159a2b15,1,479b7a62,2b1a9a37,2026-05-23 19:05:05.750100,373.6394910101092,13.383161127183259
1537c836,1,ffa1f70e,62cdfa79,2026-05-23 19:05:05.750128,251.29688545569797,7.1122412322794695
5fe3f18e,1,a80408ce,3b78784c,2026-05-23 19:05:05.750156,85.1953649248076,19.578488634507007
5fe3f18e,2,8f86fffc,dc8f6fd7,2026-05-23 19:05:05.750179,21.184253035608496,41.17090530770935
51e86e6f,1,d108b3e1,45460435,2026-05-23 19:05:05.750206,31.270941540682298,28.70339183453964
51e86e6f,2,0deada69,62cdfa79,2026-05-23 19:05:05.750229,35.20726314355835,44.31465642613683
deefd6fa,1,cd6143ea,bf313c0e,2026-05-23 19:05:05.750261,482.92708588509987,39.639451261513955
673219f5,1,96de232f,180aa0cd,2026-05-23 19:05:05.750289,89.45263038838762,18.682244010441277
b9ea39cd,1,385cae5b,99c13bee,2026-05-23 19:05:05.750318,459.6189671092278,5.531120312830035
0b29ec2a,1,5b037f38,180aa0cd,2026-05-23 19:05:05.750346,371.41231830875734,33.96798316080636
e7b124e6,1,8892d1d2,07a21a6e,2026-05-23 19:05:05.750374,177.8942422258246,38.756035682776925
f1ea0011,1,d3c419f1,67491841,2026-05-23 19:05:05.750402,474.5989030491681,39.92147155611458
f1ea0011,2,75fd4c10,62cdfa79,2026-05-23 19:05:05.750424,199.2313786999819,45.691944133089194
20b02663,1,0e7cc150,a9b0059e,2026-05-23 19:05:05.750452,383.1842708403646,41.501319910572555
de56690e,1,da6e8a9b,b40b18bf,2026-05-23 19:05:05.750480,405.36855452172864,23.985152047453187
2e455b81,1,9b028803,0cd9ed1f,2026-05-23 19:05:05.750508,318.1803736072225,39.15278392605161
f6dbb604,1,bd1f1f4c,97b111d7,2026-05-23 19:05:05.750536,177.47957389223458,37.22688517309718
d0bcaa4d,1,e2f99ef5,4e650515,2026-05-23 19:05:05.750564,135.77705713752022,11.920154409051255
5157df09,1,ae2bd5d6,110c0782,2026-05-23 19:05:05.750592,245.17773521890246,44.629256587050136
17ae1cf1,1,419673b9,ea1be9b6,2026-05-23 19:05:05.750620,435.1062804380481,44.33322587906723
17ae1cf1,2,e08b6212,9ea3a409,2026-05-23 19:05:05.750642,162.90288058360926,43.27683092605519
17ae1cf1,3,cf112ebc,9b360271,2026-05-23 19:05:05.750665,434.28453743692285,30.860715757594843
c6fa68e2,1,a6aaaf27,b4998c55,2026-05-23 19:05:05.750693,299.61551849274656,13.327748946187274
f0fd835c,1,ffa1f70e,99c13bee,2026-05-23 19:05:05.750721,212.67459879769575,29.358011272511895
69deb5a9,1,b1cc08e0,08d65812,2026-05-23 19:05:05.750753,88.83424005038762,6.727792081149228
058a3dbe,1,09e1dc5f,3d8cbaaa,2026-05-23 19:05:05.750781,265.3634075139832,45.446426256361626
058a3dbe,2,6096faed,2e90d858,2026-05-23 19:05:05.750803,265.2240963632588,39.87068293984099
058a3dbe,3,e91e0df6,ea1be9b6,2026-05-23 19:05:05.750825,255.2293444601855,14.115663271905396
de731c69,1,4d223d3c,249a652c,2026-05-23 19:05:05.750853,462.9507921349257,6.517626733251888
e1cb0b1a,1,af286d24,7ed1bfe7,2026-05-23 19:05:05.750881,23.985290666727348,46.78691134011314
a2ddad4f,1,3726cc61,7ed1bfe7,2026-05-23 19:05:05.750909,213.40416649751572,49.80407618516484
ab9b70a8,1,677465c8,30eaa364,2026-05-23 19:05:05.750937,477.0027336258006,34.566677164956204
2c9729c5,1,b7e09b7b,15bfe12f,2026-05-23 19:05:05.750965,360.73153470537153,33.216584599221676
fa34e216,1,efe58b44,5e02fca9,2026-05-23 19:05:05.750994,249.75961482571475,28.34837607521494
fbb51082,1,da6e8a9b,fb7e1c47,2026-05-23 19:05:05.751022,404.7542595654578,19.01270187634138
53f980b8,1,f0766c58,3b78784c,2026-05-23 19:05:05.751050,109.4216943890327,28.00259277964601
200006c6,1,576b6874,249a652c,2026-05-23 19:05:05.751078,334.8521358333835,31.79238746227808
3dbdeb17,1,457cb1c2,ce20adb3,2026-05-23 19:05:05.751106,187.37232044528238,19.72026372549878
474af753,1,fdf27c4c,9ea3a409,2026-05-23 19:05:05.751134,393.703841545197,39.466725182397326
67778916,1,419673b9,b4998c55,2026-05-23 19:05:05.751162,146.48972884300383,43.38048400474543
b3bdbfd6,1,96de232f,3b2bdf38,2026-05-23 19:05:05.751190,277.1621673792575,37.154143810123905
e9e762f5,1,d3487b0c,2e90d858,2026-05-23 19:05:05.751218,135.03599926382552,30.759504361546316
9c7ae1a6,1,baf95375,2b1a9a37,2026-05-23 19:05:05.751246,486.90288894056465,8.965918607418534
4abc93be,1,677465c8,dc8f6fd7,2026-05-23 19:05:05.751274,467.2380114045133,18.383639083682812
f173643b,1,7498b701,ea1be9b6,2026-05-23 19:05:05.751302,389.129120647811,41.46865600001268
d0716130,1,58808e79,15627973,2026-05-23 19:05:05.751332,228.48995238666274,16.466592988811843
7529de86,1,8f86fffc,aa58e7b1,2026-05-23 19:05:05.751360,66.61327497933678,17.926592121862196
5f4bb2c8,1,a8759dc8,7ed1bfe7,2026-05-23 19:05:05.751402,102.36916022584887,40.8097771932349
4dcab292,1,f6143d5b,b40b18bf,2026-05-23 19:05:05.751430,255.91832910510456,26.032949447565397
4dcab292,2,1cd11889,180aa0cd,2026-05-23 19:05:05.751452,62.515969201150696,34.49495961567137
ee4f0a83,1,3c62cc15,bd830d4e,2026-05-23 19:05:05.751480,117.29396742948288,24.634593095250906
280a2d9e,1,4c8b7456,3b2bdf38,2026-05-23 19:05:05.751508,380.63662632277976,38.72037944681308
280a2d9e,2,92028873,07a21a6e,2026-05-23 19:05:05.751530,294.05611470583284,15.476769940550067
d2127964,1,8c7a1f1a,ac8fa3d8,2026-05-23 19:05:05.751559,220.27821001220084,42.41126959589481
bc9e3e9f,1,2f8dbd79,ea1be9b6,2026-05-23 19:05:05.751590,114.68750743648742,30.698309350837675
bc9e3e9f,2,e34a8487,3a9e1e22,2026-05-23 19:05:05.751612,483.5671802709074,42.80840195217818
bc9e3e9f,3,4b3a0747,1b864e2e,2026-05-23 19:05:05.751635,264.7867483207842,35.114772273311324
bcbf2d17,1,c8a5bb8c,62cdfa79,2026-05-23 19:05:05.751663,251.33906951356593,22.57753358669099
d4f84c2c,1,d53cabe3,586281b8,2026-05-23 19:05:05.751691,324.0927614687797,23.2556865852013
0064f7ce,1,982d53cd,45460435,2026-05-23 19:05:05.751719,81.0922484413295,23.06410988783938
58f87681,1,21061182,2e90d858,2026-05-23 19:05:05.751747,472.89892723329274,33.976276928564815
83634f85,1,741f3878,99c13bee,2026-05-23 19:05:05.751775,186.0279147808524,32.17553002734372
83634f85,2,97385578,08d65812,2026-05-23 19:05:05.751798,349.85996045303165,7.016340735537018
2a40caf2,1,2082d9d2,15627973,2026-05-23 19:05:05.751827,48.050406426905056,44.229252439736115
2a40caf2,2,ffe98fb2,66e13682,2026-05-23 19:05:05.751849,429.3516022295925,39.84358895684254
2b7ce3c1,1,1ce90747,a9b0059e,2026-05-23 19:05:05.751877,85.44280029749862,17.99488737649499
7de9255d,1,87b307f5,3b78784c,2026-05-23 19:05:05.751905,291.4350152611145,14.377226366559752
a0fbb09d,1,4555ffbd,95784c07,2026-05-23 19:05:05.751933,23.60026420664779,11.728374593586231
7e968dde,1,03706ade,9b360271,2026-05-23 19:05:05.751964,473.0777120713136,45.045645605583694
c3eab19d,1,97385578,da9dd43e,2026-05-23 19:05:05.751992,366.2254177949488,41.1334085732448
077b0cf1,1,7b72f050,ac8fa3d8,2026-05-23 19:05:05.752021,264.7518057657206,39.44978854107485
d453ed6e,1,8cb7dee8,3b78784c,2026-05-23 19:05:05.752060,170.91631236989696,42.720810692942834
4d7bdf61,1,c451f5e2,ce20adb3,2026-05-23 19:05:05.752088,208.92900914947276,19.5107631542027
27160f8b,1,b81d663e,16597aea,2026-05-23 19:05:05.752116,288.6243634553873,21.783623584688264
4949095f,1,a2c79ce6,62cdfa79,2026-05-23 19:05:05.752144,66.95818976707777,36.400221770432545
3b2a6574,1,03f01a23,1b864e2e,2026-05-23 19:05:05.752172,284.64906108745254,32.17434681891197
3b2a6574,2,b81d663e,16597aea,2026-05-23 19:05:05.752194,205.1689586235762,41.84196425855845
2631e16c,1,b404910a,fb7e1c47,2026-05-23 19:05:05.752222,365.2432139535524,46.731898922237924
3ae936d0,1,0b819c5a,dc8f6fd7,2026-05-23 19:05:05.752250,147.64868577450045,10.333083689901859
3ae936d0,2,89cf41e1,62cdfa79,2026-05-23 19:05:05.752272,41.32660392416432,35.35653960145652
40c60f5f,1,8f8402ce,f3ab5934,2026-05-23 19:05:05.752301,404.32907873306976,6.1695022182374615
dfdb5f6a,1,542cbb30,da9dd43e,2026-05-23 19:05:05.752329,308.5147969133371,36.43431186237796
f5e9058e,1,23a926d8,62cdfa79,2026-05-23 19:05:05.752357,96.85355634967898,41.16161693523822
1430a58c,1,4c8b7456,9b360271,2026-05-23 19:05:05.752385,163.9721558340424,40.81951670569872
04f07b06,1,6b99e29d,bd830d4e,2026-05-23 19:05:05.752413,170.95506546586836,46.748818578758915
5447cf3b,1,78db85d2,5e6a3159,2026-05-23 19:05:05.752441,274.99573373518024,34.48351916883991
5447cf3b,2,7ed1283e,15627973,2026-05-23 19:05:05.752463,97.01885561497717,17.19989947512852
5447cf3b,3,428e3978,3b78784c,2026-05-23 19:05:05.752485,54.62020760862778,11.317511498721645
9ade71f9,1,ab12b3b8,99c13bee,2026-05-23 19:05:05.752514,75.27647154246061,21.31979026984763
9ade71f9,2,ebe11d69,ce20adb3,2026-05-23 19:05:05.752536,127.78071594941494,9.39153990460223
9ade71f9,3,78db85d2,aa58e7b1,2026-05-23 19:05:05.752558,457.72559925253483,43.60081126093778
6f2471de,1,d9027657,dc8f6fd7,2026-05-23 19:05:05.752586,361.43940118807956,34.903455155239484
6f2471de,2,a5f865e2,2b1a9a37,2026-05-23 19:05:05.752609,363.04362605065353,40.641413528523955
9a6c8108,1,d69a9a23,9b360271,2026-05-23 19:05:05.752637,285.45124170888613,48.616719242463425
b7cb82ae,1,dbf83b6b,bd830d4e,2026-05-23 19:05:05.752665,156.3938599960075,27.908121186208703
b7cb82ae,2,0840b2f6,0cd9ed1f,2026-05-23 19:05:05.752687,212.45490541000916,29.17539275372047
2ff7db59,1,6da265a9,30eaa364,2026-05-23 19:05:05.752722,123.13201720323491,49.49304944236309
5ea1af47,1,b1eadd47,99c13bee,2026-05-23 19:05:05.752754,61.839191508239765,38.844297001335754
3c353e36,1,33245b0c,08d65812,2026-05-23 19:05:05.752808,297.0239744981959,38.69452072641338
37b304a1,1,92028873,5e02fca9,2026-05-23 19:05:05.752846,30.26784965246149,12.594491683761834
96e4ee30,1,0b7ac9e0,67491841,2026-05-23 19:05:05.752876,249.36190230282315,47.56868762055466
5759c6ec,1,2082d9d2,3b2bdf38,2026-05-23 19:05:05.752906,395.8223604851722,12.675093706029907
5759c6ec,2,97385578,5e6a3159,2026-05-23 19:05:05.752930,407.1284181343809,30.257979033118968
b81d6e9a,1,646e5c19,aa58e7b1,2026-05-23 19:05:05.752960,166.44811548278494,42.68423769993617
4c24bfaa,1,419673b9,2e90d858,2026-05-23 19:05:05.752994,347.23401236147083,10.013222334150727
4c24bfaa,2,8892d1d2,3d8cbaaa,2026-05-23 19:05:05.753017,221.11235206545467,17.116261447247687
9f89f5d4,1,2ebafd7d,bd830d4e,2026-05-23 19:05:05.753047,179.9881301325719,19.300232671995886
9f89f5d4,2,6096faed,08d65812,2026-05-23 19:05:05.753071,101.92158495507704,17.624556115303335
74b26b90,1,06108e89,2e90d858,2026-05-23 19:05:05.753101,111.45527472925068,12.075484990113546
ce069b95,1,b327f5b3,30eaa364,2026-05-23 19:05:05.753130,271.3367487655637,39.44976410782658
ce069b95,2,06108e89,9bfa8093,2026-05-23 19:05:05.753159,56.0548768736634,28.305384820178844
ce069b95,3,d3487b0c,3b2bdf38,2026-05-23 19:05:05.753182,300.3479909535714,7.780616458881148
28dfe404,1,4c0b1c75,3a9e1e22,2026-05-23 19:05:05.753212,424.75875067306686,45.835727339257694
000f1d84,1,96de232f,586281b8,2026-05-23 19:05:05.753242,65.46031490403152,34.6769890331432
000f1d84,2,23e40a8f,63b5cfb8,2026-05-23 19:05:05.753265,166.63043019627602,6.379364973770707
c849d8ab,1,622da96f,fb7e1c47,2026-05-23 19:05:05.753295,401.1524341911773,13.4212946317549
674be61d,1,f9a59579,1b864e2e,2026-05-23 19:05:05.753325,297.9241874431309,8.734189141645798
f90f7d96,1,7b66be87,3b78784c,2026-05-23 19:05:05.753354,332.7300708513113,43.41190077002739
f90f7d96,2,796f07a5,63b5cfb8,2026-05-23 19:05:05.753378,296.5703969888853,48.53100007973825
f90f7d96,3,97a673c8,16597aea,2026-05-23 19:05:05.753402,153.50638714486792,25.99363247336489
88235b42,1,cf112ebc,2e90d858,2026-05-23 19:05:05.753432,381.7679307095575,34.093014658516495
88235b42,2,5b037f38,ea1be9b6,2026-05-23 19:05:05.753455,88.37465729220197,19.864873776028098
88235b42,3,03f01a23,f3ab5934,2026-05-23 19:05:05.753478,444.7008489028929,46.67955962120826
c9e65c68,1,63728634,aa58e7b1,2026-05-23 19:05:05.753508,375.4713092540245,20.67419985093462
27e72f04,1,f5040716,894b8626,2026-05-23 19:05:05.753539,198.51943552963553,10.10003446274613
4b6b0374,1,b70e06f1,9ea3a409,2026-05-23 19:05:05.753568,473.1048330740053,48.49071517981017
f22c7b59,1,30aef8b8,b40b18bf,2026-05-23 19:05:05.753598,446.6147841139771,6.725303809931482
7256e65c,1,804a783b,aa58e7b1,2026-05-23 19:05:05.753628,278.5691660337658,39.3718829522432
7256e65c,2,a4cc70ff,4e650515,2026-05-23 19:05:05.753651,68.3235237586345,41.44766898974626
008a49d3,1,33245b0c,aa58e7b1,2026-05-23 19:05:05.753680,38.802442340775926,34.87532217268713
008a49d3,2,6da265a9,bd830d4e,2026-05-23 19:05:05.753704,38.20895988592884,48.4579346908649
008a49d3,3,d5657d48,c739947b,2026-05-23 19:05:05.753727,396.84090427991487,33.13048648962321
4add1915,1,97385578,586281b8,2026-05-23 19:05:05.753757,51.411210940688754,22.657544561828328
228ef171,1,fe6d693f,9ea3a409,2026-05-23 19:05:05.753786,146.1419863445096,35.24481243695988
228ef171,2,c3733ff1,2e90d858,2026-05-23 19:05:05.753810,277.6033133983179,37.101668868216926
228ef171,3,26e8d692,2b1a9a37,2026-05-23 19:05:05.753833,289.37100469910274,27.528363909645392
a252bb32,1,ebe11d69,9b360271,2026-05-23 19:05:05.753865,57.75103301732058,24.06721927764928
4dc28839,1,2164f126,67491841,2026-05-23 19:05:05.753895,387.7404143557857,7.508478328183216
4dc28839,2,99fe0983,fb7e1c47,2026-05-23 19:05:05.753918,81.17132168389368,43.8596750907212
f5836018,1,677465c8,3d8cbaaa,2026-05-23 19:05:05.753948,494.6540771761215,38.853840210413686
f5836018,2,97a673c8,a9b0059e,2026-05-23 19:05:05.753971,226.0160059948279,36.60288516244467
f5836018,3,19c33d19,1b864e2e,2026-05-23 19:05:05.753994,126.5160217107732,29.093754859513446
a7327a50,1,85e2c5d9,5e02fca9,2026-05-23 19:05:05.754024,440.68234964672746,41.782334060286175
b56c55b3,1,e56f8c87,5e6a3159,2026-05-23 19:05:05.754054,180.5472715942128,32.97742165108829
bb3bee12,1,dee1e0c5,7ed1bfe7,2026-05-23 19:05:05.754083,202.10910371049297,47.147996119460444
46997636,1,9fc805ba,45460435,2026-05-23 19:05:05.754113,104.81173379835816,25.804541791773577
d0962fff,1,35e4cb32,63b5cfb8,2026-05-23 19:05:05.754146,392.7638760448793,6.568772713392807
d0962fff,2,385cae5b,16597aea,2026-05-23 19:05:05.754174,255.48377009840394,13.219082576158868
b5f3d421,1,4a16a9b2,15bfe12f,2026-05-23 19:05:05.754204,130.30384536095443,36.72113307491928
06a0f800,1,f8c6bac7,110c0782,2026-05-23 19:05:05.754235,151.31334245231548,22.9963032317093
e5995ee0,1,cabc28d5,9ea3a409,2026-05-23 19:05:05.754265,237.06716214079285,12.253884049814042
cc6df1f0,1,abb42609,9b360271,2026-05-23 19:05:05.754295,138.24553484953137,26.0156439435924
e317fc9a,1,d4d390ec,45460435,2026-05-23 19:05:05.754324,352.75759608011714,10.031027141250227
0ad5b2b1,1,d5d9aebe,894b8626,2026-05-23 19:05:05.754354,243.20447638191845,37.460463832547944
384ef1ea,1,cabc28d5,f3ab5934,2026-05-23 19:05:05.754388,423.4555854745408,41.11661096247456
384ef1ea,2,d9ea54ef,5e6a3159,2026-05-23 19:05:05.754411,439.8721394776058,33.81273409141653
86cdddce,1,4589144e,33e748b3,2026-05-23 19:05:05.754441,104.80483593625154,26.166242628333222
c9375fab,1,89f60b65,67491841,2026-05-23 19:05:05.754471,339.17924752566915,15.480852333743162
bd926e0d,1,874bac3e,bf313c0e,2026-05-23 19:05:05.754500,80.48755234378652,42.12803098596902
fb992ac0,1,7ba033d5,ea1be9b6,2026-05-23 19:05:05.754530,66.0364562446051,25.24647845164789
0ff33359,1,337e4c9d,9ea3a409,2026-05-23 19:05:05.754560,66.38688053284027,25.311584918527572
5d691717,1,0010c2fe,9bfa8093,2026-05-23 19:05:05.754589,63.01190297219488,10.128221247513471
98f6fc5f,1,7cf68268,3b2bdf38,2026-05-23 19:05:05.754619,304.74994939616454,40.183966377043525
98f6fc5f,2,7b72f050,da9dd43e,2026-05-23 19:05:05.754642,445.07732966932485,31.634148690087375
98f6fc5f,3,675b3cbf,16597aea,2026-05-23 19:05:05.754665,186.70532953562113,22.636140993649065
d6a0aa2e,1,dee1e0c5,3d8cbaaa,2026-05-23 19:05:05.754695,172.5138661188839,8.697091146139794
d6a0aa2e,2,4c0b1c75,15bfe12f,2026-05-23 19:05:05.754718,427.5597548291951,16.314431280634047
28543ff7,1,f6143d5b,3b2bdf38,2026-05-23 19:05:05.754748,82.36759098405025,32.256143733153095
28543ff7,2,b064749a,0cd9ed1f,2026-05-23 19:05:05.754771,86.98002532819032,5.514025119998511
d81b2eaf,1,ad8d092f,f3ab5934,2026-05-23 19:05:05.754801,143.8162048138434,8.411180427492651
dccb1f2b,1,8f8402ce,4e650515,2026-05-23 19:05:05.754830,473.39427917173725,20.61823836269988
150d5f93,1,55038fe2,9644a854,2026-05-23 19:05:05.754860,81.85145499758931,18.83091381287485
d8165bce,1,c36c1712,3b2bdf38,2026-05-23 19:05:05.754889,218.89439929817323,40.15659661940193
8eeccb21,1,864efcb0,30eaa364,2026-05-23 19:05:05.754919,361.7580201520864,37.34199226365399
e2607958,1,ffa23f58,c739947b,2026-05-23 19:05:05.754949,252.10240469987664,39.834790109175266
4a1b04f2,1,84db25bf,99c13bee,2026-05-23 19:05:05.754978,123.60653688405735,21.035332705987063
4a1b04f2,2,0db194da,c739947b,2026-05-23 19:05:05.755002,325.84894838150666,34.13073105030934
04e63a6d,1,2c976d13,99c13bee,2026-05-23 19:05:05.755031,130.16503315511562,41.061914756187306
860ed070,1,004d4636,c739947b,2026-05-23 19:05:05.755061,215.8942491140952,20.67360133304114
860ed070,2,d96a25fc,3b78784c,2026-05-23 19:05:05.755088,273.0736006432127,16.246396643357414
17cc0184,1,fbb41c14,33e748b3,2026-05-23 19:05:05.755118,55.13456269504326,49.87409408547922
17cc0184,2,e08b6212,bf313c0e,2026-05-23 19:05:05.755142,261.4071526179923,44.36903014864203
f5230909,1,e8915011,3b78784c,2026-05-23 19:05:05.755178,83.7969310812662,49.02134959326758
1b8d62dc,1,0d4f14be,1b864e2e,2026-05-23 19:05:05.755208,135.47617985820517,46.10002098231379
44f426f2,1,428e3978,33e748b3,2026-05-23 19:05:05.755239,429.632033076831,46.932161328538804
c9bf84b2,1,55e6c6a5,0cd9ed1f,2026-05-23 19:05:05.755269,41.73384349711707,19.917923795081602
d5e1824e,1,c898aa01,b4998c55,2026-05-23 19:05:05.755300,447.39825193232963,25.12033426971753
ff5f3885,1,23a926d8,62cdfa79,2026-05-23 19:05:05.755331,87.05142145640676,21.96435340580387
ff5f3885,2,6502b540,bd830d4e,2026-05-23 19:05:05.755356,341.6244612374755,22.429899262298594
499f3b18,1,576b6874,da9dd43e,2026-05-23 19:05:05.755387,486.52340413984956,23.38763333274319
996e0d62,1,79a42933,110c0782,2026-05-23 19:05:05.755417,211.53849621843105,10.625067868740338
d7d2f6a9,1,179bd7d2,7ed1bfe7,2026-05-23 19:05:05.755448,428.64851393869344,14.970629237169907
3fdc98c2,1,5194ad1a,2e90d858,2026-05-23 19:05:05.755481,172.1278941285124,44.79111563407396
c081cafd,1,22b3d235,180aa0cd,2026-05-23 19:05:05.755514,174.23477322326107,6.676008361854453
5e05cab7,1,8990aa61,7ed1bfe7,2026-05-23 19:05:05.755553,327.18545637616825,13.148955351249057
5b0bb886,1,32992893,894b8626,2026-05-23 19:05:05.755586,79.88432726146522,8.621606223556011
a16805e8,1,cd775c56,16597aea,2026-05-23 19:05:05.755620,457.25753038115556,34.78895028334489
bf48e04c,1,b2673a73,07a21a6e,2026-05-23 19:05:05.755651,184.0742088008829,42.768935529904695
bf48e04c,2,1b0c3530,c739947b,2026-05-23 19:05:05.755674,339.1473724016915,27.771093764518607
a11a8129,1,3eb38518,63b5cfb8,2026-05-23 19:05:05.755710,96.00200265898435,7.302866753695884
858f3cb4,1,8f8402ce,7ed1bfe7,2026-05-23 19:05:05.755746,191.5581885354551,48.98555948589926
456d7cb0,1,004d4636,2e90d858,2026-05-23 19:05:05.755788,351.08594069648655,41.44737685950688
0339a50a,1,acf39392,3d8cbaaa,2026-05-23 19:05:05.755823,150.33011779176817,36.19003271656866
ff77747c,1,f8eb5b7f,7ed1bfe7,2026-05-23 19:05:05.755858,383.7812199304708,45.83811707236918
f31e01c4,1,b81d663e,5e02fca9,2026-05-23 19:05:05.755891,224.37771676032497,25.105181006705422
57209df2,1,8e1a7023,16597aea,2026-05-23 19:05:05.755923,377.3326935900093,44.97994872009181
009352b7,1,e256942c,62cdfa79,2026-05-23 19:05:05.755962,327.39498891606024,14.932158192517743
e1752f0f,1,a80408ce,3b2bdf38,2026-05-23 19:05:05.755993,48.318412853780984,46.2636612682516
a30397b3,1,db7ee15f,894b8626,2026-05-23 19:05:05.756024,120.43491296710131,26.175856758998094
a30397b3,2,d58037ff,b40b18bf,2026-05-23 19:05:05.756054,210.9427119123544,8.31494969087856
026842aa,1,865e88d7,110c0782,2026-05-23 19:05:05.756085,453.0390441901899,42.61768757260323
09359beb,1,dd524de3,0cd9ed1f,2026-05-23 19:05:05.756121,365.3752821725293,43.168578293196795
8e011901,1,2164f126,5e02fca9,2026-05-23 19:05:05.756152,274.8298077486025,10.505444713359875
dc567466,1,92028873,bd830d4e,2026-05-23 19:05:05.756182,385.56003319526434,26.701487722421017
97fb647c,1,b521971e,c739947b,2026-05-23 19:05:05.756211,47.33217570851926,16.963379342411386
97fb647c,2,f2d5a45e,da9dd43e,2026-05-23 19:05:05.756237,457.83560786070757,40.03848656319356
d8b4ff94,1,b327f5b3,99c13bee,2026-05-23 19:05:05.756272,475.44442150431837,23.165077179488197
f29cb6f5,1,2ebafd7d,da9dd43e,2026-05-23 19:05:05.756303,476.07245918567054,40.006192451444264
cb5d0c7b,1,d53cabe3,4e650515,2026-05-23 19:05:05.756333,480.54938222007036,15.835616642035992
c3277b5e,1,ea1f8042,2b1a9a37,2026-05-23 19:05:05.756363,472.9472833132513,36.515644476134895
82c8dfe4,1,8cb7dee8,62cdfa79,2026-05-23 19:05:05.756393,421.84967026037316,11.830070811794279
95023927,1,a1ff7480,07a21a6e,2026-05-23 19:05:05.756423,263.2942753507293,26.10783381258916
3fc003e6,1,b2f0edf2,9ea3a409,2026-05-23 19:05:05.756452,53.243080786980684,12.996245550242154
a3fb3b31,1,46c15051,9ea3a409,2026-05-23 19:05:05.756482,378.32760099854744,15.738942357170554
39aef4e0,1,fd9d1a8c,b40b18bf,2026-05-23 19:05:05.756519,389.36800410887935,48.74885752814877
7975e064,1,b95f3fdf,3d8cbaaa,2026-05-23 19:05:05.756554,469.70357695603184,38.895266837948235
e40c9891,1,0b819c5a,fb7e1c47,2026-05-23 19:05:05.756591,329.9154880836793,15.471891398760752
e40c9891,2,20c82e51,7ed1bfe7,2026-05-23 19:05:05.756616,138.10727926304475,11.512498778770786
caf535af,1,7a224966,bd830d4e,2026-05-23 19:05:05.756652,339.52929643041966,25.31008054582157
ec6384dc,1,179bd7d2,62cdfa79,2026-05-23 19:05:05.756683,134.8041797790094,30.524904141003066
ec6384dc,2,531f5fa7,62cdfa79,2026-05-23 19:05:05.756709,144.58808811927034,14.451545232989718
47bcdf84,1,5552af64,3a9e1e22,2026-05-23 19:05:05.756751,378.94963883765155,30.979891504599824
c241b179,1,898892b7,bd830d4e,2026-05-23 19:05:05.756785,371.6296758218201,11.717140638068535
3d9f2956,1,602b55d7,1b864e2e,2026-05-23 19:05:05.756821,404.9933302471704,37.35665528770647
02586e3f,1,543b3a32,3b78784c,2026-05-23 19:05:05.756859,216.8322262477472,41.1598413634483
92c07c4e,1,0db194da,894b8626,2026-05-23 19:05:05.756897,382.86771576956477,10.147515926592568
84d7ca03,1,9196364e,a9b0059e,2026-05-23 19:05:05.756934,337.8537714502023,41.82044563424903
4e653710,1,ef4d75a2,a9b0059e,2026-05-23 19:05:05.756973,263.7790249904341,27.922428945276906
11fecf51,1,ebf07848,110c0782,2026-05-23 19:05:05.757011,353.61701233817746,15.917710467424394
11fecf51,2,d400d501,3d8cbaaa,2026-05-23 19:05:05.757036,477.79706126395524,10.837642080012323
677bdd35,1,ffa23f58,fb7e1c47,2026-05-23 19:05:05.757072,421.8086559825198,39.794098236667615
a7f10ebc,1,96de232f,ce20adb3,2026-05-23 19:05:05.757104,163.92771278449362,13.111461300475238
fcfd7b12,1,03f01a23,249a652c,2026-05-23 19:05:05.757141,45.51911657302705,6.555486297208417
cad66dd4,1,365315d9,99c13bee,2026-05-23 19:05:05.757174,244.210788152478,9.835115552143025
660210ae,1,e56f8c87,45460435,2026-05-23 19:05:05.757210,269.5051357499019,30.56042906282768
660210ae,2,b1e2187e,9ea3a409,2026-05-23 19:05:05.757237,389.5005340654157,12.557645528391049
660210ae,3,898892b7,2b1a9a37,2026-05-23 19:05:05.757260,130.85135988466845,24.361152202911803
330b4405,1,7b66be87,08d65812,2026-05-23 19:05:05.757290,92.07214290667737,8.4276434654645
cfe89987,1,d9ea54ef,9bfa8093,2026-05-23 19:05:05.757320,179.95838998209405,43.750934357706896
cfe89987,2,07a5e35a,5e02fca9,2026-05-23 19:05:05.757349,51.74838992558888,20.615893130471243
d2d95f41,1,804a783b,fb7e1c47,2026-05-23 19:05:05.757388,219.14853143291768,33.15476287268889
440b77cc,1,7ed1283e,180aa0cd,2026-05-23 19:05:05.757421,203.8014988124044,26.193996808151628
822287e5,1,ffa1f70e,3d8cbaaa,2026-05-23 19:05:05.757455,158.31590260130366,37.22191927196859
64777170,1,e256942c,3b2bdf38,2026-05-23 19:05:05.757491,206.56527548387916,13.086179792415646
64777170,2,b7ab2de3,894b8626,2026-05-23 19:05:05.757522,380.8906950663831,16.089850165427126
d3824c39,1,fab635ac,bd830d4e,2026-05-23 19:05:05.757553,111.46542920442579,37.95688490778018
45da0fd5,1,0db1a5ea,586281b8,2026-05-23 19:05:05.757591,174.54605960281435,40.39700865081916
2deb1274,1,ffa23f58,da9dd43e,2026-05-23 19:05:05.757621,244.05957061602433,42.71897523031166
528176ed,1,9a4b5684,08d65812,2026-05-23 19:05:05.757658,492.2645428153693,42.04145058376139
3b01c776,1,0b819c5a,aa58e7b1,2026-05-23 19:05:05.757688,479.317108387227,45.062687276736746
e9b54e3d,1,f0578d49,16597aea,2026-05-23 19:05:05.757721,71.16741410103035,12.411793718485017
ff218e35,1,428e3978,bf313c0e,2026-05-23 19:05:05.757752,32.24336129823813,29.639425922667495
ff218e35,2,0b5b7698,5e02fca9,2026-05-23 19:05:05.757780,169.52621545717898,30.047170732999387
ff218e35,3,0e7cc150,97b111d7,2026-05-23 19:05:05.757807,140.74618160274804,47.20171580714567
d331aa9e,1,a8759dc8,bf313c0e,2026-05-23 19:05:05.757842,231.17685837128266,34.57630571291253
140209aa,1,e08b6212,f3ab5934,2026-05-23 19:05:05.757873,260.1018738607561,29.915350330188968
0ec9b4c6,1,b95f3fdf,0cd9ed1f,2026-05-23 19:05:05.757911,109.61571461595405,27.697797817493598
355e8f68,1,0d4f14be,33e748b3,2026-05-23 19:05:05.757941,26.63882274076288,10.890206698089397
c53f00ca,1,8c7a1f1a,c739947b,2026-05-23 19:05:05.757978,376.59536461869163,12.700006749183077
0259942b,1,e01d6e05,30eaa364,2026-05-23 19:05:05.758017,358.45838159924295,8.905268745856137
3a2977ec,1,1c88cf70,0cd9ed1f,2026-05-23 19:05:05.758049,322.22921974197794,22.666913101882496
289ddbed,1,97575e05,ce20adb3,2026-05-23 19:05:05.758079,379.7009688084519,33.66342326421725
8e40478f,1,ea7a8b41,95784c07,2026-05-23 19:05:05.758107,282.62967191313646,12.871791690921825
be0530c6,1,7b72f050,fb7e1c47,2026-05-23 19:05:05.758142,324.12106212872743,19.59131257537055
af6b3bfa,1,0b819c5a,3a9e1e22,2026-05-23 19:05:05.758177,157.68026826186082,27.107185840462147
af6b3bfa,2,63728634,ce20adb3,2026-05-23 19:05:05.758203,117.82694139686868,40.24157339354911
e0fb1c63,1,750350d8,dc8f6fd7,2026-05-23 19:05:05.758232,272.58931902395534,43.11876036825443
c9576490,1,b7ab2de3,bf313c0e,2026-05-23 19:05:05.758263,36.525615307555945,21.145527132170603
afd75596,1,1e866d17,95784c07,2026-05-23 19:05:05.758303,211.50414399174596,5.451917022503564
afd75596,2,2ebafd7d,fb7e1c47,2026-05-23 19:05:05.758328,172.94623077981137,37.964561095111584
3f41f493,1,84329c95,c739947b,2026-05-23 19:05:05.758360,369.6815151574365,24.275073136126757
9bf2ec44,1,70199d84,0cd9ed1f,2026-05-23 19:05:05.758397,366.9838863083289,43.11069434125008
193b7304,1,dd31d64a,ea1be9b6,2026-05-23 19:05:05.758431,289.5091956383416,18.864887768891997
5fdcbd92,1,87b307f5,62cdfa79,2026-05-23 19:05:05.758468,364.3252407221866,34.94353439418636
f266697f,1,7122197c,c739947b,2026-05-23 19:05:05.758503,422.36151200878606,14.485109464796974
2a640f16,1,b7e09b7b,16597aea,2026-05-23 19:05:05.758590,126.41137676237474,17.17307961265578
c074ff9e,1,239148df,b4998c55,2026-05-23 19:05:05.758669,295.72158585233393,9.318609407575932
b0e96c3a,1,d6f5e7f4,3a9e1e22,2026-05-23 19:05:05.758704,142.11258587616794,27.74243522330912
d3c9c7e2,1,75fd4c10,b4998c55,2026-05-23 19:05:05.758746,307.59329051002965,7.122696949392905
ca302679,1,97575e05,7ed1bfe7,2026-05-23 19:05:05.758786,361.78270776203567,13.470592987212566
3072e13c,1,cae0b89b,da9dd43e,2026-05-23 19:05:05.758818,309.1955647613354,37.7486368825959
6f0eb5d2,1,6096faed,fb7e1c47,2026-05-23 19:05:05.758849,353.62566098613536,34.87333812146601
b224175f,1,26e11775,da9dd43e,2026-05-23 19:05:05.758917,477.47787468014013,27.11146055420418
8df886c8,1,8f11fcf0,110c0782,2026-05-23 19:05:05.758965,261.99337531209,38.42748569275555
4cb5f6a1,1,f913184c,180aa0cd,2026-05-23 19:05:05.759011,105.87933852028625,20.978407088725433
1838edf0,1,0481a318,4e650515,2026-05-23 19:05:05.759050,34.1799670481522,29.130043514553837
1838edf0,2,d69a9a23,07a21a6e,2026-05-23 19:05:05.759092,177.87714762052636,33.870593411586505
4d7ff1fc,1,a4d8f4ec,67491841,2026-05-23 19:05:05.759138,89.39449779876168,15.341274005963559
391aceba,1,b2e5ceac,3a9e1e22,2026-05-23 19:05:05.759188,371.2751714038343,23.26630730429305
bcabbb69,1,26e8d692,33e748b3,2026-05-23 19:05:05.759223,257.3824223336592,38.28911861332156
80e7e933,1,bbe309dd,9644a854,2026-05-23 19:05:05.759255,192.95419544857145,41.50162152830078
49de9046,1,fbb41c14,9bfa8093,2026-05-23 19:05:05.759289,204.69619440837107,33.40563213618413
6cebef35,1,0d4f14be,4e650515,2026-05-23 19:05:05.759328,442.3879428865727,49.31858891665142
d03845b0,1,70199d84,66e13682,2026-05-23 19:05:05.759370,260.43596791640215,25.864357858859577
1ae219d0,1,c1997843,5e02fca9,2026-05-23 19:05:05.759415,88.03848650746951,40.75606450313055
230bc909,1,e91e0df6,9bfa8093,2026-05-23 19:05:05.759456,324.86390447856485,9.610807880207547
8fc0e466,1,d108b3e1,3b2bdf38,2026-05-23 19:05:05.759488,210.28095721076488,48.77613384925833
fec201a8,1,d6f5e7f4,3d8cbaaa,2026-05-23 19:05:05.759542,126.24811619236488,32.739396817757864
a3fb6ca5,1,0f022a88,07a21a6e,2026-05-23 19:05:05.759579,431.1544183243467,47.45425956027725
ec55622e,1,4c492c77,a9b0059e,2026-05-23 19:05:05.759616,60.09261172548694,24.92177661280761
27072f6e,1,8bf4bda1,33e748b3,2026-05-23 19:05:05.759651,83.55204203653375,18.10702275506755
27072f6e,2,e08b6212,95784c07,2026-05-23 19:05:05.759683,294.8453818610918,17.96238243962792
27072f6e,3,76a498f4,08d65812,2026-05-23 19:05:05.759709,44.20394479856887,19.352308311362478
135d700b,1,14ce9de4,b4998c55,2026-05-23 19:05:05.759739,100.39898584188538,47.37962289728261
19c4a725,1,35c5b2f8,ac8fa3d8,2026-05-23 19:05:05.759776,66.7747685181551,9.396398740254492
92a6fcaf,1,4c8b7456,bf313c0e,2026-05-23 19:05:05.759808,186.53731334074277,9.483007767032065
92a6fcaf,2,d1c6bef6,33e748b3,2026-05-23 19:05:05.759840,416.60054480052963,30.733804090341827
11a119a7,1,a0f95b64,62cdfa79,2026-05-23 19:05:05.759873,335.23102522306937,12.830503352844232
f14d1da9,1,dd524de3,fb7e1c47,2026-05-23 19:05:05.759913,178.76716688914252,33.89218954768157
8aba632a,1,543b3a32,180aa0cd,2026-05-23 19:05:05.759950,424.5383431928785,22.065644985061002
b9dcab89,1,97385578,249a652c,2026-05-23 19:05:05.759992,246.40245993309776,45.177697544564815
60bc83bc,1,c9610a20,45460435,2026-05-23 19:05:05.760022,271.02250979074523,18.25890030699715
9860a573,1,dee1e0c5,63b5cfb8,2026-05-23 19:05:05.760057,250.53769658533088,34.659811121683674
9860a573,2,190fd57b,da9dd43e,2026-05-23 19:05:05.760090,48.71236406618715,14.176742621848883
5d507ca8,1,732fef27,67491841,2026-05-23 19:05:05.760122,126.1455621020065,48.811159646935316
fbc764f6,1,0f4d7fa4,249a652c,2026-05-23 19:05:05.760161,35.73538277150179,33.54915126046123
052c84df,1,0c7d5c0d,16597aea,2026-05-23 19:05:05.760192,271.06681794744486,40.14267030353874
f672141b,1,af8f94ee,a9b0059e,2026-05-23 19:05:05.760226,88.38098545066055,31.75591935328292
c444a5a8,1,7b3bc82e,fb7e1c47,2026-05-23 19:05:05.760261,99.2420298572778,34.75525236026672
c444a5a8,2,c92bce8f,9b360271,2026-05-23 19:05:05.760286,422.26589519772716,46.467283258855645
40bdcbed,1,55038fe2,16597aea,2026-05-23 19:05:05.760318,60.56267796686523,15.275502236094805
f409e6ad,1,7cf68268,da9dd43e,2026-05-23 19:05:05.760357,252.43512561637243,20.675635785822298
25297848,1,ef4d75a2,2e90d858,2026-05-23 19:05:05.760390,29.851241873057663,20.177170949514984
6c883239,1,964d9148,ac8fa3d8,2026-05-23 19:05:05.760420,102.57991889314053,27.22086752612423
9a1997ec,1,2c976d13,67491841,2026-05-23 19:05:05.760449,369.25777770913254,45.15479436596838
ef95622e,1,ecf80d71,b4998c55,2026-05-23 19:05:05.760479,475.4952939020436,14.553840789906161
ab0a6c00,1,26e11775,bf313c0e,2026-05-23 19:05:05.760509,252.70384340928064,40.83747991253526
365f6407,1,742b6473,894b8626,2026-05-23 19:05:05.760539,375.29701924446624,32.442319260267624
a52fdf06,1,0b819c5a,3d8cbaaa,2026-05-23 19:05:05.760568,245.8037073068516,37.9638100136452
70b8e804,1,14ce9de4,9b360271,2026-05-23 19:05:05.760598,121.88822088455632,20.666266300424734
7a06d160,1,ab313603,99c13bee,2026-05-23 19:05:05.760627,405.46175316723634,21.920497267216497
8ac3b67d,1,d9ea54ef,ea1be9b6,2026-05-23 19:05:05.760655,104.7708451743172,33.888711680018474
8ac3b67d,2,32992893,5e6a3159,2026-05-23 19:05:05.760677,407.5409023828116,48.84009196260973
eaa2bd2a,1,b2673a73,dc8f6fd7,2026-05-23 19:05:05.760705,161.5035654912333,24.061494828654773
41027039,1,dd5cf2a0,3d8cbaaa,2026-05-23 19:05:05.760739,402.2926898839894,27.277990803259815
873fb999,1,c92bce8f,586281b8,2026-05-23 19:05:05.760767,102.07388901005172,41.457024730112
e3459407,1,732fef27,fb7e1c47,2026-05-23 19:05:05.760795,111.35610702795469,16.37836061088163
b5bc3d49,1,96de232f,aa58e7b1,2026-05-23 19:05:05.760823,498.0089261966568,29.197706416530806
a4445f3e,1,7b66be87,15627973,2026-05-23 19:05:05.760851,366.66636816388603,9.584484879983059
e6f6ea90,1,2434d7e9,b4998c55,2026-05-23 19:05:05.760879,334.0640871123171,35.64625572174775
287da997,1,3c194590,f3ab5934,2026-05-23 19:05:05.760907,426.5241234839906,12.421478152009557
0ab703b3,1,03715a61,b40b18bf,2026-05-23 19:05:05.760935,232.956732420808,26.17761071182936
0fbc1a9e,1,ffa5a956,7ed1bfe7,2026-05-23 19:05:05.760963,440.1561628451846,44.38068816216296
1c8396e4,1,cddc7b75,9ea3a409,2026-05-23 19:05:05.760991,231.42105581059428,28.000680582850894
7e9aeac8,1,7b72f050,2e90d858,2026-05-23 19:05:05.761019,236.74202469876099,18.520683503997088
7e9aeac8,2,b3824fcb,894b8626,2026-05-23 19:05:05.761042,297.75788279724867,17.373738057338134
4efba0e3,1,e4ee2fad,45460435,2026-05-23 19:05:05.761070,495.2308008637197,9.928186130283747
4efba0e3,2,f5153864,95784c07,2026-05-23 19:05:05.761092,265.56352911175327,44.07374179601539
a01db53d,1,b95f3fdf,9ea3a409,2026-05-23 19:05:05.761120,429.4361768154173,17.484414366885055
c5c6f2f1,1,5194ad1a,63b5cfb8,2026-05-23 19:05:05.761148,123.3072922438761,23.951557413392905
31310434,1,32992893,95784c07,2026-05-23 19:05:05.761176,252.71038660485766,11.304598001035512
8026836f,1,8bf4bda1,a9b0059e,2026-05-23 19:05:05.761204,47.001685809521646,17.334710944846147
dcaa15e8,1,c92bce8f,b40b18bf,2026-05-23 19:05:05.761232,86.9868420307877,8.63470788964842
dcaa15e8,2,9a4b5684,3a9e1e22,2026-05-23 19:05:05.761254,380.44608560546004,39.99131665525747
dcaa15e8,3,864efcb0,249a652c,2026-05-23 19:05:05.761276,420.9057343975393,39.77956342125883
e79d4a0d,1,84b3928b,62cdfa79,2026-05-23 19:05:05.761304,306.8559165354508,21.49351583192501
370097e3,1,cae0b89b,4e650515,2026-05-23 19:05:05.761332,103.27589948652712,6.099280704115797
370097e3,2,ba4ae1ef,fb7e1c47,2026-05-23 19:05:05.761354,213.80839856584242,12.846090153293883
631a64e4,1,4c8b7456,9b360271,2026-05-23 19:05:05.761383,252.1370809846297,7.496483171152738
631a64e4,2,85e2c5d9,f3ab5934,2026-05-23 19:05:05.761405,242.5516354447284,40.10684875800618
0f2df847,1,864efcb0,7ed1bfe7,2026-05-23 19:05:05.761435,281.2863298378603,42.00967026074569
ca03aa93,1,19c33d19,aa58e7b1,2026-05-23 19:05:05.761463,48.19766540375768,33.23808709589521
52a129ab,1,ad8d092f,07a21a6e,2026-05-23 19:05:05.761491,103.23219280432829,33.322067341540574
52a129ab,2,92028873,95784c07,2026-05-23 19:05:05.761513,479.90791882914107,17.203714952706566
52a129ab,3,0840b2f6,99c13bee,2026-05-23 19:05:05.761535,442.6992523931649,23.648509397368276
4bfc11a9,1,f2d5a45e,bd830d4e,2026-05-23 19:05:05.761563,333.6582775032876,28.947722863410277
947e28b3,1,8f8402ce,67491841,2026-05-23 19:05:05.761591,298.1653976835179,27.56275821201843
f52d39ec,1,b81d663e,97b111d7,2026-05-23 19:05:05.761619,314.69044812111935,24.357004573182657
a194b112,1,a80408ce,95784c07,2026-05-23 19:05:05.761647,52.2456185608859,35.23338477367948
a194b112,2,a127fb43,15bfe12f,2026-05-23 19:05:05.761669,494.7480850798217,15.408872643931785
23cff6cd,1,1efe4014,bf313c0e,2026-05-23 19:05:05.761697,433.5237858495257,23.655559627809573
b03cbc98,1,bcd1dd3b,ac8fa3d8,2026-05-23 19:05:05.761725,216.69650899770497,11.973985174218523
dbf3ff02,1,e33d6924,5e02fca9,2026-05-23 19:05:05.761754,98.66669445846335,20.269696537124055
dbf3ff02,2,58808e79,0cd9ed1f,2026-05-23 19:05:05.761777,331.51692257805917,43.83498182074892
cc784b2f,1,fe6d693f,a9b0059e,2026-05-23 19:05:05.761805,39.939533310031536,16.8111889796577
cc784b2f,2,f913184c,9644a854,2026-05-23 19:05:05.761827,327.2468751613958,32.365703039084714
bb81eb7e,1,f0d91fa3,99c13bee,2026-05-23 19:05:05.761855,229.95765174496074,16.277871189231533
bb508682,1,140ca47e,4e650515,2026-05-23 19:05:05.761883,74.40930524750632,36.72922089424824
bb508682,2,b4ae0a98,ce20adb3,2026-05-23 19:05:05.761905,364.36742603044746,39.51979915934963
bb508682,3,f913184c,99c13bee,2026-05-23 19:05:05.761927,353.7671976638512,45.35586445172576
477d0588,1,a81b9a61,16597aea,2026-05-23 19:05:05.761955,292.0757783191579,28.285666301919694
5023c715,1,0f022a88,da9dd43e,2026-05-23 19:05:05.761983,218.5037687666947,37.12865275218513
5023c715,2,03f01a23,bd830d4e,2026-05-23 19:05:05.762006,47.38080285898196,27.721300961218994
9c735ddd,1,3eb38518,110c0782,2026-05-23 19:05:05.762034,334.0357988324897,38.91418354128598
43db12a7,1,33eccda0,dc8f6fd7,2026-05-23 19:05:05.762062,84.2461741978791,14.13966513442133
e638aad5,1,efaf5996,45460435,2026-05-23 19:05:05.762090,460.2215247128151,49.78593345054579
c1860593,1,67ae5ce4,3d8cbaaa,2026-05-23 19:05:05.762118,75.36119659345204,30.85803250941038
47f970da,1,79804949,9ea3a409,2026-05-23 19:05:05.762145,440.38735464864374,31.79290634039276
ad2e69b9,1,d45a0f2d,ea1be9b6,2026-05-23 19:05:05.762173,65.37586550079517,46.03751854827586
534c5771,1,898892b7,15627973,2026-05-23 19:05:05.762201,433.6537696033894,16.312205259600113
2eafb3b6,1,677465c8,9644a854,2026-05-23 19:05:05.762229,214.36884522087172,24.286183668190084
7d1c7e5a,1,c07bc85b,15627973,2026-05-23 19:05:05.762257,356.8830462053493,49.953919057365646
a1cba94c,1,5a1c1530,a9b0059e,2026-05-23 19:05:05.762285,216.86944600740372,19.72208891557399
a1cba94c,2,dd524de3,3a9e1e22,2026-05-23 19:05:05.762307,397.939457589328,16.757935903882718
7aa5b2a2,1,a4cc70ff,97b111d7,2026-05-23 19:05:05.762335,195.78552185849526,19.49386589804747
10695e55,1,b61b8324,894b8626,2026-05-23 19:05:05.762362,267.6920861653732,31.089817479718064
609f2a07,1,dd86c49f,3b2bdf38,2026-05-23 19:05:05.762390,373.91062142025544,5.136239222506541
291480bc,1,3bb56b00,5e02fca9,2026-05-23 19:05:05.762418,359.4812137200405,23.988351479386335
291480bc,2,0481a318,33e748b3,2026-05-23 19:05:05.762441,20.15515120679069,8.441663455221253
8f62ff5f,1,7f779927,dc8f6fd7,2026-05-23 19:05:05.762470,150.2506381588971,31.764194605790834
8f62ff5f,2,8f8402ce,3b2bdf38,2026-05-23 19:05:05.762492,273.0150771937242,31.800258697401905
00c6bb9d,1,e2f99ef5,95784c07,2026-05-23 19:05:05.762520,491.2072132327824,29.690797592616672
00c6bb9d,2,6a6d679d,7ed1bfe7,2026-05-23 19:05:05.762543,398.64680512912923,42.29321967076296
00c6bb9d,3,aad67ea5,bf313c0e,2026-05-23 19:05:05.762565,127.26275409509448,17.424604786129024
a090f2f9,1,06108e89,110c0782,2026-05-23 19:05:05.762593,82.35952385045269,19.228220299101984
290db5ff,1,1ec31fb7,7ed1bfe7,2026-05-23 19:05:05.762621,470.4526171402158,40.61459663941389
0d1382b6,1,2082d9d2,3b78784c,2026-05-23 19:05:05.762649,58.68402529121832,38.59514066894859
08f292e8,1,a127fb43,b40b18bf,2026-05-23 19:05:05.762677,104.7960337625412,30.504375043280827
712d0604,1,0c7d5c0d,fb7e1c47,2026-05-23 19:05:05.762704,303.8005065578074,42.32035731746278
9f303958,1,35e4cb32,9bfa8093,2026-05-23 19:05:05.762732,292.15504833238776,44.61927046004593
986f08b0,1,c5ed13b4,08d65812,2026-05-23 19:05:05.762760,295.5545769797896,33.4156656651101
986f08b0,2,1ca8e41b,bd830d4e,2026-05-23 19:05:05.762782,187.95487342033954,35.89835697635674
bfcb8ff7,1,a45b8c85,45460435,2026-05-23 19:05:05.762810,88.65274575973385,45.87813440231849
f9058184,1,b404910a,08d65812,2026-05-23 19:05:05.762839,172.61224607401937,15.35535804939351
6b69b23d,1,d6f5e7f4,08d65812,2026-05-23 19:05:05.762868,439.12213570678256,42.45371444171531
46ae8bd2,1,0deada69,da9dd43e,2026-05-23 19:05:05.762896,482.73351728403856,25.342044796735827
66a017d0,1,cd775c56,3d8cbaaa,2026-05-23 19:05:05.762925,205.48474911507765,48.25533761063227
94800ceb,1,b4378c90,5e02fca9,2026-05-23 19:05:05.762953,362.6485121792779,24.3221281619704
3d3be939,1,20c82e51,15bfe12f,2026-05-23 19:05:05.762981,388.8025541794559,33.599484563469574
b7f3b3a4,1,275bb310,9644a854,2026-05-23 19:05:05.763009,483.3191259876972,15.210972373203017
a5cde84e,1,35e4cb32,3b2bdf38,2026-05-23 19:05:05.763037,486.5864852182463,7.922912942576285
1a3b0df5,1,a4cc70ff,9bfa8093,2026-05-23 19:05:05.763065,391.17989344881045,17.46608221211594
497628a8,1,7122197c,aa58e7b1,2026-05-23 19:05:05.763093,180.60579857128425,25.908101737014057
c7f6539d,1,9fc805ba,110c0782,2026-05-23 19:05:05.763121,101.02310216614855,26.663077050930617
19c11833,1,0558b9dd,bf313c0e,2026-05-23 19:05:05.763150,445.72630760073974,15.095132590451986
d9f0b643,1,8f11fcf0,4e650515,2026-05-23 19:05:05.763177,163.7812320367979,24.04800090649385
7766a600,1,07a5e35a,1b864e2e,2026-05-23 19:05:05.763205,453.1792562852246,31.506630341450986
7a72503d,1,2f8dbd79,b40b18bf,2026-05-23 19:05:05.763233,73.78266525176214,40.56988398434872
cc5de76b,1,e49271b4,b4998c55,2026-05-23 19:05:05.763263,428.17301957772986,37.825617219799476
8e7b5e59,1,af286d24,15627973,2026-05-23 19:05:05.763291,262.2636936894798,5.325431094465091
b6f4bf99,1,8f86fffc,16597aea,2026-05-23 19:05:05.763319,234.369115247669,29.145835589408495
b6f4bf99,2,865e88d7,2b1a9a37,2026-05-23 19:05:05.763341,153.24750307268846,27.12787162789108
1fb57489,1,b70e06f1,16597aea,2026-05-23 19:05:05.763368,400.5703904688342,8.01075371267245
da584ea7,1,2c976d13,30eaa364,2026-05-23 19:05:05.763397,462.6591740427244,45.5077635895231
da584ea7,2,06108e89,180aa0cd,2026-05-23 19:05:05.763419,418.47180776111003,18.02180307678146
a964cd4f,1,ea7a8b41,95784c07,2026-05-23 19:05:05.763447,190.1622666221583,30.285732100782056
e2166b56,1,6b99e29d,249a652c,2026-05-23 19:05:05.763474,354.40935174336477,11.110579625317337
e2166b56,2,0b873518,08d65812,2026-05-23 19:05:05.763497,299.92501241124467,39.91143275842868
51f1b020,1,bcd1dd3b,a9b0059e,2026-05-23 19:05:05.763525,262.0970122573021,44.06183098913334
51f1b020,2,0deada69,62cdfa79,2026-05-23 19:05:05.763547,370.4087062766066,33.67826600724222
51f1b020,3,a6aaaf27,bf313c0e,2026-05-23 19:05:05.763569,220.33847770096878,41.13175328324307
ca725e5c,1,9b028803,5e02fca9,2026-05-23 19:05:05.763597,52.73478878413401,40.83355673265528
ca725e5c,2,1bff1a8c,ce20adb3,2026-05-23 19:05:05.763620,291.6491317018232,49.02153667157873
dc164161,1,b7ab2de3,9bfa8093,2026-05-23 19:05:05.763648,155.48574382778438,9.48195898059852
e73cca83,1,a799b7d2,b4998c55,2026-05-23 19:05:05.763676,437.4552862151798,23.192229027881055
2ebf240b,1,8d1a49eb,ac8fa3d8,2026-05-23 19:05:05.763705,141.33976083895527,49.807636630517756
bd82fc0a,1,2434d7e9,f3ab5934,2026-05-23 19:05:05.763733,228.03166406273678,30.423578146448584
bd82fc0a,2,e56f8c87,99c13bee,2026-05-23 19:05:05.763755,480.4513351295221,9.894716142276712
c0ba91a9,1,fdf27c4c,45460435,2026-05-23 19:05:05.763783,358.02997540922064,48.501065085714345
c0ba91a9,2,b2ed138c,9ea3a409,2026-05-23 19:05:05.763805,285.05859664601803,31.650651993098084
9d064fd1,1,03b8d8ba,15627973,2026-05-23 19:05:05.763833,89.43766914417104,43.014445512479945
9d064fd1,2,83ce8d7f,63b5cfb8,2026-05-23 19:05:05.763855,389.07798896056704,41.8077462188299
a12a12b2,1,aea8df35,63b5cfb8,2026-05-23 19:05:05.763883,449.6295472349553,48.065464674516925
04952d5f,1,b61b8324,33e748b3,2026-05-23 19:05:05.763911,375.6689922533051,27.274958144582282
b535b29d,1,4c8b7456,08d65812,2026-05-23 19:05:05.763939,30.872589925574978,31.44643961045518
1f6f293e,1,eed96f09,16597aea,2026-05-23 19:05:05.763968,491.77695346451094,25.59830695121592
67cebe56,1,cdc4c018,5e6a3159,2026-05-23 19:05:05.763996,164.52060151107457,28.24157635950939
69df21a7,1,337e4c9d,a9b0059e,2026-05-23 19:05:05.764024,224.4933697745249,28.71267679693395
0b582f7e,1,b1c8aeb7,97b111d7,2026-05-23 19:05:05.764052,153.79144628272422,32.190650231346154
fae781c8,1,46c15051,9bfa8093,2026-05-23 19:05:05.764080,456.9670334676183,29.15108569154275
107691f6,1,4bbadaeb,bd830d4e,2026-05-23 19:05:05.764107,405.47725468778805,39.134018996484365
cb4b2e98,1,84f6f25e,249a652c,2026-05-23 19:05:05.764135,393.11536787050727,36.86549918503403
e0f1bdc1,1,ff4acc5e,4e650515,2026-05-23 19:05:05.764163,29.568098339821578,46.901124624159614
c5800432,1,8e1a7023,45460435,2026-05-23 19:05:05.764191,108.8683694031859,47.82926355361897
c5800432,2,ff4acc5e,0cd9ed1f,2026-05-23 19:05:05.764214,180.89598328181677,40.816082438304875
1bc0f808,1,e08b6212,1b864e2e,2026-05-23 19:05:05.764242,48.97574625044925,33.220054708607094
fa19b517,1,20c82e51,aa58e7b1,2026-05-23 19:05:05.764270,118.99061165018955,24.219668222712293
419327b1,1,e8a04814,45460435,2026-05-23 19:05:05.764298,469.3721615264531,49.20681897999821
786ec6f9,1,21337267,b4998c55,2026-05-23 19:05:05.764326,408.01485387301864,18.31201862311277
5de7e20d,1,06c13985,33e748b3,2026-05-23 19:05:05.764367,103.0904669171363,33.21989037395115
9ea39a25,1,21337267,08d65812,2026-05-23 19:05:05.764395,323.66260178833477,23.111479089017838
eed7effe,1,0b95b346,da9dd43e,2026-05-23 19:05:05.764422,435.87368806076506,35.536599467419
189a504a,1,dbf83b6b,08d65812,2026-05-23 19:05:05.764453,353.9130635558744,39.87727791044856
6a4f7866,1,cec4fb47,08d65812,2026-05-23 19:05:05.764491,347.3024289020334,10.448814874962176
fa7a0ec4,1,14b98e41,1b864e2e,2026-05-23 19:05:05.764519,179.39410073000016,26.17810734315323
60a820fb,1,97575e05,ea1be9b6,2026-05-23 19:05:05.764546,102.38561340931452,44.57513443682793
60a820fb,2,200524a6,f3ab5934,2026-05-23 19:05:05.764569,118.04191325704188,28.734717649977714
fcd03a34,1,d4d390ec,15bfe12f,2026-05-23 19:05:05.764596,406.65144962479144,34.63769943529452
88aef706,1,f6143d5b,66e13682,2026-05-23 19:05:05.764624,155.44131756568223,49.02063842524079
ce4af244,1,2269c4dd,33e748b3,2026-05-23 19:05:05.764653,259.8791300514097,6.03968394305247
f6f4672d,1,176a9f25,08d65812,2026-05-23 19:05:05.764681,336.17971716379816,41.496091524100855
f6f4672d,2,b404910a,07a21a6e,2026-05-23 19:05:05.764703,408.4401524274626,38.2874009225307
da77bec9,1,a4ec77b1,bd830d4e,2026-05-23 19:05:05.764730,439.3584278951461,47.64104594897431
f7de7853,1,ffa23f58,9ea3a409,2026-05-23 19:05:05.764758,374.9932066736339,31.055463267781423
392d210a,1,78db85d2,0cd9ed1f,2026-05-23 19:05:05.764786,58.86908119987774,44.198031116517534
5a6a03a9,1,591fed2c,1b864e2e,2026-05-23 19:05:05.764814,394.1763743181937,26.82835371876919
a046ed98,1,bd1f1f4c,3b78784c,2026-05-23 19:05:05.764842,203.4209529072311,7.451204610980289
353c9ac2,1,ce0b5c90,5e02fca9,2026-05-23 19:05:05.764870,91.59428683957871,43.20261727449226
abacc2ca,1,2082d9d2,249a652c,2026-05-23 19:05:05.764898,371.274649312126,37.91685518037152
abacc2ca,2,30aef8b8,a9b0059e,2026-05-23 19:05:05.764932,141.51528965854408,49.15018533679658
9cc1aca8,1,34384d23,9644a854,2026-05-23 19:05:05.764961,457.01525132719394,12.019846474142254
cea32e34,1,ce0b5c90,180aa0cd,2026-05-23 19:05:05.764989,100.4301314987663,34.90304819276463
cea32e34,2,8c7a1f1a,08d65812,2026-05-23 19:05:05.765013,403.52739583238235,39.2273137632117
1130332a,1,8e1a7023,3b2bdf38,2026-05-23 19:05:05.765041,104.62580649904972,16.843845415585356
1bcce1e9,1,b81d663e,ac8fa3d8,2026-05-23 19:05:05.765086,337.13487454929196,36.91938700108001
1bcce1e9,2,2434d7e9,9ea3a409,2026-05-23 19:05:05.765108,394.00883641541094,20.804011433808412
496679ff,1,6d25ee58,ce20adb3,2026-05-23 19:05:05.765136,244.84592985470255,39.77009988751845
2bdf1831,1,e256942c,110c0782,2026-05-23 19:05:05.765164,493.6048398383969,40.856895195947544
2bdf1831,2,865e88d7,aa58e7b1,2026-05-23 19:05:05.765186,311.16127486861154,16.19607706958261
92bd28f5,1,26c3d826,b4998c55,2026-05-23 19:05:05.765218,82.1270266623091,33.67675390860947
46eda229,1,73bdc762,f3ab5934,2026-05-23 19:05:05.765263,383.331808340257,16.99019213518705
226cbd6f,1,c451f5e2,9b360271,2026-05-23 19:05:05.765292,87.04228370351294,33.004897312864436
263a4fb7,1,a1372f50,99c13bee,2026-05-23 19:05:05.765321,442.7329849833784,24.904176110754573
263a4fb7,2,98b1abf5,07a21a6e,2026-05-23 19:05:05.765343,21.30670895585533,8.694841148892278
cf06d43f,1,385cae5b,9b360271,2026-05-23 19:05:05.765371,91.77837815707471,24.29627849110248
e61b6019,1,3c62cc15,ce20adb3,2026-05-23 19:05:05.765399,58.49233617985899,7.469360134926973
2a79b504,1,354b510a,dc8f6fd7,2026-05-23 19:05:05.765427,386.6708770179902,8.193252760864219
1dfe1b22,1,732fef27,2b1a9a37,2026-05-23 19:05:05.765454,377.0040295065222,21.624169292735154
09bf29d2,1,f0d91fa3,5e6a3159,2026-05-23 19:05:05.765482,293.4360281467418,21.453236811142833
914270f4,1,39cdb41d,63b5cfb8,2026-05-23 19:05:05.765510,103.2652328878736,12.76702081940317
40b2f623,1,a1ff7480,1b864e2e,2026-05-23 19:05:05.765538,142.78461575957442,9.753880873664968
40b2f623,2,bbe309dd,08d65812,2026-05-23 19:05:05.765559,402.2947447774309,44.184476004244246
06474fb6,1,0b7e335b,9b360271,2026-05-23 19:05:05.765587,257.8072518687447,35.42443869441613
689cb432,1,cae0b89b,894b8626,2026-05-23 19:05:05.765615,379.68669729505984,45.51329591741803
35c4923f,1,d69a9a23,5e02fca9,2026-05-23 19:05:05.765644,76.07057529774693,24.38302245746516
35c4923f,2,99fe0983,b40b18bf,2026-05-23 19:05:05.765674,369.7197025889172,8.058807717053167
3709f8ea,1,343bb9d6,33e748b3,2026-05-23 19:05:05.765702,228.30255450113788,45.46156303745652
3709f8ea,2,a127fb43,894b8626,2026-05-23 19:05:05.765724,352.26267154623025,37.00463699030135
18667458,1,0b9e4648,33e748b3,2026-05-23 19:05:05.765752,338.9450861798283,32.77654451655194
20b28d84,1,84db25bf,95784c07,2026-05-23 19:05:05.765780,49.39541414382905,16.806580985821668
001d5e91,1,d9ea54ef,bd830d4e,2026-05-23 19:05:05.765808,189.5682443275473,29.34525061591129
1516dda0,1,73bdc762,08d65812,2026-05-23 19:05:05.765838,270.7532916056737,11.549732018877267
1516dda0,2,dd121367,15627973,2026-05-23 19:05:05.765860,369.2265130020263,48.96690064338564
4a6ddf93,1,354b510a,08d65812,2026-05-23 19:05:05.765888,88.58784953618999,25.060034387041245
3a9c4698,1,fa76f6ba,2b1a9a37,2026-05-23 19:05:05.765916,380.39414556440704,30.01260757816944
165db97a,1,479b7a62,110c0782,2026-05-23 19:05:05.765944,309.2111254039343,16.193617971123025
18ca28bf,1,4d223d3c,3b2bdf38,2026-05-23 19:05:05.765972,438.21958775303466,6.32538736779251
7f8e5e75,1,09e1dc5f,97b111d7,2026-05-23 19:05:05.765999,301.7195151453869,12.707105338787889
97dbbc27,1,c9610a20,9bfa8093,2026-05-23 19:05:05.766028,41.606460589380454,24.373308552097466
97dbbc27,2,a2c79ce6,ac8fa3d8,2026-05-23 19:05:05.766060,75.3162976820321,25.848011634010753
9739f063,1,b4305394,15627973,2026-05-23 19:05:05.766088,358.52140832600855,42.917141823031415
1e3d0bd7,1,03b8d8ba,ce20adb3,2026-05-23 19:05:05.766117,304.56332807275095,36.29748053419696
a85649ab,1,fe6d693f,63b5cfb8,2026-05-23 19:05:05.766145,218.8755075274874,9.433929552412298
72656976,1,33245b0c,9b360271,2026-05-23 19:05:05.766173,51.90584808956363,12.898371351778565
104d9c76,1,576b6874,2e90d858,2026-05-23 19:05:05.766201,342.1754999671344,19.470156658914153
104d9c76,2,d400d501,08d65812,2026-05-23 19:05:05.766223,385.5566372274289,44.42195227018011
e84b5490,1,750350d8,66e13682,2026-05-23 19:05:05.766251,252.58895758398825,12.09316669926071
e84b5490,2,5b037f38,180aa0cd,2026-05-23 19:05:05.766273,134.96784485472762,30.311146756590265
e84b5490,3,06108e89,9b360271,2026-05-23 19:05:05.766295,460.9384064367115,46.7598239031293
c41970c5,1,7ed1283e,63b5cfb8,2026-05-23 19:05:05.766323,389.5923758794672,16.801370430083246
39432a4a,1,1719139b,9b360271,2026-05-23 19:05:05.766350,303.3143784883995,43.755687995448795
76235298,1,089642f6,45460435,2026-05-23 19:05:05.766378,128.7893849608526,15.161005068928917
fd6268c5,1,531f5fa7,3a9e1e22,2026-05-23 19:05:05.766406,63.62210918362884,18.736057610163535
fd6268c5,2,2e74541a,c739947b,2026-05-23 19:05:05.766428,235.95893749747523,47.47556055235535
cf263d3f,1,a5f865e2,99c13bee,2026-05-23 19:05:05.766464,233.56857147625612,22.819718530224083
635e5181,1,d3c419f1,9644a854,2026-05-23 19:05:05.766492,483.96670029959716,19.937765350366718
9d69ba78,1,ffa5a956,b40b18bf,2026-05-23 19:05:05.766521,212.15533896542047,7.354553349844794
2452ec9d,1,84b3928b,f3ab5934,2026-05-23 19:05:05.766549,274.6205791133353,48.652261088968004
4f0d44ee,1,8cb7dee8,3a9e1e22,2026-05-23 19:05:05.766577,245.65969025287959,46.84469703729922
a6838fdb,1,1ebfd578,2b1a9a37,2026-05-23 19:05:05.766605,363.468447924625,18.234530849585447
90258011,1,6096faed,95784c07,2026-05-23 19:05:05.766632,418.02920181107373,28.369413269393803
e655a034,1,0deada69,33e748b3,2026-05-23 19:05:05.766663,365.87392739086573,34.65676585673931
b147f962,1,f5040716,08d65812,2026-05-23 19:05:05.766695,352.0367644643802,7.935547419493973
9bc26d04,1,9b028803,9644a854,2026-05-23 19:05:05.766729,391.3756050596341,29.03393646239467
9e49999d,1,3c62cc15,9b360271,2026-05-23 19:05:05.766768,258.73356976411367,32.60251147093229
8389e550,1,f66f78b7,aa58e7b1,2026-05-23 19:05:05.766802,396.0812550144979,23.622149998867048
8389e550,2,732fef27,3b2bdf38,2026-05-23 19:05:05.766825,458.54400432484874,22.876683195409413
8389e550,3,7a224966,67491841,2026-05-23 19:05:05.766846,201.35218380775143,37.90765021481549
d6bbda30,1,796f07a5,c739947b,2026-05-23 19:05:05.766874,491.9165716201189,39.45976481684578
b36a5a31,1,419673b9,95784c07,2026-05-23 19:05:05.766902,341.4081187476435,13.679260243262679
8f21bb8b,1,a4d8f4ec,4e650515,2026-05-23 19:05:05.766930,473.73686816567584,17.252744416838055
d298fc83,1,dee1e0c5,95784c07,2026-05-23 19:05:05.766957,403.11184684684866,36.24863201421129
a2d3ef43,1,74cee2e1,99c13bee,2026-05-23 19:05:05.766985,200.46079426448648,42.93238366413854
a2d3ef43,2,861b3ce2,5e02fca9,2026-05-23 19:05:05.767007,469.01472755778804,38.53199577005645
218dbe65,1,0d4ffb87,dc8f6fd7,2026-05-23 19:05:05.767035,90.85107351784598,9.215308620436453
75b8c8e1,1,576b6874,07a21a6e,2026-05-23 19:05:05.767062,275.2882580718968,25.30169507818477
822396aa,1,b327f5b3,bf313c0e,2026-05-23 19:05:05.767090,495.2476615220884,6.157966685854025
2a8f6f7a,1,b81d663e,3a9e1e22,2026-05-23 19:05:05.767118,269.86791499695374,19.12347053664343
f5ae8b42,1,b7f8c26d,67491841,2026-05-23 19:05:05.767146,161.67477591493434,43.15789144407342
f5ae8b42,2,a0a8781f,08d65812,2026-05-23 19:05:05.767168,242.51555591319095,42.78149583117858
f5ae8b42,3,cddc7b75,9644a854,2026-05-23 19:05:05.767190,203.8676443938206,11.214934646135193
9a9b0e41,1,622da96f,15627973,2026-05-23 19:05:05.767220,339.4936333848854,32.097179269990164
f8957f42,1,97385578,99c13bee,2026-05-23 19:05:05.767256,444.64543878521215,21.898669495683553
6ea2acc7,1,3517bafa,a9b0059e,2026-05-23 19:05:05.767284,200.570141275675,26.146669707484957
034635e3,1,5602319e,63b5cfb8,2026-05-23 19:05:05.767312,367.8666391384164,38.71342572238504
baa66814,1,865e88d7,9b360271,2026-05-23 19:05:05.767340,140.79857048695192,35.84155941915098
20bfc963,1,c3e52a1d,3b2bdf38,2026-05-23 19:05:05.767367,75.84122306092921,6.293315055722568
c5e242ae,1,23e40a8f,1b864e2e,2026-05-23 19:05:05.767395,444.53742922590277,5.75972785288489
e97c3492,1,84f6f25e,62cdfa79,2026-05-23 19:05:05.767422,325.77833658998827,7.614272200326018
7e5dd072,1,8cb7dee8,bf313c0e,2026-05-23 19:05:05.767450,392.67717685313653,39.76145485817922
60164459,1,dd5cf2a0,0cd9ed1f,2026-05-23 19:05:05.767478,305.59085318447535,43.67505808548733
d2b6ccca,1,d96a25fc,15bfe12f,2026-05-23 19:05:05.767506,248.64276496802086,41.14781537310754
d2b6ccca,2,0b7e335b,110c0782,2026-05-23 19:05:05.767528,280.080221869694,13.201592766006714
d2b6ccca,3,71808bff,a9b0059e,2026-05-23 19:05:05.767550,207.9460404952465,23.41024488260829
f7c6f9bc,1,4c492c77,ea1be9b6,2026-05-23 19:05:05.767578,374.3547369818105,36.881963551931364
c8f975f2,1,365315d9,7ed1bfe7,2026-05-23 19:05:05.767606,407.5358944889324,44.77304197516779
91563854,1,ce0b5c90,aa58e7b1,2026-05-23 19:05:05.767633,362.84204000095235,37.18895171058692
14472add,1,1b9d7f55,aa58e7b1,2026-05-23 19:05:05.767661,173.90816650382303,45.143608532341375
780417d6,1,de6426fe,9ea3a409,2026-05-23 19:05:05.767693,176.00786796255346,22.64159872311077
780417d6,2,5194ad1a,2b1a9a37,2026-05-23 19:05:05.767715,473.2005534008008,33.27463016614782
ed4f7fad,1,0558b9dd,dc8f6fd7,2026-05-23 19:05:05.767743,228.41900484443602,48.15660312040042
7b8ae15b,1,c36c1712,9ea3a409,2026-05-23 19:05:05.767771,111.77207023127465,27.853299840474495
950290b8,1,0b9e4648,bd830d4e,2026-05-23 19:05:05.767799,410.5244915396453,18.75840911509781
a3ad01f2,1,ebf07848,ce20adb3,2026-05-23 19:05:05.767829,38.54869367335013,28.150461390170975
b975434a,1,1ebfd578,a9b0059e,2026-05-23 19:05:05.767857,406.0658900665916,5.9696977221968615
b975434a,2,6fea26cd,ea1be9b6,2026-05-23 19:05:05.767879,157.35182403446453,35.53438621350471
2b92ea1e,1,865e88d7,0cd9ed1f,2026-05-23 19:05:05.767912,492.38762550245053,7.968057844418874
5692487a,1,6b99e29d,7ed1bfe7,2026-05-23 19:05:05.767940,59.78881008513882,8.553919740720644
b8c9de32,1,898892b7,15bfe12f,2026-05-23 19:05:05.767968,35.567993763187964,8.406030911266708
e90b5a73,1,92028873,b4998c55,2026-05-23 19:05:05.767996,391.8963177021525,39.756378857235354
ca400272,1,b4ae0a98,30eaa364,2026-05-23 19:05:05.768024,87.60077031487472,16.665815184570583
a7ab20d2,1,f0578d49,08d65812,2026-05-23 19:05:05.768051,270.2454359526955,16.370410554490366
aa25efa5,1,97575e05,ce20adb3,2026-05-23 19:05:05.768088,84.18785999485843,30.486804682360507
4c17480d,1,32992893,2b1a9a37,2026-05-23 19:05:05.768116,192.43929448651284,41.936310916196845
bec472ee,1,30fb7ca7,ac8fa3d8,2026-05-23 19:05:05.768144,126.12218422336424,19.990266588660514
c9db0884,1,e8915011,aa58e7b1,2026-05-23 19:05:05.768171,229.00537443345024,13.464014510083464
c9db0884,2,a45374ef,15bfe12f,2026-05-23 19:05:05.768194,316.9000342287597,36.803850453869266
80629052,1,6dc89fae,99c13bee,2026-05-23 19:05:05.768222,486.97407010571317,6.109860978961167
ee64e5e8,1,5552af64,0cd9ed1f,2026-05-23 19:05:05.768251,203.90949239800324,38.86402751922694
ee64e5e8,2,ed8c7d6f,110c0782,2026-05-23 19:05:05.768273,360.7278166604051,19.964791906417183
ee64e5e8,3,efe58b44,5e02fca9,2026-05-23 19:05:05.768295,102.41950514205382,46.93027724063075
40a2af3f,1,ac9c63b6,ac8fa3d8,2026-05-23 19:05:05.768323,206.062427266841,9.693336256491765
486fa33f,1,ffa5a956,63b5cfb8,2026-05-23 19:05:05.768351,58.03083553662523,16.61510585919863
13aa32fb,1,ea7a8b41,63b5cfb8,2026-05-23 19:05:05.768379,182.69871598504113,32.05357615611854
1c0d8ca2,1,ffe98fb2,15bfe12f,2026-05-23 19:05:05.768406,406.9335355240376,22.621274702974763
0ad06531,1,f4b984b2,bf313c0e,2026-05-23 19:05:05.768434,211.43412125035775,29.8364305631948
56f8cd89,1,a80408ce,110c0782,2026-05-23 19:05:05.768463,384.71540713602906,12.26771222825469
5d63f799,1,3c194590,9ea3a409,2026-05-23 19:05:05.768491,216.91436429229208,21.892441763374784
971fdeff,1,c9610a20,45460435,2026-05-23 19:05:05.768519,259.87409089145564,12.496344928165621
c22e21c0,1,365315d9,99c13bee,2026-05-23 19:05:05.768547,297.6562886624962,28.728593873512647
c22e21c0,2,d69a9a23,1b864e2e,2026-05-23 19:05:05.768582,34.699705874912254,31.562663362541414
eff17702,1,b426fb84,95784c07,2026-05-23 19:05:05.768610,239.4349601875908,43.30299354368772
ca2bd7c3,1,84329c95,894b8626,2026-05-23 19:05:05.768638,418.20066692985085,45.78326133829333
8e008412,1,97a673c8,bf313c0e,2026-05-23 19:05:05.768667,382.79447158385955,11.974037841981563
a9c49200,1,20c82e51,9ea3a409,2026-05-23 19:05:05.768694,220.5943346859244,47.5877303030304
e000199a,1,fbb41c14,894b8626,2026-05-23 19:05:05.768722,213.87930416081954,42.0882108248008
e000199a,2,6502b540,b40b18bf,2026-05-23 19:05:05.768744,300.9688674093128,38.56652728388326
15ba79f0,1,081be4d1,15627973,2026-05-23 19:05:05.768772,369.1131096212015,28.997546569681823
f4e1ac5e,1,26e8d692,a9b0059e,2026-05-23 19:05:05.768801,234.68029763151566,38.15047452017555
423b0999,1,f8eb5b7f,07a21a6e,2026-05-23 19:05:05.768828,234.56972369470913,24.34169005736922
31dbbfe5,1,83cfeab2,894b8626,2026-05-23 19:05:05.768856,469.01679813494235,36.71159493232815
b5aeb415,1,1efe4014,08d65812,2026-05-23 19:05:05.768884,121.11769701477157,15.787512571879624
12e49d77,1,b7ab2de3,9bfa8093,2026-05-23 19:05:05.768912,89.9877426550922,48.808938207592895
e56fe817,1,7b72f050,586281b8,2026-05-23 19:05:05.768940,153.39464102413882,45.96529835059638
e56fe817,2,176a9f25,ce20adb3,2026-05-23 19:05:05.768962,173.23386135037865,20.88167105531821
38b8e8fb,1,ae0f5524,dc8f6fd7,2026-05-23 19:05:05.768989,248.38556280768145,44.678903351035395
05e8e892,1,21061182,45460435,2026-05-23 19:05:05.769020,214.12246043824493,18.972119678957252
05e8e892,2,2164f126,99c13bee,2026-05-23 19:05:05.769042,278.45602205761975,26.71072322150922
b1104773,1,ec774cd8,33e748b3,2026-05-23 19:05:05.769071,299.32490464163936,32.356931227307406
29d38a6d,1,6d25ee58,99c13bee,2026-05-23 19:05:05.769099,409.14314644171077,46.21396516097706
29d38a6d,2,d9ea54ef,894b8626,2026-05-23 19:05:05.769126,158.69154969057402,9.516188886280506
3391cdb8,1,ab313603,c739947b,2026-05-23 19:05:05.769153,65.868773000282,23.932596880175616
2e4f0fcc,1,6dc89fae,894b8626,2026-05-23 19:05:05.769181,62.17865693516019,26.944051808046087
82a5e0dd,1,2016e8c0,3b2bdf38,2026-05-23 19:05:05.769209,335.68104027660036,37.53504293594626
2709b20b,1,1c88cf70,08d65812,2026-05-23 19:05:05.769237,423.4787137096198,37.10036293457855
98658814,1,4bbadaeb,3b78784c,2026-05-23 19:05:05.769265,157.7123203553236,24.857559080846176
98658814,2,4b3a0747,45460435,2026-05-23 19:05:05.769287,141.03817514749767,22.15568096055634
5ff75dda,1,d108b3e1,bd830d4e,2026-05-23 19:05:05.769316,73.02708164976329,49.356618910650084
e554d427,1,25e8e9d0,16597aea,2026-05-23 19:05:05.769345,484.2786476315249,11.314824889502901
f4f9a6f6,1,15854b16,ea1be9b6,2026-05-23 19:05:05.769376,211.4737706370906,38.13371114177131
13e41a33,1,1c88cf70,2b1a9a37,2026-05-23 19:05:05.769408,135.90082140288283,21.230849093052523
13e41a33,2,8990aa61,4e650515,2026-05-23 19:05:05.769443,73.30129812231696,15.408005376215613
da444c89,1,06108e89,f3ab5934,2026-05-23 19:05:05.769474,453.43588928077725,18.812938815683122
da444c89,2,081be4d1,ac8fa3d8,2026-05-23 19:05:05.769497,387.41257540968843,31.822353059699424
9cca15ff,1,aea8df35,110c0782,2026-05-23 19:05:05.769526,120.55781179258145,16.411129292934888
94edcc29,1,9fc805ba,63b5cfb8,2026-05-23 19:05:05.769562,214.99197554094553,5.114285255752192
a08cb457,1,91fb2ced,ea1be9b6,2026-05-23 19:05:05.769594,234.43575288982066,48.51595514233506
a08cb457,2,fbae8b7e,3d8cbaaa,2026-05-23 19:05:05.769626,65.64652565054935,32.6812657291586
d729a0f8,1,385cae5b,249a652c,2026-05-23 19:05:05.769656,81.42179475298568,16.690000056112385
d729a0f8,2,4c0b1c75,ea1be9b6,2026-05-23 19:05:05.769680,483.19261385082115,40.121479875710904
3c17f024,1,e4ee2fad,16597aea,2026-05-23 19:05:05.769720,101.42696880636292,21.075888083941088
0ac83fe9,1,fd29b273,249a652c,2026-05-23 19:05:05.769749,330.19308002305576,33.074575900993686
4813a267,1,542cbb30,33e748b3,2026-05-23 19:05:05.769776,305.68155743926036,43.83503927497923
ceb30dbc,1,ffa0fe42,4e650515,2026-05-23 19:05:05.769804,32.53676056363986,46.387135569232356
c701b58a,1,543b3a32,586281b8,2026-05-23 19:05:05.769832,467.927917424176,29.75036731020294
305fe0ba,1,a5c4c351,3b2bdf38,2026-05-23 19:05:05.769859,304.69554766395936,16.198735307173525
f47246b0,1,428e3978,bd830d4e,2026-05-23 19:05:05.769887,347.90071305696256,27.03811632774831
f47246b0,2,e8a04814,30eaa364,2026-05-23 19:05:05.769909,480.30986316425896,20.107850324460053
f47246b0,3,e91e0df6,15627973,2026-05-23 19:05:05.769931,374.0993928868296,22.762212366133543
963abcba,1,cddc7b75,4e650515,2026-05-23 19:05:05.769959,299.39894631840485,37.23852282617545
920cc397,1,33245b0c,ce20adb3,2026-05-23 19:05:05.769987,497.7980977377442,48.53281943204019
43e8f0dd,1,f5153864,63b5cfb8,2026-05-23 19:05:05.770015,296.0195663436446,21.55047032955736
43e8f0dd,2,4c8b7456,bd830d4e,2026-05-23 19:05:05.770042,468.1878886806827,48.14895138415604
93188792,1,a1ff7480,ea1be9b6,2026-05-23 19:05:05.770071,406.5294471969621,36.61286300389941
16149044,1,819f6726,9b360271,2026-05-23 19:05:05.770099,299.5911622677787,21.910144027127185
16149044,2,39cdb41d,a9b0059e,2026-05-23 19:05:05.770121,46.660226644161966,11.828791324179257
9973fa64,1,97a673c8,16597aea,2026-05-23 19:05:05.770149,213.71701658976855,6.182397194024015
ebd7665d,1,0d4ffb87,2b1a9a37,2026-05-23 19:05:05.770185,283.574346915842,6.677856768738006
9248b6f2,1,f0578d49,894b8626,2026-05-23 19:05:05.770216,257.3683139236949,12.146586279008933
9a5c1db7,1,77bc82f2,62cdfa79,2026-05-23 19:05:05.770245,242.78997085540902,38.47591756253816
359c1e03,1,58e40345,a9b0059e,2026-05-23 19:05:05.770273,434.09293738731685,17.140001280047862
ceea405c,1,ea7a8b41,63b5cfb8,2026-05-23 19:05:05.770302,33.18388425951112,22.634298021219372
cc9a74f0,1,78db85d2,fb7e1c47,2026-05-23 19:05:05.770330,435.88704606534696,35.23408629229822
dcbba0ff,1,0b7ac9e0,15627973,2026-05-23 19:05:05.770358,379.77073689642407,48.873174019213046
aeb9be3f,1,26c3d826,15627973,2026-05-23 19:05:05.770386,388.95997237699316,33.75900407562049
160a8cf1,1,f0fa7368,0cd9ed1f,2026-05-23 19:05:05.770416,275.2864526029187,6.720952566510757
160a8cf1,2,b4ae0a98,da9dd43e,2026-05-23 19:05:05.770438,145.89574970021562,49.02894834324204
1781a433,1,173de56d,5e6a3159,2026-05-23 19:05:05.770466,252.62030436162405,34.722503454638975
5c3ed871,1,982d53cd,3b78784c,2026-05-23 19:05:05.770495,497.1683667729568,22.040412275210137
581716b5,1,542cbb30,1b864e2e,2026-05-23 19:05:05.770523,172.38234396010802,22.618573085110345
28cdd8e2,1,0b7e335b,30eaa364,2026-05-23 19:05:05.770554,339.9107105760916,24.428006788115184
81a4b142,1,cabc28d5,bd830d4e,2026-05-23 19:05:05.770586,249.14552161168436,46.53194705109403
c192cf8e,1,85e2c5d9,ac8fa3d8,2026-05-23 19:05:05.770614,439.30966622652164,25.79970327914928
25959d43,1,1ce90747,9644a854,2026-05-23 19:05:05.770642,134.29961789952847,29.4191843316671
2b304556,1,f6143d5b,9b360271,2026-05-23 19:05:05.770676,388.9467590572331,46.51606386924864
aafed61a,1,0840b2f6,2e90d858,2026-05-23 19:05:05.770706,232.70107666250087,9.015263510508863
e27eca9c,1,c898aa01,ce20adb3,2026-05-23 19:05:05.770746,57.97827309316375,32.27981565552134
780c6d80,1,ac9d25dc,9bfa8093,2026-05-23 19:05:05.770780,279.98994696018383,18.677943500368052
19103bed,1,5b037f38,bf313c0e,2026-05-23 19:05:05.770808,195.03317314182428,33.85733085228829
55e70f31,1,2e74541a,15627973,2026-05-23 19:05:05.770836,308.5908390148269,19.343043729448645
ea3936c5,1,07d31f08,aa58e7b1,2026-05-23 19:05:05.770863,361.7442085789905,12.257849077234427
6b706abd,1,0de23cb0,fb7e1c47,2026-05-23 19:05:05.770892,311.4042739090131,28.896066243357087
6b706abd,2,ecf80d71,9bfa8093,2026-05-23 19:05:05.770914,47.79685898038613,49.81664385927294
6b706abd,3,cec4fb47,5e02fca9,2026-05-23 19:05:05.770936,469.37924817210035,32.35793119842107
9ef7c6ba,1,d3c419f1,c739947b,2026-05-23 19:05:05.770964,125.6862822162334,38.213635151346026
53783b2d,1,42220161,97b111d7,2026-05-23 19:05:05.770998,359.0697951701495,19.18875751305938
16b6bc6f,1,4555ffbd,b40b18bf,2026-05-23 19:05:05.771026,143.71299820464088,35.3206951134249
16b6bc6f,2,a4ec77b1,2e90d858,2026-05-23 19:05:05.771048,476.32847150111564,8.297322049806509
72c05ca7,1,864efcb0,45460435,2026-05-23 19:05:05.771076,168.9185786433535,39.55158333304192
4bc68ebe,1,b1e2187e,07a21a6e,2026-05-23 19:05:05.771104,217.93698839164944,22.639888943167666
8bcc4575,1,a8759dc8,ac8fa3d8,2026-05-23 19:05:05.771132,439.24805024621094,32.97973612822134
8bcc4575,2,798444b8,ac8fa3d8,2026-05-23 19:05:05.771154,36.94529799726381,35.67076494686017
42393f18,1,e2d2b752,3b2bdf38,2026-05-23 19:05:05.771182,32.14931775025544,12.600734681595778
42393f18,2,646e5c19,bf313c0e,2026-05-23 19:05:05.771204,113.02062217224329,29.233036562183347
42393f18,3,58e40345,99c13bee,2026-05-23 19:05:05.771226,211.90227653728172,14.7218724445804
ac79a2e6,1,2bc19be5,3a9e1e22,2026-05-23 19:05:05.771263,197.07011444776847,41.12608359573388
79346636,1,190fd57b,f3ab5934,2026-05-23 19:05:05.771291,406.1565804908335,40.88362073314009
aab1b964,1,b33edcc7,67491841,2026-05-23 19:05:05.771318,57.09225955312139,46.582916705114606
881177d0,1,21061182,9b360271,2026-05-23 19:05:05.771346,55.49821075833382,20.453334815167544
b0e7ef8a,1,b4305394,0cd9ed1f,2026-05-23 19:05:05.771374,371.8144043755369,27.938821304326055
3ddd0acd,1,b2673a73,0cd9ed1f,2026-05-23 19:05:05.771402,121.06733620689747,36.72210466878785
3ddd0acd,2,39cdb41d,9b360271,2026-05-23 19:05:05.771424,102.36918661552326,40.66005371492875
3ddd0acd,3,a1ff7480,b4998c55,2026-05-23 19:05:05.771446,379.48002655230556,14.301082818068036
dc670358,1,f035dd6e,ce20adb3,2026-05-23 19:05:05.771474,379.8677520392463,42.86477206112067
dc670358,2,3eb38518,95784c07,2026-05-23 19:05:05.771496,52.65524529516172,31.925785017901326
0b8c9c2a,1,49052402,aa58e7b1,2026-05-23 19:05:05.771524,468.66001564899835,36.14457201324484
031f2388,1,a4d92353,ce20adb3,2026-05-23 19:05:05.771552,152.23622452246155,37.536497277064164
b744c9ea,1,428e3978,fb7e1c47,2026-05-23 19:05:05.771580,280.5278519320288,37.43381822936422
b642b816,1,b87fd63c,97b111d7,2026-05-23 19:05:05.771609,474.57279552887695,38.4118793204986
75b5e487,1,9b481bfa,1b864e2e,2026-05-23 19:05:05.771637,398.61752793207916,16.72522223710501
a1e616c1,1,fd399d3f,45460435,2026-05-23 19:05:05.771665,53.21126655142532,46.91270448909083
5e6801c4,1,804a783b,b40b18bf,2026-05-23 19:05:05.771692,186.90646903689296,22.79360706765381
620b880f,1,15719040,180aa0cd,2026-05-23 19:05:05.771721,431.105147240412,19.012461052067025
620b880f,2,c92bce8f,3b2bdf38,2026-05-23 19:05:05.771743,354.3991425643924,45.26283923008376
a1040a87,1,b1eadd47,08d65812,2026-05-23 19:05:05.771779,85.96056648530974,14.882774965899353
816eac61,1,898892b7,894b8626,2026-05-23 19:05:05.771807,275.7474307428052,40.35351081261881
4cb2cda3,1,03715a61,3d8cbaaa,2026-05-23 19:05:05.771840,168.41810426763018,10.460027769061364
3097ebb1,1,f2d5a45e,66e13682,2026-05-23 19:05:05.771869,383.7433535410952,12.267164515763692
24d879e7,1,7b66be87,9ea3a409,2026-05-23 19:05:05.771896,222.79153798987585,27.36054366664185
4e5b2bca,1,b7f8c26d,7ed1bfe7,2026-05-23 19:05:05.771924,294.374680572786,34.798690563262404
368253ba,1,742b6473,bd830d4e,2026-05-23 19:05:05.771952,361.15618476110274,25.929554502263105
0c4ff26f,1,1cd11889,249a652c,2026-05-23 19:05:05.771980,494.6321029796316,14.748599875758169
2995d817,1,d9027657,3d8cbaaa,2026-05-23 19:05:05.772008,235.00316597955094,45.19234135008063
2995d817,2,89cf41e1,9b360271,2026-05-23 19:05:05.772030,150.87524357556572,21.12675221982597
9d484ea0,1,15719040,a9b0059e,2026-05-23 19:05:05.772058,158.25377326938903,48.29791658412216
9d484ea0,2,4c8b7456,586281b8,2026-05-23 19:05:05.772080,312.96186127385056,24.25623890918528
eb8cd663,1,63d73ef7,67491841,2026-05-23 19:05:05.772108,143.42638658272793,12.514869180142336
f918f0ac,1,7b3bc82e,30eaa364,2026-05-23 19:05:05.772136,401.16989409689603,36.466829590853145
f011e38a,1,33003285,97b111d7,2026-05-23 19:05:05.772164,110.48806615377478,20.770235082288497
079e48bd,1,e91e0df6,45460435,2026-05-23 19:05:05.772191,101.84297839892173,44.44588148455919
4fd335d0,1,6dc89fae,180aa0cd,2026-05-23 19:05:05.772219,432.1992760776564,48.79403280463207
a5a1ba49,1,1ca8e41b,aa58e7b1,2026-05-23 19:05:05.772247,375.55373399496875,13.469082145245777
ed657dc0,1,c3e52a1d,aa58e7b1,2026-05-23 19:05:05.772275,288.763184114605,34.24067781524028
6a9e58f7,1,173de56d,16597aea,2026-05-23 19:05:05.772303,286.5168022705757,20.150826167082187
6a9e58f7,2,f8c6bac7,99c13bee,2026-05-23 19:05:05.772325,313.6875841596214,7.528502671143039
11d48d38,1,0704e62f,33e748b3,2026-05-23 19:05:05.772353,184.86646789118583,23.594826485058256
343cedad,1,ae2bd5d6,4e650515,2026-05-23 19:05:05.772380,180.47813781624814,5.098405825981183
b98908c7,1,f66f78b7,16597aea,2026-05-23 19:05:05.772408,316.9349989343206,18.053279756966194
9440a501,1,5e5d06a2,bf313c0e,2026-05-23 19:05:05.772436,26.663946335335993,7.911463580529285
ae664c6e,1,8f86fffc,110c0782,2026-05-23 19:05:05.772464,369.84158157438856,36.6490964201952
07154b1b,1,b15e075c,3d8cbaaa,2026-05-23 19:05:05.772492,282.0690229009234,26.15511990028488
31839cce,1,4f66b683,33e748b3,2026-05-23 19:05:05.772520,179.6239829974917,5.132968811403372
b96c3f82,1,a4cc70ff,4e650515,2026-05-23 19:05:05.772547,272.5329066587667,22.093998203687892
2efb2fb1,1,874bac3e,33e748b3,2026-05-23 19:05:05.772586,86.74380510218575,13.709999672813943
2efb2fb1,2,3bb56b00,4e650515,2026-05-23 19:05:05.772608,148.7739242482066,18.71269716780695
cd0eb920,1,982d53cd,99c13bee,2026-05-23 19:05:05.772638,43.788041458525164,26.253425069121047
28386084,1,7ed1283e,97b111d7,2026-05-23 19:05:05.772666,412.0056447496186,13.804365605989451
28386084,2,26e8d692,0cd9ed1f,2026-05-23 19:05:05.772688,375.6004417503175,10.148474344377309
28386084,3,0b95b346,66e13682,2026-05-23 19:05:05.772710,252.6338185787217,16.797206728309032
97ef732f,1,1efe4014,30eaa364,2026-05-23 19:05:05.772738,325.1451851409467,21.229738554382486
49f35f0d,1,531f5fa7,3b78784c,2026-05-23 19:05:05.772766,404.7323417147973,34.06705251958482
f176f411,1,0477d12a,ea1be9b6,2026-05-23 19:05:05.772794,219.85975355236684,12.942371608147006
45ac69e9,1,089642f6,ce20adb3,2026-05-23 19:05:05.772833,64.03505640041622,34.820296965955414
39b5ffca,1,7f0881df,ce20adb3,2026-05-23 19:05:05.772861,384.4224021443945,31.363362047109156
39b5ffca,2,e56f8c87,62cdfa79,2026-05-23 19:05:05.772883,185.10887973900464,47.57564314080487
f7db9906,1,f1803c5b,2e90d858,2026-05-23 19:05:05.772912,56.32223775406152,44.401359323997696
26a12404,1,b4305394,30eaa364,2026-05-23 19:05:05.772940,57.799798116969114,32.89348948284721
14fdce28,1,d3487b0c,ea1be9b6,2026-05-23 19:05:05.772968,166.8935093257458,47.24743234806934
9195ea9b,1,83cfeab2,9bfa8093,2026-05-23 19:05:05.772996,28.398989824443124,18.243992370725266
b2736595,1,f66f78b7,a9b0059e,2026-05-23 19:05:05.773023,405.9717477144785,45.949554354955616
55d1cf7e,1,8690917d,fb7e1c47,2026-05-23 19:05:05.773051,369.2809899776539,29.19901319431306
da27aaf0,1,ecf80d71,97b111d7,2026-05-23 19:05:05.773083,450.8500548497891,14.100229493272574
da27aaf0,2,ca3f9970,dc8f6fd7,2026-05-23 19:05:05.773105,452.4814168274951,22.906091790538117
da27aaf0,3,6da265a9,95784c07,2026-05-23 19:05:05.773127,349.73149754027605,39.30605565896574
7e26e56c,1,e2f99ef5,9b360271,2026-05-23 19:05:05.773155,255.1643092392148,36.05602632678062
1c334165,1,45326e3f,3a9e1e22,2026-05-23 19:05:05.773183,94.75787275908263,37.60491280284607
35343375,1,ea1f8042,c739947b,2026-05-23 19:05:05.773210,460.68012581688106,30.84601292870441
3594b69d,1,0de23cb0,08d65812,2026-05-23 19:05:05.773238,325.58067638580644,17.903424757313548
3594b69d,2,84f6f25e,63b5cfb8,2026-05-23 19:05:05.773260,495.533750977486,12.930446725314528
74d7260f,1,7ed1283e,3d8cbaaa,2026-05-23 19:05:05.773288,405.0737529793041,49.00234389709757
3d7f2ec1,1,543b3a32,110c0782,2026-05-23 19:05:05.773316,235.38271764483468,31.628634416306888
ba6a5932,1,f0578d49,f3ab5934,2026-05-23 19:05:05.773344,357.6010221082089,35.08428980996354
a4a0c044,1,d2c057d7,67491841,2026-05-23 19:05:05.773380,62.3878606101178,31.19630628477385
ac4ef416,1,26c3d826,aa58e7b1,2026-05-23 19:05:05.773408,411.3988659792079,22.181755463273745
1dec48b4,1,526da5b1,dc8f6fd7,2026-05-23 19:05:05.773436,34.83489239382996,24.90763199478592
43cdb534,1,9fc805ba,bd830d4e,2026-05-23 19:05:05.773464,29.853644992363986,24.001359076835218
ec2938bb,1,06c13985,bf313c0e,2026-05-23 19:05:05.773492,146.95783923886648,49.93027931333753
6b5fe770,1,f5153864,4e650515,2026-05-23 19:05:05.773520,31.819429973567228,32.607957906991984
fb5bc783,1,ba991e10,63b5cfb8,2026-05-23 19:05:05.773548,439.8287017663847,42.78454279566053
8de7f0a2,1,46c15051,67491841,2026-05-23 19:05:05.773581,239.05178630560047,49.43421181419075
4ab9c3aa,1,f8c6bac7,9ea3a409,2026-05-23 19:05:05.773609,484.82639380773475,21.62255968618973
c620c4f4,1,1e866d17,249a652c,2026-05-23 19:05:05.773637,401.8909035725194,43.56485718967201
4418e16b,1,03f01a23,1b864e2e,2026-05-23 19:05:05.773666,299.08334830703063,45.58849005612928
4418e16b,2,b61b8324,9ea3a409,2026-05-23 19:05:05.773688,157.21986573961874,14.565392491099999
0bd715ff,1,b4ae0a98,67491841,2026-05-23 19:05:05.773716,213.26933954725308,37.580041629652335
f895a06d,1,75fd4c10,249a652c,2026-05-23 19:05:05.773744,446.2981580836155,48.08088274320948
09eb029d,1,91fb2ced,67491841,2026-05-23 19:05:05.773773,291.3873513511716,6.1781351856737485
33b6bc76,1,0704e62f,9b360271,2026-05-23 19:05:05.773801,171.87637247850643,18.21120486061509
33b6bc76,2,6b99e29d,894b8626,2026-05-23 19:05:05.773823,300.47787708899546,13.452915975027802
abe8001a,1,d45a0f2d,9644a854,2026-05-23 19:05:05.773851,162.87427221250385,27.91744576576581
9d86f624,1,0d5d2bc4,3b78784c,2026-05-23 19:05:05.773879,206.35796944354144,37.943477137760304
2d450640,1,b2ed138c,bd830d4e,2026-05-23 19:05:05.773907,341.3563213598356,27.831666654708716
a307270c,1,9b028803,aa58e7b1,2026-05-23 19:05:05.773935,290.3245855160479,30.100094367378603
a307270c,2,874bac3e,9644a854,2026-05-23 19:05:05.773957,461.69524041849525,45.316784528174196
a307270c,3,742b6473,4e650515,2026-05-23 19:05:05.773979,122.62004627101163,17.081316906140202
354dd928,1,c2a7af2a,1b864e2e,2026-05-23 19:05:05.774007,104.27850470447397,25.62161117718188
354dd928,2,ebf07848,180aa0cd,2026-05-23 19:05:05.774029,371.4803751202863,47.04285851367562
df54eda1,1,0d4ffb87,110c0782,2026-05-23 19:05:05.774057,418.3615058840279,36.16564586156465
df54eda1,2,e56f8c87,30eaa364,2026-05-23 19:05:05.774079,373.2253485484649,15.325909183266713
2ff02a85,1,479b7a62,1b864e2e,2026-05-23 19:05:05.774107,408.1339644173899,46.68351433743287
466556cb,1,f8c6bac7,2e90d858,2026-05-23 19:05:05.774135,114.1643897044827,38.347257371515674
466556cb,2,63728634,16597aea,2026-05-23 19:05:05.774157,382.3429928521433,34.681836259986696
466556cb,3,4a16a9b2,0cd9ed1f,2026-05-23 19:05:05.774179,54.09344011515753,46.47231469988515
194b779b,1,dd5cf2a0,30eaa364,2026-05-23 19:05:05.774207,473.79391608890313,18.800197425065704
598d65f2,1,4c492c77,ac8fa3d8,2026-05-23 19:05:05.774234,215.2089206623564,45.016971481112826
18d4317f,1,1792827c,3b78784c,2026-05-23 19:05:05.774262,274.6084062986144,30.98477146465167
97109b28,1,aea8df35,bd830d4e,2026-05-23 19:05:05.774290,448.65566772727686,19.39865947610403
97109b28,2,9cd99410,aa58e7b1,2026-05-23 19:05:05.774312,344.1299243774109,44.8477488360567
97109b28,3,2e74541a,2e90d858,2026-05-23 19:05:05.774336,94.62123372811179,13.716390490010813
1f449d7c,1,190fd57b,08d65812,2026-05-23 19:05:05.774364,231.35944800788272,44.412632401046196
9e9bbaaa,1,4d2c57f6,180aa0cd,2026-05-23 19:05:05.774392,42.379120418991135,47.49614411997796
9e9bbaaa,2,0f022a88,ea1be9b6,2026-05-23 19:05:05.774414,234.65838710426692,18.37985502964318
9e9bbaaa,3,c36c1712,a9b0059e,2026-05-23 19:05:05.774436,351.97154645622,15.576788009276488
6071ddf0,1,3517bafa,ea1be9b6,2026-05-23 19:05:05.774464,378.6859558566785,36.07621818386837
db04a8ec,1,7122197c,4e650515,2026-05-23 19:05:05.774492,66.8688757163739,48.73985401745129
a5d9e84b,1,2deb52f2,ea1be9b6,2026-05-23 19:05:05.774520,269.05440454691916,27.845793701845096
a5d9e84b,2,6a6d679d,3b78784c,2026-05-23 19:05:05.774542,384.62523717238207,34.622868367278215
0fc0fe3b,1,8892d1d2,586281b8,2026-05-23 19:05:05.774578,309.92132519251004,49.674080271427385
0fc0fe3b,2,c2a7af2a,ea1be9b6,2026-05-23 19:05:05.774600,185.27164253898744,12.024528317070825
9db81371,1,97a673c8,08d65812,2026-05-23 19:05:05.774628,20.997649667498628,48.985249380943316
50d43c76,1,2bc19be5,2b1a9a37,2026-05-23 19:05:05.774656,299.16113964408584,25.8603995858886
39cb1273,1,176a9f25,45460435,2026-05-23 19:05:05.774683,357.7391287549481,10.60720180401557
2401e29c,1,23e40a8f,9644a854,2026-05-23 19:05:05.774720,463.1354923776131,44.311372731308325
bee6f3d8,1,26e8d692,249a652c,2026-05-23 19:05:05.774748,465.0419863267328,35.764804512158264
bee6f3d8,2,a4d8f4ec,a9b0059e,2026-05-23 19:05:05.774770,38.987916399387345,24.334087335839218
ca23b32b,1,f8c6bac7,bd830d4e,2026-05-23 19:05:05.774798,444.63062449558214,15.564803197329784
ca23b32b,2,0d4f14be,63b5cfb8,2026-05-23 19:05:05.774820,385.4174180161875,33.17757749106588
f74ea28a,1,dbf83b6b,16597aea,2026-05-23 19:05:05.774848,385.1576995534928,33.73242842189092
a00ecd04,1,dc1f3972,30eaa364,2026-05-23 19:05:05.774875,112.39884863374652,16.88864827093149
a00ecd04,2,06108e89,45460435,2026-05-23 19:05:05.774897,147.23268435886777,18.98392987776196
a00ecd04,3,89f60b65,07a21a6e,2026-05-23 19:05:05.774920,383.5295301949261,41.348049017195535
de33e938,1,0558b9dd,9bfa8093,2026-05-23 19:05:05.774956,421.00736789698243,36.29024432122055
de33e938,2,0d4f14be,249a652c,2026-05-23 19:05:05.774978,113.04991864905924,24.362216913608048
9533cf43,1,c92bce8f,9ea3a409,2026-05-23 19:05:05.775007,156.08697325966642,39.24649953893894
31b79072,1,7b66be87,3b2bdf38,2026-05-23 19:05:05.775036,313.6014593397887,23.324224474637973
b41523d7,1,f9a59579,5e6a3159,2026-05-23 19:05:05.775064,147.40267923063345,30.459143586601286
b41523d7,2,58808e79,2b1a9a37,2026-05-23 19:05:05.775086,355.2114456612658,31.410095255792978
d35cab7e,1,6dc89fae,aa58e7b1,2026-05-23 19:05:05.775114,200.19339902488855,13.638942871019644
6e83b15e,1,fa76f6ba,4e650515,2026-05-23 19:05:05.775142,494.6893434307069,26.64509809225212
6e83b15e,2,d4986c37,fb7e1c47,2026-05-23 19:05:05.775164,345.3528511546722,35.00317306012712
99dcfff2,1,9b028803,b40b18bf,2026-05-23 19:05:05.775192,412.28797097231785,36.000080302421004
746ae82e,1,e56f8c87,07a21a6e,2026-05-23 19:05:05.775220,449.7995325133644,16.90093501310575
bcd6c85f,1,ae2bd5d6,ce20adb3,2026-05-23 19:05:05.775263,51.02001124539967,40.12755335459438
338fed29,1,84329c95,c739947b,2026-05-23 19:05:05.775291,494.1414939300202,22.018417055142724
a8084307,1,507392e6,110c0782,2026-05-23 19:05:05.775320,26.398288194571222,30.57400698522067
7c58a323,1,173de56d,dc8f6fd7,2026-05-23 19:05:05.775358,99.64107313700583,8.450423692696193
ea73c10b,1,479b7a62,249a652c,2026-05-23 19:05:05.775390,175.0803600005038,39.7285381748649
ea73c10b,2,a1372f50,3a9e1e22,2026-05-23 19:05:05.775413,214.02381715762095,9.423734689610408
fcace159,1,8b9e19ff,62cdfa79,2026-05-23 19:05:05.775441,490.59539140560145,41.609385194980334
5fb32294,1,49052402,08d65812,2026-05-23 19:05:05.775470,85.63506045081354,37.07355088999888
22cbce4e,1,c87fb338,c739947b,2026-05-23 19:05:05.775498,275.2426860751467,22.213972352323214
9c1d6aa6,1,7f779927,3a9e1e22,2026-05-23 19:05:05.775526,323.7272166592206,37.70706464030284
3eddbdd6,1,428e3978,b4998c55,2026-05-23 19:05:05.775554,314.54252422749096,15.140279018955038
0d645a64,1,507392e6,bd830d4e,2026-05-23 19:05:05.775581,176.38477984776955,38.16638440479949
bd654709,1,eb1ad0e1,180aa0cd,2026-05-23 19:05:05.775609,24.633055661049745,19.443563281429345
6c3937f0,1,173de56d,f3ab5934,2026-05-23 19:05:05.775646,156.29843056902325,13.852208096947102
6c3937f0,2,19c33d19,f3ab5934,2026-05-23 19:05:05.775668,99.57176580172381,39.111408524494834
6c3937f0,3,3726cc61,9644a854,2026-05-23 19:05:05.775690,127.86835694550204,5.81993634232476
82d388d4,1,9196364e,aa58e7b1,2026-05-23 19:05:05.775718,253.03361500599556,20.69649040420446
3b173537,1,0840b2f6,c739947b,2026-05-23 19:05:05.775746,403.1422016456666,11.772647067778413
454caa94,1,6b99e29d,f3ab5934,2026-05-23 19:05:05.775774,435.1760642670771,15.084995198529061
82fdfa57,1,0c7d5c0d,1b864e2e,2026-05-23 19:05:05.775802,371.43434332720005,32.82450521630813
257a3ade,1,cabc28d5,110c0782,2026-05-23 19:05:05.775829,164.2847787508054,46.36631405035317
bcfe037d,1,20c82e51,5e6a3159,2026-05-23 19:05:05.775857,455.5725132278286,26.964926203498482
274a0d59,1,daca70db,3d8cbaaa,2026-05-23 19:05:05.775885,490.6935867390469,12.950132449625851
3b160b04,1,646e5c19,2b1a9a37,2026-05-23 19:05:05.775913,187.22407320733748,44.780396658894475
4d4e21cd,1,622da96f,da9dd43e,2026-05-23 19:05:05.775940,104.6465675255328,44.95084177620053
111a24f6,1,d6f5e7f4,894b8626,2026-05-23 19:05:05.775968,115.6137121893601,30.12306477163787
2e9ff67b,1,428e3978,9b360271,2026-05-23 19:05:05.775996,285.24414559280086,12.754875793154241
2e9ff67b,2,d6f5e7f4,62cdfa79,2026-05-23 19:05:05.776018,431.09961275950116,12.754794558542924
648e0061,1,9b481bfa,95784c07,2026-05-23 19:05:05.776046,186.50625572416612,39.333565173202025
648e0061,2,d45a0f2d,894b8626,2026-05-23 19:05:05.776068,363.1161659313332,6.418823708744036
e7fd26cc,1,1ce90747,110c0782,2026-05-23 19:05:05.776095,236.58585076305178,24.57985971611615
52887b8d,1,0840b2f6,1b864e2e,2026-05-23 19:05:05.776126,137.16346262029938,40.59730066868501
a8c56fee,1,35c5b2f8,ac8fa3d8,2026-05-23 19:05:05.776154,350.6394158604284,36.36704783898231
8b6db6fe,1,3c194590,3a9e1e22,2026-05-23 19:05:05.776181,326.6196139829095,31.421143530235938
6e125ba8,1,e01d6e05,da9dd43e,2026-05-23 19:05:05.776209,66.20119798529201,15.80461583041404
6e125ba8,2,4c8b7456,15bfe12f,2026-05-23 19:05:05.776231,371.27090441992544,10.273495292632266
1aa41a61,1,ca737cf4,45460435,2026-05-23 19:05:05.776259,470.5511600595715,12.871430764868736
ba0b4139,1,a1ff7480,b40b18bf,2026-05-23 19:05:05.776287,273.772471985264,20.80068822464418
ba1c272a,1,81766bcf,2b1a9a37,2026-05-23 19:05:05.776314,253.51718286908343,14.124833544927831
6cc058e7,1,e4ee2fad,9644a854,2026-05-23 19:05:05.776342,87.5065288348302,21.53248045709615
6cc058e7,2,14b98e41,16597aea,2026-05-23 19:05:05.776364,238.08253893033537,22.900812743198227
76905844,1,efaf5996,08d65812,2026-05-23 19:05:05.776400,246.2769627804521,16.79817606753206
58a0cbea,1,b15e075c,5e02fca9,2026-05-23 19:05:05.776427,102.25697171387299,16.620092685059387
2e685d20,1,1e9afbc6,bf313c0e,2026-05-23 19:05:05.776455,205.18295507295772,25.15476273155415
c91e53e6,1,369f091e,fb7e1c47,2026-05-23 19:05:05.776483,375.4889899277241,15.009316777272241
b81cd084,1,b1eadd47,16597aea,2026-05-23 19:05:05.776511,409.4789955284143,12.698137678202416
70373e5b,1,5e5d06a2,2e90d858,2026-05-23 19:05:05.776538,281.17024827006077,10.546478069115247
bfd4e93c,1,84b3928b,9bfa8093,2026-05-23 19:05:05.776566,403.11995988135436,12.0233214618374
7b3a7c89,1,526da5b1,2b1a9a37,2026-05-23 19:05:05.776594,165.90725115429169,49.00126656918223
7cb54765,1,cddc7b75,b4998c55,2026-05-23 19:05:05.776622,108.0148077928867,23.533452737329867
0f0c8f01,1,ea4a85f7,3b78784c,2026-05-23 19:05:05.776650,135.09043297470964,42.59285802490411
b411ea8e,1,af8f94ee,08d65812,2026-05-23 19:05:05.776678,381.6992626336783,43.5895644190754
b411ea8e,2,b064749a,249a652c,2026-05-23 19:05:05.776700,195.83955721474635,24.84352340207056
4c8972d9,1,964d9148,16597aea,2026-05-23 19:05:05.776728,180.54192050057313,12.235295131603282
b8dd61e5,1,76a498f4,67491841,2026-05-23 19:05:05.776755,154.06814112715495,48.45505372804821
7ac8c3ce,1,b80eb1a1,dc8f6fd7,2026-05-23 19:05:05.776783,52.945680135778765,11.307272613823512
a04d7ffd,1,a0a8781f,67491841,2026-05-23 19:05:05.776811,148.14979741981355,27.4241756713805
cd3ca334,1,e49271b4,894b8626,2026-05-23 19:05:05.776839,48.91731341227359,16.505819442406278
17bff8f1,1,742b6473,3b78784c,2026-05-23 19:05:05.776867,252.5918755232201,37.58290477217903
0db26522,1,0d4f14be,110c0782,2026-05-23 19:05:05.776895,272.5849714101167,24.551875088950002
fb528fb4,1,4555ffbd,fb7e1c47,2026-05-23 19:05:05.776923,481.8225565829386,23.991510066622087
fd897fb2,1,1c88cf70,30eaa364,2026-05-23 19:05:05.776950,447.3819606496392,46.810462435831845
ca04b90c,1,a80408ce,0cd9ed1f,2026-05-23 19:05:05.776994,452.1073669538908,6.078004852776838
ca04b90c,2,1bff1a8c,67491841,2026-05-23 19:05:05.777016,260.2993539686694,42.530094546185246
0e2d8046,1,0f4d7fa4,180aa0cd,2026-05-23 19:05:05.777044,436.59245578753985,26.423191422172657
ed0a6acc,1,190fd57b,99c13bee,2026-05-23 19:05:05.777072,233.38228292025863,6.35597036913385
5c9c116d,1,f035dd6e,b4998c55,2026-05-23 19:05:05.777100,60.29074893831813,28.968198998349223
5c9c116d,2,a7664c7d,3d8cbaaa,2026-05-23 19:05:05.777122,184.41645663818147,25.28150276189681
114654b9,1,e4ee2fad,ce20adb3,2026-05-23 19:05:05.777150,29.002836529994376,31.991045990639034
7658bad8,1,e49271b4,c739947b,2026-05-23 19:05:05.777178,308.0031237097682,36.864104032047734
b0d49fef,1,d6f5e7f4,b40b18bf,2026-05-23 19:05:05.777211,251.78008592242801,19.50129677466254
0d2a3ef3,1,0d4ffb87,ce20adb3,2026-05-23 19:05:05.777239,430.9273440889359,31.959097120624588
b67fbc65,1,7b66be87,ea1be9b6,2026-05-23 19:05:05.777267,352.60550512488874,43.39930403041129
191c9b61,1,34384d23,33e748b3,2026-05-23 19:05:05.777295,71.22098192162383,43.618889767659226
af1e0644,1,23a926d8,99c13bee,2026-05-23 19:05:05.777323,109.7502483163605,38.01419100209352
b5fded8f,1,22b3d235,95784c07,2026-05-23 19:05:05.777350,325.18300401140596,22.850178041204302
498e696c,1,f5153864,b4998c55,2026-05-23 19:05:05.777378,151.48988409063156,7.930994656636995
08b31eb6,1,84db25bf,5e02fca9,2026-05-23 19:05:05.777406,201.65599175253385,14.39052224810057
e8759f24,1,09e1dc5f,2b1a9a37,2026-05-23 19:05:05.777434,169.4766938909661,49.54138597884804
e8759f24,2,dee1e0c5,5e02fca9,2026-05-23 19:05:05.777456,364.4425106360302,39.24875256492925
e5de2894,1,e384dc23,894b8626,2026-05-23 19:05:05.777484,233.08831696144975,44.188180494673944
955a44d2,1,0f4d7fa4,3b78784c,2026-05-23 19:05:05.777512,422.1125242999698,39.690418970368
47008606,1,a5f865e2,9644a854,2026-05-23 19:05:05.777540,171.0584682495272,43.139000401676675
7d9dd332,1,06c13985,180aa0cd,2026-05-23 19:05:05.777568,378.43320316213675,44.31240101334598
7d9dd332,2,73bdc762,3b78784c,2026-05-23 19:05:05.777590,254.86580795649314,47.17907102292845
d1c81135,1,385cae5b,a9b0059e,2026-05-23 19:05:05.777618,193.95688410024934,44.79352621388029
26c57596,1,ba4ae1ef,08d65812,2026-05-23 19:05:05.777645,245.5244874198006,47.37520349270814
740e5720,1,5b037f38,aa58e7b1,2026-05-23 19:05:05.777673,79.82422971349854,31.01627038820851
fb41d5b0,1,abb42609,ce20adb3,2026-05-23 19:05:05.777702,427.92229268804147,21.89816522898975
f6ad007d,1,cdc4c018,15bfe12f,2026-05-23 19:05:05.777730,254.55328565598376,5.734633895064537
a16f07a8,1,b2e5ceac,9ea3a409,2026-05-23 19:05:05.777757,367.7416469245489,7.919905792150928
a16f07a8,2,0010c2fe,b40b18bf,2026-05-23 19:05:05.777780,211.15905704176998,13.876655453781376
74d03edc,1,c2a7af2a,07a21a6e,2026-05-23 19:05:05.777808,134.62698913261636,48.878200017439305
153b5dd1,1,c1997843,33e748b3,2026-05-23 19:05:05.777836,239.83718326360014,7.790432871492833
976c6e83,1,76a498f4,aa58e7b1,2026-05-23 19:05:05.777863,376.2251183797849,28.516629033991812
5a758a23,1,df410c8f,66e13682,2026-05-23 19:05:05.777891,113.10766980186605,23.072075685432807
5a758a23,2,7b72f050,da9dd43e,2026-05-23 19:05:05.777915,84.0433538100423,37.04573095804452
11cbc2e9,1,e4ee2fad,62cdfa79,2026-05-23 19:05:05.777943,371.44845597084276,17.475571947278606
57444785,1,63d73ef7,9644a854,2026-05-23 19:05:05.777970,66.38191108081337,42.48743365378657
fdc4889b,1,526da5b1,3b78784c,2026-05-23 19:05:05.777998,497.87115289127155,26.3913100419792
99b390b6,1,f8c6bac7,bf313c0e,2026-05-23 19:05:05.778026,48.98058376927061,39.518703544840704
7092f7f3,1,543b3a32,9b360271,2026-05-23 19:05:05.778054,362.57409623145037,18.911148863636036
c03b351d,1,e33d6924,0cd9ed1f,2026-05-23 19:05:05.778082,180.39331024628962,27.024331799253186
239d7ff1,1,d218870d,9bfa8093,2026-05-23 19:05:05.778109,55.05934612405957,6.356913122610704
b1469a19,1,23a926d8,9b360271,2026-05-23 19:05:05.778137,42.39895350969043,27.293696304892723
6a23852e,1,796f07a5,45460435,2026-05-23 19:05:05.778165,304.61109149331736,46.441712979669404
6cf4d726,1,874bac3e,f3ab5934,2026-05-23 19:05:05.778192,374.5408832574073,21.894317531440734
ba20766d,1,f6143d5b,ea1be9b6,2026-05-23 19:05:05.778220,58.09453291477253,46.980830297095885
fcdcaa76,1,742b6473,9644a854,2026-05-23 19:05:05.778248,291.8242241033142,27.961270631312104
a8067fde,1,dbf83b6b,f3ab5934,2026-05-23 19:05:05.778275,202.09888118313046,7.863608379919668
178faa1e,1,3517bafa,9b360271,2026-05-23 19:05:05.778303,345.1612240777017,39.38831071327642
4f937e69,1,cddc7b75,9ea3a409,2026-05-23 19:05:05.778331,352.30460883899013,34.50913425078806
4f937e69,2,531f5fa7,249a652c,2026-05-23 19:05:05.778353,182.15656355158436,27.677592821369505
6c5decf4,1,eed96f09,4e650515,2026-05-23 19:05:05.778381,191.15798443630433,5.60837162184855
d158b7b1,1,26c3d826,dc8f6fd7,2026-05-23 19:05:05.778408,218.93102776928453,41.15964099208704
0b6110cc,1,46aec63d,9b360271,2026-05-23 19:05:05.778436,302.67192356768993,36.47618465775916
0b6110cc,2,e08b6212,da9dd43e,2026-05-23 19:05:05.778458,275.7346516064406,5.476185166909741
845c4b05,1,6d25ee58,ac8fa3d8,2026-05-23 19:05:05.778486,72.04174390643097,44.1852537148452
b4d47335,1,a1ff7480,62cdfa79,2026-05-23 19:05:05.778531,218.31123499842045,25.028107454179565
428eaec5,1,c36c1712,07a21a6e,2026-05-23 19:05:05.778583,401.0666353222932,22.77610631120022
428eaec5,2,9a4b5684,16597aea,2026-05-23 19:05:05.778605,204.69454497224925,41.8768931070524
d5d4963c,1,5552af64,15bfe12f,2026-05-23 19:05:05.778633,236.3817344063165,48.94643741257327
d5d4963c,2,23a926d8,b40b18bf,2026-05-23 19:05:05.778655,123.51699990731399,17.6103039749329
cda0d4b7,1,004d4636,110c0782,2026-05-23 19:05:05.778683,172.1097440164755,29.146783420396254
a6ddd255,1,1719139b,2e90d858,2026-05-23 19:05:05.778711,176.17488515532108,15.676112168348617
a5a5c216,1,b7f8c26d,3d8cbaaa,2026-05-23 19:05:05.778739,414.5591073820139,11.739341778866063
a5a5c216,2,0b1f8d64,fb7e1c47,2026-05-23 19:05:05.778761,251.9003154214084,12.656002550081897
eaed92eb,1,2164f126,3d8cbaaa,2026-05-23 19:05:05.778793,107.49870125554145,45.90681177336743
22826057,1,e8a04814,7ed1bfe7,2026-05-23 19:05:05.778821,69.78848710563767,48.80563413749044
8746e31d,1,9b481bfa,ac8fa3d8,2026-05-23 19:05:05.778849,29.977064473650792,12.402895438661615
8746e31d,2,46aec63d,15627973,2026-05-23 19:05:05.778871,21.43301714674779,6.837822894223077
48a4ad4b,1,e34a8487,b4998c55,2026-05-23 19:05:05.778898,111.67076400997226,16.900982246597327
2bfb5f53,1,1bff1a8c,3b2bdf38,2026-05-23 19:05:05.778926,347.4236022108013,40.02027095591898
463cedf9,1,25e8e9d0,c739947b,2026-05-23 19:05:05.778954,44.03562580666383,41.890925250489204
166b8d22,1,7b3bc82e,16597aea,2026-05-23 19:05:05.778998,110.68141584218299,48.227019882908806
211761be,1,275bb310,180aa0cd,2026-05-23 19:05:05.779026,242.2264702909945,36.45279258663768
40f6d13d,1,531f5fa7,0cd9ed1f,2026-05-23 19:05:05.779054,474.88653661820786,8.667336440591939
f380aad1,1,74cee2e1,9b360271,2026-05-23 19:05:05.779082,267.48738420048096,42.80486055686188
f380aad1,2,6bbc7021,2b1a9a37,2026-05-23 19:05:05.779104,240.99577212068232,44.20730833876671
193f10a6,1,4dceac83,ce20adb3,2026-05-23 19:05:05.779132,180.68945207429414,48.66047103203299
bd96d038,1,b4305394,4e650515,2026-05-23 19:05:05.779160,483.8165247935305,38.4796879800104
356d2d1b,1,081be4d1,33e748b3,2026-05-23 19:05:05.779188,247.11050592884396,45.54729071093953
ea851f58,1,d3487b0c,9bfa8093,2026-05-23 19:05:05.779216,143.24095138477003,14.715574949948067
cfa8e681,1,239148df,ac8fa3d8,2026-05-23 19:05:05.779243,63.56441696787401,28.909590245374215
4d79fea6,1,2269c4dd,bd830d4e,2026-05-23 19:05:05.779271,330.8366809977935,11.090270790366109
87c0cc42,1,d06b3a63,5e02fca9,2026-05-23 19:05:05.779298,192.1513687021887,12.025037546677385
8b18e10b,1,7b72f050,dc8f6fd7,2026-05-23 19:05:05.779326,253.92818164086515,30.651990935859203
b324a67b,1,c1997843,30eaa364,2026-05-23 19:05:05.779355,73.26809579090201,28.47881322880168
e4325a42,1,272863cf,249a652c,2026-05-23 19:05:05.779389,397.2317867208848,14.95025598181765
e4325a42,2,ba991e10,dc8f6fd7,2026-05-23 19:05:05.779412,376.4966862703134,5.164381654337094
5c14e42a,1,fbb41c14,ea1be9b6,2026-05-23 19:05:05.779451,390.0847637801522,35.302611230920625
46420ce4,1,750350d8,bd830d4e,2026-05-23 19:05:05.779481,222.13354834637778,5.971302987029167
38a494ed,1,fd399d3f,9644a854,2026-05-23 19:05:05.779511,347.0692315575153,14.544890141334571
0b7cd337,1,0558b9dd,a9b0059e,2026-05-23 19:05:05.779539,252.22719933055916,6.486476427157179
ea40bbe8,1,d58037ff,b4998c55,2026-05-23 19:05:05.779567,49.5870532072564,33.81829849478692
ea40bbe8,2,89cf41e1,5e02fca9,2026-05-23 19:05:05.779589,448.2181446292144,8.763372995623804
662f1c2d,1,36e830ef,45460435,2026-05-23 19:05:05.779617,32.77939457430392,28.78891769968171
657286f9,1,58808e79,5e02fca9,2026-05-23 19:05:05.779645,461.7511441009295,17.35786875701584
fc7f461d,1,5a1c1530,3b78784c,2026-05-23 19:05:05.779673,387.67059796072743,5.47806887187166
0d7a9f51,1,33003285,9bfa8093,2026-05-23 19:05:05.779701,325.86456583096293,35.77014605760309
a6381d46,1,864efcb0,fb7e1c47,2026-05-23 19:05:05.779729,199.8306760346885,22.05936180593758
8b17b37a,1,8892d1d2,ce20adb3,2026-05-23 19:05:05.779770,277.9640544501205,41.83842039268456
8aafc1b0,1,089642f6,9bfa8093,2026-05-23 19:05:05.779798,306.15864519579173,49.27546456882501
8aafc1b0,2,ecf80d71,586281b8,2026-05-23 19:05:05.779820,350.31876805569914,43.76163417422724
9d1b666d,1,42220161,586281b8,2026-05-23 19:05:05.779848,134.92758374584557,43.82951953251352
9d1b666d,2,0704e62f,3d8cbaaa,2026-05-23 19:05:05.779870,323.2187785455186,43.69748637314727
3b4d4914,1,6096faed,97b111d7,2026-05-23 19:05:05.779897,42.72935440446042,40.17446903446403
3b4d4914,2,8f8402ce,ce20adb3,2026-05-23 19:05:05.779920,32.48420470922806,27.135044161166075
cfa32015,1,dd524de3,99c13bee,2026-05-23 19:05:05.779948,491.38747060804536,16.093946294611772
cfa32015,2,f9a59579,2b1a9a37,2026-05-23 19:05:05.779970,390.8716182832222,28.027118955324482
0b5a82bc,1,fdf27c4c,15627973,2026-05-23 19:05:05.779998,379.79985279315076,38.464481925167185
0b5a82bc,2,964d9148,15bfe12f,2026-05-23 19:05:05.780020,246.38816581569807,48.766444556444995
701d477a,1,a45374ef,97b111d7,2026-05-23 19:05:05.780048,262.5963337009167,29.968603607489936
8c652b13,1,e34a8487,180aa0cd,2026-05-23 19:05:05.780076,235.21075593758286,21.034171775001457
261a6351,1,84b3928b,9ea3a409,2026-05-23 19:05:05.780104,121.39419706749266,23.754274060033303
900ea366,1,81898926,9ea3a409,2026-05-23 19:05:05.780132,297.0089459079421,11.570242112546243
900ea366,2,97cfd068,110c0782,2026-05-23 19:05:05.780164,308.99672510603205,21.68472897221177
37d72e58,1,5602319e,16597aea,2026-05-23 19:05:05.780192,364.20522290383104,42.53511165252716
75dea473,1,b7ab2de3,08d65812,2026-05-23 19:05:05.780226,46.550231810681204,19.407952852603838
61f46684,1,8690917d,ce20adb3,2026-05-23 19:05:05.780256,347.922206204617,22.300031661946875
a7eff667,1,79a42933,97b111d7,2026-05-23 19:05:05.780291,180.28591702461463,43.7760453731597
0e705b9c,1,810bbb39,b40b18bf,2026-05-23 19:05:05.780323,355.5187429929211,31.00422932034064
2bdb56c5,1,de6426fe,07a21a6e,2026-05-23 19:05:05.780352,454.9558824212969,8.112451890399518
d68bc7c5,1,ca3f9970,99c13bee,2026-05-23 19:05:05.780382,409.0959108801468,32.63442091993825
c455c7cb,1,1792827c,fb7e1c47,2026-05-23 19:05:05.780411,454.75072597476753,8.02384783339012
c455c7cb,2,6dc89fae,aa58e7b1,2026-05-23 19:05:05.780435,94.9595586224018,11.542354883943434
e384bfb2,1,5e5d06a2,9644a854,2026-05-23 19:05:05.780464,396.4938981432602,45.42247737712383
88c6fb1d,1,cae0b89b,7ed1bfe7,2026-05-23 19:05:05.780500,90.23855862902265,44.47846311660193
182ba203,1,f5153864,a9b0059e,2026-05-23 19:05:05.780531,61.69854062135889,25.16149977981703
46207898,1,84329c95,586281b8,2026-05-23 19:05:05.780560,22.307869849789217,13.979973941179795
dabf142b,1,da6e8a9b,16597aea,2026-05-23 19:05:05.780595,357.74825693654634,18.868402948835634
dabf142b,2,a0f95b64,07a21a6e,2026-05-23 19:05:05.780626,485.64947830543116,5.909584488815882
210ecbe8,1,2deb52f2,16597aea,2026-05-23 19:05:05.780655,143.8350130253159,33.07191695533021
1cf24ee5,1,ad8d092f,bd830d4e,2026-05-23 19:05:05.780687,384.0164998680966,37.5683711448059
69048f9c,1,b70e06f1,3b2bdf38,2026-05-23 19:05:05.780723,141.88430141344432,20.240803231399877
69048f9c,2,239148df,9b360271,2026-05-23 19:05:05.780748,230.7109434261073,37.48965131724523
1c823814,1,eb354476,5e02fca9,2026-05-23 19:05:05.780777,209.0990452917367,46.03306919117482
1c823814,2,07d31f08,b40b18bf,2026-05-23 19:05:05.780802,343.1565380039152,7.578469860083803
929604dc,1,662fc2a5,f3ab5934,2026-05-23 19:05:05.780830,337.04319109091176,18.48321068650001
0d25f6ca,1,179bd7d2,ac8fa3d8,2026-05-23 19:05:05.780858,181.51812783336646,26.593930857265466
b2ab662d,1,ea4a85f7,62cdfa79,2026-05-23 19:05:05.780885,114.11906395224318,13.282180790791163
b73e5f78,1,43646648,ce20adb3,2026-05-23 19:05:05.780914,184.0297244473572,30.94530045737546
167555c4,1,6016ddc1,08d65812,2026-05-23 19:05:05.780941,434.1574928040851,14.027094435922862
4d83496f,1,c9faca17,c739947b,2026-05-23 19:05:05.780969,354.4658218495574,27.590044736202678
4d83496f,2,ea1f8042,3b2bdf38,2026-05-23 19:05:05.780992,439.13730354951474,36.93163087400723
4d83496f,3,c92bce8f,aa58e7b1,2026-05-23 19:05:05.781014,348.15932219928794,37.36679504021819
80d563c7,1,8b9e19ff,2b1a9a37,2026-05-23 19:05:05.781042,213.5109670214694,10.489579656494392
f9a8c09b,1,a4cc70ff,7ed1bfe7,2026-05-23 19:05:05.781070,393.0655646311783,39.57550426671886
2adc7bb5,1,bbe309dd,67491841,2026-05-23 19:05:05.781098,260.395199002058,15.955001944606137
666cd1fd,1,9571a4b9,08d65812,2026-05-23 19:05:05.781126,85.09546028921068,39.00148349623584
1d489830,1,b1c8aeb7,ea1be9b6,2026-05-23 19:05:05.781153,395.2983054795394,24.5766858373467
1b3f6101,1,b9745c32,95784c07,2026-05-23 19:05:05.781181,67.96938100628842,32.59516204255116
4dacd195,1,8cb7dee8,a9b0059e,2026-05-23 19:05:05.781209,62.50254995448488,31.468260162052346
2ae4a0b9,1,0b502c6a,da9dd43e,2026-05-23 19:05:05.781237,173.73418392113538,11.980613788663154
e073022f,1,9196364e,16597aea,2026-05-23 19:05:05.781264,290.4968020245653,37.35169376243501
5d3393e7,1,2c976d13,180aa0cd,2026-05-23 19:05:05.781292,473.73223369088333,44.69089727740547
6393ffa4,1,7ed1283e,97b111d7,2026-05-23 19:05:05.781320,324.97424911181974,11.162836342249172
24e7a63c,1,74cee2e1,99c13bee,2026-05-23 19:05:05.781348,84.84199925958578,31.411560640536972
664b52f2,1,b21e3120,1b864e2e,2026-05-23 19:05:05.781376,309.790460268076,48.88918926122798
27331968,1,d218870d,4e650515,2026-05-23 19:05:05.781404,151.5334190417214,13.300462782449776
5f664430,1,526da5b1,45460435,2026-05-23 19:05:05.781431,227.5851759800923,15.49910925997264
c29f95c2,1,677465c8,249a652c,2026-05-23 19:05:05.781459,223.84553902131466,10.816634483226421
eb947ece,1,5e5d06a2,586281b8,2026-05-23 19:05:05.781487,291.35648941247285,12.704784643210191
58e94342,1,ca3f9970,1b864e2e,2026-05-23 19:05:05.781515,402.77931444135504,21.416506218584217
833baef0,1,d53cabe3,a9b0059e,2026-05-23 19:05:05.781543,176.2626924322687,22.00128637084629
97495d30,1,eaf09bf2,16597aea,2026-05-23 19:05:05.781571,310.1937514226486,30.153989689904513
e90becea,1,7469ba11,30eaa364,2026-05-23 19:05:05.781599,151.69175786725634,37.8388077471807
96dde1c2,1,531f5fa7,ce20adb3,2026-05-23 19:05:05.781626,276.845368869176,23.94838635130438
6d00aa88,1,26c3d826,110c0782,2026-05-23 19:05:05.781654,484.43917130355754,41.48996863896884
39eede93,1,b81d663e,110c0782,2026-05-23 19:05:05.781682,465.9513727970996,14.34426276872759
47b0bd75,1,ea1f8042,45460435,2026-05-23 19:05:05.781710,293.7858650301123,26.816441874884127
47b0bd75,2,83cfeab2,99c13bee,2026-05-23 19:05:05.781732,52.472543014692675,13.799478059720855
eb4bcfbc,1,457cb1c2,16597aea,2026-05-23 19:05:05.781760,89.38317930716123,22.077153550332053
d9f47dab,1,479b7a62,5e6a3159,2026-05-23 19:05:05.781788,461.25365578978307,12.469060999373353
4cc70fd0,1,1ce90747,67491841,2026-05-23 19:05:05.781815,237.71000421185065,37.31470725051358
62baad1e,1,63d73ef7,5e6a3159,2026-05-23 19:05:05.781843,205.67751179687696,17.656886846998756
a170c4fe,1,c898aa01,97b111d7,2026-05-23 19:05:05.781871,177.89669831337852,33.03373269770123
787fff55,1,3517bafa,3a9e1e22,2026-05-23 19:05:05.781899,283.1778869865944,47.03207518169129
7679a198,1,b2e5ceac,586281b8,2026-05-23 19:05:05.781931,302.98854238799447,45.486503917051124
752c7e66,1,19014209,180aa0cd,2026-05-23 19:05:05.781959,84.1001637780412,44.77638743927645
53aa867c,1,0b502c6a,5e02fca9,2026-05-23 19:05:05.781987,175.87892551270673,11.571987008643164
bd73904e,1,bc10f1a6,2b1a9a37,2026-05-23 19:05:05.782015,377.74866803912244,34.044899120431445
0363bf51,1,03b8d8ba,62cdfa79,2026-05-23 19:05:05.782043,212.0023397229393,13.664045419907556
0363bf51,2,507392e6,3d8cbaaa,2026-05-23 19:05:05.782065,425.3967725660686,25.635338946532887
0363bf51,3,2ff7eef7,b40b18bf,2026-05-23 19:05:05.782087,332.0659576649046,48.591395153409934
53a73c83,1,03f01a23,5e02fca9,2026-05-23 19:05:05.782115,355.3446013861566,46.33801702999794
ffc56237,1,fe6d693f,1b864e2e,2026-05-23 19:05:05.782142,319.13172058225837,37.78470894702465
9641b499,1,343bb9d6,62cdfa79,2026-05-23 19:05:05.782170,265.56018828283226,45.423136434433346
9641b499,2,06c13985,2e90d858,2026-05-23 19:05:05.782192,151.65976864667354,10.022073189079338
9641b499,3,97a673c8,fb7e1c47,2026-05-23 19:05:05.782214,64.82724907281322,38.572290164745844
e920da8c,1,fa76f6ba,c739947b,2026-05-23 19:05:05.782242,140.27725440818867,12.20697209138186
e920da8c,2,ebf07848,16597aea,2026-05-23 19:05:05.782264,169.55196549496657,17.652689206154697
081144a0,1,f5040716,3d8cbaaa,2026-05-23 19:05:05.782292,369.2164058187084,44.80199139147687
0c5f2d2f,1,0b1f8d64,66e13682,2026-05-23 19:05:05.782320,346.28288515598814,37.800895466717826
9836a6df,1,179bd7d2,5e6a3159,2026-05-23 19:05:05.782348,256.1493363104996,25.649532997940433
cb6f0c61,1,343bb9d6,dc8f6fd7,2026-05-23 19:05:05.782376,244.4321839889381,23.80048874453516
73fe8ae5,1,9b028803,249a652c,2026-05-23 19:05:05.782403,190.31512302710365,18.2574785368193
73fe8ae5,2,a80408ce,b40b18bf,2026-05-23 19:05:05.782425,235.900613403477,14.790586677855694
295b8a61,1,190fd57b,ac8fa3d8,2026-05-23 19:05:05.782453,20.635341762533557,47.36434723616567
90d15f2b,1,23a926d8,bf313c0e,2026-05-23 19:05:05.782481,99.17942160524385,19.55020142337349
bab88cec,1,d58037ff,95784c07,2026-05-23 19:05:05.782511,167.76857065992377,48.092741699887505
dde67cf7,1,239148df,95784c07,2026-05-23 19:05:05.782539,175.34993064080788,22.143254264948936
5fe79701,1,b95f3fdf,249a652c,2026-05-23 19:05:05.782567,144.74805966805891,49.8771912901676
5035f8bd,1,526da5b1,30eaa364,2026-05-23 19:05:05.782596,448.35130144851684,31.409868485363393
5035f8bd,2,df410c8f,15bfe12f,2026-05-23 19:05:05.782617,186.15266286389485,6.157974173659611
b0927fa9,1,dee1e0c5,aa58e7b1,2026-05-23 19:05:05.782645,252.5113489597777,22.157991831885067
fa5d3400,1,6bbc7021,2e90d858,2026-05-23 19:05:05.782673,166.08295574514668,23.45701725086161
9894e3b9,1,f2d5a45e,3b2bdf38,2026-05-23 19:05:05.782701,41.37498831933675,22.454474531611897
c0d10c29,1,77bc82f2,2e90d858,2026-05-23 19:05:05.782728,231.71836956417175,8.060389447772852
c0d10c29,2,65b6ef7a,5e02fca9,2026-05-23 19:05:05.782750,469.47334379429793,18.122467844472958
b2f3ac33,1,6bbc7021,110c0782,2026-05-23 19:05:05.782778,64.74135687879786,47.76275520276952
3ee702f9,1,35e4cb32,110c0782,2026-05-23 19:05:05.782806,425.45341625391575,27.496141422852787
89015c20,1,ca737cf4,9644a854,2026-05-23 19:05:05.782845,175.44990394276317,19.493983561987733
929ce0ac,1,45326e3f,110c0782,2026-05-23 19:05:05.782873,26.719084565037612,21.44908117328337
a772c066,1,9cd99410,3b78784c,2026-05-23 19:05:05.782901,249.39496434733687,15.555890036042795
a4d2a0c2,1,d53cabe3,bf313c0e,2026-05-23 19:05:05.782929,386.251589638014,34.22977786986563
a4d2a0c2,2,8cb7dee8,16597aea,2026-05-23 19:05:05.782951,214.80084920751057,44.257211568823536
a4d2a0c2,3,55e6c6a5,45460435,2026-05-23 19:05:05.782973,200.17142683036437,20.941259220252096
7b625cf9,1,d108b3e1,45460435,2026-05-23 19:05:05.783001,77.56063410168758,7.930536473237918
298074c3,1,2434d7e9,894b8626,2026-05-23 19:05:05.783029,103.22829435531189,9.80596441476745
8edca20d,1,369f091e,a9b0059e,2026-05-23 19:05:05.783057,236.71264040036345,13.700754918788533
49def18b,1,98b1abf5,3b2bdf38,2026-05-23 19:05:05.783084,79.58069597796072,49.754969115380064
1bef0f9a,1,d4986c37,b4998c55,2026-05-23 19:05:05.783121,82.56786905917508,41.560486977183054
fd18d44a,1,84329c95,33e748b3,2026-05-23 19:05:05.783149,445.2162856493012,34.90044833887513
5e9a03f6,1,58e40345,586281b8,2026-05-23 19:05:05.783177,384.480336349559,16.4961152715677
040af677,1,874bac3e,9bfa8093,2026-05-23 19:05:05.783204,379.98447435245936,46.59439262350775
98b340f1,1,c898aa01,ac8fa3d8,2026-05-23 19:05:05.783233,310.09881166539407,43.50105954708926
5d649478,1,898892b7,2e90d858,2026-05-23 19:05:05.783260,353.734224843763,17.487379016409083
5d649478,2,8f8402ce,da9dd43e,2026-05-23 19:05:05.783282,198.54145835678395,11.449111529137852
09c7df6a,1,96de232f,5e6a3159,2026-05-23 19:05:05.783310,152.74736419477074,8.350191833252497
09c7df6a,2,b70e06f1,33e748b3,2026-05-23 19:05:05.783332,430.43435814747744,24.250848034066795
09c7df6a,3,479b7a62,9b360271,2026-05-23 19:05:05.783354,32.56055863879123,45.35778628166176
2cff6fe4,1,9b481bfa,15627973,2026-05-23 19:05:05.783382,482.65869988202877,26.05310521637552
8d962266,1,c9610a20,b40b18bf,2026-05-23 19:05:05.783418,144.9815622954302,8.313362269416967
8d962266,2,1b0c3530,99c13bee,2026-05-23 19:05:05.783440,350.5698952337823,48.95760507242756
69910960,1,cec4fb47,63b5cfb8,2026-05-23 19:05:05.783468,450.1506332303205,29.4433385617936
90bb93b9,1,c1997843,9b360271,2026-05-23 19:05:05.783497,295.6033789968516,39.133006227448206
4a313fb7,1,6a6d679d,9644a854,2026-05-23 19:05:05.783525,101.17518254233643,17.881238860284938
0f3d9368,1,ba991e10,08d65812,2026-05-23 19:05:05.783552,431.4008632303786,12.475913445829864
e52de65b,1,b4378c90,62cdfa79,2026-05-23 19:05:05.783580,223.41311349809368,6.585652694939583
e52de65b,2,14ce9de4,62cdfa79,2026-05-23 19:05:05.783602,218.84402717863895,44.50676348713396
19e5eb7c,1,ae2bd5d6,dc8f6fd7,2026-05-23 19:05:05.783630,151.55966153324383,16.54410598140644
19e5eb7c,2,02eb7d58,95784c07,2026-05-23 19:05:05.783652,21.227769136474528,8.519534446234045
19e5eb7c,3,8e1a7023,9644a854,2026-05-23 19:05:05.783674,327.4749141644958,14.56957655330254
e052b088,1,1bff1a8c,67491841,2026-05-23 19:05:05.783706,332.8400113210861,7.68529077013911
75b2f3c3,1,a30767f9,4e650515,2026-05-23 19:05:05.783734,210.59141290940403,49.24320313237734
127230f4,1,810bbb39,ce20adb3,2026-05-23 19:05:05.783762,96.65763619258668,19.819974570664574
d4c5321e,1,810bbb39,da9dd43e,2026-05-23 19:05:05.783790,212.7543648329475,49.38347753030779
487d3ca7,1,73bdc762,b40b18bf,2026-05-23 19:05:05.783818,135.5970501597773,19.345282841936914
3971522d,1,da6e8a9b,99c13bee,2026-05-23 19:05:05.783846,121.60436960141196,47.6024350123825
0a694686,1,e91e0df6,3d8cbaaa,2026-05-23 19:05:05.783873,236.67866157481572,28.665411533803542
3919b36a,1,1f6c563e,894b8626,2026-05-23 19:05:05.783901,453.93036361597893,31.349075287696333
3919b36a,2,4c492c77,99c13bee,2026-05-23 19:05:05.783923,350.1466076657646,41.8697164582646
3919b36a,3,71808bff,95784c07,2026-05-23 19:05:05.783945,394.83892679492686,33.70869297140622
5508fcc4,1,7b66be87,66e13682,2026-05-23 19:05:05.783973,359.2963488505554,17.45647486015117
207e0084,1,0db1a5ea,3a9e1e22,2026-05-23 19:05:05.784000,451.2980562514619,35.29502795133488
ce6839ce,1,a45b8c85,a9b0059e,2026-05-23 19:05:05.784029,45.99569127783093,45.48879643154009
0c396ff0,1,cf112ebc,4e650515,2026-05-23 19:05:05.784056,453.43784114982975,19.685929123841092
90c050fc,1,63d73ef7,7ed1bfe7,2026-05-23 19:05:05.784084,481.3147176182148,38.87413246880271
516f37b7,1,385cae5b,99c13bee,2026-05-23 19:05:05.784112,59.57085399730815,30.323985212298293
516f37b7,2,46aec63d,894b8626,2026-05-23 19:05:05.784134,365.8902962354379,29.420383125995517
f5dab63e,1,d400d501,586281b8,2026-05-23 19:05:05.784161,187.53675146332793,15.976536694839963
ffe1c31c,1,3eb38518,c739947b,2026-05-23 19:05:05.784190,442.2340339107513,25.208684106430013
9148e2fc,1,1f6c563e,bd830d4e,2026-05-23 19:05:05.784219,430.5274065895292,34.181817473706204
0279bba4,1,4d223d3c,07a21a6e,2026-05-23 19:05:05.784247,433.9595800285249,38.00379833434016
e1e6601d,1,abb42609,15bfe12f,2026-05-23 19:05:05.784275,262.74531103600896,36.74898620050916
e1e6601d,2,ffa5a956,2b1a9a37,2026-05-23 19:05:05.784297,427.35863431073574,11.946559043226918
3e8a9f7b,1,1c88cf70,95784c07,2026-05-23 19:05:05.784325,337.52326159744666,48.93624969347501
3e8a9f7b,2,576b6874,5e02fca9,2026-05-23 19:05:05.784347,418.0558977662945,12.607114251640693
0ac654cd,1,964d9148,45460435,2026-05-23 19:05:05.784375,336.92588090890337,35.188742383342756
9766e946,1,b81d663e,7ed1bfe7,2026-05-23 19:05:05.784403,441.06161069670816,38.29328380599688
4f7d0c00,1,c6773b2b,894b8626,2026-05-23 19:05:05.784431,76.61716386318822,10.285060332925761
b3d22a74,1,7b72f050,1b864e2e,2026-05-23 19:05:05.784459,486.47455953791774,25.302915931972155
58a145ab,1,4c0b1c75,15627973,2026-05-23 19:05:05.784487,211.5106386600079,38.90471010783032
58a145ab,2,479b7a62,3a9e1e22,2026-05-23 19:05:05.784509,115.43213767921954,10.836574159582666
94a6b6b5,1,d400d501,5e6a3159,2026-05-23 19:05:05.784537,350.60521391589145,46.12353097938757
6b1ff77a,1,baf95375,2e90d858,2026-05-23 19:05:05.784565,245.0296337909852,9.894342535554582
18b950cd,1,fd399d3f,62cdfa79,2026-05-23 19:05:05.784593,460.3080134248851,42.5952144160782
2afd69a8,1,343bb9d6,dc8f6fd7,2026-05-23 19:05:05.784621,277.75330588171465,10.631570308567376
e79cdf2d,1,b327f5b3,3a9e1e22,2026-05-23 19:05:05.784649,93.44201359947064,29.580872522287784
37fff371,1,f66f78b7,67491841,2026-05-23 19:05:05.784677,485.4913750919518,42.13055539183199
df8c3dd3,1,a2eb2053,30eaa364,2026-05-23 19:05:05.784705,23.08051858845099,17.490460332794722
4bc9253f,1,baf95375,da9dd43e,2026-05-23 19:05:05.784733,326.1981840998159,12.708990864760114
a4331ba2,1,d400d501,180aa0cd,2026-05-23 19:05:05.784762,486.27567402384165,44.92743098786196
929befe6,1,1b0c3530,586281b8,2026-05-23 19:05:05.784790,56.55505366939258,29.538419300570148
b598f2e6,1,65b6ef7a,5e02fca9,2026-05-23 19:05:05.784820,485.453477655192,16.683982107131385
8a949dd9,1,cf112ebc,15bfe12f,2026-05-23 19:05:05.784849,282.4328838756573,28.92776427900428
ac3bdd3e,1,1b9d7f55,45460435,2026-05-23 19:05:05.784878,78.91360732987118,20.529958028758763
ac3bdd3e,2,fab635ac,99c13bee,2026-05-23 19:05:05.784901,322.9724266925716,49.721469453342365
e903ef91,1,7cf68268,9bfa8093,2026-05-23 19:05:05.784930,489.9921791606118,36.29985253755108
a3e126db,1,f2d5a45e,586281b8,2026-05-23 19:05:05.784958,138.3953136537885,21.986293522401578
05a73cd2,1,662fc2a5,3b2bdf38,2026-05-23 19:05:05.784987,453.02584708622993,9.824539356902564
4a1f35ca,1,6096faed,97b111d7,2026-05-23 19:05:05.785015,372.94914836149326,48.67609104991074
f810d452,1,e384dc23,aa58e7b1,2026-05-23 19:05:05.785044,186.57481759877533,43.86281225012356
f810d452,2,4dceac83,07a21a6e,2026-05-23 19:05:05.785067,79.50031685764954,21.040170520218577
c5e3f6ff,1,de6426fe,67491841,2026-05-23 19:05:05.785096,73.6013509227711,31.375796590932595
c5e3f6ff,2,750350d8,63b5cfb8,2026-05-23 19:05:05.785119,267.7182280673447,15.483291916024514
6ddb2e37,1,b2ed138c,07a21a6e,2026-05-23 19:05:05.785148,133.67810088084835,18.459744643321937
e8636cea,1,e8915011,08d65812,2026-05-23 19:05:05.785176,223.26482224265476,8.717145180813672
13b2a802,1,aad26c74,fb7e1c47,2026-05-23 19:05:05.785206,72.80900055366983,35.67067199057189
13b2a802,2,051f76c2,4e650515,2026-05-23 19:05:05.785228,32.17041480115956,17.1161549114648
13b2a802,3,ab313603,2b1a9a37,2026-05-23 19:05:05.785263,108.20166805256294,15.585402992404926
d55474b4,1,0db1a5ea,45460435,2026-05-23 19:05:05.785302,206.07660864993392,38.92365822402132
d55474b4,2,c87fb338,5e6a3159,2026-05-23 19:05:05.785326,122.08032252088813,26.95876565475406
d55474b4,3,02eb7d58,110c0782,2026-05-23 19:05:05.785350,105.60193884758084,26.84895428928594
fd2caf47,1,07d31f08,45460435,2026-05-23 19:05:05.785381,413.0266029956244,35.30551011665294
4efd2f10,1,3726cc61,110c0782,2026-05-23 19:05:05.785436,83.34887196708225,48.90345318047692
4efd2f10,2,2016e8c0,aa58e7b1,2026-05-23 19:05:05.785466,50.58730759845922,30.66695817449994
35855154,1,9cd99410,5e02fca9,2026-05-23 19:05:05.785504,456.99625436756594,38.40698388046498
b0104de7,1,63728634,30eaa364,2026-05-23 19:05:05.785545,115.87889346456876,32.772865115238645
204f840f,1,343bb9d6,7ed1bfe7,2026-05-23 19:05:05.785587,70.99302657097711,48.58344185693289
f3337d44,1,b064749a,7ed1bfe7,2026-05-23 19:05:05.785619,422.1812817938052,14.342269631461413
4e5c6612,1,c3733ff1,15627973,2026-05-23 19:05:05.785648,392.91505929175923,10.536900932325569
1f20ba62,1,af286d24,9b360271,2026-05-23 19:05:05.785678,435.99892581855244,12.439855733582988
72f7f0ba,1,0704e62f,f3ab5934,2026-05-23 19:05:05.785708,99.65853314292201,44.29773001145966
72f7f0ba,2,a5d3f66d,a9b0059e,2026-05-23 19:05:05.785731,147.58728249010096,11.691104096246256
fbd1355e,1,140ca47e,15bfe12f,2026-05-23 19:05:05.785761,208.14507204136194,13.19185003426568
fbd1355e,2,71808bff,15627973,2026-05-23 19:05:05.785785,431.5321307910971,7.368743053536591
fbd1355e,3,8cb7dee8,97b111d7,2026-05-23 19:05:05.785808,117.23403248963415,5.527176047958287
4ac01bd0,1,9fc805ba,0cd9ed1f,2026-05-23 19:05:05.785839,349.4954052424402,25.48680678926572
3985578a,1,f5153864,fb7e1c47,2026-05-23 19:05:05.785868,157.0193583832613,26.64276129285219
3985578a,2,f1803c5b,9bfa8093,2026-05-23 19:05:05.785893,142.77940353082232,15.752918336954371
ca308584,1,97575e05,3b78784c,2026-05-23 19:05:05.785922,282.23064075332434,33.271078263407226
ca308584,2,b124337a,33e748b3,2026-05-23 19:05:05.785945,33.92349216553852,26.40863520641461
42f92990,1,a45374ef,9ea3a409,2026-05-23 19:05:05.785975,155.44693225297476,27.307752024403683
b935bde5,1,a81b9a61,9644a854,2026-05-23 19:05:05.786005,153.83231358163636,44.7893224205903
b935bde5,2,9cd99410,9bfa8093,2026-05-23 19:05:05.786028,139.80063084861226,31.9527835890373
b935bde5,3,b2673a73,dc8f6fd7,2026-05-23 19:05:05.786058,139.89488376296563,37.90509767297912
7ea9fed2,1,176a9f25,ea1be9b6,2026-05-23 19:05:05.786089,302.5612562870245,6.562701924773836
7ea9fed2,2,20d3e294,0cd9ed1f,2026-05-23 19:05:05.786121,482.89629086432745,45.34277436688924
6a03a2f4,1,03f01a23,2e90d858,2026-05-23 19:05:05.786153,444.2518335408127,41.19008564284095
cc8e7832,1,ffa0fe42,b40b18bf,2026-05-23 19:05:05.786183,464.754672157842,18.56443130242903
d44031d0,1,b2f0edf2,c739947b,2026-05-23 19:05:05.786212,379.681282383729,14.49889404538224
da524425,1,0558b9dd,ce20adb3,2026-05-23 19:05:05.786241,472.4710522396852,20.873105573409454
15edc21a,1,0704e62f,66e13682,2026-05-23 19:05:05.786270,73.16013252305957,40.06793473051073
f960b2f2,1,ab12b3b8,249a652c,2026-05-23 19:05:05.786305,470.95495443938506,19.507694165308887
cc6f0785,1,507392e6,180aa0cd,2026-05-23 19:05:05.786334,231.75096188046066,24.50259634375872
75e11cb0,1,b85caafc,08d65812,2026-05-23 19:05:05.786363,365.656444366211,11.538334470657466
8a5a0b88,1,2ff7eef7,894b8626,2026-05-23 19:05:05.786393,447.0698624357233,16.003764158908307
67cf503c,1,0b819c5a,99c13bee,2026-05-23 19:05:05.786422,224.19566610066943,5.352372072630248
67cf503c,2,e91e0df6,67491841,2026-05-23 19:05:05.786445,96.16835628937324,9.75633158867452
3fdffb84,1,0f022a88,62cdfa79,2026-05-23 19:05:05.786474,338.64019635402343,18.366415612144717
91d80eb7,1,84db25bf,08d65812,2026-05-23 19:05:05.786503,98.0280808953629,32.80910237530962
0baeab91,1,7122197c,99c13bee,2026-05-23 19:05:05.786533,225.37681494665574,11.732735744633102
5480340d,1,7469ba11,9644a854,2026-05-23 19:05:05.786562,195.6307078297203,21.36760461729786
7f2d26bf,1,8cb7dee8,5e6a3159,2026-05-23 19:05:05.786592,89.80556398154104,34.57681298276931
67c3fd54,1,59c6855b,0cd9ed1f,2026-05-23 19:05:05.786621,153.937557153187,43.93226828065912
1c0e8178,1,3efb1588,9bfa8093,2026-05-23 19:05:05.786651,300.8160863274903,19.015265478319886
4484b4d6,1,861b3ce2,bf313c0e,2026-05-23 19:05:05.786680,286.13520944957986,37.885523572263104
7e7a3b7a,1,0f4d7fa4,2e90d858,2026-05-23 19:05:05.786709,365.7754860976524,38.17751074979362
a663ad62,1,b1eadd47,9ea3a409,2026-05-23 19:05:05.786739,437.5797080308811,38.30865109968843
b802627e,1,97a673c8,ce20adb3,2026-05-23 19:05:05.786767,487.18101531947764,28.64199218840634
72932856,1,602b55d7,3a9e1e22,2026-05-23 19:05:05.786796,330.07025934976906,12.310470699533962
9f4541f0,1,f5040716,c739947b,2026-05-23 19:05:05.786824,115.62097946528381,37.43964626282122
f1ffee06,1,ef4d75a2,95784c07,2026-05-23 19:05:05.786853,242.44381730762453,6.686005040390439
97bb3ecd,1,ebf07848,66e13682,2026-05-23 19:05:05.786882,108.70033385765652,48.2952518908377
1e7ecbce,1,9b028803,180aa0cd,2026-05-23 19:05:05.786910,446.1403900135798,23.607112277078297
6e4e984e,1,cf112ebc,b40b18bf,2026-05-23 19:05:05.786938,193.597143314293,34.1746169062001
c7dd97b6,1,f9a59579,7ed1bfe7,2026-05-23 19:05:05.786968,104.84389596619279,37.58188694881405
07ce92a3,1,5e5d06a2,da9dd43e,2026-05-23 19:05:05.787006,173.12313802315063,48.04736551462865
3f681c2e,1,479b7a62,180aa0cd,2026-05-23 19:05:05.787034,383.33386645552645,38.67139535632663
3f681c2e,2,1c88cf70,07a21a6e,2026-05-23 19:05:05.787057,43.24584497821439,38.33167461763171
3f681c2e,3,86b13fa3,9b360271,2026-05-23 19:05:05.787079,171.4609011849566,20.709145065207107
d5a07726,1,a80408ce,07a21a6e,2026-05-23 19:05:05.787110,252.0914937815417,12.328286817017332
a8c97485,1,dd5cf2a0,9644a854,2026-05-23 19:05:05.787139,241.63556501017052,42.72438753522082
14dce3d1,1,898892b7,99c13bee,2026-05-23 19:05:05.787167,80.38727216784608,20.73015834785994
074c7811,1,8f86fffc,5e02fca9,2026-05-23 19:05:05.787195,292.7587576760122,9.24763837774563
b89b5ce0,1,a5f865e2,67491841,2026-05-23 19:05:05.787223,491.1253810611976,13.405544429807508
0fcada70,1,c92bce8f,5e02fca9,2026-05-23 19:05:05.787251,428.0223549330733,26.958827180790227
d117a392,1,a4ec77b1,45460435,2026-05-23 19:05:05.787281,350.20464595765816,36.28756626907172
d117a392,2,63d73ef7,15627973,2026-05-23 19:05:05.787304,54.1488812752759,15.302603991409816
d117a392,3,e237c3e6,aa58e7b1,2026-05-23 19:05:05.787327,344.0099451201374,7.467335177623806
aaa606e2,1,2434d7e9,7ed1bfe7,2026-05-23 19:05:05.787355,498.10733399195203,41.774767371945934
2b39bd28,1,542cbb30,110c0782,2026-05-23 19:05:05.787383,298.86658364308425,48.30655425826391
31d28c67,1,d9ea54ef,7ed1bfe7,2026-05-23 19:05:05.787419,367.0772206462986,7.759714127550014
f665571a,1,2ff7eef7,9644a854,2026-05-23 19:05:05.787447,343.04763704899966,7.269295952333966
f665571a,2,2e74541a,9bfa8093,2026-05-23 19:05:05.787469,485.9847570757574,10.439180331395397
66aaaf51,1,81dbafcf,1b864e2e,2026-05-23 19:05:05.787498,323.63783307370943,5.002139252725604
66aaaf51,2,176a9f25,9bfa8093,2026-05-23 19:05:05.787520,189.39037334718782,27.671262754965156
66aaaf51,3,4d223d3c,5e6a3159,2026-05-23 19:05:05.787542,351.28921474492336,31.806614115040357
5e6e0c48,1,5449ea46,66e13682,2026-05-23 19:05:05.787571,181.24067357000408,16.777618425758693
c60329e8,1,46ec6a2f,aa58e7b1,2026-05-23 19:05:05.787599,335.7320733620523,7.141744640059371
ad21c39a,1,c898aa01,0cd9ed1f,2026-05-23 19:05:05.787628,72.9556653205389,24.464928718199463
ad21c39a,2,76a498f4,9b360271,2026-05-23 19:05:05.787650,36.60020725854183,33.15475795445108
12e2d0b7,1,369f091e,aa58e7b1,2026-05-23 19:05:05.787678,147.84607440201052,48.51932629589872
42b1f8d9,1,677465c8,16597aea,2026-05-23 19:05:05.787706,41.92048986035754,40.77490277626224
5ecbb4ca,1,7b3bc82e,fb7e1c47,2026-05-23 19:05:05.787735,118.68863674320829,20.909017573413994
1b954fd3,1,ad8d092f,5e02fca9,2026-05-23 19:05:05.787763,441.85760750469643,42.85245841332311
97c267f6,1,baf95375,f3ab5934,2026-05-23 19:05:05.787791,393.0324502128593,16.138881212428654
fe8210de,1,30592970,08d65812,2026-05-23 19:05:05.787820,482.469261801072,9.855577802855967
139761f2,1,c9faca17,180aa0cd,2026-05-23 19:05:05.787848,253.0930127548299,18.67873287359093
139761f2,2,1719139b,07a21a6e,2026-05-23 19:05:05.787870,479.76009441043726,33.43110065061466
139761f2,3,cdc4c018,2e90d858,2026-05-23 19:05:05.787893,321.64497357655904,25.346937478328343
6bc186c5,1,aa3475ce,95784c07,2026-05-23 19:05:05.787921,300.54781807539547,43.22397827209231
6bc186c5,2,f5153864,da9dd43e,2026-05-23 19:05:05.787943,403.60066187941817,47.0990580108022
65c75724,1,a5d3f66d,62cdfa79,2026-05-23 19:05:05.787970,197.16902706794764,48.67801763570035
dd0e4086,1,964d9148,b40b18bf,2026-05-23 19:05:05.787998,217.13665189109608,44.668561138260415
dd0e4086,2,819f6726,5e02fca9,2026-05-23 19:05:05.788021,88.84089260359278,47.932603397648975
c2725d91,1,baf95375,16597aea,2026-05-23 19:05:05.788049,228.92335763517593,27.271442895138172
88c511c0,1,15854b16,62cdfa79,2026-05-23 19:05:05.788079,44.75819256415191,33.223612614493646
88c511c0,2,e256942c,fb7e1c47,2026-05-23 19:05:05.788103,287.0035467963226,19.421514656031558
4c73a57a,1,a8759dc8,ea1be9b6,2026-05-23 19:05:05.788132,295.54004863564677,19.184738770109256
11c75786,1,3eb38518,110c0782,2026-05-23 19:05:05.788161,428.2025185495773,17.57684888197943
8bb9a8e3,1,6016ddc1,97b111d7,2026-05-23 19:05:05.788190,496.2969672064704,25.9521444474899
97c1701b,1,94dfc64f,180aa0cd,2026-05-23 19:05:05.788218,484.24195625192016,46.73432792364661
28e258a2,1,5602319e,bf313c0e,2026-05-23 19:05:05.788247,305.01274589529334,27.792287328720846
ea09aa67,1,fa76f6ba,dc8f6fd7,2026-05-23 19:05:05.788275,432.71176177665484,9.315993353243462
ea09aa67,2,cf112ebc,62cdfa79,2026-05-23 19:05:05.788297,178.16807760715938,28.10272902377522
d5b841ce,1,8f86fffc,30eaa364,2026-05-23 19:05:05.788325,98.71201888716593,46.46505835761421
a38246a7,1,ecf80d71,63b5cfb8,2026-05-23 19:05:05.788353,179.25802060010648,5.437848819525822
a38246a7,2,f66f78b7,07a21a6e,2026-05-23 19:05:05.788376,319.4505783252899,20.821210266089086
a38246a7,3,ab313603,62cdfa79,2026-05-23 19:05:05.788398,350.18032755437315,47.26666431088014
5cd2c2e0,1,fba64ffd,249a652c,2026-05-23 19:05:05.788434,183.96453840998416,10.441554923648926
1827485f,1,aea8df35,97b111d7,2026-05-23 19:05:05.788471,375.1379219381719,7.522293421724503
9cfb58c7,1,b426fb84,15627973,2026-05-23 19:05:05.788499,485.0719541130384,19.237736991443736
2d8f0c1a,1,e8915011,15bfe12f,2026-05-23 19:05:05.788542,312.19730172832055,6.624908093703821
35aae577,1,cec4fb47,5e02fca9,2026-05-23 19:05:05.788570,405.1694111173949,32.123828579299555
35aae577,2,0d5d2bc4,ce20adb3,2026-05-23 19:05:05.788592,381.24706532148554,25.452723902162596
093147e6,1,84329c95,15627973,2026-05-23 19:05:05.788620,144.94309540592877,21.468710331747822
5a9091fc,1,d5d9aebe,ce20adb3,2026-05-23 19:05:05.788648,38.932627268213764,18.49102030486782
5a9091fc,2,7b3bc82e,08d65812,2026-05-23 19:05:05.788671,144.0534686662201,15.716548001480673
5a9091fc,3,5194ad1a,f3ab5934,2026-05-23 19:05:05.788693,108.15269327341647,29.905598066071583
0852f046,1,b2f0edf2,97b111d7,2026-05-23 19:05:05.788721,378.0214696428935,21.185796866582358
b557fa6b,1,677465c8,ce20adb3,2026-05-23 19:05:05.788748,403.32542408890424,20.422434943828346
b557fa6b,2,db7ee15f,4e650515,2026-05-23 19:05:05.788770,499.413922499962,25.802535422380025
b557fa6b,3,3eb38518,3d8cbaaa,2026-05-23 19:05:05.788792,22.87376143218534,6.958994464886107
079a8dfc,1,1792827c,5e6a3159,2026-05-23 19:05:05.788821,169.94864122766546,9.460841917237284
c9d85832,1,cddc7b75,07a21a6e,2026-05-23 19:05:05.788849,331.44722841666186,34.25905379171644
f8edc51b,1,7b66be87,16597aea,2026-05-23 19:05:05.788877,315.7190447949705,19.493780416797943
87b0fcda,1,cdc4c018,95784c07,2026-05-23 19:05:05.788908,159.75123871164664,24.813768483444044
87b0fcda,2,6502b540,15627973,2026-05-23 19:05:05.788930,461.84425832191687,8.381383627532728
b5f32d34,1,03b8d8ba,3a9e1e22,2026-05-23 19:05:05.788958,152.14962791219904,41.79555305742183
1ded9b32,1,173de56d,5e02fca9,2026-05-23 19:05:05.788986,132.67073818550875,38.39071247709136
ca40d4f9,1,26c3d826,9644a854,2026-05-23 19:05:05.789015,98.98465275162245,7.2363687337243245
7c87529b,1,34384d23,b40b18bf,2026-05-23 19:05:05.789043,460.16615205755556,25.8353454557452
3a9191e9,1,e8a04814,ce20adb3,2026-05-23 19:05:05.789071,418.1393788908299,46.686906424230926
4a11daf6,1,0c7d5c0d,3a9e1e22,2026-05-23 19:05:05.789100,231.1113240261471,48.08036256311115
82efcdef,1,4c492c77,586281b8,2026-05-23 19:05:05.789128,68.26096783030629,23.525422488449212
5d7b3e9f,1,f1803c5b,ea1be9b6,2026-05-23 19:05:05.789156,300.90109826646045,19.91399759952332
34da8b13,1,8f11fcf0,2b1a9a37,2026-05-23 19:05:05.789190,130.21776431971332,23.246852203431118
cd49fa89,1,03f01a23,1b864e2e,2026-05-23 19:05:05.789219,470.44865284306957,22.559664741501255
cd49fa89,2,5a1c1530,63b5cfb8,2026-05-23 19:05:05.789241,190.83052991438814,23.699767358935603
a58797cf,1,efe58b44,9bfa8093,2026-05-23 19:05:05.789269,284.12211523541157,14.759425387306864
fe2d1f19,1,b4305394,7ed1bfe7,2026-05-23 19:05:05.789297,198.20697666724317,30.159452339379737
f04b6eb0,1,982d53cd,30eaa364,2026-05-23 19:05:05.789327,288.1439885533417,24.39368919349374
4c1202ef,1,26e8d692,3d8cbaaa,2026-05-23 19:05:05.789355,93.83749244661892,18.854349083680102
99bd9ac1,1,b61b8324,66e13682,2026-05-23 19:05:05.789383,61.71413964146389,23.088998911989748
0a26d6ed,1,742b6473,30eaa364,2026-05-23 19:05:05.789411,21.790839093494263,30.068034594759094
025ed8b0,1,e91e0df6,30eaa364,2026-05-23 19:05:05.789439,255.5061437506417,9.555784915476364
d50fd0ea,1,6d25ee58,ac8fa3d8,2026-05-23 19:05:05.789467,293.2158481907854,49.24414104165122
afed4c68,1,6a6d679d,b4998c55,2026-05-23 19:05:05.789505,143.64678953666396,23.890189801788022
bec0edc3,1,5a1c1530,da9dd43e,2026-05-23 19:05:05.789533,370.92867943043706,9.493435074271083
bb6217b8,1,ebf07848,a9b0059e,2026-05-23 19:05:05.789562,165.30939955469108,45.65170032840821
ec77cba8,1,25e8e9d0,97b111d7,2026-05-23 19:05:05.789590,105.48071743305022,43.625758316104026
4ab22eff,1,b87fd63c,b40b18bf,2026-05-23 19:05:05.789628,341.2694418970351,8.493432119672326
8dfb407a,1,35c5b2f8,dc8f6fd7,2026-05-23 19:05:05.789656,330.58937689707716,11.89230440484855
8dfb407a,2,004d4636,180aa0cd,2026-05-23 19:05:05.789678,322.0450226116445,16.38678869226308
2829d931,1,f2d5a45e,bd830d4e,2026-05-23 19:05:05.789707,275.651550663788,28.35719867027068
79ccab01,1,239148df,15627973,2026-05-23 19:05:05.789735,178.45337858065395,28.847855387656757
b1bb88a5,1,1ca8e41b,63b5cfb8,2026-05-23 19:05:05.789763,176.92947181888616,10.753677906692026
a4211682,1,e384dc23,b40b18bf,2026-05-23 19:05:05.789791,171.97542919207228,49.685004231349694
a2273d58,1,5552af64,3b78784c,2026-05-23 19:05:05.789819,287.4476720498436,29.820863326379726
fe43ab52,1,84db25bf,da9dd43e,2026-05-23 19:05:05.789847,457.15556439948733,10.501878994875014
1b3a9dd1,1,0704e62f,aa58e7b1,2026-05-23 19:05:05.789875,156.94839752781118,46.43978304624445
987fc5b0,1,20c82e51,894b8626,2026-05-23 19:05:05.789904,352.9343026197475,26.62432098352522
fbe7078a,1,03f01a23,30eaa364,2026-05-23 19:05:05.789938,295.25141912165316,30.244589484768344
fbe7078a,2,4c0b1c75,3d8cbaaa,2026-05-23 19:05:05.789960,375.75791313363015,20.053286317302486
42c50ff1,1,67ae5ce4,95784c07,2026-05-23 19:05:05.789988,127.09085038170484,40.606928706361394
06c3a4fc,1,865e88d7,ea1be9b6,2026-05-23 19:05:05.790016,231.4148891848393,15.141935382260916
e118030a,1,ce118617,16597aea,2026-05-23 19:05:05.790044,422.4994464670034,11.145908190165446
e3c204a7,1,a30767f9,fb7e1c47,2026-05-23 19:05:05.790072,138.91891056191872,48.08973936175309
e3c204a7,2,70199d84,3b2bdf38,2026-05-23 19:05:05.790095,310.8816476733849,36.46076755206343
ffb8818c,1,74cee2e1,15bfe12f,2026-05-23 19:05:05.790123,301.07657205820874,8.211273638044192
0989bd02,1,d400d501,3d8cbaaa,2026-05-23 19:05:05.790151,497.01703677376764,15.08625455255774
40c8e4de,1,0840b2f6,ea1be9b6,2026-05-23 19:05:05.790179,107.22593285145082,44.24248452514993
40c8e4de,2,b95f3fdf,3d8cbaaa,2026-05-23 19:05:05.790201,104.57420093734457,15.343348288927366
e91f558d,1,21061182,9644a854,2026-05-23 19:05:05.790229,473.7364003785731,21.29345262912572
21fd2dad,1,14e8ac65,66e13682,2026-05-23 19:05:05.790258,35.621424581144474,26.051760791145238
414066b0,1,5a1c1530,3d8cbaaa,2026-05-23 19:05:05.790286,401.351025601386,6.425200927530057
db090930,1,275bb310,63b5cfb8,2026-05-23 19:05:05.790323,230.9254301753474,48.186709872934706
addb0811,1,1ce90747,45460435,2026-05-23 19:05:05.790351,175.69049595424346,29.768190706058853
15bb497a,1,0b1f8d64,4e650515,2026-05-23 19:05:05.790379,466.3824838334784,47.19862531962704
15bb497a,2,7122197c,3b78784c,2026-05-23 19:05:05.790402,338.38506850302434,20.712727704353757
7fa68ff7,1,b80eb1a1,9644a854,2026-05-23 19:05:05.790430,26.77885523036755,43.799523298244786
808582cf,1,1efe4014,9644a854,2026-05-23 19:05:05.790458,160.66498823407468,11.088317832852052
90f7b399,1,1cd11889,c739947b,2026-05-23 19:05:05.790486,461.4374696062249,22.505177277018902
326231d5,1,ea1f8042,aa58e7b1,2026-05-23 19:05:05.790515,120.73788928434831,7.341299068281328
84982093,1,14ce9de4,2b1a9a37,2026-05-23 19:05:05.790543,486.6275784080884,18.780555917708416
18529c69,1,ffe98fb2,99c13bee,2026-05-23 19:05:05.790571,266.25097607671375,36.34571372725204
b51700a9,1,baf95375,33e748b3,2026-05-23 19:05:05.790599,55.621076671704266,24.364159283019124
b51700a9,2,09e1dc5f,08d65812,2026-05-23 19:05:05.790621,298.3934809694417,38.2353172018706
b51700a9,3,fd29b273,586281b8,2026-05-23 19:05:05.790644,260.0793256662963,11.453256708935223
14266b96,1,3386bf02,180aa0cd,2026-05-23 19:05:05.790672,173.0748593868007,42.16512729851192
e6a46876,1,176a9f25,15bfe12f,2026-05-23 19:05:05.790700,65.8637854579917,24.02811541532073
e6a46876,2,7a224966,5e02fca9,2026-05-23 19:05:05.790722,459.70730220310907,16.993136544489783
6eef588c,1,07a5e35a,b40b18bf,2026-05-23 19:05:05.790750,257.87759540249107,35.64729510254557
6cfdc697,1,d96a25fc,16597aea,2026-05-23 19:05:05.790778,385.4769269899618,34.7107731448745
5972f669,1,272863cf,3b78784c,2026-05-23 19:05:05.790807,209.57611296925333,12.286423610907102
f605a96c,1,d9027657,894b8626,2026-05-23 19:05:05.790835,375.61181893812875,34.723337869813726
882e53a2,1,e8915011,3b78784c,2026-05-23 19:05:05.790863,161.7585682593894,38.55254928404769
02820e7b,1,db7ee15f,a9b0059e,2026-05-23 19:05:05.790891,459.00837002367166,32.53737418673125
02820e7b,2,ac9d25dc,99c13bee,2026-05-23 19:05:05.790914,458.96618549325956,28.703071487880823
777e38cd,1,5b037f38,f3ab5934,2026-05-23 19:05:05.790942,49.50834197471758,13.122142111918215
8fdd7167,1,9571a4b9,3b78784c,2026-05-23 19:05:05.790972,370.32783669324044,5.212002281240721
2e10bd53,1,457cb1c2,3a9e1e22,2026-05-23 19:05:05.791000,195.01273033740642,48.55181593627396
794f949b,1,8d1a49eb,9bfa8093,2026-05-23 19:05:05.791029,145.81364905420688,17.741857874836935
86ad0798,1,d4d390ec,07a21a6e,2026-05-23 19:05:05.791057,456.1969543786115,25.88896273339516
86ad0798,2,a81b9a61,97b111d7,2026-05-23 19:05:05.791084,103.77078864581793,37.500517106269214
046b3037,1,750350d8,4e650515,2026-05-23 19:05:05.791112,443.68508483333926,26.970535678173075
b3f1cfea,1,1da4bd30,894b8626,2026-05-23 19:05:05.791140,278.89012121052576,40.75497515055765
0bde2c92,1,d1c6bef6,2b1a9a37,2026-05-23 19:05:05.791168,152.90584262482437,36.21938972930479
fc050bdd,1,1cd11889,0cd9ed1f,2026-05-23 19:05:05.791205,166.60950733307234,40.32348460697759
4e53e4ee,1,9244e8e2,894b8626,2026-05-23 19:05:05.791233,236.62387798257149,28.08342332122392
4e53e4ee,2,b33edcc7,08d65812,2026-05-23 19:05:05.791255,244.72493547953474,44.74623903100368
461e04ba,1,f7a0c352,aa58e7b1,2026-05-23 19:05:05.791284,119.65527458559353,9.009681709163448
50f306ac,1,73bdc762,ac8fa3d8,2026-05-23 19:05:05.791312,414.75798814954607,39.46346105565155
bbfbabe3,1,964d9148,30eaa364,2026-05-23 19:05:05.791341,106.99469073139088,17.757338035740943
ec12843d,1,865e88d7,aa58e7b1,2026-05-23 19:05:05.791369,417.7240220675898,49.35318638913495
ec12843d,2,f0578d49,15627973,2026-05-23 19:05:05.791392,179.38359981822714,36.03577315495783
93052d01,1,ed8c7d6f,3b78784c,2026-05-23 19:05:05.791420,306.86518976926556,17.6287924399831
ed23d3da,1,14e8ac65,894b8626,2026-05-23 19:05:05.791448,177.59462443849077,18.231967537936647
fb37651b,1,1b9d7f55,99c13bee,2026-05-23 19:05:05.791475,226.26083561379033,35.82449514253523
779b62d9,1,a2eb2053,dc8f6fd7,2026-05-23 19:05:05.791503,284.22616324382193,9.354203228044215
ba27464d,1,622da96f,fb7e1c47,2026-05-23 19:05:05.791531,78.63792751103512,33.008387037767214
ba27464d,2,1efe4014,bd830d4e,2026-05-23 19:05:05.791553,262.98843721968734,18.08883630658642
ba27464d,3,b4ae0a98,30eaa364,2026-05-23 19:05:05.791576,253.7945576791945,40.36437007973047
86c7557e,1,428e3978,894b8626,2026-05-23 19:05:05.791603,350.1627320546401,26.48826729612414
b087e04c,1,b404910a,da9dd43e,2026-05-23 19:05:05.791640,384.0385023144888,10.939445555178535
b087e04c,2,1b9d7f55,9644a854,2026-05-23 19:05:05.791663,116.71379996008707,34.748452760808014
e1844f94,1,275bb310,99c13bee,2026-05-23 19:05:05.791690,170.9428133732518,32.57474498205294
f7882629,1,176a9f25,15627973,2026-05-23 19:05:05.791720,25.736882436295083,11.501102342919149
569c9597,1,1ce90747,1b864e2e,2026-05-23 19:05:05.791748,56.28801792171654,33.7445179428761
7dac71ba,1,d5657d48,9b360271,2026-05-23 19:05:05.791777,207.9991694119054,38.35291884380694
921152a5,1,dc1f3972,3b2bdf38,2026-05-23 19:05:05.791804,484.43569258042777,29.097086010576888
77bd6e7f,1,ffa5a956,3b78784c,2026-05-23 19:05:05.791832,180.18275301889912,48.59511933941685
8ccd276f,1,33eccda0,4e650515,2026-05-23 19:05:05.791860,89.8108459291681,40.56690858171724
3b0dfbff,1,3386bf02,5e6a3159,2026-05-23 19:05:05.791888,73.15162462948044,13.295381572945855
942e2680,1,8990aa61,5e6a3159,2026-05-23 19:05:05.791916,490.7732962963735,5.607229220020065
2723ff22,1,d400d501,99c13bee,2026-05-23 19:05:05.791944,223.8844310416804,46.24649164397955
2723ff22,2,e0e01f58,07a21a6e,2026-05-23 19:05:05.791966,299.983841409538,19.107468755475907
a2599b5b,1,f6143d5b,97b111d7,2026-05-23 19:05:05.791994,149.54601052479163,25.3830078675929
a2599b5b,2,e256942c,bd830d4e,2026-05-23 19:05:05.792017,223.30268460436304,6.770433894877398
a2599b5b,3,275bb310,5e02fca9,2026-05-23 19:05:05.792039,174.62678528418786,33.52111617837896
c3c31534,1,55038fe2,b4998c55,2026-05-23 19:05:05.792067,439.22757225797994,37.41388920584869
c3c31534,2,2164f126,5e6a3159,2026-05-23 19:05:05.792089,195.94330003570127,28.041427277035744
f243b6c9,1,200524a6,894b8626,2026-05-23 19:05:05.792117,280.60532259566185,29.309714036060413
6e8b5b43,1,239148df,99c13bee,2026-05-23 19:05:05.792145,433.11301484780705,33.01715753132549
e95acd53,1,fa76f6ba,b40b18bf,2026-05-23 19:05:05.792174,455.34411682008044,35.741619288745945
ec873033,1,14ce9de4,7ed1bfe7,2026-05-23 19:05:05.792201,102.27117008934653,32.0564963101586
ba831274,1,4c0b1c75,16597aea,2026-05-23 19:05:05.792229,174.50714538346097,13.606126209573247
ed372e00,1,30aef8b8,f3ab5934,2026-05-23 19:05:05.792257,411.26730333930306,39.05953756202134
a76898bd,1,453cd56b,3a9e1e22,2026-05-23 19:05:05.792286,164.8748715608848,34.2476944922538
b6350cd6,1,cf112ebc,a9b0059e,2026-05-23 19:05:05.792314,211.1015310612046,6.470950509004228
b6350cd6,2,419673b9,5e02fca9,2026-05-23 19:05:05.792336,265.1818814008348,27.17059834504191
b6350cd6,3,0f4d7fa4,bf313c0e,2026-05-23 19:05:05.792358,247.99648162922804,37.30967725872152
d021622e,1,8f11fcf0,fb7e1c47,2026-05-23 19:05:05.792386,415.0905154158336,36.032626180177594
90f13aa8,1,c46d0109,0cd9ed1f,2026-05-23 19:05:05.792414,228.3059856819039,32.842774277390944
90f13aa8,2,81dbafcf,08d65812,2026-05-23 19:05:05.792436,284.40663783732276,32.25169036362789
ea628e1b,1,1c88cf70,ce20adb3,2026-05-23 19:05:05.792471,321.3267789518962,38.90414687172112
1212f02d,1,f0fa7368,110c0782,2026-05-23 19:05:05.792500,448.51981984807753,39.30739826656581
5532c836,1,81dbafcf,fb7e1c47,2026-05-23 19:05:05.792528,436.4228080452796,48.89559775205148
e6544d1f,1,ffa23f58,9bfa8093,2026-05-23 19:05:05.792556,478.78908667852,44.26809891581711
3223a4b7,1,750350d8,3b2bdf38,2026-05-23 19:05:05.792584,62.487328291498926,35.68485533065418
446688c6,1,9196364e,9bfa8093,2026-05-23 19:05:05.792612,465.57336370211345,23.19079453773393
883219f9,1,0f4d7fa4,2b1a9a37,2026-05-23 19:05:05.792640,130.7816214708993,31.40813774667413
7b5400dc,1,796f07a5,1b864e2e,2026-05-23 19:05:05.792668,138.89958505589158,13.34578651555304
d76c6844,1,ffa5a956,ce20adb3,2026-05-23 19:05:05.792697,427.6298845530008,42.3004277374766
47623ac0,1,2434d7e9,62cdfa79,2026-05-23 19:05:05.792725,67.2316274667838,19.60933636010512
892be314,1,8c7a1f1a,586281b8,2026-05-23 19:05:05.792753,34.45586494675819,9.204284774526524
85d28bc4,1,17b55e93,16597aea,2026-05-23 19:05:05.792781,111.28266800722807,27.459349337325214
90e0f751,1,67ae5ce4,95784c07,2026-05-23 19:05:05.792812,440.5465187816338,46.41123894016416
e08e0119,1,b61b8324,63b5cfb8,2026-05-23 19:05:05.792840,380.29333404674264,29.603518945026668
2626b355,1,fe6d693f,3d8cbaaa,2026-05-23 19:05:05.792869,391.76827843029963,33.96124965788047
2626b355,2,0db194da,b4998c55,2026-05-23 19:05:05.792891,89.51425313441847,42.95374885163037
0d278ae5,1,b81d663e,b4998c55,2026-05-23 19:05:05.792919,275.6852582760949,19.75831413440909
ef970325,1,ea1f8042,5e6a3159,2026-05-23 19:05:05.792947,479.99044803658086,41.36262986144619
ef970325,2,39cdb41d,b4998c55,2026-05-23 19:05:05.792970,21.13827053810759,6.648955729672842
10f4919c,1,dc1f3972,ac8fa3d8,2026-05-23 19:05:05.792998,413.3667512755644,31.9789179896203
6cac81c7,1,ffa5a956,f3ab5934,2026-05-23 19:05:05.793032,147.11976372040147,6.055168064569843
6cac81c7,2,dbf83b6b,9bfa8093,2026-05-23 19:05:05.793054,470.41075921645637,44.37843402202576
6cac81c7,3,63d73ef7,07a21a6e,2026-05-23 19:05:05.793076,182.94729951363277,37.15352305760236
8a327ff8,1,b2ed138c,3a9e1e22,2026-05-23 19:05:05.793104,179.886180328781,40.96982453673311
8a327ff8,2,ea4a85f7,bd830d4e,2026-05-23 19:05:05.793127,297.12497206333865,29.354510323119193
8a327ff8,3,a5f865e2,dc8f6fd7,2026-05-23 19:05:05.793149,20.32035882909094,49.94762231439315
7f5f6090,1,ffe98fb2,dc8f6fd7,2026-05-23 19:05:05.793177,387.623171261728,31.66361207283246
79e8a55c,1,a0f95b64,99c13bee,2026-05-23 19:05:05.793206,155.24924661171158,31.650991802174776
79e8a55c,2,fba64ffd,3b2bdf38,2026-05-23 19:05:05.793228,478.4401602944272,15.780656243300294
f4087721,1,5a1c1530,fb7e1c47,2026-05-23 19:05:05.793257,239.7492111981474,25.576452860036405
89abc226,1,c1997843,67491841,2026-05-23 19:05:05.793285,354.5108670251974,37.46853830184837
89abc226,2,675b3cbf,249a652c,2026-05-23 19:05:05.793307,430.4881027221285,20.309688385699456
5d986d4e,1,79804949,249a652c,2026-05-23 19:05:05.793335,485.46799547091956,5.565331731864822
5d986d4e,2,97385578,110c0782,2026-05-23 19:05:05.793362,53.549751519794064,28.7652143565945
8218bc81,1,a2eb2053,ce20adb3,2026-05-23 19:05:05.793391,214.4728832501625,31.821920323688914
5bacba95,1,daca70db,62cdfa79,2026-05-23 19:05:05.793419,149.1670126366323,16.723751066106473
3ac027bb,1,d53cabe3,5e6a3159,2026-05-23 19:05:05.793447,113.97113982752916,31.62192422246583
6146fe47,1,2082d9d2,63b5cfb8,2026-05-23 19:05:05.793475,427.52687474548674,39.43264657368254
2053915b,1,5602319e,45460435,2026-05-23 19:05:05.793503,173.50829140487272,49.09366404825895
2053915b,2,84db25bf,da9dd43e,2026-05-23 19:05:05.793526,193.70820302064976,43.883325543048414
94cb72a6,1,b95f3fdf,f3ab5934,2026-05-23 19:05:05.793559,440.46193726885866,24.49600734576118
94cb72a6,2,f5040716,2e90d858,2026-05-23 19:05:05.793581,73.35871590066634,12.74841548491676
aba3eb38,1,30fb7ca7,c739947b,2026-05-23 19:05:05.793622,403.2585614146541,38.76098493579842
aba3eb38,2,a0a8781f,45460435,2026-05-23 19:05:05.793645,387.01874277591605,46.12818107128986
aba3eb38,3,c5ed13b4,ce20adb3,2026-05-23 19:05:05.793667,224.2183049918378,46.63534410726484
5915ef15,1,c1997843,1b864e2e,2026-05-23 19:05:05.793696,430.50467450413674,46.220783392829695
d3bfe3a5,1,1ce90747,ce20adb3,2026-05-23 19:05:05.793724,413.11021267481095,28.531673571617617
d3bfe3a5,2,5449ea46,4e650515,2026-05-23 19:05:05.793746,126.5795529966404,49.098170467930935
4c0b1691,1,94dfc64f,4e650515,2026-05-23 19:05:05.793778,184.9237312833963,7.895496735862224
4c0b1691,2,964d9148,9bfa8093,2026-05-23 19:05:05.793800,382.42907602953215,49.3508014972957
a5749a6f,1,fa76f6ba,9644a854,2026-05-23 19:05:05.793828,372.87655926488094,46.61810430006311
e44e8a8b,1,65b6ef7a,62cdfa79,2026-05-23 19:05:05.793856,443.87773914059613,27.968437891038114
e44e8a8b,2,ea1f8042,3b78784c,2026-05-23 19:05:05.793879,317.46438716486995,45.31767794459743
9ff46711,1,f7a0c352,5e6a3159,2026-05-23 19:05:05.793907,344.3476191731454,32.827267489422276
9ff46711,2,1b9d7f55,110c0782,2026-05-23 19:05:05.793929,112.46920989624657,13.672625188348988
a8e2ac85,1,96de232f,894b8626,2026-05-23 19:05:05.793958,252.01958414430788,43.27679186717712
a8e2ac85,2,b9745c32,aa58e7b1,2026-05-23 19:05:05.793980,272.6757949837648,35.612888938091054
a8e2ac85,3,a0a8781f,dc8f6fd7,2026-05-23 19:05:05.794002,61.38512691922191,31.884669384866626
1b07e981,1,aad67ea5,9b360271,2026-05-23 19:05:05.794030,493.13292462473913,28.364656846190844
5ce86114,1,aad26c74,ce20adb3,2026-05-23 19:05:05.794058,180.16741523825613,48.131012205772805
70987a77,1,2ff7eef7,9ea3a409,2026-05-23 19:05:05.794086,379.82506374948366,17.334333890077577
8d799336,1,8f8402ce,15bfe12f,2026-05-23 19:05:05.794114,136.40838840772676,49.38493718212138
3f7b801d,1,55038fe2,95784c07,2026-05-23 19:05:05.794142,423.2302865314076,20.60835421656581
8ee56db9,1,0b5b7698,63b5cfb8,2026-05-23 19:05:05.794171,311.3606452442355,21.278836248025918
369461fe,1,45326e3f,08d65812,2026-05-23 19:05:05.794198,132.81837677963193,6.0960260253883005
95aaf777,1,49052402,5e02fca9,2026-05-23 19:05:05.794226,459.3210807809157,43.837896793783756
de949e66,1,4b3a0747,0cd9ed1f,2026-05-23 19:05:05.794254,409.15122567301177,38.048042753961084
6d789c01,1,5552af64,fb7e1c47,2026-05-23 19:05:05.794282,433.6301641064517,41.86001591786572
103104f8,1,f7a0c352,c739947b,2026-05-23 19:05:05.794310,423.82602596488965,13.35677030369012
a88b7b98,1,3c194590,08d65812,2026-05-23 19:05:05.794338,185.08601600186893,22.98654522622865
093465e2,1,804a783b,aa58e7b1,2026-05-23 19:05:05.794366,485.15780260274397,11.142572546558524
4616f16a,1,23e40a8f,2b1a9a37,2026-05-23 19:05:05.794394,219.3480443479152,5.3191460482123505
532e177d,1,a81b9a61,ac8fa3d8,2026-05-23 19:05:05.794421,428.07837821585895,41.261146429832074
532e177d,2,542cbb30,62cdfa79,2026-05-23 19:05:05.794444,324.5699339713266,48.21301658144125
00584e8f,1,8da5e0b6,c739947b,2026-05-23 19:05:05.794472,61.50810448980208,31.487693775605774
94274d0d,1,ad8d092f,67491841,2026-05-23 19:05:05.794500,57.005216207499245,43.398765585287144
b6c78d2d,1,c87fb338,33e748b3,2026-05-23 19:05:05.794530,431.43905437057407,20.107460507948772
b6c78d2d,2,e56f8c87,08d65812,2026-05-23 19:05:05.794552,28.00964582625136,35.196339475959995
b6c78d2d,3,33003285,ce20adb3,2026-05-23 19:05:05.794574,397.3690779395695,38.28373017884256
7fee56f0,1,da6e8a9b,f3ab5934,2026-05-23 19:05:05.794603,399.3106792443322,46.65029518230088
b9776fba,1,ba4ae1ef,3b78784c,2026-05-23 19:05:05.794631,325.9902743113583,33.148236600990224
742ecd1a,1,6096faed,110c0782,2026-05-23 19:05:05.794659,218.39105357287022,31.702559835765936
b72cd780,1,089642f6,33e748b3,2026-05-23 19:05:05.794687,178.45300765563258,16.11009779093849
0af61512,1,efaf5996,586281b8,2026-05-23 19:05:05.794715,418.32712423067517,20.53903928271936
89ff47ad,1,4dceac83,63b5cfb8,2026-05-23 19:05:05.794744,483.80584468711055,44.70767935548302
650e028a,1,b426fb84,33e748b3,2026-05-23 19:05:05.794771,229.67964302178996,34.333570273462506
650e028a,2,5194ad1a,97b111d7,2026-05-23 19:05:05.794793,443.8269147863835,17.205474354728985
675ddef8,1,a4cc70ff,3a9e1e22,2026-05-23 19:05:05.794822,270.56938278495835,39.752434806885184
675ddef8,2,0de23cb0,249a652c,2026-05-23 19:05:05.794844,191.8418121940685,44.95424916042086
04c277ed,1,591fed2c,2b1a9a37,2026-05-23 19:05:05.794872,290.3172590960425,36.31867659996174
fd24430d,1,0c7d5c0d,4e650515,2026-05-23 19:05:05.794900,441.81820181575637,21.75176047446496
fd24430d,2,72305100,586281b8,2026-05-23 19:05:05.794923,491.9362598281521,6.401659849216123
dbc4fe8b,1,5194ad1a,63b5cfb8,2026-05-23 19:05:05.794951,449.0741072255238,13.1714967390942
735cfd1f,1,081be4d1,0cd9ed1f,2026-05-23 19:05:05.794979,408.17416370480123,7.6927008244840005
337a8d27,1,419673b9,bf313c0e,2026-05-23 19:05:05.795008,450.8562401304692,7.921612292157812
337a8d27,2,275bb310,b4998c55,2026-05-23 19:05:05.795042,343.22073882454896,29.942082775487094
a7a6f49c,1,8f8402ce,66e13682,2026-05-23 19:05:05.795094,306.931602888253,37.683001446665884
96485982,1,b61d752f,bf313c0e,2026-05-23 19:05:05.795123,118.24698432931947,46.3535743785382
75131d9f,1,4a16a9b2,9ea3a409,2026-05-23 19:05:05.795151,322.7135915828477,14.129174117267512
75131d9f,2,b404910a,9bfa8093,2026-05-23 19:05:05.795173,67.1423925186334,49.55888212020163
d3c156dd,1,742b6473,99c13bee,2026-05-23 19:05:05.795201,443.3135987973394,35.800618860246296
0c040e3b,1,fd29b273,4e650515,2026-05-23 19:05:05.795230,275.07586944684255,35.3361487445454
cd982004,1,b61d752f,894b8626,2026-05-23 19:05:05.795258,220.69951944830362,11.470119501822438
cd982004,2,d69a9a23,3a9e1e22,2026-05-23 19:05:05.795280,384.30706845729253,43.61318837424281
c277e35c,1,4c492c77,ea1be9b6,2026-05-23 19:05:05.795308,125.99415089375547,43.56288939344924
9911957f,1,e2d2b752,ce20adb3,2026-05-23 19:05:05.795337,391.178514990887,30.975188489065783
9911957f,2,1ebfd578,aa58e7b1,2026-05-23 19:05:05.795359,144.71001967804474,7.401988824788767
88c3917d,1,fbb41c14,180aa0cd,2026-05-23 19:05:05.795387,113.50865932541033,14.183762856894816
245286de,1,531f5fa7,ce20adb3,2026-05-23 19:05:05.795434,436.96532011612123,8.137288730736003
10a0f590,1,fbb41c14,9644a854,2026-05-23 19:05:05.795463,168.97208824346416,29.471301105868246
66538cdd,1,25e8e9d0,45460435,2026-05-23 19:05:05.795490,439.4385331311373,38.06334992773555
66538cdd,2,173de56d,9b360271,2026-05-23 19:05:05.795512,83.79429035324505,26.340165784534346
375332f6,1,30592970,180aa0cd,2026-05-23 19:05:05.795540,51.3763660276839,33.98841401486551
4cb080d8,1,77bc82f2,ac8fa3d8,2026-05-23 19:05:05.795569,400.7664733073075,23.583746949476513
503f2d1c,1,750350d8,f3ab5934,2026-05-23 19:05:05.795598,226.6166355106734,47.22964333996022
503f2d1c,2,9cd99410,bd830d4e,2026-05-23 19:05:05.795627,94.03280424621863,11.576563582734531
503f2d1c,3,c36c1712,2e90d858,2026-05-23 19:05:05.795652,128.08463142031525,24.211436179352177
a0881619,1,176a9f25,16597aea,2026-05-23 19:05:05.795687,72.87993509342057,39.578371224388974
c6f1ba6e,1,d69a9a23,ea1be9b6,2026-05-23 19:05:05.795718,498.3430746835289,8.09049818998005
8c69ce6a,1,5602319e,110c0782,2026-05-23 19:05:05.795746,476.53799798846916,5.901727754467172
d284e7ec,1,0db194da,ce20adb3,2026-05-23 19:05:05.795775,132.20160531289002,7.421342621659307
7514a8c4,1,5552af64,3b78784c,2026-05-23 19:05:05.795803,289.70907663967307,36.79132176871735
58114e2e,1,c1997843,aa58e7b1,2026-05-23 19:05:05.795831,246.83942513707635,42.86978141867164
75f22f8c,1,73bdc762,894b8626,2026-05-23 19:05:05.795859,207.2709603113799,11.199766155446124
4dc863aa,1,5552af64,c739947b,2026-05-23 19:05:05.795887,233.83421854889536,19.454641404853017
265eded8,1,864efcb0,3a9e1e22,2026-05-23 19:05:05.795915,410.73360652199494,32.957095612214246
265eded8,2,97a673c8,9b360271,2026-05-23 19:05:05.795937,191.69113220656132,31.831018879884958
1a5cc3c3,1,f0d91fa3,2e90d858,2026-05-23 19:05:05.795965,63.3175947723108,45.024204631515246
3a5d9489,1,865e88d7,33e748b3,2026-05-23 19:05:05.795994,210.3943013316951,17.942904128007605
3a5d9489,2,b7e09b7b,67491841,2026-05-23 19:05:05.796016,443.74513686754096,41.8917803342465
d590a344,1,5a1c1530,dc8f6fd7,2026-05-23 19:05:05.796044,380.20173236266453,30.92694333442722
97c447dc,1,d96a25fc,99c13bee,2026-05-23 19:05:05.796072,388.0774311647728,15.79768994273871
24848547,1,c9610a20,67491841,2026-05-23 19:05:05.796106,145.49480374934822,46.2017284691502
daf5e54f,1,ce0b5c90,66e13682,2026-05-23 19:05:05.796146,162.7039610234198,9.730265468249495
daf5e54f,2,fbb41c14,5e6a3159,2026-05-23 19:05:05.796168,286.83561907479606,18.75156983184689
f96bcbcf,1,1da4bd30,249a652c,2026-05-23 19:05:05.796196,289.8068530341281,29.66428542849987
4322f893,1,79804949,b40b18bf,2026-05-23 19:05:05.796224,381.040476898918,31.269494448333255
be14542c,1,d6f5e7f4,9ea3a409,2026-05-23 19:05:05.796252,162.6205912468335,33.354208526980536
be14542c,2,b95f3fdf,3a9e1e22,2026-05-23 19:05:05.796274,150.59248448284163,40.541192232415675
050cbb5c,1,06c13985,3a9e1e22,2026-05-23 19:05:05.796303,141.5713250838928,27.098010480161097
050cbb5c,2,646e5c19,9b360271,2026-05-23 19:05:05.796326,25.2712967069448,26.898416462394714
8cd16e25,1,1efe4014,3b78784c,2026-05-23 19:05:05.796359,67.46997315983725,8.843163496743326
d4767611,1,543b3a32,3d8cbaaa,2026-05-23 19:05:05.796387,91.0295779134317,14.675766693880107
ab8c49f4,1,b1c8aeb7,fb7e1c47,2026-05-23 19:05:05.796415,431.8708866262098,31.550385148055867
8bf0bfcd,1,0b9e4648,15bfe12f,2026-05-23 19:05:05.796443,113.68354006741353,33.34524520965511
c6d4c646,1,ad8d092f,9644a854,2026-05-23 19:05:05.796472,369.6609839092765,26.51570033834747
6608c594,1,337e4c9d,2e90d858,2026-05-23 19:05:05.796500,151.2836985338256,13.651667248001306
6608c594,2,7ba033d5,2e90d858,2026-05-23 19:05:05.796523,58.449981632386795,33.478778958930626
570435a9,1,081be4d1,9b360271,2026-05-23 19:05:05.796551,150.44132112097878,31.92706320796034
8c80e2a7,1,507392e6,4e650515,2026-05-23 19:05:05.796579,35.089723332425336,13.661206735794554
bddde84b,1,964d9148,a9b0059e,2026-05-23 19:05:05.796607,218.64178208908316,9.396630535534188
b17f5657,1,14ce9de4,da9dd43e,2026-05-23 19:05:05.796635,57.292512772357455,8.00130886798858
c8518a7e,1,f6cd0a4d,66e13682,2026-05-23 19:05:05.796663,143.66792222029017,19.65948561345384
2368722d,1,e01d6e05,fb7e1c47,2026-05-23 19:05:05.796701,176.1097695969543,21.007155392737797
89d55751,1,a45b8c85,586281b8,2026-05-23 19:05:05.796729,156.81430264255965,23.10786345292744
89d55751,2,8c7a1f1a,fb7e1c47,2026-05-23 19:05:05.796752,51.599871382297415,34.89882135441385
6b8bc4ed,1,675b3cbf,3d8cbaaa,2026-05-23 19:05:05.796780,441.76054564573957,8.373279016120653
f82bcb39,1,af286d24,7ed1bfe7,2026-05-23 19:05:05.796809,330.2336384814084,45.842773710216605
43b40a7e,1,982d53cd,f3ab5934,2026-05-23 19:05:05.796837,301.10748077168626,36.17383829049384
999317df,1,4d2c57f6,15627973,2026-05-23 19:05:05.796865,237.2689464644404,6.775322117175276
999317df,2,8f86fffc,dc8f6fd7,2026-05-23 19:05:05.796888,375.04758057816326,14.901608411497962
9efe017c,1,b9745c32,aa58e7b1,2026-05-23 19:05:05.796916,25.56170656465426,37.19622783503988
ba60c0eb,1,abb42609,110c0782,2026-05-23 19:05:05.796944,342.55123016379633,17.406570381900604
5bdf0529,1,3c194590,99c13bee,2026-05-23 19:05:05.796973,217.3712959650406,48.93702735997332
5bdf0529,2,a0a8781f,249a652c,2026-05-23 19:05:05.796995,279.2856435932268,12.98772918899116
782211f1,1,dd524de3,33e748b3,2026-05-23 19:05:05.797023,492.0778950214948,26.05980671188707
782211f1,2,fd399d3f,3b2bdf38,2026-05-23 19:05:05.797046,100.12678131417704,34.50110705185392
782211f1,3,1ca8e41b,08d65812,2026-05-23 19:05:05.797068,451.3733622318958,15.643360086763128
d06237b6,1,39cdb41d,7ed1bfe7,2026-05-23 19:05:05.797097,225.441263013305,25.68116135284078
48def4f8,1,7a224966,99c13bee,2026-05-23 19:05:05.797125,195.49850415690858,33.59933644590476
f3ad649b,1,0b819c5a,97b111d7,2026-05-23 19:05:05.797154,468.3032455861157,39.95741788953638
7947b0c5,1,81766bcf,894b8626,2026-05-23 19:05:05.797182,169.31235076871357,14.62271580786715
db7b800f,1,df410c8f,3b78784c,2026-05-23 19:05:05.797210,470.57512191837463,45.82590415099494
db7b800f,2,200524a6,586281b8,2026-05-23 19:05:05.797233,35.61659932624899,15.141000271229293
187d968f,1,dee1e0c5,894b8626,2026-05-23 19:05:05.797261,482.9945412756813,49.82554219207649
187d968f,2,a45b8c85,30eaa364,2026-05-23 19:05:05.797283,330.12567460824584,5.779858077964955
187d968f,3,874bac3e,5e02fca9,2026-05-23 19:05:05.797306,73.5015521660041,39.57480610693429
758d3049,1,f092aab0,63b5cfb8,2026-05-23 19:05:05.797334,273.0773354893348,32.82903874481154
47f0ac16,1,fd9d1a8c,3d8cbaaa,2026-05-23 19:05:05.797362,446.24640862449456,11.28867373554393
5341585e,1,3726cc61,95784c07,2026-05-23 19:05:05.797390,354.68923630985216,42.110461383790145
d918afdb,1,4555ffbd,bd830d4e,2026-05-23 19:05:05.797424,151.06034264167997,9.167484047451762
37b83761,1,aad67ea5,110c0782,2026-05-23 19:05:05.797452,339.71726201958984,23.57498823919467
10f3c55a,1,cd6143ea,95784c07,2026-05-23 19:05:05.797481,440.3123707020768,24.61091915606021
10f3c55a,2,ffa5a956,894b8626,2026-05-23 19:05:05.797503,465.9199118662479,38.193663902976006
10f3c55a,3,798444b8,ea1be9b6,2026-05-23 19:05:05.797525,52.64383626139285,48.110559715995045
3606fa15,1,cae0b89b,67491841,2026-05-23 19:05:05.797553,171.36943478793881,43.92629239244336
3606fa15,2,1ebfd578,bd830d4e,2026-05-23 19:05:05.797575,263.09259833084735,19.024217295835673
3606fa15,3,b81d663e,ce20adb3,2026-05-23 19:05:05.797597,303.2200881207038,31.42469150609081
68cc157d,1,f6143d5b,9b360271,2026-05-23 19:05:05.797626,55.35540226115104,11.660932400616371
bec0777a,1,cdc4c018,bd830d4e,2026-05-23 19:05:05.797654,128.11302965137583,16.464920248624402
cac46aa2,1,0b95b346,15627973,2026-05-23 19:05:05.797682,115.51674724245858,25.229230509809923
610c81b6,1,a30767f9,2e90d858,2026-05-23 19:05:05.797710,79.46392991949162,37.16220192623012
bfc8423d,1,4dceac83,5e02fca9,2026-05-23 19:05:05.797738,337.2818553524245,26.08999603321236
6daef43b,1,b7e09b7b,586281b8,2026-05-23 19:05:05.797766,54.4414826011387,45.30058761887307
ce910d86,1,6da265a9,16597aea,2026-05-23 19:05:05.797794,382.10923529753376,8.04079576436987
27961ed5,1,53cc4a10,1b864e2e,2026-05-23 19:05:05.797822,263.8080467099471,37.373013989140105
27961ed5,2,0d4f14be,ac8fa3d8,2026-05-23 19:05:05.797844,418.2969365035352,16.49183375413161
27961ed5,3,a80408ce,aa58e7b1,2026-05-23 19:05:05.797866,403.84894502509314,39.60427483744292
476b4ef8,1,f0fa7368,33e748b3,2026-05-23 19:05:05.797894,484.85243403534645,23.675962579377536
f10d4c6c,1,c5ed13b4,bd830d4e,2026-05-23 19:05:05.797922,168.7213585731855,33.84485390150246
14d5da2b,1,d96a25fc,9644a854,2026-05-23 19:05:05.797958,91.47396407356615,44.42515117860399
14d5da2b,2,1e9afbc6,586281b8,2026-05-23 19:05:05.797981,290.7576374806593,24.624988883133966
9008ceb2,1,a4d8f4ec,5e6a3159,2026-05-23 19:05:05.798009,407.55664602908496,16.996462557731803
23083403,1,e56f8c87,b40b18bf,2026-05-23 19:05:05.798038,461.65226989475013,38.57763266278511
0a16a338,1,72305100,5e6a3159,2026-05-23 19:05:05.798066,253.89048657350745,41.372213187454264
a97ade19,1,99fe0983,1b864e2e,2026-05-23 19:05:05.798094,213.5872342284556,47.96394917680822
a97ade19,2,2f8dbd79,f3ab5934,2026-05-23 19:05:05.798116,111.39792287758029,28.91548871944343
3728d52e,1,98b1abf5,c739947b,2026-05-23 19:05:05.798144,348.78973586949394,26.21610125658475
3728d52e,2,0deada69,ce20adb3,2026-05-23 19:05:05.798170,407.0778413587741,15.157542910960077
6fe19c1e,1,cd6143ea,45460435,2026-05-23 19:05:05.798198,419.25628165464303,21.823255677314364
510df245,1,982d53cd,33e748b3,2026-05-23 19:05:05.798226,421.71808420893296,40.34935567737496
b3d79805,1,8c7a1f1a,7ed1bfe7,2026-05-23 19:05:05.798254,253.71110438226466,11.112926871432652
b3d79805,2,b8caf64c,ce20adb3,2026-05-23 19:05:05.798276,391.7965918278913,7.9325107159172505
05c4a9b4,1,84db25bf,97b111d7,2026-05-23 19:05:05.798304,287.7915686618621,32.33081639425361
95eb6adf,1,0db194da,45460435,2026-05-23 19:05:05.798340,35.51737216087177,34.795135673634924
bd0fc83a,1,d414418d,3b78784c,2026-05-23 19:05:05.798370,448.6486454633949,46.827540646144996
bd0fc83a,2,ffe98fb2,ea1be9b6,2026-05-23 19:05:05.798392,355.03585580817526,22.88204371293476
cf1f4241,1,2016e8c0,2b1a9a37,2026-05-23 19:05:05.798420,311.83432941860514,41.673550351707
cf1f4241,2,d554f362,9bfa8093,2026-05-23 19:05:05.798442,334.1861292970401,49.52885792141279
c65a2c88,1,f8eb5b7f,894b8626,2026-05-23 19:05:05.798471,331.9410852031336,46.38232685843377
a1e0e778,1,0558b9dd,66e13682,2026-05-23 19:05:05.798499,281.3832245858208,40.974997432905006
879ca9e5,1,051f76c2,67491841,2026-05-23 19:05:05.798526,489.0364176294638,17.955709393250036
36074023,1,a40970e9,ea1be9b6,2026-05-23 19:05:05.798554,357.8766613926417,33.88052715285232
65d6dd33,1,275bb310,67491841,2026-05-23 19:05:05.798582,207.0865950255847,40.67241300114017
df078275,1,b85caafc,ea1be9b6,2026-05-23 19:05:05.798610,409.09952543801427,45.550336285649195
223f9913,1,e01d6e05,3b78784c,2026-05-23 19:05:05.798638,94.27498156943734,8.799778372277995
209a3272,1,fd9d1a8c,67491841,2026-05-23 19:05:05.798666,121.84413930783194,48.5876726670363
38df4ef5,1,b2e5ceac,7ed1bfe7,2026-05-23 19:05:05.798694,459.25759636213127,48.441193775307646
2c52bc02,1,542cbb30,2b1a9a37,2026-05-23 19:05:05.798722,63.61331164698299,5.891350415039217
0a75af49,1,c898aa01,9bfa8093,2026-05-23 19:05:05.798750,54.67525526246078,29.2315666236555
0a75af49,2,ba4ae1ef,9644a854,2026-05-23 19:05:05.798773,191.64500364614437,20.919353675658304
0a75af49,3,53cc4a10,30eaa364,2026-05-23 19:05:05.798798,484.486304635944,16.93493570973814
802a9984,1,f0578d49,30eaa364,2026-05-23 19:05:05.798826,385.69287945861606,15.305816862982315
26c1d4b7,1,78db85d2,249a652c,2026-05-23 19:05:05.798854,114.1751794931008,39.1867417779709
8eb47cfd,1,2082d9d2,fb7e1c47,2026-05-23 19:05:05.798882,236.98000695798277,44.42833321721571
8eb47cfd,2,ef4d75a2,110c0782,2026-05-23 19:05:05.798905,411.3217787163504,14.708880487549111
2e803765,1,b4305394,97b111d7,2026-05-23 19:05:05.798932,99.06455019154771,43.92010362902204
e6f79946,1,0b502c6a,4e650515,2026-05-23 19:05:05.798961,135.66909584671978,27.747162653356753
7e76dc6e,1,9fc805ba,249a652c,2026-05-23 19:05:05.798989,387.09885650568293,10.815236592068347
3dd043f8,1,9a4b5684,95784c07,2026-05-23 19:05:05.799018,46.594059703734025,26.19655674190536
3e9932bc,1,a127fb43,9bfa8093,2026-05-23 19:05:05.799045,73.34444337710335,33.264890895581345
3e4cf873,1,f8eb5b7f,aa58e7b1,2026-05-23 19:05:05.799073,380.38545666588175,46.87436229517214
3e4cf873,2,dd121367,0cd9ed1f,2026-05-23 19:05:05.799096,265.6012194034052,5.1594626897049425
ba56ea6a,1,39cdb41d,9bfa8093,2026-05-23 19:05:05.799132,385.8096583275342,34.060840677383986
07d2f118,1,2bc19be5,fb7e1c47,2026-05-23 19:05:05.799169,225.9708697716745,30.719071889843597
e6106cb4,1,cf112ebc,3a9e1e22,2026-05-23 19:05:05.799201,265.08505055532174,27.261445829145288
9bfb6065,1,a1372f50,16597aea,2026-05-23 19:05:05.799229,399.50556081660716,36.58797628219638
68064272,1,46ec6a2f,5e02fca9,2026-05-23 19:05:05.799258,274.00436607628205,13.187915195364996
68064272,2,dc1f3972,9bfa8093,2026-05-23 19:05:05.799280,280.0433694368558,39.40654340929887
24b1d7ce,1,af8f94ee,63b5cfb8,2026-05-23 19:05:05.799308,306.78200254785,40.4581229316093
82b99738,1,97cfd068,586281b8,2026-05-23 19:05:05.799337,378.2485496689143,31.812802846986582
82b99738,2,1b0c3530,ac8fa3d8,2026-05-23 19:05:05.799359,189.0670586569354,39.44306228560602
82b99738,3,eb1ad0e1,33e748b3,2026-05-23 19:05:05.799382,404.46112997980146,27.50107862353196
42f97920,1,b327f5b3,15627973,2026-05-23 19:05:05.799410,169.80450594518538,36.234811926009556
333f2086,1,4c8b7456,ea1be9b6,2026-05-23 19:05:05.799438,44.52577167341255,7.644986125068243
a561802f,1,4589144e,bd830d4e,2026-05-23 19:05:05.799466,298.1866962687821,31.6698958595922
720f625e,1,fbb41c14,c739947b,2026-05-23 19:05:05.799494,364.9200698320689,41.83265108061884
720f625e,2,8a46dc93,dc8f6fd7,2026-05-23 19:05:05.799517,27.456865529387926,25.636429049164335
6e018364,1,a0f95b64,9ea3a409,2026-05-23 19:05:05.799545,234.68815048843058,47.30752935794197
952bb506,1,45326e3f,5e02fca9,2026-05-23 19:05:05.799573,231.2855986599254,49.76952012807311
952bb506,2,84b3928b,07a21a6e,2026-05-23 19:05:05.799596,205.40950120932223,18.23361608295382
59c395d0,1,c87fb338,33e748b3,2026-05-23 19:05:05.799624,42.786519163165636,42.607292890821086
30ca6a78,1,fe6d693f,249a652c,2026-05-23 19:05:05.799652,459.50474174992985,9.270701501060936
30ca6a78,2,d69a9a23,7ed1bfe7,2026-05-23 19:05:05.799674,54.10037911671786,42.65761816817509
0d28ed21,1,591fed2c,15627973,2026-05-23 19:05:05.799702,276.98942996180534,18.395397012849923
0d28ed21,2,4b3a0747,5e6a3159,2026-05-23 19:05:05.799724,248.74765960323705,40.58611214959697
0d28ed21,3,32992893,15bfe12f,2026-05-23 19:05:05.799747,95.38606550354011,14.083792970252228
c52a0175,1,e2f99ef5,07a21a6e,2026-05-23 19:05:05.799775,120.78653015209908,45.56496192404303
161e9d4b,1,810bbb39,894b8626,2026-05-23 19:05:05.799803,22.15913451612522,34.86311176632343
161e9d4b,2,0db194da,63b5cfb8,2026-05-23 19:05:05.799826,310.1908000508706,8.764615266478394
b05754bf,1,543b3a32,95784c07,2026-05-23 19:05:05.799854,364.8460948801808,29.88114126250187
6fadf75f,1,3c194590,5e6a3159,2026-05-23 19:05:05.799882,471.18110854104344,13.093274168339427
3a5ce456,1,8b9e19ff,16597aea,2026-05-23 19:05:05.799913,148.6342250302752,10.477631393614587
8c27183a,1,2c976d13,3d8cbaaa,2026-05-23 19:05:05.799941,344.1342306295305,33.928527299594116
6f235d9d,1,a1372f50,16597aea,2026-05-23 19:05:05.799969,191.99584371674396,41.98261530094276
331c75e5,1,c8a5bb8c,62cdfa79,2026-05-23 19:05:05.799997,315.11432164308513,24.304057767509057
a16d1868,1,750350d8,2b1a9a37,2026-05-23 19:05:05.800026,346.46619309464126,48.33804436098017
5991c0c3,1,ab313603,3a9e1e22,2026-05-23 19:05:05.800053,92.22193878146739,33.69577217700045
40de23a6,1,479b7a62,3d8cbaaa,2026-05-23 19:05:05.800081,439.6960089640746,16.382890586087587
38a7123c,1,d4986c37,180aa0cd,2026-05-23 19:05:05.800109,313.2714510702928,7.154221366823189
7a83786c,1,d108b3e1,63b5cfb8,2026-05-23 19:05:05.800137,245.13125103476364,43.31543198002288
c92e8d30,1,4bbadaeb,0cd9ed1f,2026-05-23 19:05:05.800166,131.35063572052584,19.29598887497979
c92e8d30,2,732fef27,45460435,2026-05-23 19:05:05.800188,298.73722487365364,46.84623997261174
c92e8d30,3,8b9e19ff,30eaa364,2026-05-23 19:05:05.800210,389.3166384985419,43.324492688132324
8a072829,1,6dc89fae,07a21a6e,2026-05-23 19:05:05.800238,151.48261295304968,35.77817812856085
0fb92447,1,bd1f1f4c,45460435,2026-05-23 19:05:05.800266,361.74207318128344,39.652921383878926
5d3e5c76,1,30aef8b8,9bfa8093,2026-05-23 19:05:05.800294,124.98241639191464,31.960913618209673
b47889f9,1,cec4fb47,894b8626,2026-05-23 19:05:05.800323,497.82786927079593,22.20491464770256
0627430f,1,55038fe2,99c13bee,2026-05-23 19:05:05.800351,304.1157400139028,19.638440799449214
1db92e4c,1,b1eadd47,5e02fca9,2026-05-23 19:05:05.800379,391.05397797199606,43.79032992325337
3a3e5148,1,4bbadaeb,9b360271,2026-05-23 19:05:05.800407,361.3459338744606,11.699934050294646
bf5980ec,1,fdf27c4c,9b360271,2026-05-23 19:05:05.800435,84.78336370326146,35.98104447920881
01f4cb3c,1,531f5fa7,dc8f6fd7,2026-05-23 19:05:05.800463,235.38274540918104,7.0798786234502415
97878999,1,2082d9d2,a9b0059e,2026-05-23 19:05:05.800492,424.5537863253272,37.18892021718453
3ab7c529,1,f9a59579,f3ab5934,2026-05-23 19:05:05.800519,81.35884380721812,28.636436211679005
0092831f,1,b1c8aeb7,bd830d4e,2026-05-23 19:05:05.800547,269.867064994335,41.45111983348883
9256f34b,1,d218870d,586281b8,2026-05-23 19:05:05.800575,258.49966149576966,6.27203728384657
79e6e90d,1,f9a59579,b40b18bf,2026-05-23 19:05:05.800603,432.94287557552036,24.56988646736219
1f4bb319,1,46c15051,2b1a9a37,2026-05-23 19:05:05.800631,311.5070856690466,38.16063005446547
87a999a8,1,63728634,c739947b,2026-05-23 19:05:05.800659,166.09523882131273,44.51045687668154
8c5ed5ec,1,81898926,5e6a3159,2026-05-23 19:05:05.800687,246.72073709852714,32.828055866494324
8c5ed5ec,2,03f01a23,b4998c55,2026-05-23 19:05:05.800710,385.10849996231144,16.761766255559582
19833548,1,e384dc23,5e6a3159,2026-05-23 19:05:05.800738,475.9859419076918,45.291074670779025
27fbcae4,1,cdc4c018,ce20adb3,2026-05-23 19:05:05.800766,151.18298978502773,22.243503253427953
477d133e,1,d9ea54ef,249a652c,2026-05-23 19:05:05.800797,363.74858544197355,16.000306371582308
64e04094,1,c46d0109,08d65812,2026-05-23 19:05:05.800826,442.2318011856282,30.18259555993633
64e04094,2,f55f8f48,894b8626,2026-05-23 19:05:05.800848,396.6076892397255,29.89888456778968
4bc7e0b7,1,5449ea46,3d8cbaaa,2026-05-23 19:05:05.800877,392.54387092539935,12.37255654840142
4bc7e0b7,2,ad8d092f,180aa0cd,2026-05-23 19:05:05.800899,106.13673000334167,15.728960841054752
ffe87e5c,1,8f11fcf0,99c13bee,2026-05-23 19:05:05.800928,130.29502136352409,17.157872154997882
7ec2ed4f,1,b7ab2de3,ea1be9b6,2026-05-23 19:05:05.800961,201.7208782914293,11.561710606579316
c723a4c9,1,742b6473,9bfa8093,2026-05-23 19:05:05.800990,72.34246470708,16.98646789657186
c723a4c9,2,d06b3a63,33e748b3,2026-05-23 19:05:05.801012,437.58401181107905,8.225284485632566
973ecf57,1,a45b8c85,66e13682,2026-05-23 19:05:05.801040,324.216300504346,5.993381089787268
973ecf57,2,3c62cc15,9b360271,2026-05-23 19:05:05.801062,199.49284308720732,36.45779597243666
3c7e9b4d,1,6d25ee58,30eaa364,2026-05-23 19:05:05.801090,221.99852337716536,17.21397418262361
df54f840,1,a4ec77b1,1b864e2e,2026-05-23 19:05:05.801119,483.9226101734776,32.93384836475738
bdbe437c,1,dbf83b6b,15bfe12f,2026-05-23 19:05:05.801146,191.03541716989008,39.96265605993292
242a793e,1,ac9d25dc,894b8626,2026-05-23 19:05:05.801175,465.8954632734744,36.43498541864199
08458bbd,1,0477d12a,66e13682,2026-05-23 19:05:05.801203,261.6353752993905,21.407226691707102
08458bbd,2,0db194da,fb7e1c47,2026-05-23 19:05:05.801225,122.84014378053912,45.22984622980186
16f40186,1,3efb1588,bf313c0e,2026-05-23 19:05:05.801253,152.62913441273759,48.328290192842566
5a8aa515,1,fd29b273,dc8f6fd7,2026-05-23 19:05:05.801281,148.58838310490634,49.970641620824985
89707175,1,1c88cf70,bd830d4e,2026-05-23 19:05:05.801309,290.7762896403983,45.57148235101456
89707175,2,9fc805ba,110c0782,2026-05-23 19:05:05.801331,467.463865411121,26.5609838469633
89707175,3,369f091e,45460435,2026-05-23 19:05:05.801353,278.983896746351,34.01775361614729
ae8fafe4,1,d5d9aebe,2b1a9a37,2026-05-23 19:05:05.801381,388.53245431933897,24.76869558525113
6aef5140,1,b1eadd47,2b1a9a37,2026-05-23 19:05:05.801409,485.13992349102483,26.448090634428045
1f1ff357,1,d2c057d7,45460435,2026-05-23 19:05:05.801437,390.7852145934857,29.645278179649782
5b65563e,1,30aef8b8,5e6a3159,2026-05-23 19:05:05.801466,174.03878074081513,44.3990517214698
f5371f3b,1,d108b3e1,97b111d7,2026-05-23 19:05:05.801494,329.6053798270477,6.48458997301668
bf5e4540,1,f0578d49,4e650515,2026-05-23 19:05:05.801522,436.28518313377936,42.38849722572066
e3b28c9d,1,ae0f5524,15bfe12f,2026-05-23 19:05:05.801550,86.70077571851431,10.90403447722425
a7a90ba1,1,1ec31fb7,30eaa364,2026-05-23 19:05:05.801578,87.9474023099206,41.38373364101825
789a2317,1,a45374ef,67491841,2026-05-23 19:05:05.801607,452.96151743972297,45.389217225546076
789a2317,2,7469ba11,249a652c,2026-05-23 19:05:05.801630,266.24461410135905,34.12875172310591
b98a4615,1,a45374ef,b40b18bf,2026-05-23 19:05:05.801660,485.3721276914754,10.098039742791988
6cc5dc96,1,419673b9,08d65812,2026-05-23 19:05:05.801689,144.13210419979924,49.6746247112332
31b5b4d5,1,6b99e29d,3d8cbaaa,2026-05-23 19:05:05.801717,453.3160528685561,11.500112007694936
8a8dcf2a,1,85e2c5d9,da9dd43e,2026-05-23 19:05:05.801745,287.34653152600623,46.429838000648566
225c089d,1,c8a5bb8c,9ea3a409,2026-05-23 19:05:05.801773,296.7127898956684,43.10125915330851
225c089d,2,ffe98fb2,ea1be9b6,2026-05-23 19:05:05.801796,234.4420350117765,11.899385984182365
225c089d,3,a45374ef,2b1a9a37,2026-05-23 19:05:05.801818,22.01331460373879,25.218872869272754
98f66a1f,1,861b3ce2,dc8f6fd7,2026-05-23 19:05:05.801846,405.8094971248977,11.352159792386534
98f66a1f,2,140ca47e,3b78784c,2026-05-23 19:05:05.801868,365.1867721225191,9.552811132907395
0db05f5e,1,cd775c56,4e650515,2026-05-23 19:05:05.801896,175.07533782075657,44.47950508346481
2154b416,1,76a498f4,da9dd43e,2026-05-23 19:05:05.801925,24.002768001923762,9.002460287329166
8faa8e69,1,bbe309dd,3b78784c,2026-05-23 19:05:05.801953,207.0800893627975,15.872691438706267
ba531f95,1,b124337a,3b78784c,2026-05-23 19:05:05.801981,487.46593790403284,43.09366765064102
4551df7f,1,2082d9d2,f3ab5934,2026-05-23 19:05:05.802009,420.8817065096563,44.67788187593494
75c9b05f,1,0d5d2bc4,9644a854,2026-05-23 19:05:05.802037,406.6154996875152,14.958754794327703
c8e788b0,1,804a783b,66e13682,2026-05-23 19:05:05.802065,444.5976688933876,48.241792851538996
39d6b387,1,a45b8c85,9b360271,2026-05-23 19:05:05.802093,142.45737707797832,34.92607883711555
005dcf99,1,7469ba11,ce20adb3,2026-05-23 19:05:05.802121,341.699343347332,19.25830271628424
cbd6d3f0,1,3eb38518,ea1be9b6,2026-05-23 19:05:05.802149,200.59339298739735,45.30459933339891
5bc70824,1,4c492c77,95784c07,2026-05-23 19:05:05.802178,192.84976755185244,22.656395105901233
17425c1e,1,46ec6a2f,2e90d858,2026-05-23 19:05:05.802205,100.02489102339659,17.46014489399961
e973aa84,1,6dc89fae,4e650515,2026-05-23 19:05:05.802233,244.53781413795238,41.24879127194643
47091e4d,1,4b3a0747,180aa0cd,2026-05-23 19:05:05.802261,39.49369887705841,13.75233704678207
07367c6c,1,7469ba11,ce20adb3,2026-05-23 19:05:05.802289,367.50562078544385,11.853272667039214
9d1b7cca,1,b95f3fdf,b40b18bf,2026-05-23 19:05:05.802317,316.7484963421127,27.39100588561573
92fc174c,1,ea4a85f7,fb7e1c47,2026-05-23 19:05:05.802349,34.78277566781165,11.75361435002129
6ccca613,1,d218870d,aa58e7b1,2026-05-23 19:05:05.802377,269.22072866687574,27.644038880284217
0dadb292,1,e0e01f58,2e90d858,2026-05-23 19:05:05.802405,125.71530123859132,36.14688922287139
d37883f8,1,34384d23,3b78784c,2026-05-23 19:05:05.802433,218.7447688647755,21.905072318112172
d37883f8,2,92028873,3b2bdf38,2026-05-23 19:05:05.802455,194.77006157382945,46.98626380978756
d37883f8,3,3517bafa,ac8fa3d8,2026-05-23 19:05:05.802478,98.58490066455386,48.08878913276829
a44e7ee4,1,76a498f4,7ed1bfe7,2026-05-23 19:05:05.802506,205.18529064529358,42.61971987626923
80ada4ed,1,ffa5a956,5e6a3159,2026-05-23 19:05:05.802534,258.69340491684113,46.66491102390225
b11ce404,1,92028873,dc8f6fd7,2026-05-23 19:05:05.802562,374.28794213314507,39.89900003288821
87e8d662,1,4a16a9b2,2e90d858,2026-05-23 19:05:05.802598,102.52788032176801,21.516141801242608
1d7dd975,1,051f76c2,67491841,2026-05-23 19:05:05.802626,82.22630621725148,27.450714080111258
060a4e15,1,c3e52a1d,b40b18bf,2026-05-23 19:05:05.802654,261.57326740104475,10.639399882638465
4fa0f85f,1,0e7cc150,ac8fa3d8,2026-05-23 19:05:05.802682,90.43469287239853,37.396333611839104
73363849,1,ce118617,2e90d858,2026-05-23 19:05:05.802714,382.5819197291789,47.3218704479996
7f41d4ea,1,e08b6212,aa58e7b1,2026-05-23 19:05:05.802751,476.1270834937446,28.540293396072922
0b632f63,1,ae0f5524,bf313c0e,2026-05-23 19:05:05.802806,415.4496967578289,32.213297098118105
4ffca629,1,c87fb338,99c13bee,2026-05-23 19:05:05.802838,233.09321412697284,21.564878382966793
f161f9a1,1,1bff1a8c,ea1be9b6,2026-05-23 19:05:05.802879,177.40440279071476,22.149105616475655
8156ac6f,1,190fd57b,aa58e7b1,2026-05-23 19:05:05.802913,88.93393348989736,22.675693142361624
8156ac6f,2,8990aa61,aa58e7b1,2026-05-23 19:05:05.802941,344.5985416152969,14.019355356868484
4cb152ec,1,33245b0c,7ed1bfe7,2026-05-23 19:05:05.802973,204.8287111526438,19.1364185915113
d41433de,1,14e8ac65,586281b8,2026-05-23 19:05:05.803013,97.06110385404999,15.104832585817482
e13edef5,1,e2d8fb6a,63b5cfb8,2026-05-23 19:05:05.803041,264.4981593537111,45.581030386496934
3dfff85b,1,99fe0983,0cd9ed1f,2026-05-23 19:05:05.803069,125.2503643667923,38.487692637922116
157e2197,1,c3e52a1d,9ea3a409,2026-05-23 19:05:05.803098,193.6655149292824,16.720716130802654
0fadd03a,1,d45a0f2d,5e02fca9,2026-05-23 19:05:05.803126,472.1782532669444,8.44487996817725
e1eb8cf3,1,c46d0109,da9dd43e,2026-05-23 19:05:05.803154,232.5024846232119,27.886182297639124
477ab0c4,1,0558b9dd,33e748b3,2026-05-23 19:05:05.803182,410.3093399707415,22.526044919805063
21ad5984,1,7b66be87,15bfe12f,2026-05-23 19:05:05.803210,472.30642260017595,34.46313145540868
f88bdb06,1,0b9e4648,aa58e7b1,2026-05-23 19:05:05.803247,439.88099220812904,34.87481283686135
939c9401,1,d4d390ec,180aa0cd,2026-05-23 19:05:05.803275,63.03922569491718,48.10169713713772
cf575ec4,1,26e8d692,aa58e7b1,2026-05-23 19:05:05.803304,288.5873618820543,27.29689363696941
4df544f7,1,b2f0edf2,0cd9ed1f,2026-05-23 19:05:05.803332,416.73910134241913,43.7358317625205
4de9f08e,1,34384d23,5e6a3159,2026-05-23 19:05:05.803360,249.27406940917928,18.327146094971777
6e8c670e,1,81898926,95784c07,2026-05-23 19:05:05.803388,94.18711741900677,28.8821972329179
f3d24ce9,1,cdc4c018,15bfe12f,2026-05-23 19:05:05.803416,413.307413588971,41.832711326507095
cd3cafc6,1,365315d9,30eaa364,2026-05-23 19:05:05.803445,490.5255803289185,47.76237768794678
26b7612f,1,efe58b44,894b8626,2026-05-23 19:05:05.803473,94.85269161020685,16.81871773509846
110e9b9b,1,8d1a49eb,7ed1bfe7,2026-05-23 19:05:05.803501,298.1498556310723,15.835356173601047
d46f785c,1,f8eb5b7f,dc8f6fd7,2026-05-23 19:05:05.803530,317.9581649828087,10.71854686252273
d46f785c,2,3386bf02,3b78784c,2026-05-23 19:05:05.803558,231.71799236598014,39.43094307837084
d46f785c,3,de6426fe,5e02fca9,2026-05-23 19:05:05.803580,197.97983332688904,26.126569443987304
6495d556,1,81766bcf,b40b18bf,2026-05-23 19:05:05.803608,71.70625953531902,45.74506458901421
0ebd2763,1,e08b6212,dc8f6fd7,2026-05-23 19:05:05.803637,293.40173399387464,14.592362776933118
82fbb6c3,1,741f3878,ea1be9b6,2026-05-23 19:05:05.803665,276.1636949664856,26.62994176954792
9e2f4f1f,1,a30767f9,4e650515,2026-05-23 19:05:05.803693,381.6030414019162,38.75316025743785
b2c1af5a,1,750350d8,2b1a9a37,2026-05-23 19:05:05.803721,393.87551024470235,30.285242121365997
3281fa6d,1,09e1dc5f,ce20adb3,2026-05-23 19:05:05.803749,363.6818205344945,31.970814481816692
262d1517,1,343bb9d6,3b78784c,2026-05-23 19:05:05.803777,296.8771559982332,32.48011828260615
754c50ad,1,8cb7dee8,da9dd43e,2026-05-23 19:05:05.803814,85.74904125506055,7.775254950822912
2adef3db,1,d218870d,9b360271,2026-05-23 19:05:05.803842,245.3196126035295,28.041394814782443
e7e1625f,1,33245b0c,97b111d7,2026-05-23 19:05:05.803870,165.01949295008555,46.095349476010895
db896332,1,a1ff7480,ac8fa3d8,2026-05-23 19:05:05.803898,45.71068047990627,33.30403402524944
db896332,2,b4ae0a98,5e6a3159,2026-05-23 19:05:05.803920,294.482220493223,8.562363520314994
163e4df4,1,e01d6e05,16597aea,2026-05-23 19:05:05.803954,303.6483269049073,21.02877464434402
d1ed3eb0,1,0010c2fe,45460435,2026-05-23 19:05:05.803985,163.66439483913956,8.035831385054584
96c89fca,1,91fb2ced,b4998c55,2026-05-23 19:05:05.804025,154.7457079651129,25.283882170058657
ad14263c,1,b9745c32,9ea3a409,2026-05-23 19:05:05.804055,436.8065438692682,39.149659300973255
8728dd1a,1,e0e01f58,b4998c55,2026-05-23 19:05:05.804084,25.07929377868857,49.357319952126275
da1a71b3,1,7cf68268,9bfa8093,2026-05-23 19:05:05.804112,221.66877004884995,9.671016339305494
8b292535,1,1792827c,5e6a3159,2026-05-23 19:05:05.804140,104.77489106715961,7.407853551235123
9e093432,1,7122197c,586281b8,2026-05-23 19:05:05.804168,142.55652398854969,48.140778682078974
77aa34a4,1,c8a5bb8c,95784c07,2026-05-23 19:05:05.804196,218.4767936305915,36.84650382154488
4fa314ab,1,16cf8ae8,62cdfa79,2026-05-23 19:05:05.804230,71.02399707455422,25.680007989528526
fc53e8af,1,cae0b89b,08d65812,2026-05-23 19:05:05.804260,75.78764803378219,35.42721342819819
c0acbb53,1,fd29b273,33e748b3,2026-05-23 19:05:05.804290,55.863636909119165,20.6163698396888
006ef5c2,1,72305100,3b78784c,2026-05-23 19:05:05.804320,213.39096157391714,21.46754309282674
c794cec7,1,a8759dc8,7ed1bfe7,2026-05-23 19:05:05.804348,234.66467004281208,23.449960010597913
c794cec7,2,a5d3f66d,2e90d858,2026-05-23 19:05:05.804370,369.67174880983765,17.680217371004133
5f62da95,1,ffe98fb2,c739947b,2026-05-23 19:05:05.804398,467.4685345663711,31.89168321015887
624fea59,1,ff4acc5e,9bfa8093,2026-05-23 19:05:05.804426,401.81389932382797,19.98514587382083
730998d6,1,982d53cd,bd830d4e,2026-05-23 19:05:05.804454,495.56053755433294,36.958538458453184
007b05dd,1,ffa1f70e,2e90d858,2026-05-23 19:05:05.804482,442.15270807810373,36.36355190547799
40aa3d8a,1,ecf80d71,3b78784c,2026-05-23 19:05:05.804510,479.71203135265324,16.2674562383111
fa1980a9,1,ca3f9970,3b78784c,2026-05-23 19:05:05.804538,106.77212212310961,11.484201974157125
091d9f55,1,4c492c77,3d8cbaaa,2026-05-23 19:05:05.804573,487.89539368327917,43.39701578951506
6f08b352,1,8f86fffc,3a9e1e22,2026-05-23 19:05:05.804601,34.41655765636638,43.66052399055287
d0156dbd,1,ac9c63b6,b4998c55,2026-05-23 19:05:05.804629,285.16177657273636,48.809031535182704
d0156dbd,2,8690917d,16597aea,2026-05-23 19:05:05.804652,31.655917937296003,10.48035990964166
d71462c7,1,4589144e,5e02fca9,2026-05-23 19:05:05.804680,388.76022358328015,5.009412184982825
4b3f8aa1,1,0deada69,4e650515,2026-05-23 19:05:05.804708,486.726711517834,12.693316600289164
8d56105f,1,7cf68268,7ed1bfe7,2026-05-23 19:05:05.804736,477.2300259347485,25.39710302551009
4f99c67a,1,d9bed1eb,1b864e2e,2026-05-23 19:05:05.804763,471.9833377616616,38.69287089464155
4f99c67a,2,0deada69,97b111d7,2026-05-23 19:05:05.804786,309.15841573597504,38.908705238578094
be7fea1b,1,e2d2b752,180aa0cd,2026-05-23 19:05:05.804814,278.6887950879663,14.23236508980167
be7fea1b,2,e34a8487,9b360271,2026-05-23 19:05:05.804836,326.38441072018395,19.606962421562688
be7fea1b,3,0558b9dd,67491841,2026-05-23 19:05:05.804858,28.332983631464614,44.55612675215981
ee621904,1,4f66b683,c739947b,2026-05-23 19:05:05.804886,265.2675209005128,48.7588112342529
fc7c0154,1,ac9d25dc,9bfa8093,2026-05-23 19:05:05.804915,291.07590570838704,29.041194707504093
fc7c0154,2,03706ade,16597aea,2026-05-23 19:05:05.804937,343.6523544130415,28.080559385189243
2998c37f,1,03706ade,586281b8,2026-05-23 19:05:05.804966,160.64671279362295,44.78429191126997
f6bae13a,1,de6426fe,ac8fa3d8,2026-05-23 19:05:05.804994,222.63014396716886,46.94462822005001
0a2a2280,1,542cbb30,ea1be9b6,2026-05-23 19:05:05.805028,128.9218526567779,5.392090502605385
97299468,1,176a9f25,894b8626,2026-05-23 19:05:05.805056,52.29204066590471,20.321504882869473
4ef9e73c,1,baf95375,08d65812,2026-05-23 19:05:05.805084,94.99840778630082,37.628711847188654
2d9a8ab7,1,eb1ad0e1,2b1a9a37,2026-05-23 19:05:05.805112,373.46429061464835,32.290505886357444
4997b519,1,f7eab29f,249a652c,2026-05-23 19:05:05.805140,477.01494983040806,11.94662486307898
b594df06,1,0bb0bcbd,fb7e1c47,2026-05-23 19:05:05.805168,184.13428487796983,26.212083292754503
b594df06,2,b7f8c26d,33e748b3,2026-05-23 19:05:05.805191,175.36965504287102,7.136900996092429
cd46c9a4,1,26c3d826,95784c07,2026-05-23 19:05:05.805220,223.79118304032932,33.865076652451506
cd46c9a4,2,ce0b5c90,110c0782,2026-05-23 19:05:05.805243,277.5403156476958,14.180790146979444
92d2f253,1,f7a0c352,f3ab5934,2026-05-23 19:05:05.805271,45.644794997503325,17.543702262027242
205011f2,1,b521971e,45460435,2026-05-23 19:05:05.805299,83.87325527841455,17.915075479760024
1028703d,1,dbf83b6b,30eaa364,2026-05-23 19:05:05.805328,247.65031948534298,46.80522254178673
26aef920,1,78db85d2,5e6a3159,2026-05-23 19:05:05.805364,98.90843617124037,16.99801342307105
3cd35300,1,7b3bc82e,a9b0059e,2026-05-23 19:05:05.805397,437.6615089292171,39.99831718972329
9944a1da,1,79a54c6a,2e90d858,2026-05-23 19:05:05.805426,22.154295112715907,10.139869334218451
759dcdb0,1,c6773b2b,bd830d4e,2026-05-23 19:05:05.805454,396.34389436106926,13.034262282732053
df436955,1,874bac3e,33e748b3,2026-05-23 19:05:05.805482,495.4574429780786,43.40635404350277
916256cd,1,e34a8487,63b5cfb8,2026-05-23 19:05:05.805510,136.42313453037792,10.367042989202611
f9941523,1,0b819c5a,2b1a9a37,2026-05-23 19:05:05.805538,343.75084305279336,12.654038810305138
a55adf70,1,09e1dc5f,7ed1bfe7,2026-05-23 19:05:05.805566,163.50380417917304,40.10064219868834
0a32877f,1,677465c8,2b1a9a37,2026-05-23 19:05:05.805594,113.48962254468788,17.550428535652216
b6e485df,1,0bb0bcbd,1b864e2e,2026-05-23 19:05:05.805622,475.58776361368143,45.32328856552145
c5fd2d69,1,8e1a7023,110c0782,2026-05-23 19:05:05.805651,477.93102149602544,18.237521314990275
f6d96060,1,0f4d7fa4,0cd9ed1f,2026-05-23 19:05:05.805679,402.8824685589637,22.560049399061967
f6d96060,2,176a9f25,894b8626,2026-05-23 19:05:05.805701,315.16025422559244,33.24668446968045
c01aaa9d,1,ab313603,180aa0cd,2026-05-23 19:05:05.805729,53.81401553939989,45.769477429220665
87410084,1,1e9afbc6,249a652c,2026-05-23 19:05:05.805757,492.1145664126832,41.13085473912626
35077d90,1,b61d752f,da9dd43e,2026-05-23 19:05:05.805785,242.35892876980972,41.391183893615
35077d90,2,507392e6,99c13bee,2026-05-23 19:05:05.805807,190.38246136252022,12.129196740272569
35077d90,3,0d5d2bc4,586281b8,2026-05-23 19:05:05.805830,298.26993961601687,41.049426202279754
ead4f9c5,1,30fb7ca7,110c0782,2026-05-23 19:05:05.805858,171.37261789360497,10.341472532639335
ead4f9c5,2,ff4acc5e,0cd9ed1f,2026-05-23 19:05:05.805880,338.1397383677559,5.49249625916702
ead4f9c5,3,7498b701,f3ab5934,2026-05-23 19:05:05.805903,168.07667687615728,24.021572562271256
8f18046a,1,2082d9d2,08d65812,2026-05-23 19:05:05.805931,105.3278010587337,15.89968310715069
8f18046a,2,83ce8d7f,9b360271,2026-05-23 19:05:05.805953,299.1714260465263,7.499648732300129
99b47ba1,1,cdc4c018,180aa0cd,2026-05-23 19:05:05.805981,476.76584103781465,40.01580637089185
99b47ba1,2,1da4bd30,9ea3a409,2026-05-23 19:05:05.806003,102.94795255308875,35.134118912956616
2b9dd90d,1,3c62cc15,95784c07,2026-05-23 19:05:05.806031,284.51585979410874,12.173600142538454
2b9dd90d,2,b4378c90,ce20adb3,2026-05-23 19:05:05.806053,92.25918086078408,48.7785991419621
3378cda7,1,1efe4014,5e02fca9,2026-05-23 19:05:05.806081,248.84859843842298,33.708386751527186
72151201,1,30592970,9ea3a409,2026-05-23 19:05:05.806109,215.78211433290218,33.14993248722665
45178e0d,1,dd524de3,2e90d858,2026-05-23 19:05:05.806138,424.9353438870423,18.916917875156773
4b3782d8,1,6bbc7021,3b2bdf38,2026-05-23 19:05:05.806166,258.3922840807246,49.700683520354566
b25058bd,1,77bc82f2,67491841,2026-05-23 19:05:05.806194,404.7354503144108,39.97355898818709
c57f7469,1,67ae5ce4,3b2bdf38,2026-05-23 19:05:05.806222,310.91564711046334,24.622169289961924
c3e39541,1,0c7d5c0d,5e02fca9,2026-05-23 19:05:05.806250,178.8125343380552,12.484118681361627
c3e39541,2,369f091e,3d8cbaaa,2026-05-23 19:05:05.806272,491.79199630231756,36.78766987877974
9a82a533,1,453cd56b,ac8fa3d8,2026-05-23 19:05:05.806301,176.94616108549607,16.715572954130213
30e2be50,1,ef4d75a2,ea1be9b6,2026-05-23 19:05:05.806329,55.70717602949712,28.64320779610617
30e2be50,2,0704e62f,2e90d858,2026-05-23 19:05:05.806352,219.76727350625902,34.97587505058277
30e2be50,3,a1372f50,ce20adb3,2026-05-23 19:05:05.806374,108.81393193139688,43.497533344925586
485a0715,1,7cf68268,3d8cbaaa,2026-05-23 19:05:05.806402,441.8736256864974,30.39589447933819
1c6188d9,1,e8a04814,9b360271,2026-05-23 19:05:05.806430,339.01196017565974,48.0632842369541
d2f5d953,1,19014209,07a21a6e,2026-05-23 19:05:05.806458,121.58867297196639,41.78295720580484
999b6d9c,1,a1ff7480,3a9e1e22,2026-05-23 19:05:05.806486,145.38894133233438,15.099853771194816
00ff4af3,1,1da4bd30,3b2bdf38,2026-05-23 19:05:05.806514,359.17226346757644,38.24776743388604
49e25b57,1,a5c4c351,2e90d858,2026-05-23 19:05:05.806542,177.78946719065192,10.001148952931903
335b6057,1,861b3ce2,63b5cfb8,2026-05-23 19:05:05.806570,486.26058661556704,22.714994893239822
335b6057,2,7469ba11,9ea3a409,2026-05-23 19:05:05.806592,72.76962883259472,43.433560921694784
e2124ba7,1,06c13985,da9dd43e,2026-05-23 19:05:05.806620,66.92157044151881,30.08190167943543
b0af532b,1,ae0f5524,62cdfa79,2026-05-23 19:05:05.806648,429.2847643577874,41.14884865222638
60f1d5fa,1,ca3f9970,b40b18bf,2026-05-23 19:05:05.806676,465.5396302908477,47.04648453417666
60f1d5fa,2,fba64ffd,586281b8,2026-05-23 19:05:05.806698,25.881671821229926,6.993194152041556
d623af1b,1,06c13985,aa58e7b1,2026-05-23 19:05:05.806732,214.6681880331114,42.06215384817375
e74fa922,1,d58037ff,63b5cfb8,2026-05-23 19:05:05.806760,194.08587013771705,31.850597095600957
0b06aa5c,1,c14c2565,63b5cfb8,2026-05-23 19:05:05.806789,321.46541965599556,32.10121264137947
897a1648,1,f8c6bac7,5e6a3159,2026-05-23 19:05:05.806817,439.66284139813746,47.71382883637578
897a1648,2,e33d6924,2e90d858,2026-05-23 19:05:05.806839,45.38897720939314,11.457247893584434
897a1648,3,3eb38518,67491841,2026-05-23 19:05:05.806861,448.6198417463431,34.435943126709866
19ffd9e6,1,07d31f08,9b360271,2026-05-23 19:05:05.806889,449.2252759056312,6.360150178031053
aeff66e3,1,eb354476,0cd9ed1f,2026-05-23 19:05:05.806918,396.36944055029875,45.116483408244285
bc44accf,1,dd31d64a,63b5cfb8,2026-05-23 19:05:05.806946,335.32983820850586,34.55147937004548
a1aa97d9,1,e01d6e05,ac8fa3d8,2026-05-23 19:05:05.806974,244.22640212454112,31.891461060315347
3bf8069a,1,4d223d3c,ce20adb3,2026-05-23 19:05:05.807002,346.6741907359348,18.44455324026177
