order_id,customer_id,order_status,order_purchase_timestamp,order_approved_at,order_delivered_carrier_date,order_delivered_customer_date,order_estimated_delivery_date
f50e1a65,f68bd296,delivered,2018-08-07 16:00:00,2018-08-07 20:00:00,2018-08-08 16:00:00,2018-08-15 16:00:00,2018-08-17 16:00:00
6aa8b03f,eaf29bdd,delivered,2017-04-21 06:00:00,2017-04-21 07:00:00,2017-04-22 06:00:00,2017-05-01 06:00:00,2017-05-09 06:00:00
ddcabc46,76a30295,delivered,2017-02-16 17:00:00,2017-02-16 17:00:00,2017-02-17 17:00:00,2017-02-28 17:00:00,2017-03-03 17:00:00
06e6cfea,304aaeb7,delivered,2017-05-11 13:00:00,2017-05-11 17:00:00,2017-05-13 13:00:00,2017-05-17 13:00:00,2017-06-02 13:00:00
8b61a660,af9ca600,delivered,2018-03-10 05:00:00,2018-03-10 07:00:00,2018-03-11 05:00:00,2018-03-20 05:00:00,2018-03-28 05:00:00
dc6a043e,d8098233,delivered,2018-05-14 22:00:00,2018-05-15 02:00:00,2018-05-16 22:00:00,2018-05-24 22:00:00,2018-06-07 22:00:00
048afc34,41747533,delivered,2018-03-13 04:00:00,2018-03-13 04:00:00,2018-03-14 04:00:00,2018-03-18 04:00:00,2018-03-23 04:00:00
d63c9669,4a72387c,delivered,2017-05-13 06:00:00,2017-05-13 06:00:00,2017-05-14 06:00:00,2017-05-21 06:00:00,2017-05-23 06:00:00
7556672c,e8ddb1dc,delivered,2018-05-31 07:00:00,2018-05-31 09:00:00,2018-06-02 07:00:00,2018-06-07 07:00:00,2018-06-22 07:00:00
695383c8,a5e802a2,delivered,2017-01-05 20:00:00,2017-01-05 20:00:00,2017-01-07 20:00:00,2017-01-14 20:00:00,2017-01-21 20:00:00
e1827d76,39e8da6e,delivered,2018-07-29 18:00:00,2018-07-29 20:00:00,2018-07-30 18:00:00,2018-08-07 18:00:00,2018-08-21 18:00:00
59821fcc,41f5ae01,delivered,2018-07-22 08:00:00,2018-07-22 09:00:00,2018-07-23 08:00:00,2018-07-26 08:00:00,2018-08-10 08:00:00
18a33b43,9bc316a7,delivered,2018-03-17 05:00:00,2018-03-17 05:00:00,2018-03-19 05:00:00,2018-03-28 05:00:00,2018-04-01 05:00:00
32c8e55e,40a0af4b,delivered,2017-07-03 02:00:00,2017-07-03 02:00:00,2017-07-04 02:00:00,2017-07-13 02:00:00,2017-07-24 02:00:00
2359ce5e,9ee4cd1d,delivered,2018-07-07 11:00:00,2018-07-07 11:00:00,2018-07-08 11:00:00,2018-07-12 11:00:00,2018-07-20 11:00:00
8cf78fd6,6f858623,delivered,2017-05-19 03:00:00,2017-05-19 04:00:00,2017-05-21 03:00:00,2017-05-27 03:00:00,2017-06-10 03:00:00
ba42299c,66b82d27,delivered,2017-10-19 09:00:00,2017-10-19 13:00:00,2017-10-20 09:00:00,2017-10-30 09:00:00,2017-11-06 09:00:00
61a3833b,9f5fd793,delivered,2018-06-02 00:00:00,2018-06-02 00:00:00,2018-06-03 00:00:00,2018-06-05 00:00:00,2018-06-14 00:00:00
18890578,3d726055,delivered,2017-03-06 00:00:00,2017-03-06 03:00:00,2017-03-07 00:00:00,2017-03-09 00:00:00,2017-03-21 00:00:00
7b369b2b,4d6dc579,invoiced,2018-03-15 11:00:00,2018-03-15 12:00:00,2018-03-16 11:00:00,,2018-03-25 11:00:00
c181c6da,15e9ff1a,delivered,2018-01-10 19:00:00,2018-01-10 20:00:00,2018-01-12 19:00:00,2018-01-24 19:00:00,2018-01-20 19:00:00
b6b6a686,8a2ec47a,delivered,2017-10-30 01:00:00,2017-10-30 02:00:00,2017-10-31 01:00:00,2017-11-07 01:00:00,2017-11-14 01:00:00
33680eb7,32bb7484,delivered,2017-04-05 19:00:00,2017-04-05 19:00:00,2017-04-06 19:00:00,2017-04-13 19:00:00,2017-04-22 19:00:00
6672575d,05fb0a08,delivered,2018-08-10 23:00:00,2018-08-11 01:00:00,2018-08-12 23:00:00,2018-08-15 23:00:00,2018-08-21 23:00:00
742663e5,1b2d546a,processing,2018-05-15 21:00:00,2018-05-15 22:00:00,2018-05-17 21:00:00,,2018-06-05 21:00:00
9b56e087,943fbd3b,delivered,2017-07-04 21:00:00,2017-07-04 22:00:00,2017-07-05 21:00:00,2017-07-07 21:00:00,2017-07-24 21:00:00
3f61583e,bf37871a,delivered,2017-04-06 09:00:00,2017-04-06 09:00:00,2017-04-07 09:00:00,2017-04-16 09:00:00,2017-04-25 09:00:00
c25b4502,0144e65b,delivered,2017-11-28 23:00:00,2017-11-29 01:00:00,2017-11-30 23:00:00,2017-12-11 23:00:00,2017-12-21 23:00:00
cce6bd69,71cc3b36,delivered,2018-03-04 01:00:00,2018-03-04 05:00:00,2018-03-06 01:00:00,2018-03-15 01:00:00,2018-03-17 01:00:00
ca8c202f,27247e41,delivered,2017-05-16 21:00:00,2017-05-17 01:00:00,2017-05-18 21:00:00,2017-05-24 21:00:00,2017-06-08 21:00:00
2209c646,5916306b,delivered,2017-03-20 04:00:00,2017-03-20 05:00:00,2017-03-21 04:00:00,2017-04-01 04:00:00,2017-04-03 04:00:00
9c099ccd,24d7d9f1,delivered,2018-02-09 01:00:00,2018-02-09 03:00:00,2018-02-11 01:00:00,2018-02-18 01:00:00,2018-02-26 01:00:00
0ba049cb,ff69d0f1,delivered,2017-12-09 17:00:00,2017-12-09 18:00:00,2017-12-11 17:00:00,2017-12-18 17:00:00,2017-12-19 17:00:00
c1791551,06f31ab1,delivered,2017-12-19 06:00:00,2017-12-19 07:00:00,2017-12-20 06:00:00,2017-12-22 06:00:00,2018-01-12 06:00:00
75843185,a23a4fd7,delivered,2017-01-19 12:00:00,2017-01-19 12:00:00,2017-01-20 12:00:00,2017-01-26 12:00:00,2017-02-04 12:00:00
d10e68c3,d7db694a,delivered,2017-09-12 17:00:00,2017-09-12 17:00:00,2017-09-14 17:00:00,2017-09-25 17:00:00,2017-10-03 17:00:00
e0828aea,90a593d4,delivered,2017-08-30 22:00:00,2017-08-30 23:00:00,2017-09-01 22:00:00,2017-09-04 22:00:00,2017-09-14 22:00:00
5df4921c,bc845f79,delivered,2018-06-27 19:00:00,2018-06-27 20:00:00,2018-06-29 19:00:00,2018-07-05 19:00:00,2018-07-16 19:00:00
28699244,b355630f,delivered,2017-11-27 08:00:00,2017-11-27 11:00:00,2017-11-28 08:00:00,2017-12-03 08:00:00,2017-12-21 08:00:00
d48eb311,4343210c,delivered,2017-08-14 23:00:00,2017-08-15 01:00:00,2017-08-15 23:00:00,2017-08-25 23:00:00,2017-09-05 23:00:00
513ec267,68ed5c01,delivered,2017-12-07 03:00:00,2017-12-07 06:00:00,2017-12-08 03:00:00,2017-12-18 03:00:00,2017-12-31 03:00:00
fcd5c321,d40525b1,delivered,2018-05-10 06:00:00,2018-05-10 07:00:00,2018-05-12 06:00:00,2018-05-21 06:00:00,2018-05-31 06:00:00
345efede,fdac5fe4,delivered,2018-07-15 00:00:00,2018-07-15 00:00:00,2018-07-17 00:00:00,2018-07-21 00:00:00,2018-07-28 00:00:00
7ef88430,5b7c0291,delivered,2018-07-17 10:00:00,2018-07-17 14:00:00,2018-07-19 10:00:00,2018-07-29 10:00:00,2018-08-07 10:00:00
8f418582,54364084,delivered,2017-08-27 07:00:00,2017-08-27 09:00:00,2017-08-28 07:00:00,2017-08-31 07:00:00,2017-09-18 07:00:00
d0bdcb94,0e3fd083,delivered,2018-07-31 17:00:00,2018-07-31 18:00:00,2018-08-01 17:00:00,2018-08-14 17:00:00,2018-08-12 17:00:00
eaedb291,c1ea40f8,delivered,2018-02-07 10:00:00,2018-02-07 13:00:00,2018-02-09 10:00:00,2018-02-13 10:00:00,2018-02-28 10:00:00
0dadb101,9e73962a,delivered,2017-05-06 11:00:00,2017-05-06 11:00:00,2017-05-07 11:00:00,2017-05-11 11:00:00,2017-05-26 11:00:00
a583b105,1f9225ec,delivered,2017-02-26 12:00:00,2017-02-26 14:00:00,2017-02-28 12:00:00,2017-03-08 12:00:00,2017-03-20 12:00:00
8962abc7,b2c56342,delivered,2017-01-10 04:00:00,2017-01-10 06:00:00,2017-01-12 04:00:00,2017-01-19 04:00:00,2017-01-29 04:00:00
dbb93357,9d79dd04,delivered,2017-03-29 06:00:00,2017-03-29 06:00:00,2017-03-30 06:00:00,2017-04-04 06:00:00,2017-04-12 06:00:00
069a859d,964371b5,delivered,2017-08-30 05:00:00,2017-08-30 09:00:00,2017-08-31 05:00:00,2017-09-13 05:00:00,2017-09-18 05:00:00
ca98f587,82ff5cfd,delivered,2018-02-19 15:00:00,2018-02-19 18:00:00,2018-02-20 15:00:00,2018-03-05 15:00:00,2018-03-01 15:00:00
29595742,28e35fec,delivered,2018-03-16 17:00:00,2018-03-16 20:00:00,2018-03-17 17:00:00,2018-03-22 17:00:00,2018-04-09 17:00:00
37acd485,43635664,delivered,2017-06-27 19:00:00,2017-06-27 20:00:00,2017-06-29 19:00:00,2017-06-30 19:00:00,2017-07-21 19:00:00
3a7b3505,7a8863ad,delivered,2017-05-11 14:00:00,2017-05-11 16:00:00,2017-05-13 14:00:00,2017-05-24 14:00:00,2017-05-28 14:00:00
12612168,7f404593,delivered,2018-03-31 05:00:00,2018-03-31 08:00:00,2018-04-02 05:00:00,2018-04-03 05:00:00,2018-04-12 05:00:00
5fa74aea,0915a498,delivered,2017-07-31 22:00:00,2017-07-31 23:00:00,2017-08-01 22:00:00,2017-08-13 22:00:00,2017-08-22 22:00:00
b274794b,32653e0b,delivered,2017-05-27 21:00:00,2017-05-27 22:00:00,2017-05-28 21:00:00,2017-06-07 21:00:00,2017-06-16 21:00:00
21c5fd8f,7a91d550,delivered,2018-06-18 17:00:00,2018-06-18 19:00:00,2018-06-20 17:00:00,2018-06-24 17:00:00,2018-07-01 17:00:00
3b483a41,a66f7bfd,delivered,2017-02-24 01:00:00,2017-02-24 02:00:00,2017-02-25 01:00:00,2017-03-07 01:00:00,2017-03-18 01:00:00
bb608886,d44aed65,delivered,2017-07-09 01:00:00,2017-07-09 02:00:00,2017-07-10 01:00:00,2017-07-19 01:00:00,2017-07-25 01:00:00
a8514833,80543114,delivered,2017-12-06 20:00:00,2017-12-06 23:00:00,2017-12-08 20:00:00,2017-12-20 20:00:00,2017-12-26 20:00:00
16bdec90,0b07aa27,delivered,2017-11-21 01:00:00,2017-11-21 03:00:00,2017-11-22 01:00:00,2017-11-30 01:00:00,2017-12-14 01:00:00
4cd1481c,7c2ade15,delivered,2018-03-11 09:00:00,2018-03-11 13:00:00,2018-03-12 09:00:00,2018-03-18 09:00:00,2018-03-29 09:00:00
ecd13118,f4cc142a,delivered,2017-03-19 22:00:00,2017-03-20 01:00:00,2017-03-20 22:00:00,2017-03-23 22:00:00,2017-04-02 22:00:00
c1948836,9377d242,delivered,2017-11-13 14:00:00,2017-11-13 18:00:00,2017-11-15 14:00:00,2017-11-26 14:00:00,2017-11-27 14:00:00
9f938177,58b6644a,delivered,2017-04-29 20:00:00,2017-04-30 00:00:00,2017-04-30 20:00:00,2017-05-08 20:00:00,2017-05-17 20:00:00
3b9b0ad9,7da50286,delivered,2017-11-26 15:00:00,2017-11-26 19:00:00,2017-11-28 15:00:00,2017-12-02 15:00:00,2017-12-10 15:00:00
7d26e5c5,9e95f420,delivered,2017-12-01 19:00:00,2017-12-01 22:00:00,2017-12-03 19:00:00,2017-12-10 19:00:00,2017-12-21 19:00:00
3f5d107c,e85d78b7,delivered,2017-12-16 04:00:00,2017-12-16 07:00:00,2017-12-17 04:00:00,2017-12-23 04:00:00,2018-01-03 04:00:00
c3446e04,e38a0fd3,delivered,2018-02-09 18:00:00,2018-02-09 19:00:00,2018-02-10 18:00:00,2018-02-15 18:00:00,2018-03-05 18:00:00
6d4cb94e,3b4480f7,delivered,2018-01-16 10:00:00,2018-01-16 14:00:00,2018-01-17 10:00:00,2018-01-21 10:00:00,2018-01-27 10:00:00
00633816,8031d5c4,delivered,2018-01-22 02:00:00,2018-01-22 06:00:00,2018-01-23 02:00:00,2018-01-28 02:00:00,2018-02-14 02:00:00
55bef913,bef7d0f2,delivered,2018-02-26 13:00:00,2018-02-26 15:00:00,2018-02-28 13:00:00,2018-03-11 13:00:00,2018-03-08 13:00:00
88d3e96c,441ec578,delivered,2017-04-05 08:00:00,2017-04-05 09:00:00,2017-04-06 08:00:00,2017-04-18 08:00:00,2017-04-22 08:00:00
2675bf0f,14f6c1e0,delivered,2017-06-28 04:00:00,2017-06-28 06:00:00,2017-06-29 04:00:00,2017-07-12 04:00:00,2017-07-11 04:00:00
c423da30,2a811d02,delivered,2017-04-06 04:00:00,2017-04-06 08:00:00,2017-04-07 04:00:00,2017-04-16 04:00:00,2017-04-18 04:00:00
ead86d2d,77719698,delivered,2018-08-07 18:00:00,2018-08-07 19:00:00,2018-08-08 18:00:00,2018-08-19 18:00:00,2018-08-18 18:00:00
11f5f248,d0b05466,delivered,2018-06-03 15:00:00,2018-06-03 15:00:00,2018-06-05 15:00:00,2018-06-12 15:00:00,2018-06-20 15:00:00
bc3ecc1e,f2d5f504,delivered,2017-01-03 05:00:00,2017-01-03 07:00:00,2017-01-04 05:00:00,2017-01-09 05:00:00,2017-01-22 05:00:00
e49874be,5749440f,delivered,2017-05-22 21:00:00,2017-05-22 21:00:00,2017-05-24 21:00:00,2017-06-04 21:00:00,2017-06-03 21:00:00
40bfbaa9,18992c96,delivered,2018-02-17 07:00:00,2018-02-17 07:00:00,2018-02-19 07:00:00,2018-02-23 07:00:00,2018-03-03 07:00:00
0c2e3fcc,4a9f66e1,delivered,2017-09-22 19:00:00,2017-09-22 19:00:00,2017-09-24 19:00:00,2017-09-28 19:00:00,2017-10-11 19:00:00
84f4d63d,faca94d4,delivered,2018-05-28 04:00:00,2018-05-28 05:00:00,2018-05-29 04:00:00,2018-06-05 04:00:00,2018-06-09 04:00:00
17ef4972,e1649157,delivered,2018-02-01 19:00:00,2018-02-01 20:00:00,2018-02-02 19:00:00,2018-02-15 19:00:00,2018-02-15 19:00:00
6055ec00,cf2d6276,delivered,2017-08-04 06:00:00,2017-08-04 07:00:00,2017-08-06 06:00:00,2017-08-15 06:00:00,2017-08-23 06:00:00
6ad93a30,f3d42a4f,delivered,2018-06-10 16:00:00,2018-06-10 17:00:00,2018-06-11 16:00:00,2018-06-17 16:00:00,2018-06-27 16:00:00
d895f979,9cc498ef,delivered,2018-03-24 07:00:00,2018-03-24 11:00:00,2018-03-25 07:00:00,2018-04-07 07:00:00,2018-04-11 07:00:00
bf62fa24,fe0ec296,delivered,2017-11-04 17:00:00,2017-11-04 18:00:00,2017-11-05 17:00:00,2017-11-09 17:00:00,2017-11-22 17:00:00
bcbfbca8,307752ef,delivered,2017-11-04 01:00:00,2017-11-04 03:00:00,2017-11-05 01:00:00,2017-11-13 01:00:00,2017-11-21 01:00:00
e0953f95,9d1914bf,delivered,2017-05-30 19:00:00,2017-05-30 20:00:00,2017-06-01 19:00:00,2017-06-12 19:00:00,2017-06-09 19:00:00
6f934745,9096416c,delivered,2017-01-31 20:00:00,2017-01-31 23:00:00,2017-02-02 20:00:00,2017-02-08 20:00:00,2017-02-18 20:00:00
c70ebe51,bc2e5ce4,delivered,2018-06-08 02:00:00,2018-06-08 03:00:00,2018-06-10 02:00:00,2018-06-18 02:00:00,2018-06-22 02:00:00
07c6b1e0,11f96610,delivered,2017-06-12 15:00:00,2017-06-12 18:00:00,2017-06-14 15:00:00,2017-06-20 15:00:00,2017-07-06 15:00:00
9c8fbcb3,e54fe855,delivered,2017-02-01 21:00:00,2017-02-02 00:00:00,2017-02-03 21:00:00,2017-02-15 21:00:00,2017-02-22 21:00:00
a83c85b4,d430f575,delivered,2017-09-06 08:00:00,2017-09-06 12:00:00,2017-09-08 08:00:00,2017-09-17 08:00:00,2017-09-30 08:00:00
6c69317d,04125765,delivered,2018-08-07 18:00:00,2018-08-07 18:00:00,2018-08-09 18:00:00,2018-08-20 18:00:00,2018-08-26 18:00:00
3992af2a,2dac2baf,delivered,2017-09-11 17:00:00,2017-09-11 19:00:00,2017-09-12 17:00:00,2017-09-24 17:00:00,2017-09-22 17:00:00
e66a3b97,aa8ea2e1,delivered,2018-07-30 05:00:00,2018-07-30 09:00:00,2018-08-01 05:00:00,2018-08-08 05:00:00,2018-08-18 05:00:00
7dc97883,de1ffdf2,delivered,2017-03-22 18:00:00,2017-03-22 19:00:00,2017-03-24 18:00:00,2017-04-05 18:00:00,2017-04-15 18:00:00
db69d99b,a81bb4d0,delivered,2017-01-25 08:00:00,2017-01-25 10:00:00,2017-01-26 08:00:00,2017-02-08 08:00:00,2017-02-12 08:00:00
02b6572c,551ebacc,delivered,2017-11-18 23:00:00,2017-11-19 00:00:00,2017-11-19 23:00:00,2017-11-23 23:00:00,2017-12-04 23:00:00
f8e09b7f,637c5dd2,delivered,2017-11-18 18:00:00,2017-11-18 22:00:00,2017-11-19 18:00:00,2017-11-28 18:00:00,2017-12-02 18:00:00
be235429,0cd44350,delivered,2017-09-20 05:00:00,2017-09-20 06:00:00,2017-09-22 05:00:00,2017-09-23 05:00:00,2017-10-09 05:00:00
7ec0bdba,e9bcfb41,delivered,2017-07-19 07:00:00,2017-07-19 07:00:00,2017-07-20 07:00:00,2017-07-27 07:00:00,2017-08-01 07:00:00
85716547,c5a055f0,delivered,2017-12-19 19:00:00,2017-12-19 19:00:00,2017-12-20 19:00:00,2017-12-26 19:00:00,2018-01-02 19:00:00
d29eb5a0,ffe25f08,delivered,2017-11-04 13:00:00,2017-11-04 13:00:00,2017-11-05 13:00:00,2017-11-14 13:00:00,2017-11-15 13:00:00
461da752,ff2ea679,delivered,2017-06-14 04:00:00,2017-06-14 06:00:00,2017-06-16 04:00:00,2017-06-28 04:00:00,2017-06-27 04:00:00
50e98cbd,8f8bf074,delivered,2017-02-21 00:00:00,2017-02-21 00:00:00,2017-02-22 00:00:00,2017-02-25 00:00:00,2017-03-13 00:00:00
7ae98908,f859d750,delivered,2017-01-03 21:00:00,2017-01-03 22:00:00,2017-01-05 21:00:00,2017-01-16 21:00:00,2017-01-25 21:00:00
785ec925,863ddf89,delivered,2017-08-22 04:00:00,2017-08-22 05:00:00,2017-08-24 04:00:00,2017-08-31 04:00:00,2017-09-05 04:00:00
5d2f0a76,1e94e69b,delivered,2017-10-30 20:00:00,2017-10-30 20:00:00,2017-10-31 20:00:00,2017-11-05 20:00:00,2017-11-13 20:00:00
ddbd513a,b5f31c68,delivered,2018-06-13 18:00:00,2018-06-13 21:00:00,2018-06-15 18:00:00,2018-06-26 18:00:00,2018-06-25 18:00:00
225e800e,9d50fc81,delivered,2017-09-19 12:00:00,2017-09-19 12:00:00,2017-09-20 12:00:00,2017-09-26 12:00:00,2017-10-04 12:00:00
4bf2ac1b,5dcd64e7,delivered,2018-02-01 10:00:00,2018-02-01 10:00:00,2018-02-02 10:00:00,2018-02-07 10:00:00,2018-02-13 10:00:00
0a650b06,504e1ee2,delivered,2018-06-13 12:00:00,2018-06-13 14:00:00,2018-06-15 12:00:00,2018-06-25 12:00:00,2018-06-30 12:00:00
630789dc,fb1aadcb,delivered,2017-01-29 05:00:00,2017-01-29 09:00:00,2017-01-31 05:00:00,2017-02-11 05:00:00,2017-02-13 05:00:00
e9c5ba72,7c344d36,delivered,2018-06-27 03:00:00,2018-06-27 07:00:00,2018-06-29 03:00:00,2018-07-04 03:00:00,2018-07-09 03:00:00
d467f54b,e3d4415c,delivered,2017-07-26 19:00:00,2017-07-26 19:00:00,2017-07-28 19:00:00,2017-08-08 19:00:00,2017-08-14 19:00:00
163a72c7,13edfa96,delivered,2018-07-07 14:00:00,2018-07-07 17:00:00,2018-07-09 14:00:00,2018-07-19 14:00:00,2018-07-22 14:00:00
5637c4d6,fa97b160,delivered,2017-05-31 11:00:00,2017-05-31 14:00:00,2017-06-02 11:00:00,2017-06-08 11:00:00,2017-06-22 11:00:00
10ce794a,73d45dc8,delivered,2017-03-08 02:00:00,2017-03-08 05:00:00,2017-03-10 02:00:00,2017-03-21 02:00:00,2017-03-20 02:00:00
3bbe01fc,89fe7b22,delivered,2017-03-15 16:00:00,2017-03-15 18:00:00,2017-03-17 16:00:00,2017-03-26 16:00:00,2017-03-28 16:00:00
ccb2eddc,8b4ec101,shipped,2017-03-13 16:00:00,2017-03-13 17:00:00,2017-03-15 16:00:00,,2017-03-29 16:00:00
ce252eac,ec5b442e,delivered,2017-01-30 00:00:00,2017-01-30 02:00:00,2017-01-31 00:00:00,2017-02-08 00:00:00,2017-02-20 00:00:00
6069e541,9b9ac85c,delivered,2018-07-29 05:00:00,2018-07-29 07:00:00,2018-07-30 05:00:00,2018-08-07 05:00:00,2018-08-18 05:00:00
1990de14,3c83b6bf,delivered,2018-05-18 17:00:00,2018-05-18 18:00:00,2018-05-19 17:00:00,2018-05-28 17:00:00,2018-06-09 17:00:00
a06a0c03,21808e40,delivered,2018-04-20 07:00:00,2018-04-20 09:00:00,2018-04-21 07:00:00,2018-04-30 07:00:00,2018-05-04 07:00:00
fb2be872,4e0f82bc,delivered,2017-01-31 22:00:00,2017-01-31 22:00:00,2017-02-02 22:00:00,2017-02-13 22:00:00,2017-02-18 22:00:00
229a4fc3,a9ff11be,delivered,2018-04-21 11:00:00,2018-04-21 14:00:00,2018-04-22 11:00:00,2018-04-28 11:00:00,2018-05-01 11:00:00
85ecadbe,1444b0b6,delivered,2017-02-03 17:00:00,2017-02-03 17:00:00,2017-02-04 17:00:00,2017-02-13 17:00:00,2017-02-14 17:00:00
184ba3c9,5aba7a13,delivered,2017-01-28 08:00:00,2017-01-28 08:00:00,2017-01-29 08:00:00,2017-02-09 08:00:00,2017-02-21 08:00:00
38141b48,bc90bd2f,delivered,2018-03-26 23:00:00,2018-03-27 00:00:00,2018-03-27 23:00:00,2018-03-29 23:00:00,2018-04-15 23:00:00
cadf3b7b,9dfb0c83,delivered,2018-02-16 05:00:00,2018-02-16 06:00:00,2018-02-17 05:00:00,2018-03-01 05:00:00,2018-02-27 05:00:00
2c6cd84b,fd6ee0ca,delivered,2018-01-15 02:00:00,2018-01-15 03:00:00,2018-01-17 02:00:00,2018-01-27 02:00:00,2018-01-29 02:00:00
cdea5899,797fddb5,delivered,2018-01-24 23:00:00,2018-01-25 02:00:00,2018-01-25 23:00:00,2018-02-05 23:00:00,2018-02-10 23:00:00
e75fc2cf,839381ba,delivered,2018-01-03 11:00:00,2018-01-03 12:00:00,2018-01-04 11:00:00,2018-01-15 11:00:00,2018-01-21 11:00:00
2e242fd1,04fefce6,delivered,2017-08-07 18:00:00,2017-08-07 22:00:00,2017-08-09 18:00:00,2017-08-15 18:00:00,2017-08-31 18:00:00
a5c216c6,d40e7286,delivered,2017-05-13 13:00:00,2017-05-13 15:00:00,2017-05-15 13:00:00,2017-05-22 13:00:00,2017-06-03 13:00:00
c0e1c035,8d29719e,delivered,2017-02-16 19:00:00,2017-02-16 22:00:00,2017-02-18 19:00:00,2017-02-27 19:00:00,2017-03-11 19:00:00
f026b749,124bb079,delivered,2017-12-08 23:00:00,2017-12-09 03:00:00,2017-12-10 23:00:00,2017-12-16 23:00:00,2017-12-29 23:00:00
51c2092e,71fb2f1e,delivered,2017-07-04 14:00:00,2017-07-04 17:00:00,2017-07-05 14:00:00,2017-07-15 14:00:00,2017-07-19 14:00:00
19e91f98,ed34964d,delivered,2017-02-20 20:00:00,2017-02-20 23:00:00,2017-02-22 20:00:00,2017-03-02 20:00:00,2017-03-12 20:00:00
99df00dc,3976a181,delivered,2017-08-18 20:00:00,2017-08-18 21:00:00,2017-08-19 20:00:00,2017-08-21 20:00:00,2017-09-07 20:00:00
dd4488a7,bd7d0b96,delivered,2018-03-16 16:00:00,2018-03-16 20:00:00,2018-03-18 16:00:00,2018-03-22 16:00:00,2018-03-31 16:00:00
466c5aaa,2a4d33de,delivered,2018-06-12 04:00:00,2018-06-12 06:00:00,2018-06-14 04:00:00,2018-06-16 04:00:00,2018-06-28 04:00:00
da773d49,b107a072,delivered,2018-05-02 14:00:00,2018-05-02 17:00:00,2018-05-03 14:00:00,2018-05-13 14:00:00,2018-05-17 14:00:00
913f097a,cff9d421,delivered,2017-06-22 05:00:00,2017-06-22 07:00:00,2017-06-23 05:00:00,2017-06-29 05:00:00,2017-07-10 05:00:00
665ba7b1,01094911,delivered,2017-01-20 22:00:00,2017-01-21 01:00:00,2017-01-22 22:00:00,2017-01-30 22:00:00,2017-02-12 22:00:00
e999cb90,4cafc933,delivered,2018-03-17 14:00:00,2018-03-17 16:00:00,2018-03-19 14:00:00,2018-03-22 14:00:00,2018-04-05 14:00:00
acd789ac,b033338e,delivered,2017-01-14 02:00:00,2017-01-14 03:00:00,2017-01-16 02:00:00,2017-01-17 02:00:00,2017-01-25 02:00:00
65153112,20e32e06,canceled,2018-08-12 08:00:00,2018-08-12 11:00:00,2018-08-14 08:00:00,,2018-08-23 08:00:00
0cadf6db,a376f9de,delivered,2017-07-21 23:00:00,2017-07-22 01:00:00,2017-07-22 23:00:00,2017-08-02 23:00:00,2017-08-05 23:00:00
4940dc6e,2c1576b7,invoiced,2018-04-18 09:00:00,2018-04-18 13:00:00,2018-04-19 09:00:00,,2018-05-06 09:00:00
f8fa893d,e64d7aea,delivered,2018-05-31 12:00:00,2018-05-31 14:00:00,2018-06-01 12:00:00,2018-06-11 12:00:00,2018-06-18 12:00:00
be065309,f1bc5de0,canceled,2017-03-27 19:00:00,2017-03-27 20:00:00,2017-03-29 19:00:00,,2017-04-19 19:00:00
da4d6145,32077e44,delivered,2017-04-17 06:00:00,2017-04-17 08:00:00,2017-04-19 06:00:00,2017-04-21 06:00:00,2017-05-07 06:00:00
1943726a,548cd922,delivered,2017-03-23 01:00:00,2017-03-23 01:00:00,2017-03-25 01:00:00,2017-04-01 01:00:00,2017-04-11 01:00:00
cf8f353c,4fa5aeb5,delivered,2017-08-19 16:00:00,2017-08-19 20:00:00,2017-08-21 16:00:00,2017-08-28 16:00:00,2017-08-29 16:00:00
2e763c6e,ceff27e6,delivered,2017-05-26 00:00:00,2017-05-26 04:00:00,2017-05-28 00:00:00,2017-06-08 00:00:00,2017-06-08 00:00:00
8bd9e8f5,4bc270e2,delivered,2018-03-23 00:00:00,2018-03-23 04:00:00,2018-03-25 00:00:00,2018-03-27 00:00:00,2018-04-07 00:00:00
767c20eb,75970ec3,invoiced,2018-07-27 07:00:00,2018-07-27 08:00:00,2018-07-28 07:00:00,,2018-08-11 07:00:00
65077d77,6560542f,delivered,2017-12-30 14:00:00,2017-12-30 14:00:00,2018-01-01 14:00:00,2018-01-12 14:00:00,2018-01-12 14:00:00
83519059,c181c1bc,delivered,2017-07-10 12:00:00,2017-07-10 13:00:00,2017-07-11 12:00:00,2017-07-21 12:00:00,2017-07-29 12:00:00
e296e4b8,e4704ea6,delivered,2017-05-14 10:00:00,2017-05-14 10:00:00,2017-05-16 10:00:00,2017-05-24 10:00:00,2017-06-05 10:00:00
117045b3,04a4825f,delivered,2018-05-20 16:00:00,2018-05-20 20:00:00,2018-05-21 16:00:00,2018-06-03 16:00:00,2018-05-31 16:00:00
0d46e3e0,eefcfba9,delivered,2017-10-30 01:00:00,2017-10-30 04:00:00,2017-10-31 01:00:00,2017-11-04 01:00:00,2017-11-22 01:00:00
0c6ba244,9a7e7757,delivered,2017-09-07 18:00:00,2017-09-07 19:00:00,2017-09-08 18:00:00,2017-09-20 18:00:00,2017-09-30 18:00:00
877d5968,d2036d43,delivered,2018-02-11 13:00:00,2018-02-11 17:00:00,2018-02-12 13:00:00,2018-02-24 13:00:00,2018-03-04 13:00:00
04e12bfa,7c0e6894,delivered,2017-01-02 08:00:00,2017-01-02 12:00:00,2017-01-04 08:00:00,2017-01-12 08:00:00,2017-01-24 08:00:00
63ed8df4,3cec8e18,delivered,2018-01-05 01:00:00,2018-01-05 05:00:00,2018-01-07 01:00:00,2018-01-12 01:00:00,2018-01-29 01:00:00
4ec30766,96e59536,delivered,2017-05-09 05:00:00,2017-05-09 05:00:00,2017-05-10 05:00:00,2017-05-18 05:00:00,2017-05-31 05:00:00
dbd5f3d2,79eeb8b1,delivered,2018-06-10 02:00:00,2018-06-10 05:00:00,2018-06-11 02:00:00,2018-06-13 02:00:00,2018-06-29 02:00:00
f6d90316,65c90609,delivered,2017-05-22 03:00:00,2017-05-22 04:00:00,2017-05-23 03:00:00,2017-05-31 03:00:00,2017-06-03 03:00:00
ee3e1ca7,7a318820,delivered,2018-08-01 14:00:00,2018-08-01 17:00:00,2018-08-03 14:00:00,2018-08-04 14:00:00,2018-08-24 14:00:00
2145c525,19d2d914,delivered,2017-05-26 23:00:00,2017-05-27 00:00:00,2017-05-28 23:00:00,2017-06-04 23:00:00,2017-06-09 23:00:00
d1b49894,6f5529fa,delivered,2017-06-11 01:00:00,2017-06-11 05:00:00,2017-06-12 01:00:00,2017-06-14 01:00:00,2017-06-26 01:00:00
e4fb6c28,ecba7f98,delivered,2018-01-19 10:00:00,2018-01-19 12:00:00,2018-01-20 10:00:00,2018-01-28 10:00:00,2018-02-10 10:00:00
0b18e60e,7bd267ab,delivered,2018-04-27 22:00:00,2018-04-28 01:00:00,2018-04-29 22:00:00,2018-05-07 22:00:00,2018-05-21 22:00:00
da622cd4,2ca259c9,delivered,2017-01-17 05:00:00,2017-01-17 08:00:00,2017-01-18 05:00:00,2017-01-21 05:00:00,2017-02-06 05:00:00
ffe677a7,cc6c975c,delivered,2017-11-20 15:00:00,2017-11-20 16:00:00,2017-11-21 15:00:00,2017-11-30 15:00:00,2017-12-06 15:00:00
4434806a,1c1c365a,delivered,2017-09-02 12:00:00,2017-09-02 13:00:00,2017-09-03 12:00:00,2017-09-14 12:00:00,2017-09-26 12:00:00
af6bf00c,45dd7683,delivered,2017-05-26 22:00:00,2017-05-26 22:00:00,2017-05-28 22:00:00,2017-05-31 22:00:00,2017-06-17 22:00:00
47736c22,fd01c39c,delivered,2017-06-06 23:00:00,2017-06-07 03:00:00,2017-06-07 23:00:00,2017-06-11 23:00:00,2017-06-18 23:00:00
f312a8f7,dc4ee45e,delivered,2017-02-13 13:00:00,2017-02-13 14:00:00,2017-02-14 13:00:00,2017-02-21 13:00:00,2017-03-03 13:00:00
967a0bb4,ad73eb07,delivered,2018-06-01 21:00:00,2018-06-01 23:00:00,2018-06-02 21:00:00,2018-06-06 21:00:00,2018-06-22 21:00:00
94af387c,9c9a2b25,delivered,2018-03-24 14:00:00,2018-03-24 17:00:00,2018-03-25 14:00:00,2018-04-01 14:00:00,2018-04-03 14:00:00
d7f2383d,61964ee7,delivered,2017-08-14 16:00:00,2017-08-14 16:00:00,2017-08-16 16:00:00,2017-08-21 16:00:00,2017-08-24 16:00:00
4d5b4976,e1b23eee,delivered,2017-06-15 00:00:00,2017-06-15 02:00:00,2017-06-16 00:00:00,2017-06-24 00:00:00,2017-06-27 00:00:00
d6e24b65,adb7bde4,delivered,2017-01-14 12:00:00,2017-01-14 12:00:00,2017-01-16 12:00:00,2017-01-27 12:00:00,2017-02-01 12:00:00
40187563,05cb1414,delivered,2017-09-25 09:00:00,2017-09-25 09:00:00,2017-09-26 09:00:00,2017-09-29 09:00:00,2017-10-15 09:00:00
8f84f515,c4f58319,delivered,2018-06-02 01:00:00,2018-06-02 02:00:00,2018-06-04 01:00:00,2018-06-16 01:00:00,2018-06-16 01:00:00
e262a9ae,234301ce,delivered,2017-06-05 23:00:00,2017-06-06 00:00:00,2017-06-07 23:00:00,2017-06-11 23:00:00,2017-06-22 23:00:00
e466899c,4449b72a,delivered,2018-08-19 05:00:00,2018-08-19 05:00:00,2018-08-20 05:00:00,2018-08-31 05:00:00,2018-08-30 05:00:00
85a3e48c,864b9bdd,delivered,2017-06-19 01:00:00,2017-06-19 04:00:00,2017-06-21 01:00:00,2017-06-22 01:00:00,2017-06-29 01:00:00
4bbebea0,0e15b795,delivered,2018-08-11 16:00:00,2018-08-11 16:00:00,2018-08-13 16:00:00,2018-08-16 16:00:00,2018-09-03 16:00:00
509f1ab4,a376f9de,delivered,2017-12-26 04:00:00,2017-12-26 04:00:00,2017-12-28 04:00:00,2018-01-03 04:00:00,2018-01-17 04:00:00
468179d4,3f26c68e,delivered,2018-01-26 19:00:00,2018-01-26 20:00:00,2018-01-28 19:00:00,2018-02-04 19:00:00,2018-02-15 19:00:00
7e20efb5,307e12cc,delivered,2017-03-17 14:00:00,2017-03-17 17:00:00,2017-03-18 14:00:00,2017-03-25 14:00:00,2017-03-28 14:00:00
78105568,03c71fb1,delivered,2017-09-21 13:00:00,2017-09-21 16:00:00,2017-09-22 13:00:00,2017-10-01 13:00:00,2017-10-02 13:00:00
035b5518,a7657eda,delivered,2017-04-09 18:00:00,2017-04-09 21:00:00,2017-04-11 18:00:00,2017-04-21 18:00:00,2017-04-30 18:00:00
9e9497f5,0cfe46f4,delivered,2018-06-28 08:00:00,2018-06-28 10:00:00,2018-06-30 08:00:00,2018-07-10 08:00:00,2018-07-10 08:00:00
5c124fb9,fbe3747c,delivered,2017-09-26 05:00:00,2017-09-26 09:00:00,2017-09-28 05:00:00,2017-10-07 05:00:00,2017-10-15 05:00:00
1f1ba262,1fa0ea7f,shipped,2017-03-19 12:00:00,2017-03-19 14:00:00,2017-03-20 12:00:00,,2017-04-10 12:00:00
9b12b589,74e697af,delivered,2018-02-22 17:00:00,2018-02-22 18:00:00,2018-02-23 17:00:00,2018-02-27 17:00:00,2018-03-10 17:00:00
fc6ad5c3,4b339579,canceled,2018-01-16 07:00:00,2018-01-16 08:00:00,2018-01-17 07:00:00,,2018-02-01 07:00:00
ef22d551,769efa48,delivered,2018-06-06 23:00:00,2018-06-07 02:00:00,2018-06-08 23:00:00,2018-06-09 23:00:00,2018-06-28 23:00:00
24f83127,ffcc2de0,delivered,2017-08-09 10:00:00,2017-08-09 14:00:00,2017-08-11 10:00:00,2017-08-16 10:00:00,2017-08-31 10:00:00
b4fa83e8,25751f91,delivered,2017-03-26 03:00:00,2017-03-26 04:00:00,2017-03-27 03:00:00,2017-04-07 03:00:00,2017-04-12 03:00:00
29ca5ab4,03b82e00,delivered,2017-09-04 12:00:00,2017-09-04 14:00:00,2017-09-05 12:00:00,2017-09-15 12:00:00,2017-09-23 12:00:00
27b8eaff,3a5eeddf,delivered,2017-08-16 09:00:00,2017-08-16 11:00:00,2017-08-18 09:00:00,2017-08-21 09:00:00,2017-09-05 09:00:00
8b84e793,8a00c5a9,delivered,2018-04-01 14:00:00,2018-04-01 14:00:00,2018-04-02 14:00:00,2018-04-06 14:00:00,2018-04-18 14:00:00
6e78b4d1,191a3974,delivered,2018-04-22 12:00:00,2018-04-22 16:00:00,2018-04-24 12:00:00,2018-05-03 12:00:00,2018-05-11 12:00:00
e766c84a,e25458fe,delivered,2018-04-04 08:00:00,2018-04-04 11:00:00,2018-04-06 08:00:00,2018-04-15 08:00:00,2018-04-22 08:00:00
7072a471,3960accf,delivered,2017-12-26 02:00:00,2017-12-26 05:00:00,2017-12-28 02:00:00,2017-12-30 02:00:00,2018-01-05 02:00:00
ac14f495,7bb17d06,delivered,2017-06-07 01:00:00,2017-06-07 01:00:00,2017-06-08 01:00:00,2017-06-20 01:00:00,2017-06-21 01:00:00
9fe54196,389de295,delivered,2017-05-01 19:00:00,2017-05-01 20:00:00,2017-05-02 19:00:00,2017-05-05 19:00:00,2017-05-18 19:00:00
c662dbed,bd65d313,delivered,2018-03-05 17:00:00,2018-03-05 21:00:00,2018-03-07 17:00:00,2018-03-11 17:00:00,2018-03-27 17:00:00
1b4cbd54,3a994132,delivered,2018-05-21 07:00:00,2018-05-21 10:00:00,2018-05-23 07:00:00,2018-05-30 07:00:00,2018-06-12 07:00:00
b3aa664e,c6a184ad,delivered,2017-12-27 17:00:00,2017-12-27 18:00:00,2017-12-29 17:00:00,2018-01-08 17:00:00,2018-01-20 17:00:00
cd294804,9f5a5def,delivered,2017-12-15 04:00:00,2017-12-15 05:00:00,2017-12-17 04:00:00,2017-12-19 04:00:00,2017-12-26 04:00:00
7c1cd056,d6aabdb9,delivered,2017-01-17 12:00:00,2017-01-17 16:00:00,2017-01-19 12:00:00,2017-01-29 12:00:00,2017-02-06 12:00:00
929d1906,89b59cd1,delivered,2017-12-17 22:00:00,2017-12-18 01:00:00,2017-12-18 22:00:00,2017-12-20 22:00:00,2018-01-07 22:00:00
229a391b,5b7c0291,delivered,2018-01-28 09:00:00,2018-01-28 10:00:00,2018-01-30 09:00:00,2018-02-07 09:00:00,2018-02-13 09:00:00
576ec64d,7332297d,delivered,2017-12-01 14:00:00,2017-12-01 15:00:00,2017-12-03 14:00:00,2017-12-07 14:00:00,2017-12-17 14:00:00
075c4548,e1462be4,delivered,2018-05-20 01:00:00,2018-05-20 03:00:00,2018-05-21 01:00:00,2018-05-29 01:00:00,2018-06-04 01:00:00
f95e1a07,5ebb495a,delivered,2018-04-14 13:00:00,2018-04-14 17:00:00,2018-04-16 13:00:00,2018-04-17 13:00:00,2018-04-24 13:00:00
f48655cd,7f7db08d,delivered,2017-09-06 20:00:00,2017-09-06 22:00:00,2017-09-07 20:00:00,2017-09-13 20:00:00,2017-09-25 20:00:00
49360a48,141110e7,delivered,2017-03-07 03:00:00,2017-03-07 07:00:00,2017-03-09 03:00:00,2017-03-11 03:00:00,2017-03-21 03:00:00
ac38daeb,f31336f4,delivered,2017-08-06 14:00:00,2017-08-06 14:00:00,2017-08-07 14:00:00,2017-08-18 14:00:00,2017-08-21 14:00:00
75a076c0,f727e1da,delivered,2018-08-12 07:00:00,2018-08-12 11:00:00,2018-08-13 07:00:00,2018-08-20 07:00:00,2018-09-04 07:00:00
16affb38,856702ef,delivered,2018-02-18 08:00:00,2018-02-18 10:00:00,2018-02-19 08:00:00,2018-02-22 08:00:00,2018-03-09 08:00:00
9bfcc44c,ddea4592,delivered,2017-07-17 07:00:00,2017-07-17 08:00:00,2017-07-19 07:00:00,2017-07-24 07:00:00,2017-07-28 07:00:00
bd91414f,774b0047,delivered,2017-02-13 06:00:00,2017-02-13 10:00:00,2017-02-14 06:00:00,2017-02-22 06:00:00,2017-03-05 06:00:00
0f3735f3,b991ca7f,delivered,2017-01-18 06:00:00,2017-01-18 06:00:00,2017-01-20 06:00:00,2017-01-31 06:00:00,2017-02-04 06:00:00
a24962b6,155b63c5,delivered,2018-07-01 04:00:00,2018-07-01 04:00:00,2018-07-03 04:00:00,2018-07-08 04:00:00,2018-07-25 04:00:00
164cac6a,1c1c365a,delivered,2017-08-14 11:00:00,2017-08-14 13:00:00,2017-08-15 11:00:00,2017-08-25 11:00:00,2017-08-25 11:00:00
9e65877d,fb1aadcb,delivered,2018-02-19 06:00:00,2018-02-19 06:00:00,2018-02-21 06:00:00,2018-02-22 06:00:00,2018-03-13 06:00:00
422d82e9,7f04288d,delivered,2017-03-23 05:00:00,2017-03-23 07:00:00,2017-03-25 05:00:00,2017-04-02 05:00:00,2017-04-16 05:00:00
47f7dc4d,d677d98e,delivered,2017-11-22 13:00:00,2017-11-22 15:00:00,2017-11-24 13:00:00,2017-11-25 13:00:00,2017-12-13 13:00:00
0e5579c2,aacf684c,delivered,2017-07-11 18:00:00,2017-07-11 18:00:00,2017-07-12 18:00:00,2017-07-18 18:00:00,2017-07-22 18:00:00
fe0f2838,64f2df60,delivered,2018-06-03 08:00:00,2018-06-03 09:00:00,2018-06-05 08:00:00,2018-06-06 08:00:00,2018-06-24 08:00:00
49e66d33,f7a10ec6,delivered,2018-06-17 14:00:00,2018-06-17 14:00:00,2018-06-19 14:00:00,2018-06-21 14:00:00,2018-07-04 14:00:00
f9ab96a2,226bcf59,delivered,2017-11-20 01:00:00,2017-11-20 03:00:00,2017-11-22 01:00:00,2017-11-24 01:00:00,2017-12-01 01:00:00
5ac50646,796d9d8e,delivered,2017-04-28 06:00:00,2017-04-28 08:00:00,2017-04-29 06:00:00,2017-05-02 06:00:00,2017-05-11 06:00:00
34363ee0,39d62698,delivered,2017-08-05 01:00:00,2017-08-05 04:00:00,2017-08-06 01:00:00,2017-08-16 01:00:00,2017-08-24 01:00:00
f34292ed,3a5fe95c,invoiced,2017-03-21 18:00:00,2017-03-21 18:00:00,2017-03-22 18:00:00,,2017-04-09 18:00:00
d962c8d0,779ddb8c,delivered,2017-04-10 18:00:00,2017-04-10 21:00:00,2017-04-12 18:00:00,2017-04-15 18:00:00,2017-05-01 18:00:00
3396d16f,2f0eac55,delivered,2018-06-21 03:00:00,2018-06-21 07:00:00,2018-06-22 03:00:00,2018-07-03 03:00:00,2018-07-05 03:00:00
151d8dc5,04e0f6de,delivered,2018-02-06 10:00:00,2018-02-06 11:00:00,2018-02-07 10:00:00,2018-02-14 10:00:00,2018-02-22 10:00:00
8d0b393c,f5a3a00f,delivered,2017-05-14 17:00:00,2017-05-14 18:00:00,2017-05-15 17:00:00,2017-05-19 17:00:00,2017-05-24 17:00:00
91542be8,e436a002,delivered,2017-06-29 04:00:00,2017-06-29 06:00:00,2017-07-01 04:00:00,2017-07-02 04:00:00,2017-07-11 04:00:00
e0c24109,11414498,delivered,2017-02-25 04:00:00,2017-02-25 04:00:00,2017-02-26 04:00:00,2017-03-01 04:00:00,2017-03-07 04:00:00
d134f4e2,82394c86,delivered,2017-11-07 04:00:00,2017-11-07 05:00:00,2017-11-09 04:00:00,2017-11-12 04:00:00,2017-11-28 04:00:00
f479d17d,9cc498ef,delivered,2018-04-07 21:00:00,2018-04-07 21:00:00,2018-04-09 21:00:00,2018-04-21 21:00:00,2018-04-27 21:00:00
a022ae5e,4a414217,delivered,2017-07-03 19:00:00,2017-07-03 21:00:00,2017-07-04 19:00:00,2017-07-17 19:00:00,2017-07-22 19:00:00
a7531392,b4767eb8,delivered,2018-07-17 10:00:00,2018-07-17 12:00:00,2018-07-19 10:00:00,2018-07-31 10:00:00,2018-08-06 10:00:00
db768dfd,79593ff3,delivered,2017-05-10 05:00:00,2017-05-10 06:00:00,2017-05-12 05:00:00,2017-05-20 05:00:00,2017-06-01 05:00:00
b7b9df56,c884a56c,delivered,2017-03-19 17:00:00,2017-03-19 17:00:00,2017-03-21 17:00:00,2017-03-25 17:00:00,2017-03-30 17:00:00
83907d68,cfe94159,delivered,2018-04-20 22:00:00,2018-04-20 22:00:00,2018-04-21 22:00:00,2018-04-25 22:00:00,2018-05-13 22:00:00
4505b919,785ddb88,delivered,2017-04-28 05:00:00,2017-04-28 06:00:00,2017-04-29 05:00:00,2017-05-04 05:00:00,2017-05-20 05:00:00
36f1185e,03e49caa,delivered,2017-10-21 00:00:00,2017-10-21 02:00:00,2017-10-22 00:00:00,2017-11-01 00:00:00,2017-11-05 00:00:00
81de08d2,9cd39810,delivered,2018-02-21 14:00:00,2018-02-21 15:00:00,2018-02-22 14:00:00,2018-02-28 14:00:00,2018-03-05 14:00:00
11a1e6fd,db5c6f14,delivered,2017-06-18 15:00:00,2017-06-18 19:00:00,2017-06-20 15:00:00,2017-06-23 15:00:00,2017-07-08 15:00:00
f3c0aa09,3a8bc1ff,delivered,2018-04-21 11:00:00,2018-04-21 14:00:00,2018-04-23 11:00:00,2018-05-01 11:00:00,2018-05-01 11:00:00
c16415f7,4560f6b0,delivered,2018-03-14 06:00:00,2018-03-14 09:00:00,2018-03-16 06:00:00,2018-03-27 06:00:00,2018-04-02 06:00:00
5215bd74,a97be916,delivered,2018-08-23 23:00:00,2018-08-23 23:00:00,2018-08-24 23:00:00,2018-09-06 23:00:00,2018-09-16 23:00:00
d3d875f2,1a2069f7,delivered,2018-06-17 15:00:00,2018-06-17 16:00:00,2018-06-18 15:00:00,2018-06-23 15:00:00,2018-06-30 15:00:00
83b8962c,6cd42993,delivered,2017-05-13 10:00:00,2017-05-13 13:00:00,2017-05-15 10:00:00,2017-05-21 10:00:00,2017-06-06 10:00:00
7fd9bc59,178825ff,delivered,2017-03-01 01:00:00,2017-03-01 04:00:00,2017-03-03 01:00:00,2017-03-06 01:00:00,2017-03-12 01:00:00
f4483e9f,d475cb2f,delivered,2017-06-14 09:00:00,2017-06-14 13:00:00,2017-06-16 09:00:00,2017-06-25 09:00:00,2017-07-01 09:00:00
089793c4,3e626e6e,delivered,2017-10-06 10:00:00,2017-10-06 11:00:00,2017-10-08 10:00:00,2017-10-14 10:00:00,2017-10-28 10:00:00
060c12eb,73d45dc8,delivered,2018-04-03 11:00:00,2018-04-03 15:00:00,2018-04-05 11:00:00,2018-04-12 11:00:00,2018-04-21 11:00:00
2c6eed10,f0f87d0f,invoiced,2017-02-22 13:00:00,2017-02-22 13:00:00,2017-02-24 13:00:00,,2017-03-12 13:00:00
ad03d7c6,d6d699c0,delivered,2017-06-21 21:00:00,2017-06-21 21:00:00,2017-06-22 21:00:00,2017-07-03 21:00:00,2017-07-12 21:00:00
be93664c,bf12ac57,delivered,2017-05-10 10:00:00,2017-05-10 11:00:00,2017-05-11 10:00:00,2017-05-14 10:00:00,2017-05-22 10:00:00
7bf7bb48,81c5835f,delivered,2018-07-16 22:00:00,2018-07-16 23:00:00,2018-07-17 22:00:00,2018-07-26 22:00:00,2018-08-07 22:00:00
a926a1a6,a99370c9,delivered,2018-07-23 00:00:00,2018-07-23 00:00:00,2018-07-24 00:00:00,2018-08-04 00:00:00,2018-08-03 00:00:00
a6f45ea9,902f6f41,delivered,2017-10-20 14:00:00,2017-10-20 14:00:00,2017-10-21 14:00:00,2017-11-02 14:00:00,2017-11-03 14:00:00
fbb5d985,acab3691,delivered,2018-07-09 05:00:00,2018-07-09 05:00:00,2018-07-10 05:00:00,2018-07-13 05:00:00,2018-08-02 05:00:00
b552bb82,50979032,delivered,2017-06-07 15:00:00,2017-06-07 15:00:00,2017-06-08 15:00:00,2017-06-13 15:00:00,2017-06-30 15:00:00
f7d15778,4654629b,delivered,2017-02-28 05:00:00,2017-02-28 06:00:00,2017-03-01 05:00:00,2017-03-13 05:00:00,2017-03-20 05:00:00
9efb5100,4e8fab24,delivered,2017-12-18 16:00:00,2017-12-18 20:00:00,2017-12-20 16:00:00,2017-12-26 16:00:00,2017-12-31 16:00:00
82e19e1f,597eddf1,delivered,2018-04-25 04:00:00,2018-04-25 08:00:00,2018-04-27 04:00:00,2018-05-06 04:00:00,2018-05-12 04:00:00
f96b9f94,83d1be55,delivered,2017-06-28 02:00:00,2017-06-28 05:00:00,2017-06-29 02:00:00,2017-07-10 02:00:00,2017-07-20 02:00:00
fab01290,76c754c3,delivered,2017-02-16 14:00:00,2017-02-16 18:00:00,2017-02-17 14:00:00,2017-02-20 14:00:00,2017-03-08 14:00:00
b7ea629a,9c7c8119,delivered,2018-02-25 12:00:00,2018-02-25 15:00:00,2018-02-27 12:00:00,2018-03-06 12:00:00,2018-03-16 12:00:00
2521941b,171812f8,delivered,2018-02-01 23:00:00,2018-02-02 00:00:00,2018-02-02 23:00:00,2018-02-14 23:00:00,2018-02-12 23:00:00
c710ec24,db5c6f14,delivered,2017-08-18 00:00:00,2017-08-18 03:00:00,2017-08-19 00:00:00,2017-08-30 00:00:00,2017-09-11 00:00:00
9f55e213,66c50a25,delivered,2018-02-04 06:00:00,2018-02-04 06:00:00,2018-02-06 06:00:00,2018-02-07 06:00:00,2018-02-20 06:00:00
21cc4e59,bbedfb4b,delivered,2017-12-11 23:00:00,2017-12-12 03:00:00,2017-12-13 23:00:00,2017-12-18 23:00:00,2017-12-28 23:00:00
b8618302,1f0b0a4a,delivered,2017-05-15 12:00:00,2017-05-15 14:00:00,2017-05-17 12:00:00,2017-05-21 12:00:00,2017-05-26 12:00:00
2b45c3d4,adcf9540,delivered,2017-03-06 10:00:00,2017-03-06 13:00:00,2017-03-07 10:00:00,2017-03-09 10:00:00,2017-03-23 10:00:00
0253762b,2a811d02,delivered,2017-09-30 01:00:00,2017-09-30 02:00:00,2017-10-02 01:00:00,2017-10-08 01:00:00,2017-10-19 01:00:00
0474a77a,27dc4b07,delivered,2018-03-06 15:00:00,2018-03-06 19:00:00,2018-03-07 15:00:00,2018-03-09 15:00:00,2018-03-22 15:00:00
77f49e03,f57df1ae,delivered,2017-08-29 09:00:00,2017-08-29 10:00:00,2017-08-30 09:00:00,2017-09-09 09:00:00,2017-09-11 09:00:00
c4c070cb,ba56677b,delivered,2017-04-22 14:00:00,2017-04-22 15:00:00,2017-04-24 14:00:00,2017-04-26 14:00:00,2017-05-13 14:00:00
a08b86fa,aab28dd7,shipped,2018-06-21 15:00:00,2018-06-21 15:00:00,2018-06-23 15:00:00,,2018-07-15 15:00:00
d5a5e97f,975e2188,delivered,2017-11-30 20:00:00,2017-11-30 22:00:00,2017-12-02 20:00:00,2017-12-08 20:00:00,2017-12-19 20:00:00
713862c4,8a2e2a66,delivered,2018-08-18 08:00:00,2018-08-18 11:00:00,2018-08-20 08:00:00,2018-08-26 08:00:00,2018-09-06 08:00:00
bc755558,9417b804,delivered,2017-08-25 17:00:00,2017-08-25 21:00:00,2017-08-27 17:00:00,2017-08-31 17:00:00,2017-09-12 17:00:00
f436079c,fcd091eb,delivered,2017-12-14 20:00:00,2017-12-14 22:00:00,2017-12-16 20:00:00,2017-12-24 20:00:00,2017-12-25 20:00:00
0e948af8,6f49a73b,delivered,2017-08-15 21:00:00,2017-08-15 21:00:00,2017-08-16 21:00:00,2017-08-21 21:00:00,2017-09-07 21:00:00
fbf4560e,84cf1a82,invoiced,2018-03-20 08:00:00,2018-03-20 09:00:00,2018-03-21 08:00:00,,2018-03-30 08:00:00
a4fb8672,2d75e976,delivered,2017-10-10 18:00:00,2017-10-10 20:00:00,2017-10-11 18:00:00,2017-10-15 18:00:00,2017-10-31 18:00:00
e1804d51,8d7906c4,delivered,2018-06-28 06:00:00,2018-06-28 10:00:00,2018-06-30 06:00:00,2018-07-05 06:00:00,2018-07-17 06:00:00
2369b4cb,1c4cc6e9,delivered,2017-02-17 18:00:00,2017-02-17 20:00:00,2017-02-19 18:00:00,2017-02-26 18:00:00,2017-03-03 18:00:00
573980aa,f67c2264,delivered,2017-05-01 20:00:00,2017-05-01 20:00:00,2017-05-03 20:00:00,2017-05-12 20:00:00,2017-05-11 20:00:00
2f98c354,188a43d1,delivered,2018-06-30 03:00:00,2018-06-30 07:00:00,2018-07-02 03:00:00,2018-07-13 03:00:00,2018-07-14 03:00:00
fb714820,5ef8d97c,delivered,2017-01-10 23:00:00,2017-01-11 03:00:00,2017-01-12 23:00:00,2017-01-20 23:00:00,2017-02-01 23:00:00
71a4e3f5,2c1576b7,delivered,2017-02-27 11:00:00,2017-02-27 15:00:00,2017-02-28 11:00:00,2017-03-07 11:00:00,2017-03-16 11:00:00
a6830f16,cb5e4c0c,delivered,2017-02-07 10:00:00,2017-02-07 11:00:00,2017-02-08 10:00:00,2017-02-13 10:00:00,2017-02-17 10:00:00
0f02fe2b,3300bd0a,delivered,2017-08-02 02:00:00,2017-08-02 06:00:00,2017-08-04 02:00:00,2017-08-16 02:00:00,2017-08-17 02:00:00
27755021,5c3233ac,delivered,2017-04-22 11:00:00,2017-04-22 12:00:00,2017-04-23 11:00:00,2017-05-03 11:00:00,2017-05-11 11:00:00
8ac01601,03aed3ef,delivered,2018-01-04 15:00:00,2018-01-04 17:00:00,2018-01-06 15:00:00,2018-01-07 15:00:00,2018-01-16 15:00:00
5f2155ab,24a439ad,delivered,2018-07-13 08:00:00,2018-07-13 12:00:00,2018-07-14 08:00:00,2018-07-26 08:00:00,2018-07-24 08:00:00
b130b4bc,63c3dd95,delivered,2018-01-15 07:00:00,2018-01-15 08:00:00,2018-01-16 07:00:00,2018-01-26 07:00:00,2018-01-27 07:00:00
bbcac174,12a30ffc,delivered,2017-03-06 21:00:00,2017-03-06 21:00:00,2017-03-07 21:00:00,2017-03-12 21:00:00,2017-03-16 21:00:00
0a170bd5,24a4131d,delivered,2018-01-23 16:00:00,2018-01-23 18:00:00,2018-01-25 16:00:00,2018-01-30 16:00:00,2018-02-06 16:00:00
2da23135,a3717fd7,delivered,2017-05-23 17:00:00,2017-05-23 21:00:00,2017-05-25 17:00:00,2017-05-31 17:00:00,2017-06-06 17:00:00
0579d291,230af920,delivered,2017-10-11 05:00:00,2017-10-11 06:00:00,2017-10-13 05:00:00,2017-10-20 05:00:00,2017-10-29 05:00:00
c74bb9af,007eca05,delivered,2017-04-13 01:00:00,2017-04-13 01:00:00,2017-04-15 01:00:00,2017-04-26 01:00:00,2017-05-01 01:00:00
3607fe2c,d390c267,delivered,2018-08-12 04:00:00,2018-08-12 08:00:00,2018-08-14 04:00:00,2018-08-25 04:00:00,2018-08-22 04:00:00
25870481,1e346c17,delivered,2018-08-13 12:00:00,2018-08-13 15:00:00,2018-08-14 12:00:00,2018-08-23 12:00:00,2018-08-24 12:00:00
5337e14e,6200212a,delivered,2017-03-21 10:00:00,2017-03-21 14:00:00,2017-03-22 10:00:00,2017-04-03 10:00:00,2017-04-11 10:00:00
7c7eec81,30da6b86,delivered,2018-02-21 08:00:00,2018-02-21 09:00:00,2018-02-23 08:00:00,2018-03-04 08:00:00,2018-03-07 08:00:00
a0350533,596c9c77,delivered,2017-10-06 10:00:00,2017-10-06 13:00:00,2017-10-08 10:00:00,2017-10-17 10:00:00,2017-10-25 10:00:00
719abab5,2ddc94de,delivered,2017-06-09 00:00:00,2017-06-09 04:00:00,2017-06-10 00:00:00,2017-06-14 00:00:00,2017-06-24 00:00:00
ee8f75fc,ebe88ec9,delivered,2018-04-11 02:00:00,2018-04-11 03:00:00,2018-04-12 02:00:00,2018-04-15 02:00:00,2018-05-05 02:00:00
5327d933,5703c89b,delivered,2018-01-06 09:00:00,2018-01-06 10:00:00,2018-01-07 09:00:00,2018-01-09 09:00:00,2018-01-28 09:00:00
82ac9a63,14e0c965,delivered,2017-08-04 20:00:00,2017-08-04 22:00:00,2017-08-05 20:00:00,2017-08-08 20:00:00,2017-08-20 20:00:00
bc198bd0,6cc1538d,delivered,2017-02-16 07:00:00,2017-02-16 09:00:00,2017-02-17 07:00:00,2017-02-21 07:00:00,2017-03-02 07:00:00
ccb0a88f,34b8f09e,delivered,2017-04-10 20:00:00,2017-04-10 21:00:00,2017-04-11 20:00:00,2017-04-16 20:00:00,2017-04-24 20:00:00
ef5f2d87,6218e73c,delivered,2017-01-10 07:00:00,2017-01-10 09:00:00,2017-01-11 07:00:00,2017-01-18 07:00:00,2017-01-29 07:00:00
95a0b460,e04495b8,delivered,2018-07-16 22:00:00,2018-07-17 02:00:00,2018-07-17 22:00:00,2018-07-19 22:00:00,2018-08-08 22:00:00
af07e00e,1ae5e645,delivered,2018-04-28 17:00:00,2018-04-28 17:00:00,2018-04-30 17:00:00,2018-05-10 17:00:00,2018-05-08 17:00:00
a8ad6dd6,4d97e546,delivered,2017-11-30 10:00:00,2017-11-30 11:00:00,2017-12-02 10:00:00,2017-12-10 10:00:00,2017-12-19 10:00:00
04b5d361,662073fd,delivered,2017-03-10 04:00:00,2017-03-10 05:00:00,2017-03-11 04:00:00,2017-03-15 04:00:00,2017-03-25 04:00:00
cb6e79d2,b88277c3,delivered,2017-10-06 13:00:00,2017-10-06 14:00:00,2017-10-07 13:00:00,2017-10-11 13:00:00,2017-10-27 13:00:00
5d519f5c,ec8a9604,delivered,2018-03-29 18:00:00,2018-03-29 18:00:00,2018-03-31 18:00:00,2018-04-10 18:00:00,2018-04-16 18:00:00
a6ecbfc8,5777f990,delivered,2017-07-20 04:00:00,2017-07-20 04:00:00,2017-07-21 04:00:00,2017-08-01 04:00:00,2017-07-31 04:00:00
5f6071c8,97dee6e3,delivered,2017-01-29 21:00:00,2017-01-30 01:00:00,2017-01-31 21:00:00,2017-02-03 21:00:00,2017-02-22 21:00:00
7e020fd3,c93e3076,delivered,2017-01-20 16:00:00,2017-01-20 20:00:00,2017-01-21 16:00:00,2017-01-30 16:00:00,2017-02-07 16:00:00
d225cf61,a59a6ab6,delivered,2017-02-02 06:00:00,2017-02-02 10:00:00,2017-02-04 06:00:00,2017-02-09 06:00:00,2017-02-25 06:00:00
c11e073e,b876bd4e,delivered,2017-12-11 16:00:00,2017-12-11 17:00:00,2017-12-13 16:00:00,2017-12-20 16:00:00,2017-12-26 16:00:00
3565d19c,00990a4e,delivered,2018-04-12 19:00:00,2018-04-12 21:00:00,2018-04-13 19:00:00,2018-04-25 19:00:00,2018-04-23 19:00:00
8d0ea8ed,499b695a,delivered,2018-03-25 21:00:00,2018-03-26 01:00:00,2018-03-27 21:00:00,2018-04-01 21:00:00,2018-04-15 21:00:00
2cd96697,eda2c581,delivered,2018-05-15 08:00:00,2018-05-15 08:00:00,2018-05-17 08:00:00,2018-05-20 08:00:00,2018-05-26 08:00:00
30304d38,d8e03b62,delivered,2017-08-10 09:00:00,2017-08-10 12:00:00,2017-08-11 09:00:00,2017-08-18 09:00:00,2017-09-01 09:00:00
f49a9d19,bd2f9004,delivered,2018-02-05 00:00:00,2018-02-05 03:00:00,2018-02-07 00:00:00,2018-02-15 00:00:00,2018-02-15 00:00:00
7fdf0d0b,b3e149b2,canceled,2017-09-25 12:00:00,2017-09-25 15:00:00,2017-09-27 12:00:00,,2017-10-05 12:00:00
4c1130f3,1ec223ed,delivered,2018-08-13 12:00:00,2018-08-13 13:00:00,2018-08-14 12:00:00,2018-08-19 12:00:00,2018-09-03 12:00:00
33415a52,ca4cb803,delivered,2018-01-25 22:00:00,2018-01-26 00:00:00,2018-01-27 22:00:00,2018-01-30 22:00:00,2018-02-13 22:00:00
cfd419a4,03f22bcf,delivered,2017-05-29 10:00:00,2017-05-29 10:00:00,2017-05-31 10:00:00,2017-06-04 10:00:00,2017-06-15 10:00:00
7c096933,1a614d77,delivered,2017-12-05 12:00:00,2017-12-05 13:00:00,2017-12-06 12:00:00,2017-12-18 12:00:00,2017-12-27 12:00:00
1329ad53,7231923e,delivered,2017-10-26 15:00:00,2017-10-26 16:00:00,2017-10-27 15:00:00,2017-11-01 15:00:00,2017-11-11 15:00:00
4668f413,79b382fd,delivered,2017-07-28 14:00:00,2017-07-28 14:00:00,2017-07-30 14:00:00,2017-08-03 14:00:00,2017-08-12 14:00:00
4010425e,6d6a2387,delivered,2018-08-13 16:00:00,2018-08-13 19:00:00,2018-08-14 16:00:00,2018-08-25 16:00:00,2018-09-04 16:00:00
24bd1d3c,13b94a6e,delivered,2017-05-14 03:00:00,2017-05-14 05:00:00,2017-05-16 03:00:00,2017-05-26 03:00:00,2017-05-28 03:00:00
4c1c5b54,af9ca600,delivered,2018-05-25 15:00:00,2018-05-25 15:00:00,2018-05-27 15:00:00,2018-06-01 15:00:00,2018-06-18 15:00:00
fb29f661,862c9cdb,delivered,2017-07-30 18:00:00,2017-07-30 19:00:00,2017-07-31 18:00:00,2017-08-10 18:00:00,2017-08-15 18:00:00
349bee9a,dec05ff8,delivered,2017-03-14 18:00:00,2017-03-14 20:00:00,2017-03-15 18:00:00,2017-03-18 18:00:00,2017-04-02 18:00:00
970f01f1,5b188e23,delivered,2018-07-29 19:00:00,2018-07-29 20:00:00,2018-07-30 19:00:00,2018-08-02 19:00:00,2018-08-10 19:00:00
d3f241c5,2e317308,delivered,2017-11-18 18:00:00,2017-11-18 22:00:00,2017-11-20 18:00:00,2017-11-29 18:00:00,2017-12-07 18:00:00
304c9337,daf7da96,delivered,2017-07-23 03:00:00,2017-07-23 06:00:00,2017-07-25 03:00:00,2017-07-31 03:00:00,2017-08-04 03:00:00
51c8898d,7406a29c,delivered,2018-06-11 15:00:00,2018-06-11 15:00:00,2018-06-12 15:00:00,2018-06-18 15:00:00,2018-06-28 15:00:00
f7d25230,74c1840f,delivered,2017-11-04 03:00:00,2017-11-04 04:00:00,2017-11-06 03:00:00,2017-11-12 03:00:00,2017-11-22 03:00:00
e0c05002,5f5dd6ef,delivered,2017-01-07 03:00:00,2017-01-07 06:00:00,2017-01-08 03:00:00,2017-01-16 03:00:00,2017-01-20 03:00:00
99395e02,2ba3641a,delivered,2018-07-25 06:00:00,2018-07-25 08:00:00,2018-07-26 06:00:00,2018-08-06 06:00:00,2018-08-07 06:00:00
b30f0ea2,bd2e9576,delivered,2017-12-21 11:00:00,2017-12-21 15:00:00,2017-12-23 11:00:00,2017-12-24 11:00:00,2018-01-13 11:00:00
24643fb7,dbe652d5,delivered,2018-06-13 11:00:00,2018-06-13 14:00:00,2018-06-15 11:00:00,2018-06-22 11:00:00,2018-07-07 11:00:00
e038f866,7d4acc56,delivered,2018-08-03 13:00:00,2018-08-03 14:00:00,2018-08-04 13:00:00,2018-08-14 13:00:00,2018-08-26 13:00:00
b461a776,68ccc1f5,delivered,2017-04-21 10:00:00,2017-04-21 10:00:00,2017-04-22 10:00:00,2017-04-26 10:00:00,2017-05-03 10:00:00
401bf7e8,40a0af4b,delivered,2018-05-24 23:00:00,2018-05-25 01:00:00,2018-05-26 23:00:00,2018-06-07 23:00:00,2018-06-13 23:00:00
9ade7163,13b94a6e,delivered,2017-02-08 18:00:00,2017-02-08 20:00:00,2017-02-09 18:00:00,2017-02-20 18:00:00,2017-02-18 18:00:00
0e9020ec,3212c457,delivered,2017-10-14 04:00:00,2017-10-14 07:00:00,2017-10-16 04:00:00,2017-10-25 04:00:00,2017-10-26 04:00:00
5abbd998,ce11c3b7,delivered,2017-07-06 07:00:00,2017-07-06 10:00:00,2017-07-08 07:00:00,2017-07-15 07:00:00,2017-07-22 07:00:00
2b9062bf,ef653908,delivered,2017-11-25 02:00:00,2017-11-25 04:00:00,2017-11-27 02:00:00,2017-12-01 02:00:00,2017-12-14 02:00:00
e8bb0480,db462b6c,invoiced,2017-11-23 09:00:00,2017-11-23 10:00:00,2017-11-24 09:00:00,,2017-12-12 09:00:00
32e91715,b403a054,shipped,2018-04-22 23:00:00,2018-04-23 02:00:00,2018-04-24 23:00:00,,2018-05-16 23:00:00
891329f1,c234d021,delivered,2017-09-09 09:00:00,2017-09-09 11:00:00,2017-09-11 09:00:00,2017-09-20 09:00:00,2017-09-25 09:00:00
bf4ec329,03fd7ffb,delivered,2018-02-24 16:00:00,2018-02-24 18:00:00,2018-02-25 16:00:00,2018-03-05 16:00:00,2018-03-16 16:00:00
7655a224,a5540611,delivered,2017-06-28 16:00:00,2017-06-28 20:00:00,2017-06-29 16:00:00,2017-07-09 16:00:00,2017-07-19 16:00:00
f05537cc,8d29719e,delivered,2017-01-01 00:00:00,2017-01-01 02:00:00,2017-01-03 00:00:00,2017-01-14 00:00:00,2017-01-25 00:00:00
1ee23b74,f7f42872,delivered,2017-10-24 16:00:00,2017-10-24 16:00:00,2017-10-25 16:00:00,2017-10-29 16:00:00,2017-11-09 16:00:00
e68adbff,e2e279ee,delivered,2018-08-23 01:00:00,2018-08-23 01:00:00,2018-08-24 01:00:00,2018-09-05 01:00:00,2018-09-15 01:00:00
2a5cd09f,b1a0a44b,delivered,2018-08-06 08:00:00,2018-08-06 09:00:00,2018-08-07 08:00:00,2018-08-11 08:00:00,2018-08-22 08:00:00
95f12472,3c83b6bf,delivered,2017-03-06 04:00:00,2017-03-06 06:00:00,2017-03-07 04:00:00,2017-03-10 04:00:00,2017-03-25 04:00:00
58a8a0c5,79eeb8b1,delivered,2018-07-23 21:00:00,2018-07-24 01:00:00,2018-07-25 21:00:00,2018-07-27 21:00:00,2018-08-16 21:00:00
c9117e0b,1b06ffd4,delivered,2018-04-01 10:00:00,2018-04-01 13:00:00,2018-04-02 10:00:00,2018-04-13 10:00:00,2018-04-17 10:00:00
11b06914,671d1698,delivered,2018-04-30 08:00:00,2018-04-30 11:00:00,2018-05-01 08:00:00,2018-05-10 08:00:00,2018-05-16 08:00:00
ebc286fc,dc1ed1c5,delivered,2017-04-26 09:00:00,2017-04-26 10:00:00,2017-04-27 09:00:00,2017-05-02 09:00:00,2017-05-19 09:00:00
d10cb918,14efa265,processing,2017-06-13 06:00:00,2017-06-13 10:00:00,2017-06-15 06:00:00,,2017-07-06 06:00:00
196126b5,8b0f126a,delivered,2018-01-10 17:00:00,2018-01-10 17:00:00,2018-01-11 17:00:00,2018-01-19 17:00:00,2018-02-03 17:00:00
fbcf0153,1122101f,delivered,2018-03-27 05:00:00,2018-03-27 06:00:00,2018-03-28 05:00:00,2018-04-04 05:00:00,2018-04-06 05:00:00
2c0466ea,63db1d21,delivered,2018-08-13 15:00:00,2018-08-13 15:00:00,2018-08-15 15:00:00,2018-08-26 15:00:00,2018-08-25 15:00:00
9ae28d3b,573e5bb3,delivered,2017-03-29 09:00:00,2017-03-29 13:00:00,2017-03-31 09:00:00,2017-04-02 09:00:00,2017-04-11 09:00:00
67f3b54c,4d2b95dd,delivered,2017-12-01 17:00:00,2017-12-01 17:00:00,2017-12-02 17:00:00,2017-12-09 17:00:00,2017-12-21 17:00:00
3d77d35b,0d7c3a75,delivered,2017-11-21 17:00:00,2017-11-21 19:00:00,2017-11-22 17:00:00,2017-11-28 17:00:00,2017-12-11 17:00:00
e0d2cf49,d64c768e,delivered,2018-05-06 16:00:00,2018-05-06 16:00:00,2018-05-07 16:00:00,2018-05-12 16:00:00,2018-05-25 16:00:00
c02f3b49,f0cf4d82,delivered,2018-02-20 02:00:00,2018-02-20 06:00:00,2018-02-22 02:00:00,2018-02-27 02:00:00,2018-03-08 02:00:00
ad5b7813,581d0156,delivered,2017-04-17 23:00:00,2017-04-18 03:00:00,2017-04-19 23:00:00,2017-04-25 23:00:00,2017-05-10 23:00:00
7383f229,12ad9e3f,delivered,2017-06-28 10:00:00,2017-06-28 10:00:00,2017-06-29 10:00:00,2017-07-05 10:00:00,2017-07-16 10:00:00
94545e40,1745ee1e,delivered,2017-09-20 04:00:00,2017-09-20 06:00:00,2017-09-21 04:00:00,2017-09-30 04:00:00,2017-10-08 04:00:00
a728df86,c140a249,delivered,2017-01-03 21:00:00,2017-01-04 00:00:00,2017-01-04 21:00:00,2017-01-09 21:00:00,2017-01-19 21:00:00
f5f7ddc4,31705837,delivered,2017-04-19 02:00:00,2017-04-19 05:00:00,2017-04-20 02:00:00,2017-04-29 02:00:00,2017-05-11 02:00:00
1929ec1a,be32c638,delivered,2017-03-06 16:00:00,2017-03-06 20:00:00,2017-03-07 16:00:00,2017-03-20 16:00:00,2017-03-25 16:00:00
3c878720,2a5c2be0,delivered,2017-07-29 07:00:00,2017-07-29 10:00:00,2017-07-30 07:00:00,2017-08-12 07:00:00,2017-08-21 07:00:00
14d2afa0,769efa48,delivered,2018-05-15 22:00:00,2018-05-15 22:00:00,2018-05-16 22:00:00,2018-05-22 22:00:00,2018-05-27 22:00:00
766446f2,057a16ca,shipped,2017-03-31 04:00:00,2017-03-31 04:00:00,2017-04-01 04:00:00,,2017-04-19 04:00:00
377c98ff,cf931256,delivered,2018-05-09 14:00:00,2018-05-09 18:00:00,2018-05-11 14:00:00,2018-05-21 14:00:00,2018-05-23 14:00:00
dd380c2a,f31336f4,delivered,2017-03-02 18:00:00,2017-03-02 19:00:00,2017-03-04 18:00:00,2017-03-12 18:00:00,2017-03-24 18:00:00
5f7bd8d9,18944d71,delivered,2018-02-27 11:00:00,2018-02-27 13:00:00,2018-02-28 11:00:00,2018-03-10 11:00:00,2018-03-10 11:00:00
0efa41cf,d2fe5ecf,delivered,2017-08-30 10:00:00,2017-08-30 13:00:00,2017-08-31 10:00:00,2017-09-03 10:00:00,2017-09-11 10:00:00
a8bbfd7c,1f5c94ff,delivered,2018-01-19 09:00:00,2018-01-19 10:00:00,2018-01-21 09:00:00,2018-01-26 09:00:00,2018-01-31 09:00:00
529e21dd,54b76a72,shipped,2017-12-25 18:00:00,2017-12-25 18:00:00,2017-12-27 18:00:00,,2018-01-04 18:00:00
b49775d7,f3438afa,delivered,2017-01-27 22:00:00,2017-01-27 23:00:00,2017-01-28 22:00:00,2017-02-10 22:00:00,2017-02-10 22:00:00
cebf8e08,227379c9,delivered,2018-01-01 17:00:00,2018-01-01 17:00:00,2018-01-02 17:00:00,2018-01-09 17:00:00,2018-01-18 17:00:00
96ca9750,569c8b95,processing,2018-06-26 17:00:00,2018-06-26 21:00:00,2018-06-27 17:00:00,,2018-07-10 17:00:00
4e24fefc,94460702,delivered,2018-01-17 21:00:00,2018-01-17 22:00:00,2018-01-19 21:00:00,2018-01-22 21:00:00,2018-01-29 21:00:00
095c895b,86a3764f,delivered,2018-03-30 02:00:00,2018-03-30 06:00:00,2018-03-31 02:00:00,2018-04-03 02:00:00,2018-04-10 02:00:00
a198c4d1,8daae6ca,processing,2018-06-19 02:00:00,2018-06-19 02:00:00,2018-06-20 02:00:00,,2018-07-07 02:00:00
5357b391,a8e1786a,delivered,2017-10-08 13:00:00,2017-10-08 14:00:00,2017-10-09 13:00:00,2017-10-15 13:00:00,2017-10-31 13:00:00
70d2efce,c805a1e4,delivered,2018-01-28 04:00:00,2018-01-28 07:00:00,2018-01-30 04:00:00,2018-02-09 04:00:00,2018-02-09 04:00:00
cb57451f,cf14c367,delivered,2017-01-18 23:00:00,2017-01-18 23:00:00,2017-01-19 23:00:00,2017-01-21 23:00:00,2017-01-30 23:00:00
3fdf158d,796d9d8e,delivered,2017-01-08 00:00:00,2017-01-08 00:00:00,2017-01-09 00:00:00,2017-01-17 00:00:00,2017-01-25 00:00:00
affb0d4b,6233281e,delivered,2018-01-02 08:00:00,2018-01-02 09:00:00,2018-01-04 08:00:00,2018-01-10 08:00:00,2018-01-20 08:00:00
da1f9dde,71cc3b36,delivered,2017-07-15 17:00:00,2017-07-15 20:00:00,2017-07-16 17:00:00,2017-07-28 17:00:00,2017-07-27 17:00:00
28efdd49,fce4d46c,delivered,2017-06-14 10:00:00,2017-06-14 13:00:00,2017-06-15 10:00:00,2017-06-25 10:00:00,2017-06-28 10:00:00
63a928f8,6dab8037,delivered,2017-03-08 12:00:00,2017-03-08 15:00:00,2017-03-09 12:00:00,2017-03-21 12:00:00,2017-03-28 12:00:00
25b44ecb,41eb7bde,delivered,2017-10-31 13:00:00,2017-10-31 13:00:00,2017-11-02 13:00:00,2017-11-03 13:00:00,2017-11-20 13:00:00
90146313,115b55b5,delivered,2017-03-18 04:00:00,2017-03-18 05:00:00,2017-03-20 04:00:00,2017-03-25 04:00:00,2017-04-11 04:00:00
44e6a1fb,a97be916,delivered,2018-05-14 04:00:00,2018-05-14 06:00:00,2018-05-16 04:00:00,2018-05-27 04:00:00,2018-05-29 04:00:00
b0e1b8e6,02ff79b0,delivered,2017-01-01 01:00:00,2017-01-01 02:00:00,2017-01-03 01:00:00,2017-01-15 01:00:00,2017-01-20 01:00:00
6f85b225,58bc6f57,delivered,2018-05-25 15:00:00,2018-05-25 19:00:00,2018-05-27 15:00:00,2018-06-04 15:00:00,2018-06-12 15:00:00
3fc599c6,52ae0f66,delivered,2017-08-22 14:00:00,2017-08-22 17:00:00,2017-08-23 14:00:00,2017-09-01 14:00:00,2017-09-02 14:00:00
3d9661e8,14cfb11a,delivered,2018-08-06 08:00:00,2018-08-06 11:00:00,2018-08-08 08:00:00,2018-08-14 08:00:00,2018-08-16 08:00:00
9cf2bbd5,b80dfc78,delivered,2018-03-28 05:00:00,2018-03-28 05:00:00,2018-03-29 05:00:00,2018-04-05 05:00:00,2018-04-21 05:00:00
bb49511d,b55409d8,delivered,2018-02-06 17:00:00,2018-02-06 21:00:00,2018-02-08 17:00:00,2018-02-19 17:00:00,2018-02-22 17:00:00
d0f6fa43,922b7201,delivered,2018-04-29 16:00:00,2018-04-29 17:00:00,2018-04-30 16:00:00,2018-05-11 16:00:00,2018-05-17 16:00:00
26d1c7a2,006b644f,delivered,2017-12-31 07:00:00,2017-12-31 10:00:00,2018-01-02 07:00:00,2018-01-14 07:00:00,2018-01-20 07:00:00
83daaa89,97071933,delivered,2018-03-19 20:00:00,2018-03-19 22:00:00,2018-03-20 20:00:00,2018-03-29 20:00:00,2018-04-11 20:00:00
05e7e2ba,6292d329,delivered,2018-03-17 15:00:00,2018-03-17 16:00:00,2018-03-19 15:00:00,2018-03-20 15:00:00,2018-04-06 15:00:00
2fd34e9c,89b59cd1,delivered,2017-04-08 11:00:00,2017-04-08 13:00:00,2017-04-10 11:00:00,2017-04-14 11:00:00,2017-04-21 11:00:00
f6712085,ab53bdc3,delivered,2017-05-20 12:00:00,2017-05-20 16:00:00,2017-05-22 12:00:00,2017-05-25 12:00:00,2017-06-10 12:00:00
e97bf992,efdc9c78,delivered,2017-11-13 01:00:00,2017-11-13 05:00:00,2017-11-14 01:00:00,2017-11-24 01:00:00,2017-12-01 01:00:00
f0069f76,6032f02c,delivered,2017-08-03 23:00:00,2017-08-04 03:00:00,2017-08-04 23:00:00,2017-08-11 23:00:00,2017-08-24 23:00:00
52125f12,5b188e23,delivered,2018-06-19 17:00:00,2018-06-19 21:00:00,2018-06-21 17:00:00,2018-07-03 17:00:00,2018-07-12 17:00:00
370df9eb,36ce8a6a,delivered,2017-10-17 18:00:00,2017-10-17 22:00:00,2017-10-18 18:00:00,2017-10-29 18:00:00,2017-11-01 18:00:00
e658d664,4f7527c8,delivered,2017-01-07 12:00:00,2017-01-07 15:00:00,2017-01-09 12:00:00,2017-01-14 12:00:00,2017-01-31 12:00:00
a7230964,a79edac4,delivered,2017-10-20 13:00:00,2017-10-20 16:00:00,2017-10-22 13:00:00,2017-10-26 13:00:00,2017-11-13 13:00:00
25f02c09,1f0b0a4a,delivered,2017-11-17 02:00:00,2017-11-17 03:00:00,2017-11-19 02:00:00,2017-11-26 02:00:00,2017-12-02 02:00:00
10c9836e,2e577762,delivered,2017-03-24 01:00:00,2017-03-24 05:00:00,2017-03-25 01:00:00,2017-04-07 01:00:00,2017-04-14 01:00:00
5948aad8,cc68affa,delivered,2017-08-27 09:00:00,2017-08-27 12:00:00,2017-08-29 09:00:00,2017-09-08 09:00:00,2017-09-20 09:00:00
5e5ffeea,1065a178,delivered,2018-01-20 06:00:00,2018-01-20 06:00:00,2018-01-21 06:00:00,2018-02-02 06:00:00,2018-02-08 06:00:00
edc4d043,18dc486c,delivered,2017-12-10 09:00:00,2017-12-10 12:00:00,2017-12-12 09:00:00,2017-12-19 09:00:00,2017-12-26 09:00:00
2768c9f2,a4c639b9,delivered,2018-02-15 23:00:00,2018-02-16 02:00:00,2018-02-16 23:00:00,2018-02-20 23:00:00,2018-03-10 23:00:00
b5305cbc,715e7903,delivered,2017-05-13 07:00:00,2017-05-13 08:00:00,2017-05-15 07:00:00,2017-05-19 07:00:00,2017-05-29 07:00:00
7a314bb8,1796e270,invoiced,2017-08-12 07:00:00,2017-08-12 07:00:00,2017-08-14 07:00:00,,2017-08-31 07:00:00
aaf8940e,99ae03f8,delivered,2018-08-04 00:00:00,2018-08-04 01:00:00,2018-08-06 00:00:00,2018-08-10 00:00:00,2018-08-14 00:00:00
1fb51958,4471cc4e,delivered,2017-07-14 05:00:00,2017-07-14 06:00:00,2017-07-16 05:00:00,2017-07-27 05:00:00,2017-07-31 05:00:00
7111974f,9877a7d3,delivered,2017-10-29 15:00:00,2017-10-29 19:00:00,2017-10-30 15:00:00,2017-11-11 15:00:00,2017-11-09 15:00:00
33bde42c,de08768c,delivered,2018-06-25 15:00:00,2018-06-25 19:00:00,2018-06-27 15:00:00,2018-06-29 15:00:00,2018-07-13 15:00:00
52fbcb34,0a75c999,delivered,2017-01-23 01:00:00,2017-01-23 05:00:00,2017-01-24 01:00:00,2017-01-27 01:00:00,2017-02-06 01:00:00
de57ac2e,661bce82,delivered,2018-06-05 01:00:00,2018-06-05 02:00:00,2018-06-07 01:00:00,2018-06-14 01:00:00,2018-06-28 01:00:00
56dce8e0,1065a178,delivered,2017-06-26 08:00:00,2017-06-26 11:00:00,2017-06-28 08:00:00,2017-07-03 08:00:00,2017-07-15 08:00:00
a21050b5,0b07aa27,delivered,2017-05-03 07:00:00,2017-05-03 09:00:00,2017-05-04 07:00:00,2017-05-12 07:00:00,2017-05-15 07:00:00
99eb3ced,89fe7b22,delivered,2017-06-07 23:00:00,2017-06-08 02:00:00,2017-06-09 23:00:00,2017-06-21 23:00:00,2017-06-27 23:00:00
f29331df,d04d6633,delivered,2017-03-21 04:00:00,2017-03-21 06:00:00,2017-03-23 04:00:00,2017-03-24 04:00:00,2017-04-08 04:00:00
19dc9334,74aa3f7e,canceled,2017-10-05 04:00:00,2017-10-05 08:00:00,2017-10-07 04:00:00,,2017-10-17 04:00:00
be184900,dec05ff8,delivered,2017-04-20 19:00:00,2017-04-20 22:00:00,2017-04-22 19:00:00,2017-05-01 19:00:00,2017-05-09 19:00:00
970ec849,765ed5e9,delivered,2017-02-15 01:00:00,2017-02-15 05:00:00,2017-02-17 01:00:00,2017-02-28 01:00:00,2017-02-28 01:00:00
ef533f34,8f2a6915,delivered,2018-01-06 04:00:00,2018-01-06 05:00:00,2018-01-07 04:00:00,2018-01-16 04:00:00,2018-01-23 04:00:00
d20c5b69,cb3e5ce4,delivered,2018-04-06 09:00:00,2018-04-06 11:00:00,2018-04-07 09:00:00,2018-04-19 09:00:00,2018-04-20 09:00:00
16feb06f,15a3d4a6,delivered,2017-11-29 19:00:00,2017-11-29 21:00:00,2017-11-30 19:00:00,2017-12-12 19:00:00,2017-12-15 19:00:00
31730e2e,117ba214,delivered,2017-05-15 15:00:00,2017-05-15 19:00:00,2017-05-17 15:00:00,2017-05-24 15:00:00,2017-06-08 15:00:00
2011549a,f2000a03,delivered,2018-05-11 17:00:00,2018-05-11 21:00:00,2018-05-13 17:00:00,2018-05-14 17:00:00,2018-05-30 17:00:00
ff13485c,99ec1ccb,canceled,2018-03-05 21:00:00,2018-03-05 23:00:00,2018-03-06 21:00:00,,2018-03-18 21:00:00
00b786f0,84f24fc9,delivered,2017-06-11 07:00:00,2017-06-11 08:00:00,2017-06-12 07:00:00,2017-06-25 07:00:00,2017-07-02 07:00:00
d628153d,bbd00ede,delivered,2017-06-05 03:00:00,2017-06-05 07:00:00,2017-06-07 03:00:00,2017-06-19 03:00:00,2017-06-26 03:00:00
a7507421,eb6534c2,delivered,2018-07-15 03:00:00,2018-07-15 04:00:00,2018-07-17 03:00:00,2018-07-27 03:00:00,2018-08-01 03:00:00
25c2c9b0,5ebb495a,delivered,2018-08-08 04:00:00,2018-08-08 07:00:00,2018-08-09 04:00:00,2018-08-12 04:00:00,2018-08-19 04:00:00
e34158d7,e66fa75f,delivered,2018-04-23 10:00:00,2018-04-23 12:00:00,2018-04-25 10:00:00,2018-04-28 10:00:00,2018-05-13 10:00:00
9916a21c,112064cf,delivered,2017-09-30 15:00:00,2017-09-30 19:00:00,2017-10-01 15:00:00,2017-10-07 15:00:00,2017-10-11 15:00:00
a1d66a7d,f2bfb336,delivered,2017-01-16 04:00:00,2017-01-16 06:00:00,2017-01-17 04:00:00,2017-01-29 04:00:00,2017-02-09 04:00:00
0d6ee839,3e39d5ff,delivered,2018-05-14 17:00:00,2018-05-14 21:00:00,2018-05-15 17:00:00,2018-05-24 17:00:00,2018-05-29 17:00:00
7805a3de,66e928cc,delivered,2018-08-13 06:00:00,2018-08-13 10:00:00,2018-08-15 06:00:00,2018-08-16 06:00:00,2018-08-25 06:00:00
ff73593d,abadaca1,delivered,2017-02-22 09:00:00,2017-02-22 11:00:00,2017-02-23 09:00:00,2017-03-08 09:00:00,2017-03-05 09:00:00
f1ab5d76,d68eb223,delivered,2017-01-21 06:00:00,2017-01-21 09:00:00,2017-01-22 06:00:00,2017-01-26 06:00:00,2017-02-12 06:00:00
4f7c35f4,bc2e5ce4,delivered,2018-01-31 23:00:00,2018-02-01 02:00:00,2018-02-02 23:00:00,2018-02-11 23:00:00,2018-02-18 23:00:00
387872d5,71be9b5e,delivered,2018-01-28 14:00:00,2018-01-28 17:00:00,2018-01-29 14:00:00,2018-02-09 14:00:00,2018-02-18 14:00:00
5be5de66,86156a9a,delivered,2017-02-01 08:00:00,2017-02-01 08:00:00,2017-02-03 08:00:00,2017-02-11 08:00:00,2017-02-22 08:00:00
6627ee33,5f9eaa75,delivered,2017-12-05 15:00:00,2017-12-05 19:00:00,2017-12-07 15:00:00,2017-12-09 15:00:00,2017-12-16 15:00:00
aef2433f,d95ad37b,delivered,2017-12-24 11:00:00,2017-12-24 13:00:00,2017-12-25 11:00:00,2018-01-01 11:00:00,2018-01-06 11:00:00
b7c09fb1,9565ded5,delivered,2017-06-17 01:00:00,2017-06-17 05:00:00,2017-06-19 01:00:00,2017-06-20 01:00:00,2017-06-30 01:00:00
5c08e6d7,38f94efe,delivered,2018-01-01 19:00:00,2018-01-01 23:00:00,2018-01-02 19:00:00,2018-01-10 19:00:00,2018-01-17 19:00:00
7e713895,1df220bc,delivered,2018-02-22 19:00:00,2018-02-22 22:00:00,2018-02-23 19:00:00,2018-03-01 19:00:00,2018-03-04 19:00:00
eaf1654a,fd6ee0ca,delivered,2017-07-04 12:00:00,2017-07-04 15:00:00,2017-07-05 12:00:00,2017-07-12 12:00:00,2017-07-28 12:00:00
788c1c4d,bdb33b99,delivered,2017-07-21 21:00:00,2017-07-21 21:00:00,2017-07-23 21:00:00,2017-08-04 21:00:00,2017-08-10 21:00:00
eed0bbb3,065ad2ab,delivered,2017-05-22 13:00:00,2017-05-22 16:00:00,2017-05-23 13:00:00,2017-05-27 13:00:00,2017-06-14 13:00:00
b12dd04f,00b785d1,delivered,2018-08-18 15:00:00,2018-08-18 15:00:00,2018-08-20 15:00:00,2018-08-23 15:00:00,2018-09-03 15:00:00
a60cb921,369d85b5,delivered,2017-08-27 15:00:00,2017-08-27 19:00:00,2017-08-29 15:00:00,2017-08-30 15:00:00,2017-09-06 15:00:00
e8ec0735,18796603,delivered,2018-05-07 03:00:00,2018-05-07 07:00:00,2018-05-09 03:00:00,2018-05-13 03:00:00,2018-05-23 03:00:00
1c5cbd25,4f979120,delivered,2018-06-20 14:00:00,2018-06-20 17:00:00,2018-06-22 14:00:00,2018-06-25 14:00:00,2018-07-05 14:00:00
56386d64,84f24fc9,delivered,2018-03-10 11:00:00,2018-03-10 11:00:00,2018-03-11 11:00:00,2018-03-15 11:00:00,2018-03-31 11:00:00
5ec298ba,37ce7391,delivered,2017-09-19 22:00:00,2017-09-20 02:00:00,2017-09-21 22:00:00,2017-09-22 22:00:00,2017-10-09 22:00:00
c2b0b311,edb60bf6,delivered,2017-04-21 16:00:00,2017-04-21 17:00:00,2017-04-22 16:00:00,2017-05-03 16:00:00,2017-05-12 16:00:00
0b7c69d3,7c44d95d,delivered,2018-04-30 12:00:00,2018-04-30 14:00:00,2018-05-02 12:00:00,2018-05-09 12:00:00,2018-05-15 12:00:00
da64644d,58bc6f57,delivered,2018-04-26 14:00:00,2018-04-26 14:00:00,2018-04-27 14:00:00,2018-05-09 14:00:00,2018-05-10 14:00:00
d03e050e,44d02ff1,delivered,2017-12-26 10:00:00,2017-12-26 12:00:00,2017-12-28 10:00:00,2017-12-29 10:00:00,2018-01-10 10:00:00
c99fd16e,e3b9bb8b,delivered,2017-10-18 09:00:00,2017-10-18 12:00:00,2017-10-20 09:00:00,2017-10-26 09:00:00,2017-10-29 09:00:00
5c67aca6,680fe676,delivered,2017-01-16 12:00:00,2017-01-16 14:00:00,2017-01-17 12:00:00,2017-01-29 12:00:00,2017-02-01 12:00:00
c4eb96de,d5d1195a,delivered,2017-08-02 00:00:00,2017-08-02 03:00:00,2017-08-03 00:00:00,2017-08-05 00:00:00,2017-08-14 00:00:00
b86d0a20,098a0407,delivered,2018-01-15 14:00:00,2018-01-15 14:00:00,2018-01-16 14:00:00,2018-01-18 14:00:00,2018-02-01 14:00:00
c5c833fa,c6209f5d,delivered,2018-06-19 00:00:00,2018-06-19 00:00:00,2018-06-21 00:00:00,2018-06-29 00:00:00,2018-07-11 00:00:00
63b913ad,13e9a47f,delivered,2018-03-12 07:00:00,2018-03-12 08:00:00,2018-03-13 07:00:00,2018-03-24 07:00:00,2018-04-04 07:00:00
0adb156c,13ff119e,delivered,2017-09-22 04:00:00,2017-09-22 05:00:00,2017-09-23 04:00:00,2017-09-27 04:00:00,2017-10-12 04:00:00
9d7cf46a,f4df17ba,delivered,2017-08-13 05:00:00,2017-08-13 05:00:00,2017-08-14 05:00:00,2017-08-23 05:00:00,2017-08-29 05:00:00
c24fc79b,c8b6a4d2,delivered,2017-11-07 10:00:00,2017-11-07 12:00:00,2017-11-08 10:00:00,2017-11-19 10:00:00,2017-11-29 10:00:00
eb5d14c0,c1221fcb,delivered,2018-08-01 00:00:00,2018-08-01 03:00:00,2018-08-02 00:00:00,2018-08-14 00:00:00,2018-08-17 00:00:00
4de097da,9abb6d84,delivered,2017-09-09 20:00:00,2017-09-09 21:00:00,2017-09-11 20:00:00,2017-09-14 20:00:00,2017-09-22 20:00:00
94f659dc,b7aae70c,delivered,2017-04-17 15:00:00,2017-04-17 15:00:00,2017-04-19 15:00:00,2017-04-21 15:00:00,2017-04-27 15:00:00
3d4e7b52,f36cae99,delivered,2017-04-25 06:00:00,2017-04-25 07:00:00,2017-04-27 06:00:00,2017-05-02 06:00:00,2017-05-16 06:00:00
8e305023,74aa0889,delivered,2017-06-22 00:00:00,2017-06-22 03:00:00,2017-06-24 00:00:00,2017-06-25 00:00:00,2017-07-02 00:00:00
94c507ca,0b2adff9,delivered,2018-08-22 20:00:00,2018-08-22 23:00:00,2018-08-24 20:00:00,2018-08-31 20:00:00,2018-09-10 20:00:00
20f0a04a,a27cbb21,delivered,2017-03-29 17:00:00,2017-03-29 17:00:00,2017-03-31 17:00:00,2017-04-05 17:00:00,2017-04-16 17:00:00
97558890,a353d00e,delivered,2017-01-08 23:00:00,2017-01-09 02:00:00,2017-01-10 23:00:00,2017-01-14 23:00:00,2017-01-31 23:00:00
906ed421,880d0282,delivered,2018-01-02 07:00:00,2018-01-02 08:00:00,2018-01-04 07:00:00,2018-01-11 07:00:00,2018-01-14 07:00:00
290f716d,b9a98abc,delivered,2018-07-27 23:00:00,2018-07-28 01:00:00,2018-07-28 23:00:00,2018-08-10 23:00:00,2018-08-10 23:00:00
baf325e5,e85d78b7,delivered,2017-08-19 12:00:00,2017-08-19 13:00:00,2017-08-20 12:00:00,2017-08-31 12:00:00,2017-09-04 12:00:00
33d7ce66,86235e44,delivered,2017-10-12 01:00:00,2017-10-12 03:00:00,2017-10-14 01:00:00,2017-10-21 01:00:00,2017-10-25 01:00:00
9a56f637,0e560d89,delivered,2018-08-21 21:00:00,2018-08-21 21:00:00,2018-08-23 21:00:00,2018-09-02 21:00:00,2018-09-09 21:00:00
4056eacd,8ce416ce,delivered,2017-08-01 12:00:00,2017-08-01 12:00:00,2017-08-03 12:00:00,2017-08-14 12:00:00,2017-08-14 12:00:00
b91b7f29,506686d4,delivered,2018-02-22 09:00:00,2018-02-22 09:00:00,2018-02-24 09:00:00,2018-03-03 09:00:00,2018-03-04 09:00:00
cd2e14cb,8fa64b5f,delivered,2018-02-02 01:00:00,2018-02-02 05:00:00,2018-02-03 01:00:00,2018-02-14 01:00:00,2018-02-18 01:00:00
dd1649ee,d52738d7,delivered,2017-08-12 10:00:00,2017-08-12 14:00:00,2017-08-14 10:00:00,2017-08-25 10:00:00,2017-08-23 10:00:00
b6346a85,d1c6b5b6,delivered,2017-08-27 16:00:00,2017-08-27 16:00:00,2017-08-28 16:00:00,2017-09-09 16:00:00,2017-09-13 16:00:00
6c41518a,b046c3ed,delivered,2017-01-12 05:00:00,2017-01-12 05:00:00,2017-01-13 05:00:00,2017-01-24 05:00:00,2017-02-05 05:00:00
20260f3c,094f3742,delivered,2017-06-19 16:00:00,2017-06-19 16:00:00,2017-06-20 16:00:00,2017-06-24 16:00:00,2017-07-10 16:00:00
19563209,e7d56c44,delivered,2017-02-22 21:00:00,2017-02-22 22:00:00,2017-02-23 21:00:00,2017-03-04 21:00:00,2017-03-17 21:00:00
66bc0e35,b25425a9,delivered,2017-01-18 02:00:00,2017-01-18 03:00:00,2017-01-19 02:00:00,2017-01-23 02:00:00,2017-01-31 02:00:00
d1097af6,7e9cfd08,delivered,2017-06-15 18:00:00,2017-06-15 19:00:00,2017-06-16 18:00:00,2017-06-21 18:00:00,2017-06-28 18:00:00
01ec5f52,ff8f8917,delivered,2017-07-27 15:00:00,2017-07-27 15:00:00,2017-07-28 15:00:00,2017-08-05 15:00:00,2017-08-09 15:00:00
7f207d7f,3fd3839f,delivered,2017-08-08 18:00:00,2017-08-08 19:00:00,2017-08-10 18:00:00,2017-08-20 18:00:00,2017-08-26 18:00:00
23bd9a4b,9da5de7f,delivered,2018-02-27 17:00:00,2018-02-27 20:00:00,2018-03-01 17:00:00,2018-03-04 17:00:00,2018-03-23 17:00:00
14480b34,bc6be732,delivered,2017-09-24 21:00:00,2017-09-25 01:00:00,2017-09-26 21:00:00,2017-10-05 21:00:00,2017-10-12 21:00:00
797ab638,58a5fd04,delivered,2018-08-22 21:00:00,2018-08-22 23:00:00,2018-08-23 21:00:00,2018-08-30 21:00:00,2018-09-04 21:00:00
03dd1d11,5cd2873f,delivered,2018-03-19 03:00:00,2018-03-19 05:00:00,2018-03-20 03:00:00,2018-03-30 03:00:00,2018-04-04 03:00:00
3a650773,9fd7e264,delivered,2018-08-11 10:00:00,2018-08-11 11:00:00,2018-08-12 10:00:00,2018-08-24 10:00:00,2018-08-21 10:00:00
595a8a05,a6a57719,delivered,2017-05-22 15:00:00,2017-05-22 18:00:00,2017-05-23 15:00:00,2017-05-28 15:00:00,2017-06-10 15:00:00
336d2fb2,c2453cb2,invoiced,2018-07-10 08:00:00,2018-07-10 11:00:00,2018-07-12 08:00:00,,2018-07-26 08:00:00
21c41269,4392aad9,delivered,2017-12-06 23:00:00,2017-12-07 01:00:00,2017-12-08 23:00:00,2017-12-11 23:00:00,2017-12-22 23:00:00
172f61a2,0b3f7f52,delivered,2017-02-22 19:00:00,2017-02-22 21:00:00,2017-02-24 19:00:00,2017-02-28 19:00:00,2017-03-11 19:00:00
b18f73c0,7da50286,delivered,2017-11-29 08:00:00,2017-11-29 10:00:00,2017-12-01 08:00:00,2017-12-06 08:00:00,2017-12-13 08:00:00
dfa914fd,04c92496,shipped,2018-01-14 00:00:00,2018-01-14 04:00:00,2018-01-16 00:00:00,,2018-02-06 00:00:00
52dd3951,9cb18941,delivered,2017-05-01 15:00:00,2017-05-01 19:00:00,2017-05-02 15:00:00,2017-05-07 15:00:00,2017-05-13 15:00:00
efa4fbef,76945c97,delivered,2018-08-12 00:00:00,2018-08-12 02:00:00,2018-08-14 00:00:00,2018-08-16 00:00:00,2018-08-23 00:00:00
ee83b6a4,ffb410f1,delivered,2017-10-09 02:00:00,2017-10-09 05:00:00,2017-10-10 02:00:00,2017-10-16 02:00:00,2017-11-01 02:00:00
dd6a854f,799b1085,delivered,2018-01-29 15:00:00,2018-01-29 17:00:00,2018-01-31 15:00:00,2018-02-12 15:00:00,2018-02-16 15:00:00
b15d213b,a7ea4ece,delivered,2018-04-23 18:00:00,2018-04-23 20:00:00,2018-04-25 18:00:00,2018-04-29 18:00:00,2018-05-05 18:00:00
ae5c60be,3e49434f,delivered,2017-04-08 23:00:00,2017-04-09 02:00:00,2017-04-09 23:00:00,2017-04-22 23:00:00,2017-04-19 23:00:00
26d32540,d27cb02e,delivered,2018-04-02 09:00:00,2018-04-02 11:00:00,2018-04-03 09:00:00,2018-04-06 09:00:00,2018-04-26 09:00:00
2d0a329c,839381ba,delivered,2018-01-30 00:00:00,2018-01-30 00:00:00,2018-01-31 00:00:00,2018-02-02 00:00:00,2018-02-13 00:00:00
03351311,ccc3bd5d,delivered,2018-03-16 00:00:00,2018-03-16 02:00:00,2018-03-18 00:00:00,2018-03-24 00:00:00,2018-03-29 00:00:00
6c51b739,bde12ffc,delivered,2018-07-29 14:00:00,2018-07-29 18:00:00,2018-07-30 14:00:00,2018-08-04 14:00:00,2018-08-21 14:00:00
8674cd49,0d925003,delivered,2018-04-20 15:00:00,2018-04-20 19:00:00,2018-04-21 15:00:00,2018-05-01 15:00:00,2018-05-08 15:00:00
604883d0,d4ab9741,delivered,2018-02-08 04:00:00,2018-02-08 05:00:00,2018-02-10 04:00:00,2018-02-12 04:00:00,2018-02-27 04:00:00
0b31f434,11f96610,delivered,2017-07-27 00:00:00,2017-07-27 03:00:00,2017-07-28 00:00:00,2017-08-09 00:00:00,2017-08-15 00:00:00
f7359b5f,acaf54d7,delivered,2017-11-30 23:00:00,2017-12-01 02:00:00,2017-12-02 23:00:00,2017-12-14 23:00:00,2017-12-16 23:00:00
5e078a55,9cf61efd,delivered,2017-08-11 18:00:00,2017-08-11 18:00:00,2017-08-13 18:00:00,2017-08-19 18:00:00,2017-09-01 18:00:00
69c09058,d2753644,delivered,2018-05-13 01:00:00,2018-05-13 01:00:00,2018-05-15 01:00:00,2018-05-20 01:00:00,2018-05-23 01:00:00
ca72701b,006e419b,delivered,2017-07-13 05:00:00,2017-07-13 08:00:00,2017-07-14 05:00:00,2017-07-24 05:00:00,2017-07-30 05:00:00
b2cac020,f464a75f,delivered,2017-06-17 05:00:00,2017-06-17 09:00:00,2017-06-19 05:00:00,2017-06-23 05:00:00,2017-07-07 05:00:00
f2967f21,10d886d3,delivered,2017-04-13 06:00:00,2017-04-13 06:00:00,2017-04-15 06:00:00,2017-04-18 06:00:00,2017-04-25 06:00:00
c05a4026,5f3a82dc,delivered,2017-02-07 21:00:00,2017-02-07 21:00:00,2017-02-09 21:00:00,2017-02-21 21:00:00,2017-02-24 21:00:00
7b53f366,355c9c17,delivered,2017-05-31 09:00:00,2017-05-31 12:00:00,2017-06-01 09:00:00,2017-06-14 09:00:00,2017-06-16 09:00:00
a853225f,a7134fc1,delivered,2017-09-11 00:00:00,2017-09-11 04:00:00,2017-09-13 00:00:00,2017-09-14 00:00:00,2017-09-22 00:00:00
40b429a2,dc3739a9,delivered,2018-06-25 02:00:00,2018-06-25 02:00:00,2018-06-26 02:00:00,2018-07-02 02:00:00,2018-07-19 02:00:00
cf7c29c9,f1bbe728,delivered,2018-02-07 04:00:00,2018-02-07 04:00:00,2018-02-08 04:00:00,2018-02-13 04:00:00,2018-02-20 04:00:00
b929aed6,5f953637,delivered,2017-10-11 15:00:00,2017-10-11 17:00:00,2017-10-12 15:00:00,2017-10-19 15:00:00,2017-10-31 15:00:00
08b2c261,5adddaac,delivered,2017-12-26 15:00:00,2017-12-26 19:00:00,2017-12-27 15:00:00,2017-12-29 15:00:00,2018-01-05 15:00:00
cb04f4e8,8a12193a,delivered,2017-07-21 17:00:00,2017-07-21 17:00:00,2017-07-22 17:00:00,2017-08-03 17:00:00,2017-08-13 17:00:00
d692e486,352b5da1,delivered,2018-02-10 22:00:00,2018-02-10 23:00:00,2018-02-11 22:00:00,2018-02-14 22:00:00,2018-03-02 22:00:00
7b921632,0d73defe,delivered,2017-06-10 06:00:00,2017-06-10 06:00:00,2017-06-12 06:00:00,2017-06-23 06:00:00,2017-06-25 06:00:00
22112e15,c1ea40f8,delivered,2017-01-21 14:00:00,2017-01-21 16:00:00,2017-01-22 14:00:00,2017-01-31 14:00:00,2017-02-07 14:00:00
4e20a2d1,0afeb096,delivered,2018-07-02 05:00:00,2018-07-02 07:00:00,2018-07-03 05:00:00,2018-07-06 05:00:00,2018-07-13 05:00:00
9f601907,0bdaff09,delivered,2017-11-02 12:00:00,2017-11-02 15:00:00,2017-11-04 12:00:00,2017-11-16 12:00:00,2017-11-13 12:00:00
68487ee1,d0bb7810,delivered,2017-05-12 03:00:00,2017-05-12 07:00:00,2017-05-13 03:00:00,2017-05-15 03:00:00,2017-05-22 03:00:00
7dec2850,42d8f8d6,delivered,2017-10-04 08:00:00,2017-10-04 08:00:00,2017-10-06 08:00:00,2017-10-17 08:00:00,2017-10-25 08:00:00
b480bb3d,eda2c581,delivered,2017-11-04 13:00:00,2017-11-04 17:00:00,2017-11-06 13:00:00,2017-11-18 13:00:00,2017-11-19 13:00:00
b3aabee3,92495162,delivered,2018-01-09 02:00:00,2018-01-09 03:00:00,2018-01-11 02:00:00,2018-01-13 02:00:00,2018-01-29 02:00:00
3a00efce,40328475,delivered,2017-05-25 21:00:00,2017-05-25 21:00:00,2017-05-27 21:00:00,2017-06-03 21:00:00,2017-06-18 21:00:00
95cb915b,01b3ba55,delivered,2017-12-11 09:00:00,2017-12-11 09:00:00,2017-12-13 09:00:00,2017-12-17 09:00:00,2018-01-01 09:00:00
49df05a8,fb6fb285,delivered,2017-09-04 11:00:00,2017-09-04 12:00:00,2017-09-05 11:00:00,2017-09-16 11:00:00,2017-09-20 11:00:00
6e5c77f4,70df9d2d,delivered,2018-04-10 15:00:00,2018-04-10 16:00:00,2018-04-12 15:00:00,2018-04-16 15:00:00,2018-04-24 15:00:00
f4bb9114,74c86c15,delivered,2018-07-10 09:00:00,2018-07-10 12:00:00,2018-07-12 09:00:00,2018-07-14 09:00:00,2018-07-22 09:00:00
a48ad8dc,16e0bd0d,delivered,2017-11-11 12:00:00,2017-11-11 13:00:00,2017-11-12 12:00:00,2017-11-15 12:00:00,2017-11-28 12:00:00
23db5983,762656ae,delivered,2018-07-23 21:00:00,2018-07-24 00:00:00,2018-07-25 21:00:00,2018-08-04 21:00:00,2018-08-16 21:00:00
b15c6993,31705837,delivered,2017-03-13 18:00:00,2017-03-13 21:00:00,2017-03-15 18:00:00,2017-03-24 18:00:00,2017-04-06 18:00:00
4d736760,61e37970,delivered,2017-04-29 12:00:00,2017-04-29 12:00:00,2017-04-30 12:00:00,2017-05-06 12:00:00,2017-05-21 12:00:00
1629419d,2000743e,delivered,2017-02-26 21:00:00,2017-02-26 22:00:00,2017-02-28 21:00:00,2017-03-10 21:00:00,2017-03-08 21:00:00
8a77cd7f,43f94ec4,delivered,2018-07-15 22:00:00,2018-07-15 22:00:00,2018-07-16 22:00:00,2018-07-26 22:00:00,2018-07-30 22:00:00
59fe49e1,9c7c8119,delivered,2017-06-02 14:00:00,2017-06-02 17:00:00,2017-06-04 14:00:00,2017-06-15 14:00:00,2017-06-12 14:00:00
12991f35,89fc380f,delivered,2017-08-05 14:00:00,2017-08-05 14:00:00,2017-08-07 14:00:00,2017-08-09 14:00:00,2017-08-25 14:00:00
6e5fa8c0,98ce4dde,delivered,2018-04-01 02:00:00,2018-04-01 06:00:00,2018-04-03 02:00:00,2018-04-06 02:00:00,2018-04-11 02:00:00
41e2eaf1,a3a42bca,delivered,2017-04-24 14:00:00,2017-04-24 17:00:00,2017-04-26 14:00:00,2017-05-02 14:00:00,2017-05-09 14:00:00
07fbe29f,37bc9cd4,delivered,2017-07-20 19:00:00,2017-07-20 23:00:00,2017-07-22 19:00:00,2017-07-24 19:00:00,2017-08-04 19:00:00
bbfb647c,e436a002,invoiced,2017-09-20 05:00:00,2017-09-20 09:00:00,2017-09-22 05:00:00,,2017-10-09 05:00:00
f77fa04e,dae44577,delivered,2017-02-15 19:00:00,2017-02-15 19:00:00,2017-02-16 19:00:00,2017-02-20 19:00:00,2017-02-25 19:00:00
e4e40c78,c1a9a8c4,delivered,2017-01-22 01:00:00,2017-01-22 05:00:00,2017-01-23 01:00:00,2017-02-03 01:00:00,2017-02-06 01:00:00
d9f5e23d,749b8eff,delivered,2018-02-07 14:00:00,2018-02-07 16:00:00,2018-02-08 14:00:00,2018-02-10 14:00:00,2018-02-28 14:00:00
484cbad9,6642aa15,delivered,2017-01-17 03:00:00,2017-01-17 06:00:00,2017-01-19 03:00:00,2017-01-26 03:00:00,2017-02-07 03:00:00
2aed74cc,aaf07599,delivered,2018-04-27 20:00:00,2018-04-27 21:00:00,2018-04-29 20:00:00,2018-05-08 20:00:00,2018-05-12 20:00:00
663598aa,ec209f46,delivered,2017-07-14 22:00:00,2017-07-15 02:00:00,2017-07-15 22:00:00,2017-07-22 22:00:00,2017-07-30 22:00:00
ba69361a,9abb6d84,delivered,2018-04-28 12:00:00,2018-04-28 14:00:00,2018-04-29 12:00:00,2018-05-01 12:00:00,2018-05-19 12:00:00
9110fc66,ec0934cc,delivered,2017-11-30 17:00:00,2017-11-30 18:00:00,2017-12-01 17:00:00,2017-12-08 17:00:00,2017-12-10 17:00:00
2ad8d19b,36ee1269,processing,2017-11-29 21:00:00,2017-11-29 22:00:00,2017-12-01 21:00:00,,2017-12-09 21:00:00
d22b79ee,f0ed8532,delivered,2017-04-10 16:00:00,2017-04-10 18:00:00,2017-04-12 16:00:00,2017-04-24 16:00:00,2017-04-30 16:00:00
4d272740,cdeb365a,delivered,2018-05-10 12:00:00,2018-05-10 12:00:00,2018-05-11 12:00:00,2018-05-15 12:00:00,2018-05-30 12:00:00
8ee29b3a,e536c3a0,delivered,2017-05-10 15:00:00,2017-05-10 16:00:00,2017-05-11 15:00:00,2017-05-22 15:00:00,2017-06-02 15:00:00
7564c6f9,356b1534,delivered,2018-04-09 12:00:00,2018-04-09 13:00:00,2018-04-10 12:00:00,2018-04-13 12:00:00,2018-04-26 12:00:00
6f910476,e336c06c,processing,2017-06-22 06:00:00,2017-06-22 06:00:00,2017-06-24 06:00:00,,2017-07-08 06:00:00
7192c8d7,bda98dc7,processing,2017-06-18 05:00:00,2017-06-18 07:00:00,2017-06-19 05:00:00,,2017-07-09 05:00:00
30f37aa6,3865d7eb,delivered,2018-03-31 09:00:00,2018-03-31 12:00:00,2018-04-02 09:00:00,2018-04-11 09:00:00,2018-04-19 09:00:00
16eb838d,79181b54,delivered,2018-05-16 02:00:00,2018-05-16 03:00:00,2018-05-17 02:00:00,2018-05-22 02:00:00,2018-06-07 02:00:00
d75047c4,10793e05,delivered,2017-12-14 05:00:00,2017-12-14 09:00:00,2017-12-15 05:00:00,2017-12-28 05:00:00,2017-12-27 05:00:00
f140729a,b2dfe901,delivered,2017-09-27 03:00:00,2017-09-27 06:00:00,2017-09-29 03:00:00,2017-10-02 03:00:00,2017-10-16 03:00:00
9ecd5b10,356ef64e,delivered,2018-03-01 17:00:00,2018-03-01 17:00:00,2018-03-03 17:00:00,2018-03-04 17:00:00,2018-03-25 17:00:00
4a0b5fd2,493bbefc,delivered,2017-07-30 20:00:00,2017-07-30 20:00:00,2017-08-01 20:00:00,2017-08-04 20:00:00,2017-08-09 20:00:00
1a8c055b,6642aa15,delivered,2017-04-21 10:00:00,2017-04-21 13:00:00,2017-04-23 10:00:00,2017-05-04 10:00:00,2017-05-09 10:00:00
ba118aad,72301069,delivered,2017-06-22 00:00:00,2017-06-22 00:00:00,2017-06-24 00:00:00,2017-07-02 00:00:00,2017-07-09 00:00:00
bda2e74b,5fc28fa1,delivered,2017-03-25 15:00:00,2017-03-25 16:00:00,2017-03-26 15:00:00,2017-04-06 15:00:00,2017-04-10 15:00:00
1358f9fc,275d5fc9,delivered,2017-09-01 08:00:00,2017-09-01 12:00:00,2017-09-03 08:00:00,2017-09-04 08:00:00,2017-09-19 08:00:00
a1454c71,474d005e,delivered,2017-06-02 13:00:00,2017-06-02 15:00:00,2017-06-03 13:00:00,2017-06-09 13:00:00,2017-06-19 13:00:00
8d44be72,efdc9c78,delivered,2018-02-19 10:00:00,2018-02-19 12:00:00,2018-02-21 10:00:00,2018-02-28 10:00:00,2018-03-13 10:00:00
979503a2,c9b014bd,delivered,2018-07-07 23:00:00,2018-07-08 00:00:00,2018-07-09 23:00:00,2018-07-18 23:00:00,2018-07-17 23:00:00
50896fdc,f36cae99,delivered,2018-04-17 05:00:00,2018-04-17 07:00:00,2018-04-19 05:00:00,2018-04-30 05:00:00,2018-05-04 05:00:00
de4b8ad2,c8c124d3,delivered,2017-02-24 23:00:00,2017-02-24 23:00:00,2017-02-26 23:00:00,2017-03-09 23:00:00,2017-03-08 23:00:00
01ac408c,0e9f4d6d,delivered,2017-09-12 15:00:00,2017-09-12 17:00:00,2017-09-14 15:00:00,2017-09-17 15:00:00,2017-09-29 15:00:00
afc3096e,e1f15ac7,delivered,2018-01-06 10:00:00,2018-01-06 14:00:00,2018-01-08 10:00:00,2018-01-13 10:00:00,2018-01-19 10:00:00
34afa2d6,67c378cf,delivered,2017-10-29 03:00:00,2017-10-29 03:00:00,2017-10-31 03:00:00,2017-11-08 03:00:00,2017-11-11 03:00:00
81e738ba,09737160,delivered,2018-06-16 15:00:00,2018-06-16 17:00:00,2018-06-17 15:00:00,2018-06-29 15:00:00,2018-07-05 15:00:00
f845f70b,3ea46484,delivered,2018-01-18 13:00:00,2018-01-18 13:00:00,2018-01-19 13:00:00,2018-01-29 13:00:00,2018-02-03 13:00:00
0655cfa4,0ffd932a,delivered,2017-08-27 13:00:00,2017-08-27 15:00:00,2017-08-29 13:00:00,2017-09-08 13:00:00,2017-09-15 13:00:00
6d7c733c,1fb8e000,delivered,2017-03-20 04:00:00,2017-03-20 08:00:00,2017-03-21 04:00:00,2017-03-24 04:00:00,2017-04-13 04:00:00
7cfcbb73,9b7383e7,delivered,2017-03-03 13:00:00,2017-03-03 17:00:00,2017-03-04 13:00:00,2017-03-09 13:00:00,2017-03-27 13:00:00
d128bf63,5749440f,delivered,2018-08-20 08:00:00,2018-08-20 08:00:00,2018-08-21 08:00:00,2018-09-01 08:00:00,2018-09-13 08:00:00
6e211eaa,972328f4,delivered,2017-12-22 10:00:00,2017-12-22 10:00:00,2017-12-23 10:00:00,2017-12-27 10:00:00,2018-01-03 10:00:00
f5d61998,30f7dd48,delivered,2018-02-24 03:00:00,2018-02-24 04:00:00,2018-02-26 03:00:00,2018-03-05 03:00:00,2018-03-11 03:00:00
717f2373,c7ce61b7,delivered,2017-12-06 21:00:00,2017-12-07 01:00:00,2017-12-07 21:00:00,2017-12-19 21:00:00,2017-12-27 21:00:00
a6c59492,6550f02e,delivered,2017-05-28 21:00:00,2017-05-28 21:00:00,2017-05-29 21:00:00,2017-06-09 21:00:00,2017-06-07 21:00:00
92d1338f,0dc60df3,delivered,2017-12-22 15:00:00,2017-12-22 15:00:00,2017-12-23 15:00:00,2017-12-26 15:00:00,2018-01-02 15:00:00
dd7b6b4e,3ad270e0,delivered,2017-12-01 08:00:00,2017-12-01 08:00:00,2017-12-02 08:00:00,2017-12-11 08:00:00,2017-12-20 08:00:00
d94334b5,dfd4bffc,delivered,2017-09-15 19:00:00,2017-09-15 21:00:00,2017-09-17 19:00:00,2017-09-26 19:00:00,2017-10-07 19:00:00
8c3c4317,f427a492,delivered,2018-01-06 16:00:00,2018-01-06 18:00:00,2018-01-08 16:00:00,2018-01-09 16:00:00,2018-01-25 16:00:00
9598a0d9,7016bbbf,delivered,2017-01-31 22:00:00,2017-02-01 01:00:00,2017-02-01 22:00:00,2017-02-11 22:00:00,2017-02-15 22:00:00
34f9d396,5fbe1c0e,delivered,2017-10-28 14:00:00,2017-10-28 15:00:00,2017-10-30 14:00:00,2017-11-11 14:00:00,2017-11-07 14:00:00
3813cdf7,99faf0d5,delivered,2017-08-28 13:00:00,2017-08-28 17:00:00,2017-08-30 13:00:00,2017-09-07 13:00:00,2017-09-12 13:00:00
aebe2b90,ca76dbad,delivered,2017-05-03 03:00:00,2017-05-03 07:00:00,2017-05-05 03:00:00,2017-05-09 03:00:00,2017-05-17 03:00:00
d82789d1,982140d9,delivered,2017-08-25 03:00:00,2017-08-25 07:00:00,2017-08-26 03:00:00,2017-08-28 03:00:00,2017-09-08 03:00:00
65cd87fd,d4741924,delivered,2018-02-19 16:00:00,2018-02-19 20:00:00,2018-02-20 16:00:00,2018-03-04 16:00:00,2018-03-03 16:00:00
c84b8f6e,785ddb88,delivered,2018-03-23 11:00:00,2018-03-23 13:00:00,2018-03-25 11:00:00,2018-04-01 11:00:00,2018-04-10 11:00:00
b186c496,f96f25c2,delivered,2017-02-18 12:00:00,2017-02-18 12:00:00,2017-02-20 12:00:00,2017-02-22 12:00:00,2017-03-01 12:00:00
5483fd70,7cf4f58f,delivered,2017-10-14 03:00:00,2017-10-14 07:00:00,2017-10-16 03:00:00,2017-10-26 03:00:00,2017-10-28 03:00:00
821bcf74,03d36078,delivered,2018-04-23 18:00:00,2018-04-23 18:00:00,2018-04-25 18:00:00,2018-04-28 18:00:00,2018-05-12 18:00:00
3c806e05,6cc7be0e,canceled,2018-05-31 05:00:00,2018-05-31 09:00:00,2018-06-02 05:00:00,,2018-06-11 05:00:00
49d7353d,a4a699c0,delivered,2017-08-12 05:00:00,2017-08-12 08:00:00,2017-08-14 05:00:00,2017-08-20 05:00:00,2017-09-04 05:00:00
bfbf0568,7c1926c2,delivered,2017-10-10 21:00:00,2017-10-11 00:00:00,2017-10-12 21:00:00,2017-10-20 21:00:00,2017-10-29 21:00:00
355d2e26,1d2582a0,delivered,2017-05-16 08:00:00,2017-05-16 08:00:00,2017-05-17 08:00:00,2017-05-22 08:00:00,2017-05-26 08:00:00
3b19a486,8303846d,delivered,2018-03-25 19:00:00,2018-03-25 20:00:00,2018-03-26 19:00:00,2018-03-28 19:00:00,2018-04-16 19:00:00
3286b68b,39153c62,delivered,2017-11-15 13:00:00,2017-11-15 17:00:00,2017-11-16 13:00:00,2017-11-22 13:00:00,2017-12-01 13:00:00
b6cdceea,799b1085,delivered,2017-05-05 20:00:00,2017-05-05 23:00:00,2017-05-07 20:00:00,2017-05-09 20:00:00,2017-05-29 20:00:00
e5cc86c5,6a7d6cd1,delivered,2017-09-13 08:00:00,2017-09-13 11:00:00,2017-09-15 08:00:00,2017-09-25 08:00:00,2017-10-02 08:00:00
d5f52193,61f990ea,delivered,2018-04-13 16:00:00,2018-04-13 16:00:00,2018-04-15 16:00:00,2018-04-22 16:00:00,2018-04-23 16:00:00
29e699c0,621387b5,delivered,2017-01-04 22:00:00,2017-01-05 01:00:00,2017-01-05 22:00:00,2017-01-10 22:00:00,2017-01-17 22:00:00
6f8cc1aa,12fb32ff,delivered,2017-09-19 12:00:00,2017-09-19 12:00:00,2017-09-21 12:00:00,2017-09-29 12:00:00,2017-10-11 12:00:00
d006ee12,ea25d06b,delivered,2017-01-24 04:00:00,2017-01-24 08:00:00,2017-01-25 04:00:00,2017-01-30 04:00:00,2017-02-10 04:00:00
157c123d,8357ba4e,delivered,2017-01-29 04:00:00,2017-01-29 04:00:00,2017-01-30 04:00:00,2017-02-09 04:00:00,2017-02-17 04:00:00
a6880542,3a52b140,delivered,2017-06-22 11:00:00,2017-06-22 11:00:00,2017-06-23 11:00:00,2017-07-04 11:00:00,2017-07-04 11:00:00
2626e65c,5da3026f,delivered,2018-07-31 17:00:00,2018-07-31 18:00:00,2018-08-01 17:00:00,2018-08-06 17:00:00,2018-08-18 17:00:00
8f8ca1d8,ddc3b960,delivered,2017-01-28 15:00:00,2017-01-28 16:00:00,2017-01-30 15:00:00,2017-02-04 15:00:00,2017-02-19 15:00:00
8c1eb61a,0e24cad6,delivered,2017-10-15 17:00:00,2017-10-15 20:00:00,2017-10-16 17:00:00,2017-10-19 17:00:00,2017-10-30 17:00:00
f0ce442e,c0f83408,delivered,2017-09-02 06:00:00,2017-09-02 06:00:00,2017-09-04 06:00:00,2017-09-16 06:00:00,2017-09-16 06:00:00
10a46001,cc68affa,delivered,2017-05-01 02:00:00,2017-05-01 05:00:00,2017-05-03 02:00:00,2017-05-09 02:00:00,2017-05-18 02:00:00
27d7c6e3,44da03d4,delivered,2017-08-08 12:00:00,2017-08-08 16:00:00,2017-08-09 12:00:00,2017-08-20 12:00:00,2017-08-19 12:00:00
bff3a36e,c4f1f011,delivered,2018-05-07 04:00:00,2018-05-07 06:00:00,2018-05-09 04:00:00,2018-05-10 04:00:00,2018-05-28 04:00:00
1e1babe3,9f5e0b33,delivered,2017-08-02 01:00:00,2017-08-02 04:00:00,2017-08-03 01:00:00,2017-08-14 01:00:00,2017-08-17 01:00:00
136ad3a6,a5540611,delivered,2018-07-08 04:00:00,2018-07-08 04:00:00,2018-07-10 04:00:00,2018-07-15 04:00:00,2018-07-21 04:00:00
a7071a56,8fa64b5f,delivered,2017-10-20 22:00:00,2017-10-21 02:00:00,2017-10-22 22:00:00,2017-10-23 22:00:00,2017-11-11 22:00:00
adebaf96,512ef0e1,delivered,2018-02-02 15:00:00,2018-02-02 18:00:00,2018-02-04 15:00:00,2018-02-09 15:00:00,2018-02-13 15:00:00
80e8790f,ec0934cc,delivered,2018-03-02 22:00:00,2018-03-03 00:00:00,2018-03-04 22:00:00,2018-03-07 22:00:00,2018-03-20 22:00:00
e9bb66ca,ff99e053,delivered,2017-11-19 22:00:00,2017-11-20 02:00:00,2017-11-20 22:00:00,2017-11-23 22:00:00,2017-12-12 22:00:00
0b275b84,29704258,delivered,2018-08-01 14:00:00,2018-08-01 14:00:00,2018-08-02 14:00:00,2018-08-13 14:00:00,2018-08-14 14:00:00
d018ffc6,350f5311,processing,2017-02-15 22:00:00,2017-02-15 22:00:00,2017-02-16 22:00:00,,2017-03-10 22:00:00
9f9d7dd2,f11696ba,delivered,2017-04-15 16:00:00,2017-04-15 17:00:00,2017-04-17 16:00:00,2017-04-23 16:00:00,2017-05-01 16:00:00
0b29e87a,71f2405f,delivered,2017-11-08 05:00:00,2017-11-08 07:00:00,2017-11-09 05:00:00,2017-11-12 05:00:00,2017-11-19 05:00:00
f62b0fc3,87c478a0,delivered,2017-04-22 04:00:00,2017-04-22 07:00:00,2017-04-24 04:00:00,2017-04-26 04:00:00,2017-05-16 04:00:00
11a279f3,d627f0b7,delivered,2017-10-31 16:00:00,2017-10-31 17:00:00,2017-11-02 16:00:00,2017-11-06 16:00:00,2017-11-16 16:00:00
39c5d9a5,ebaa4677,delivered,2017-08-19 01:00:00,2017-08-19 01:00:00,2017-08-20 01:00:00,2017-08-25 01:00:00,2017-09-11 01:00:00
c2cd0f31,8e00d215,delivered,2017-05-16 14:00:00,2017-05-16 17:00:00,2017-05-18 14:00:00,2017-05-29 14:00:00,2017-06-05 14:00:00
173098e9,d0940aef,delivered,2018-03-18 05:00:00,2018-03-18 05:00:00,2018-03-19 05:00:00,2018-03-22 05:00:00,2018-03-28 05:00:00
f2ffbe39,aa1bdcb8,delivered,2018-01-16 09:00:00,2018-01-16 09:00:00,2018-01-18 09:00:00,2018-01-30 09:00:00,2018-01-26 09:00:00
3cdd8d09,3453d3a2,delivered,2017-08-22 09:00:00,2017-08-22 11:00:00,2017-08-24 09:00:00,2017-09-02 09:00:00,2017-09-09 09:00:00
a531e15d,ff529ab7,delivered,2017-07-17 22:00:00,2017-07-18 00:00:00,2017-07-19 22:00:00,2017-07-22 22:00:00,2017-08-07 22:00:00
3fbc6843,22556787,delivered,2018-05-13 15:00:00,2018-05-13 17:00:00,2018-05-15 15:00:00,2018-05-27 15:00:00,2018-05-27 15:00:00
ecd28368,d9139cb9,delivered,2018-06-17 09:00:00,2018-06-17 13:00:00,2018-06-18 09:00:00,2018-07-01 09:00:00,2018-07-06 09:00:00
20f88e2e,9ad70e29,delivered,2017-03-10 15:00:00,2017-03-10 19:00:00,2017-03-12 15:00:00,2017-03-17 15:00:00,2017-04-01 15:00:00
ed067261,e7529b54,delivered,2018-07-19 17:00:00,2018-07-19 19:00:00,2018-07-21 17:00:00,2018-07-31 17:00:00,2018-08-12 17:00:00
144436f5,cc794b6e,delivered,2017-06-04 18:00:00,2017-06-04 21:00:00,2017-06-05 18:00:00,2017-06-17 18:00:00,2017-06-24 18:00:00
0e29b4f6,5fa7582b,delivered,2017-05-24 06:00:00,2017-05-24 06:00:00,2017-05-25 06:00:00,2017-06-03 06:00:00,2017-06-09 06:00:00
44fac9fb,e3202f32,delivered,2018-05-26 07:00:00,2018-05-26 09:00:00,2018-05-28 07:00:00,2018-06-07 07:00:00,2018-06-15 07:00:00
0311ae32,27dc4b07,delivered,2017-08-22 22:00:00,2017-08-23 01:00:00,2017-08-23 22:00:00,2017-09-01 22:00:00,2017-09-04 22:00:00
54314211,bba124d4,delivered,2017-11-14 19:00:00,2017-11-14 22:00:00,2017-11-15 19:00:00,2017-11-17 19:00:00,2017-11-30 19:00:00
0766b205,188a43d1,delivered,2017-04-23 05:00:00,2017-04-23 08:00:00,2017-04-25 05:00:00,2017-04-29 05:00:00,2017-05-10 05:00:00
791e7979,fd77f453,delivered,2017-10-03 08:00:00,2017-10-03 09:00:00,2017-10-04 08:00:00,2017-10-15 08:00:00,2017-10-14 08:00:00
e7f5dced,63494902,delivered,2018-03-11 16:00:00,2018-03-11 18:00:00,2018-03-13 16:00:00,2018-03-23 16:00:00,2018-04-03 16:00:00
386f5e93,732cec2b,delivered,2017-06-08 06:00:00,2017-06-08 10:00:00,2017-06-10 06:00:00,2017-06-11 06:00:00,2017-07-01 06:00:00
c045defd,b80dfc78,delivered,2018-02-05 20:00:00,2018-02-05 21:00:00,2018-02-07 20:00:00,2018-02-17 20:00:00,2018-03-01 20:00:00
42db4db4,4fff7462,delivered,2017-10-15 10:00:00,2017-10-15 11:00:00,2017-10-16 10:00:00,2017-10-26 10:00:00,2017-10-26 10:00:00
5856e677,021d252c,delivered,2017-03-23 11:00:00,2017-03-23 15:00:00,2017-03-25 11:00:00,2017-04-05 11:00:00,2017-04-12 11:00:00
6497c5e5,7fc9f6b4,delivered,2018-08-22 09:00:00,2018-08-22 12:00:00,2018-08-23 09:00:00,2018-08-28 09:00:00,2018-09-04 09:00:00
9cc66061,0673865d,delivered,2017-12-12 09:00:00,2017-12-12 11:00:00,2017-12-14 09:00:00,2017-12-25 09:00:00,2017-12-23 09:00:00
7449cc85,faca94d4,delivered,2017-11-10 07:00:00,2017-11-10 07:00:00,2017-11-12 07:00:00,2017-11-17 07:00:00,2017-11-24 07:00:00
97a5d075,c719154b,delivered,2018-06-09 08:00:00,2018-06-09 09:00:00,2018-06-10 08:00:00,2018-06-18 08:00:00,2018-06-22 08:00:00
f7027995,182c997d,delivered,2018-08-08 11:00:00,2018-08-08 14:00:00,2018-08-09 11:00:00,2018-08-14 11:00:00,2018-08-27 11:00:00
8ad01fa6,28c4285a,delivered,2017-02-21 04:00:00,2017-02-21 04:00:00,2017-02-23 04:00:00,2017-02-25 04:00:00,2017-03-10 04:00:00
09ed8229,5bff5f51,delivered,2018-07-08 10:00:00,2018-07-08 13:00:00,2018-07-10 10:00:00,2018-07-15 10:00:00,2018-07-28 10:00:00
7d040007,ccc3bd5d,delivered,2017-04-25 00:00:00,2017-04-25 02:00:00,2017-04-26 00:00:00,2017-05-09 00:00:00,2017-05-15 00:00:00
ab9a40c4,ce020f46,delivered,2018-01-26 01:00:00,2018-01-26 02:00:00,2018-01-28 01:00:00,2018-02-03 01:00:00,2018-02-08 01:00:00
d7c1c145,5b471bc7,delivered,2017-02-11 18:00:00,2017-02-11 21:00:00,2017-02-12 18:00:00,2017-02-22 18:00:00,2017-03-01 18:00:00
a02c8da0,b5290b5a,delivered,2018-04-01 10:00:00,2018-04-01 13:00:00,2018-04-03 10:00:00,2018-04-15 10:00:00,2018-04-20 10:00:00
10e57a5f,0e70b1b0,processing,2017-02-21 05:00:00,2017-02-21 09:00:00,2017-02-23 05:00:00,,2017-03-09 05:00:00
45255c7a,cab8d53f,delivered,2017-07-28 23:00:00,2017-07-29 00:00:00,2017-07-29 23:00:00,2017-07-31 23:00:00,2017-08-20 23:00:00
2a6c6b99,c54d3145,delivered,2017-01-26 02:00:00,2017-01-26 05:00:00,2017-01-27 02:00:00,2017-01-30 02:00:00,2017-02-10 02:00:00
805d9158,0a9c3f65,delivered,2018-07-04 06:00:00,2018-07-04 07:00:00,2018-07-06 06:00:00,2018-07-15 06:00:00,2018-07-17 06:00:00
c434aac9,2f27b2a3,shipped,2017-06-03 04:00:00,2017-06-03 04:00:00,2017-06-04 04:00:00,,2017-06-14 04:00:00
02f982a7,5e69eb98,delivered,2017-12-19 04:00:00,2017-12-19 07:00:00,2017-12-20 04:00:00,2017-12-27 04:00:00,2018-01-03 04:00:00
33f97216,d9139cb9,delivered,2017-09-30 18:00:00,2017-09-30 22:00:00,2017-10-02 18:00:00,2017-10-12 18:00:00,2017-10-21 18:00:00
829791f4,c280de22,delivered,2018-08-17 16:00:00,2018-08-17 18:00:00,2018-08-18 16:00:00,2018-08-26 16:00:00,2018-09-04 16:00:00
e9cbc955,f44bae57,delivered,2017-06-28 08:00:00,2017-06-28 09:00:00,2017-06-30 08:00:00,2017-07-04 08:00:00,2017-07-22 08:00:00
fbd9cea1,e3b9e47e,delivered,2018-07-01 20:00:00,2018-07-01 21:00:00,2018-07-03 20:00:00,2018-07-08 20:00:00,2018-07-20 20:00:00
45d4b5f5,e66fa75f,delivered,2017-01-25 18:00:00,2017-01-25 19:00:00,2017-01-27 18:00:00,2017-02-02 18:00:00,2017-02-09 18:00:00
ea961efa,c86a894a,delivered,2017-07-22 10:00:00,2017-07-22 12:00:00,2017-07-23 10:00:00,2017-08-01 10:00:00,2017-08-15 10:00:00
9da4153d,a92b5361,delivered,2018-08-04 05:00:00,2018-08-04 06:00:00,2018-08-06 05:00:00,2018-08-11 05:00:00,2018-08-19 05:00:00
3fe34680,6623b10e,delivered,2017-11-27 03:00:00,2017-11-27 04:00:00,2017-11-28 03:00:00,2017-12-05 03:00:00,2017-12-14 03:00:00
4111d556,d8b4d5ff,delivered,2018-06-28 16:00:00,2018-06-28 18:00:00,2018-06-29 16:00:00,2018-07-01 16:00:00,2018-07-18 16:00:00
74e2ce42,dcd08b82,delivered,2017-08-14 06:00:00,2017-08-14 06:00:00,2017-08-16 06:00:00,2017-08-18 06:00:00,2017-09-05 06:00:00
00082eda,ec6a5d2e,delivered,2018-01-16 02:00:00,2018-01-16 03:00:00,2018-01-17 02:00:00,2018-01-28 02:00:00,2018-02-01 02:00:00
df33860d,58533a46,delivered,2018-07-23 22:00:00,2018-07-24 02:00:00,2018-07-25 22:00:00,2018-07-28 22:00:00,2018-08-02 22:00:00
9c5abef6,a3879180,delivered,2017-01-26 18:00:00,2017-01-26 19:00:00,2017-01-27 18:00:00,2017-01-31 18:00:00,2017-02-16 18:00:00
71b64cc2,9b50c210,delivered,2018-01-14 03:00:00,2018-01-14 05:00:00,2018-01-16 03:00:00,2018-01-24 03:00:00,2018-01-25 03:00:00
440f2426,7304f154,delivered,2017-04-20 20:00:00,2017-04-20 21:00:00,2017-04-21 20:00:00,2017-04-24 20:00:00,2017-05-10 20:00:00
569d937f,ed0ca9db,delivered,2018-04-29 11:00:00,2018-04-29 15:00:00,2018-05-01 11:00:00,2018-05-07 11:00:00,2018-05-12 11:00:00
bb03634b,1cf55291,delivered,2018-05-19 23:00:00,2018-05-20 02:00:00,2018-05-20 23:00:00,2018-05-22 23:00:00,2018-06-12 23:00:00
62203e37,ee6db312,delivered,2018-07-28 17:00:00,2018-07-28 20:00:00,2018-07-29 17:00:00,2018-08-01 17:00:00,2018-08-19 17:00:00
66303ef8,da48e720,delivered,2018-04-03 00:00:00,2018-04-03 00:00:00,2018-04-05 00:00:00,2018-04-11 00:00:00,2018-04-25 00:00:00
105bfa36,b95b4d43,delivered,2017-12-16 11:00:00,2017-12-16 12:00:00,2017-12-17 11:00:00,2017-12-28 11:00:00,2018-01-01 11:00:00
0b698e29,82f5cf29,delivered,2017-12-24 06:00:00,2017-12-24 07:00:00,2017-12-26 06:00:00,2018-01-07 06:00:00,2018-01-03 06:00:00
7cc4d213,eb6e4eba,delivered,2017-06-20 01:00:00,2017-06-20 03:00:00,2017-06-22 01:00:00,2017-07-03 01:00:00,2017-07-01 01:00:00
cbe12eb9,191c1336,delivered,2017-06-10 20:00:00,2017-06-11 00:00:00,2017-06-12 20:00:00,2017-06-15 20:00:00,2017-06-29 20:00:00
1fbddeaf,ee39006c,delivered,2018-02-18 00:00:00,2018-02-18 04:00:00,2018-02-19 00:00:00,2018-03-01 00:00:00,2018-03-04 00:00:00
ccb04c03,18044a22,delivered,2017-07-29 11:00:00,2017-07-29 14:00:00,2017-07-31 11:00:00,2017-08-11 11:00:00,2017-08-15 11:00:00
d69b106d,0fb7db56,delivered,2018-06-08 10:00:00,2018-06-08 11:00:00,2018-06-09 10:00:00,2018-06-19 10:00:00,2018-06-27 10:00:00
f07ccea6,29704258,delivered,2017-10-16 20:00:00,2017-10-17 00:00:00,2017-10-18 20:00:00,2017-10-26 20:00:00,2017-10-29 20:00:00
1e8cfda5,9dfb0c83,delivered,2018-07-21 21:00:00,2018-07-22 00:00:00,2018-07-23 21:00:00,2018-07-29 21:00:00,2018-08-12 21:00:00
a2d5a526,34b85299,delivered,2017-10-30 18:00:00,2017-10-30 18:00:00,2017-11-01 18:00:00,2017-11-03 18:00:00,2017-11-14 18:00:00
27774f43,1b7ee927,delivered,2017-10-08 14:00:00,2017-10-08 18:00:00,2017-10-09 14:00:00,2017-10-20 14:00:00,2017-10-19 14:00:00
2270b700,8f2b6c3a,shipped,2017-12-23 05:00:00,2017-12-23 05:00:00,2017-12-24 05:00:00,,2018-01-12 05:00:00
1264e7c2,f09b20fb,delivered,2018-06-27 05:00:00,2018-06-27 08:00:00,2018-06-28 05:00:00,2018-07-03 05:00:00,2018-07-08 05:00:00
cb35af2b,c830284c,delivered,2017-10-29 02:00:00,2017-10-29 02:00:00,2017-10-30 02:00:00,2017-11-11 02:00:00,2017-11-08 02:00:00
4cc0a19b,c7cf4115,delivered,2017-01-05 14:00:00,2017-01-05 18:00:00,2017-01-06 14:00:00,2017-01-19 14:00:00,2017-01-27 14:00:00
79502d57,c10c0fda,delivered,2018-02-10 06:00:00,2018-02-10 09:00:00,2018-02-12 06:00:00,2018-02-17 06:00:00,2018-02-23 06:00:00
132c2bd2,2a0ce7f2,delivered,2017-07-21 20:00:00,2017-07-21 23:00:00,2017-07-23 20:00:00,2017-08-04 20:00:00,2017-08-11 20:00:00
14fd13ce,86a3764f,delivered,2018-06-15 10:00:00,2018-06-15 13:00:00,2018-06-16 10:00:00,2018-06-19 10:00:00,2018-07-01 10:00:00
6ad800d9,5c7ba2fe,delivered,2017-10-26 09:00:00,2017-10-26 12:00:00,2017-10-28 09:00:00,2017-11-01 09:00:00,2017-11-12 09:00:00
5e0747f7,50342086,delivered,2017-11-19 18:00:00,2017-11-19 21:00:00,2017-11-21 18:00:00,2017-11-24 18:00:00,2017-12-06 18:00:00
37be0b45,c4f58319,delivered,2017-12-30 13:00:00,2017-12-30 16:00:00,2017-12-31 13:00:00,2018-01-09 13:00:00,2018-01-13 13:00:00
87ffa9d4,44da03d4,delivered,2017-10-31 13:00:00,2017-10-31 14:00:00,2017-11-02 13:00:00,2017-11-10 13:00:00,2017-11-16 13:00:00
b92da947,2e490e45,delivered,2018-01-25 18:00:00,2018-01-25 20:00:00,2018-01-26 18:00:00,2018-01-30 18:00:00,2018-02-04 18:00:00
b50a46df,612f6f58,delivered,2018-01-25 11:00:00,2018-01-25 14:00:00,2018-01-27 11:00:00,2018-02-07 11:00:00,2018-02-07 11:00:00
bee4d623,1e88b9bd,delivered,2017-01-26 15:00:00,2017-01-26 18:00:00,2017-01-27 15:00:00,2017-02-01 15:00:00,2017-02-15 15:00:00
927a1f0f,5aad2d98,delivered,2017-10-06 20:00:00,2017-10-06 20:00:00,2017-10-07 20:00:00,2017-10-18 20:00:00,2017-10-24 20:00:00
5606249a,a7d31715,delivered,2018-03-02 02:00:00,2018-03-02 03:00:00,2018-03-03 02:00:00,2018-03-12 02:00:00,2018-03-25 02:00:00
c8b81195,5d6a494a,delivered,2017-03-16 05:00:00,2017-03-16 08:00:00,2017-03-17 05:00:00,2017-03-23 05:00:00,2017-04-07 05:00:00
3cec63e4,d4fadbe8,delivered,2018-01-30 17:00:00,2018-01-30 17:00:00,2018-02-01 17:00:00,2018-02-03 17:00:00,2018-02-15 17:00:00
8f1837bd,4fdf6616,delivered,2018-05-27 03:00:00,2018-05-27 03:00:00,2018-05-29 03:00:00,2018-06-01 03:00:00,2018-06-12 03:00:00
aacd4fb0,666de2fe,delivered,2017-01-13 22:00:00,2017-01-14 01:00:00,2017-01-15 22:00:00,2017-01-26 22:00:00,2017-01-26 22:00:00
66f2aee3,6482ae53,delivered,2018-07-25 12:00:00,2018-07-25 14:00:00,2018-07-27 12:00:00,2018-08-02 12:00:00,2018-08-17 12:00:00
da6d6507,c2bc731a,delivered,2018-02-19 03:00:00,2018-02-19 04:00:00,2018-02-20 03:00:00,2018-03-01 03:00:00,2018-03-03 03:00:00
52d5db6a,55adce3f,delivered,2017-08-31 09:00:00,2017-08-31 11:00:00,2017-09-01 09:00:00,2017-09-09 09:00:00,2017-09-16 09:00:00
90d70ad5,bde73501,delivered,2017-12-08 06:00:00,2017-12-08 09:00:00,2017-12-10 06:00:00,2017-12-18 06:00:00,2017-12-23 06:00:00
8a9f7861,03b82e00,delivered,2018-01-16 09:00:00,2018-01-16 09:00:00,2018-01-17 09:00:00,2018-01-23 09:00:00,2018-01-27 09:00:00
01d94a78,511039a4,shipped,2018-03-17 09:00:00,2018-03-17 11:00:00,2018-03-19 09:00:00,,2018-03-31 09:00:00
d72ca8a3,742eb681,delivered,2018-01-27 23:00:00,2018-01-28 01:00:00,2018-01-28 23:00:00,2018-02-10 23:00:00,2018-02-11 23:00:00
cf3ace98,c023d722,delivered,2018-01-30 09:00:00,2018-01-30 10:00:00,2018-02-01 09:00:00,2018-02-07 09:00:00,2018-02-09 09:00:00
6cb6a2c7,d376a25a,invoiced,2018-05-03 21:00:00,2018-05-03 21:00:00,2018-05-05 21:00:00,,2018-05-14 21:00:00
02d378a0,cf0d9541,delivered,2017-06-19 05:00:00,2017-06-19 09:00:00,2017-06-20 05:00:00,2017-06-30 05:00:00,2017-06-30 05:00:00
aed154a6,ca76dbad,delivered,2018-03-31 13:00:00,2018-03-31 14:00:00,2018-04-01 13:00:00,2018-04-08 13:00:00,2018-04-24 13:00:00
9716ccbb,28ef55fe,delivered,2018-03-30 16:00:00,2018-03-30 18:00:00,2018-03-31 16:00:00,2018-04-12 16:00:00,2018-04-22 16:00:00
6c465f4e,304aaeb7,delivered,2017-04-17 03:00:00,2017-04-17 05:00:00,2017-04-19 03:00:00,2017-04-28 03:00:00,2017-05-08 03:00:00
98fc1842,c50cf601,processing,2017-07-03 02:00:00,2017-07-03 06:00:00,2017-07-05 02:00:00,,2017-07-25 02:00:00
349e6315,8c789e8a,delivered,2018-02-21 22:00:00,2018-02-22 00:00:00,2018-02-23 22:00:00,2018-03-01 22:00:00,2018-03-08 22:00:00
dde229cd,2d598ba5,delivered,2018-05-05 16:00:00,2018-05-05 16:00:00,2018-05-06 16:00:00,2018-05-19 16:00:00,2018-05-25 16:00:00
b52ce62e,b50f1885,delivered,2017-12-21 05:00:00,2017-12-21 06:00:00,2017-12-22 05:00:00,2018-01-04 05:00:00,2018-01-08 05:00:00
80e64cdf,59215bfa,delivered,2018-02-13 20:00:00,2018-02-13 22:00:00,2018-02-15 20:00:00,2018-02-18 20:00:00,2018-02-25 20:00:00
464eea29,fc88770b,delivered,2018-03-06 21:00:00,2018-03-07 00:00:00,2018-03-08 21:00:00,2018-03-16 21:00:00,2018-03-16 21:00:00
2c066726,79593ff3,delivered,2018-04-12 11:00:00,2018-04-12 12:00:00,2018-04-13 11:00:00,2018-04-15 11:00:00,2018-05-05 11:00:00
30d73991,d71d5207,delivered,2017-02-23 00:00:00,2017-02-23 02:00:00,2017-02-24 00:00:00,2017-03-01 00:00:00,2017-03-11 00:00:00
e31bc23b,4dfee4d7,delivered,2017-11-16 22:00:00,2017-11-16 22:00:00,2017-11-17 22:00:00,2017-11-24 22:00:00,2017-12-05 22:00:00
400e96df,1c49eee4,delivered,2017-07-04 21:00:00,2017-07-04 21:00:00,2017-07-05 21:00:00,2017-07-18 21:00:00,2017-07-18 21:00:00
4aac3ccc,5412d1f4,delivered,2017-03-18 07:00:00,2017-03-18 08:00:00,2017-03-19 07:00:00,2017-03-22 07:00:00,2017-04-04 07:00:00
cf4a5333,a7d31715,delivered,2017-02-12 08:00:00,2017-02-12 09:00:00,2017-02-14 08:00:00,2017-02-25 08:00:00,2017-02-24 08:00:00
d5049380,e302f2c3,delivered,2017-11-03 13:00:00,2017-11-03 14:00:00,2017-11-05 13:00:00,2017-11-13 13:00:00,2017-11-14 13:00:00
d6bd315e,f1983bc0,delivered,2018-01-29 22:00:00,2018-01-29 23:00:00,2018-01-31 22:00:00,2018-02-12 22:00:00,2018-02-18 22:00:00
9625709c,957304ca,delivered,2017-03-22 14:00:00,2017-03-22 15:00:00,2017-03-24 14:00:00,2017-03-31 14:00:00,2017-04-06 14:00:00
0f303d4b,b20425f1,delivered,2017-04-14 06:00:00,2017-04-14 07:00:00,2017-04-16 06:00:00,2017-04-27 06:00:00,2017-04-27 06:00:00
2244f48d,4788215a,delivered,2017-05-05 10:00:00,2017-05-05 10:00:00,2017-05-07 10:00:00,2017-05-18 10:00:00,2017-05-29 10:00:00
1926f3a2,63213f30,delivered,2018-05-11 11:00:00,2018-05-11 11:00:00,2018-05-13 11:00:00,2018-05-16 11:00:00,2018-05-28 11:00:00
f16a0c1b,66b3c6d2,delivered,2017-11-18 21:00:00,2017-11-18 21:00:00,2017-11-19 21:00:00,2017-11-29 21:00:00,2017-12-01 21:00:00
a15079aa,c43ec3d1,delivered,2018-01-24 00:00:00,2018-01-24 03:00:00,2018-01-26 00:00:00,2018-01-27 00:00:00,2018-02-12 00:00:00
4c991c67,6623b10e,delivered,2017-08-14 15:00:00,2017-08-14 18:00:00,2017-08-16 15:00:00,2017-08-27 15:00:00,2017-09-04 15:00:00
37d8241c,b0567783,delivered,2017-12-21 08:00:00,2017-12-21 10:00:00,2017-12-22 08:00:00,2017-12-30 08:00:00,2018-01-03 08:00:00
834ef94c,13c6af07,delivered,2017-12-18 15:00:00,2017-12-18 16:00:00,2017-12-19 15:00:00,2017-12-24 15:00:00,2017-12-29 15:00:00
4fda3b65,171812f8,delivered,2017-07-07 04:00:00,2017-07-07 07:00:00,2017-07-09 04:00:00,2017-07-18 04:00:00,2017-07-28 04:00:00
6c93e389,8102a173,delivered,2018-01-28 19:00:00,2018-01-28 19:00:00,2018-01-29 19:00:00,2018-02-10 19:00:00,2018-02-12 19:00:00
8a5b9b4b,3795ea17,delivered,2017-02-21 12:00:00,2017-02-21 13:00:00,2017-02-23 12:00:00,2017-03-05 12:00:00,2017-03-17 12:00:00
8dc4fb1f,93a5141c,delivered,2018-07-13 21:00:00,2018-07-13 22:00:00,2018-07-15 21:00:00,2018-07-26 21:00:00,2018-07-24 21:00:00
e68b0919,03fd7ffb,delivered,2017-01-13 08:00:00,2017-01-13 10:00:00,2017-01-14 08:00:00,2017-01-21 08:00:00,2017-01-28 08:00:00
04a5994a,3a5940c7,delivered,2017-02-12 09:00:00,2017-02-12 10:00:00,2017-02-14 09:00:00,2017-02-21 09:00:00,2017-03-01 09:00:00
7c158713,63db1d21,delivered,2018-03-11 08:00:00,2018-03-11 12:00:00,2018-03-12 08:00:00,2018-03-19 08:00:00,2018-03-28 08:00:00
0116816e,e7d56c44,delivered,2018-08-21 06:00:00,2018-08-21 07:00:00,2018-08-23 06:00:00,2018-08-25 06:00:00,2018-09-11 06:00:00
8216a030,75ed94de,delivered,2017-04-27 17:00:00,2017-04-27 19:00:00,2017-04-28 17:00:00,2017-05-10 17:00:00,2017-05-10 17:00:00
b0be9d00,9a7ee347,canceled,2018-01-29 01:00:00,2018-01-29 03:00:00,2018-01-31 01:00:00,,2018-02-18 01:00:00
98ee93c6,b3097145,shipped,2018-03-16 19:00:00,2018-03-16 21:00:00,2018-03-17 19:00:00,,2018-04-03 19:00:00
3cc90680,51c276cc,delivered,2017-11-23 10:00:00,2017-11-23 10:00:00,2017-11-25 10:00:00,2017-12-01 10:00:00,2017-12-17 10:00:00
a4a9872f,041e9a9a,shipped,2017-06-12 16:00:00,2017-06-12 19:00:00,2017-06-14 16:00:00,,2017-07-06 16:00:00
76a88c7a,f60cea55,delivered,2018-03-21 23:00:00,2018-03-22 02:00:00,2018-03-23 23:00:00,2018-03-30 23:00:00,2018-04-09 23:00:00
f43505d7,11541e6b,delivered,2017-04-28 17:00:00,2017-04-28 20:00:00,2017-04-30 17:00:00,2017-05-01 17:00:00,2017-05-08 17:00:00
d577d31f,87c478a0,shipped,2017-11-12 08:00:00,2017-11-12 08:00:00,2017-11-13 08:00:00,,2017-12-03 08:00:00
80a8c400,95df2a8f,delivered,2017-07-17 19:00:00,2017-07-17 22:00:00,2017-07-18 19:00:00,2017-07-25 19:00:00,2017-08-08 19:00:00
a5e3a8d5,3bcd2d27,delivered,2017-11-01 18:00:00,2017-11-01 22:00:00,2017-11-03 18:00:00,2017-11-15 18:00:00,2017-11-13 18:00:00
ff440d2b,76146d2e,delivered,2017-09-09 23:00:00,2017-09-10 02:00:00,2017-09-11 23:00:00,2017-09-19 23:00:00,2017-09-30 23:00:00
09b4b21b,aa8ea2e1,delivered,2017-09-23 19:00:00,2017-09-23 22:00:00,2017-09-25 19:00:00,2017-10-05 19:00:00,2017-10-17 19:00:00
5d3d23b1,98ada1de,delivered,2018-07-28 10:00:00,2018-07-28 12:00:00,2018-07-29 10:00:00,2018-08-03 10:00:00,2018-08-15 10:00:00
572cd055,f681fa6f,delivered,2017-10-11 04:00:00,2017-10-11 05:00:00,2017-10-12 04:00:00,2017-10-22 04:00:00,2017-10-22 04:00:00
a0fac66d,7f05677c,delivered,2017-12-30 15:00:00,2017-12-30 19:00:00,2018-01-01 15:00:00,2018-01-13 15:00:00,2018-01-23 15:00:00
9bbb52b6,69cc738f,delivered,2018-04-01 16:00:00,2018-04-01 17:00:00,2018-04-03 16:00:00,2018-04-06 16:00:00,2018-04-11 16:00:00
fe7d28a2,7e0a5555,delivered,2017-11-01 01:00:00,2017-11-01 01:00:00,2017-11-02 01:00:00,2017-11-10 01:00:00,2017-11-19 01:00:00
73008276,243ae7a9,delivered,2018-02-19 09:00:00,2018-02-19 10:00:00,2018-02-21 09:00:00,2018-03-02 09:00:00,2018-03-06 09:00:00
d206fbfe,a295ecc9,delivered,2018-07-15 23:00:00,2018-07-16 03:00:00,2018-07-16 23:00:00,2018-07-28 23:00:00,2018-07-31 23:00:00
d9218e56,aa8ea2e1,delivered,2018-05-02 22:00:00,2018-05-03 00:00:00,2018-05-04 22:00:00,2018-05-16 22:00:00,2018-05-26 22:00:00
40547dd8,2c1576b7,delivered,2018-04-28 18:00:00,2018-04-28 18:00:00,2018-04-29 18:00:00,2018-05-09 18:00:00,2018-05-17 18:00:00
2a5b415d,b5fbd093,processing,2017-07-10 11:00:00,2017-07-10 15:00:00,2017-07-11 11:00:00,,2017-07-30 11:00:00
bc809444,85116bde,delivered,2017-02-18 02:00:00,2017-02-18 03:00:00,2017-02-20 02:00:00,2017-03-04 02:00:00,2017-03-01 02:00:00
779adf7c,4a72387c,delivered,2017-03-15 04:00:00,2017-03-15 04:00:00,2017-03-17 04:00:00,2017-03-27 04:00:00,2017-04-08 04:00:00
5b348d4e,fc88770b,delivered,2017-08-23 07:00:00,2017-08-23 11:00:00,2017-08-25 07:00:00,2017-08-26 07:00:00,2017-09-08 07:00:00
4ad17219,3e5d1d30,delivered,2018-08-12 07:00:00,2018-08-12 07:00:00,2018-08-14 07:00:00,2018-08-16 07:00:00,2018-08-23 07:00:00
d8187f1e,c89035a3,delivered,2017-10-28 02:00:00,2017-10-28 06:00:00,2017-10-30 02:00:00,2017-11-04 02:00:00,2017-11-14 02:00:00
14af2e03,fc182d47,delivered,2018-02-24 23:00:00,2018-02-25 00:00:00,2018-02-26 23:00:00,2018-03-09 23:00:00,2018-03-15 23:00:00
6ef9d0e4,4029deb4,shipped,2017-12-25 04:00:00,2017-12-25 06:00:00,2017-12-27 04:00:00,,2018-01-09 04:00:00
566c5218,7dcd83f1,delivered,2018-08-22 22:00:00,2018-08-23 01:00:00,2018-08-24 22:00:00,2018-08-25 22:00:00,2018-09-10 22:00:00
d5295ede,e41bbd60,delivered,2017-01-03 19:00:00,2017-01-03 19:00:00,2017-01-04 19:00:00,2017-01-11 19:00:00,2017-01-14 19:00:00
99ffaf8b,6c04b2c9,delivered,2017-10-19 21:00:00,2017-10-19 21:00:00,2017-10-21 21:00:00,2017-10-23 21:00:00,2017-11-05 21:00:00
dd057ff7,1665d163,delivered,2018-04-14 01:00:00,2018-04-14 02:00:00,2018-04-15 01:00:00,2018-04-23 01:00:00,2018-04-29 01:00:00
69c5a912,a7c3923f,delivered,2018-05-05 00:00:00,2018-05-05 01:00:00,2018-05-06 00:00:00,2018-05-16 00:00:00,2018-05-27 00:00:00
3c1049f3,2769811e,canceled,2018-08-20 17:00:00,2018-08-20 17:00:00,2018-08-22 17:00:00,,2018-09-13 17:00:00
f18cfc5f,a343e00c,delivered,2017-08-24 02:00:00,2017-08-24 05:00:00,2017-08-25 02:00:00,2017-09-02 02:00:00,2017-09-13 02:00:00
a83ea72d,d9e5f550,delivered,2017-05-23 06:00:00,2017-05-23 09:00:00,2017-05-25 06:00:00,2017-06-04 06:00:00,2017-06-08 06:00:00
14153c59,ba7015cf,delivered,2017-01-24 21:00:00,2017-01-24 23:00:00,2017-01-26 21:00:00,2017-01-29 21:00:00,2017-02-05 21:00:00
1ce92565,7c983fce,delivered,2017-03-11 01:00:00,2017-03-11 01:00:00,2017-03-12 01:00:00,2017-03-24 01:00:00,2017-04-01 01:00:00
1bd4897d,ecbaab9a,delivered,2017-09-27 18:00:00,2017-09-27 21:00:00,2017-09-29 18:00:00,2017-10-09 18:00:00,2017-10-10 18:00:00
8d561dee,28eee3a1,delivered,2018-06-30 15:00:00,2018-06-30 19:00:00,2018-07-02 15:00:00,2018-07-14 15:00:00,2018-07-11 15:00:00
90f5613b,274f045d,delivered,2017-08-29 12:00:00,2017-08-29 16:00:00,2017-08-30 12:00:00,2017-09-03 12:00:00,2017-09-11 12:00:00
8ab38579,1ec223ed,delivered,2017-06-05 11:00:00,2017-06-05 14:00:00,2017-06-07 11:00:00,2017-06-17 11:00:00,2017-06-21 11:00:00
073c24d0,43635664,delivered,2017-05-23 22:00:00,2017-05-24 01:00:00,2017-05-25 22:00:00,2017-05-31 22:00:00,2017-06-02 22:00:00
223524c4,74c86c15,delivered,2017-01-31 09:00:00,2017-01-31 11:00:00,2017-02-01 09:00:00,2017-02-11 09:00:00,2017-02-19 09:00:00
457279db,7bb1598a,delivered,2017-11-30 02:00:00,2017-11-30 03:00:00,2017-12-01 02:00:00,2017-12-09 02:00:00,2017-12-13 02:00:00
01da920e,f614e965,delivered,2018-02-04 05:00:00,2018-02-04 07:00:00,2018-02-06 05:00:00,2018-02-14 05:00:00,2018-02-20 05:00:00
c34270a4,858b4e2a,delivered,2018-04-15 16:00:00,2018-04-15 16:00:00,2018-04-17 16:00:00,2018-04-21 16:00:00,2018-04-30 16:00:00
7f9e9234,816954b9,delivered,2018-01-05 20:00:00,2018-01-05 21:00:00,2018-01-06 20:00:00,2018-01-12 20:00:00,2018-01-29 20:00:00
ca86e3e0,bc2a8e27,delivered,2017-05-20 10:00:00,2017-05-20 11:00:00,2017-05-21 10:00:00,2017-05-23 10:00:00,2017-06-04 10:00:00
3ce0de20,ebaa4677,delivered,2018-01-25 10:00:00,2018-01-25 12:00:00,2018-01-26 10:00:00,2018-02-05 10:00:00,2018-02-13 10:00:00
f3872fff,d94010ae,delivered,2017-02-01 18:00:00,2017-02-01 18:00:00,2017-02-03 18:00:00,2017-02-04 18:00:00,2017-02-16 18:00:00
1be954f2,ad939dbc,delivered,2017-10-24 07:00:00,2017-10-24 07:00:00,2017-10-26 07:00:00,2017-11-07 07:00:00,2017-11-11 07:00:00
26075f60,6fbcc063,delivered,2017-11-13 00:00:00,2017-11-13 04:00:00,2017-11-15 00:00:00,2017-11-25 00:00:00,2017-11-30 00:00:00
225274bf,0089e89b,delivered,2018-03-04 16:00:00,2018-03-04 16:00:00,2018-03-05 16:00:00,2018-03-18 16:00:00,2018-03-23 16:00:00
11eb0f57,2e4d3714,shipped,2018-05-07 10:00:00,2018-05-07 13:00:00,2018-05-08 10:00:00,,2018-05-30 10:00:00
6543f639,00a995df,delivered,2017-02-03 19:00:00,2017-02-03 23:00:00,2017-02-05 19:00:00,2017-02-14 19:00:00,2017-02-15 19:00:00
28b9ac5f,99faf0d5,delivered,2017-05-13 11:00:00,2017-05-13 11:00:00,2017-05-15 11:00:00,2017-05-19 11:00:00,2017-05-27 11:00:00
5f43587a,e63a48f6,delivered,2017-01-30 08:00:00,2017-01-30 11:00:00,2017-01-31 08:00:00,2017-02-11 08:00:00,2017-02-21 08:00:00
d96da286,96e59536,delivered,2018-03-24 03:00:00,2018-03-24 03:00:00,2018-03-25 03:00:00,2018-04-07 03:00:00,2018-04-07 03:00:00
d9692e7e,5c5dadd0,delivered,2018-07-03 15:00:00,2018-07-03 16:00:00,2018-07-04 15:00:00,2018-07-08 15:00:00,2018-07-13 15:00:00
abd53b1f,ad905151,delivered,2018-08-22 07:00:00,2018-08-22 08:00:00,2018-08-24 07:00:00,2018-08-27 07:00:00,2018-09-10 07:00:00
9a6ee25e,90727b02,delivered,2017-04-19 10:00:00,2017-04-19 12:00:00,2017-04-21 10:00:00,2017-04-28 10:00:00,2017-05-10 10:00:00
f1e7f937,4bc270e2,delivered,2018-03-11 19:00:00,2018-03-11 21:00:00,2018-03-13 19:00:00,2018-03-23 19:00:00,2018-03-24 19:00:00
68d0b65a,ceb297b0,delivered,2017-07-29 10:00:00,2017-07-29 11:00:00,2017-07-30 10:00:00,2017-08-04 10:00:00,2017-08-20 10:00:00
f287bb3b,dae44577,delivered,2017-12-17 02:00:00,2017-12-17 05:00:00,2017-12-18 02:00:00,2017-12-27 02:00:00,2018-01-08 02:00:00
a415c345,3976a181,delivered,2018-03-12 23:00:00,2018-03-13 01:00:00,2018-03-13 23:00:00,2018-03-17 23:00:00,2018-04-02 23:00:00
7132962a,89e43b8d,delivered,2017-11-15 15:00:00,2017-11-15 15:00:00,2017-11-17 15:00:00,2017-11-25 15:00:00,2017-12-08 15:00:00
9c2d6f51,18796603,delivered,2018-08-19 21:00:00,2018-08-20 01:00:00,2018-08-21 21:00:00,2018-08-31 21:00:00,2018-09-10 21:00:00
8d4cc1c9,044c42ed,shipped,2017-10-10 05:00:00,2017-10-10 08:00:00,2017-10-12 05:00:00,,2017-10-27 05:00:00
36763508,4f979120,delivered,2018-02-15 20:00:00,2018-02-15 22:00:00,2018-02-16 20:00:00,2018-02-22 20:00:00,2018-03-02 20:00:00
a9af10aa,cc5e9e39,delivered,2017-10-03 14:00:00,2017-10-03 18:00:00,2017-10-05 14:00:00,2017-10-13 14:00:00,2017-10-19 14:00:00
d59819c2,2ea618b5,delivered,2017-12-01 11:00:00,2017-12-01 15:00:00,2017-12-03 11:00:00,2017-12-10 11:00:00,2017-12-11 11:00:00
97c6c535,5c7ba2fe,delivered,2017-05-27 17:00:00,2017-05-27 18:00:00,2017-05-29 17:00:00,2017-06-07 17:00:00,2017-06-13 17:00:00
ed431d6f,e07c2e5a,delivered,2017-12-18 02:00:00,2017-12-18 03:00:00,2017-12-19 02:00:00,2017-12-27 02:00:00,2018-01-03 02:00:00
ea5455de,7a05ea2c,delivered,2017-07-02 06:00:00,2017-07-02 10:00:00,2017-07-03 06:00:00,2017-07-06 06:00:00,2017-07-14 06:00:00
7c94b167,d353c375,canceled,2018-01-12 05:00:00,2018-01-12 08:00:00,2018-01-13 05:00:00,,2018-01-31 05:00:00
29b4c757,a97be916,delivered,2017-11-06 14:00:00,2017-11-06 14:00:00,2017-11-08 14:00:00,2017-11-11 14:00:00,2017-11-26 14:00:00
a742a785,ca495235,delivered,2017-04-25 18:00:00,2017-04-25 21:00:00,2017-04-26 18:00:00,2017-05-02 18:00:00,2017-05-05 18:00:00
f757fa68,fa89edbb,delivered,2017-03-10 15:00:00,2017-03-10 15:00:00,2017-03-11 15:00:00,2017-03-22 15:00:00,2017-03-23 15:00:00
4ef1493d,0700b147,delivered,2017-04-24 17:00:00,2017-04-24 20:00:00,2017-04-26 17:00:00,2017-04-28 17:00:00,2017-05-04 17:00:00
62cac6a2,6643cd68,delivered,2018-08-21 06:00:00,2018-08-21 09:00:00,2018-08-23 06:00:00,2018-08-28 06:00:00,2018-09-04 06:00:00
d54d6471,6f6a10a3,delivered,2018-07-24 00:00:00,2018-07-24 02:00:00,2018-07-25 00:00:00,2018-07-27 00:00:00,2018-08-14 00:00:00
2638af63,3f2f8501,delivered,2017-09-16 17:00:00,2017-09-16 19:00:00,2017-09-18 17:00:00,2017-09-22 17:00:00,2017-10-09 17:00:00
f16b29e4,d610db69,delivered,2017-02-24 11:00:00,2017-02-24 15:00:00,2017-02-25 11:00:00,2017-02-28 11:00:00,2017-03-13 11:00:00
f92e1970,d5280273,delivered,2017-12-25 10:00:00,2017-12-25 14:00:00,2017-12-26 10:00:00,2017-12-29 10:00:00,2018-01-08 10:00:00
4329e81f,360f1a91,delivered,2017-01-17 14:00:00,2017-01-17 17:00:00,2017-01-18 14:00:00,2017-01-22 14:00:00,2017-02-08 14:00:00
f6d043c9,04da8145,delivered,2018-08-16 12:00:00,2018-08-16 13:00:00,2018-08-18 12:00:00,2018-08-25 12:00:00,2018-09-04 12:00:00
617bd4a3,e3d343fb,delivered,2017-10-22 04:00:00,2017-10-22 05:00:00,2017-10-24 04:00:00,2017-11-02 04:00:00,2017-11-02 04:00:00
ecf0ce56,ff8f8917,delivered,2018-02-26 13:00:00,2018-02-26 15:00:00,2018-02-27 13:00:00,2018-03-06 13:00:00,2018-03-09 13:00:00
b32a00c9,e0f6c1dc,shipped,2018-01-22 08:00:00,2018-01-22 08:00:00,2018-01-23 08:00:00,,2018-02-11 08:00:00
b2a9c472,b14b3f4a,delivered,2017-03-09 09:00:00,2017-03-09 11:00:00,2017-03-10 09:00:00,2017-03-18 09:00:00,2017-03-31 09:00:00
8e7e2ce6,dc3739a9,delivered,2017-04-13 16:00:00,2017-04-13 18:00:00,2017-04-15 16:00:00,2017-04-26 16:00:00,2017-04-30 16:00:00
4879154d,294688ab,delivered,2018-01-02 00:00:00,2018-01-02 02:00:00,2018-01-04 00:00:00,2018-01-11 00:00:00,2018-01-26 00:00:00
4192e171,f454cd99,delivered,2018-06-11 06:00:00,2018-06-11 06:00:00,2018-06-13 06:00:00,2018-06-23 06:00:00,2018-06-29 06:00:00
98ce955b,c3b9ad98,delivered,2017-01-30 22:00:00,2017-01-31 00:00:00,2017-02-01 22:00:00,2017-02-05 22:00:00,2017-02-14 22:00:00
58e4fef2,08f97979,delivered,2018-03-19 06:00:00,2018-03-19 07:00:00,2018-03-21 06:00:00,2018-03-29 06:00:00,2018-03-30 06:00:00
419370c9,6062d2a0,delivered,2017-05-26 17:00:00,2017-05-26 21:00:00,2017-05-28 17:00:00,2017-06-02 17:00:00,2017-06-08 17:00:00
2710cdbb,f07c79a6,delivered,2017-12-18 09:00:00,2017-12-18 12:00:00,2017-12-19 09:00:00,2017-12-21 09:00:00,2017-12-29 09:00:00
b2d8e387,8eb8e8c4,delivered,2018-03-04 09:00:00,2018-03-04 10:00:00,2018-03-05 09:00:00,2018-03-17 09:00:00,2018-03-16 09:00:00
cff6ca46,89270cad,delivered,2017-02-07 00:00:00,2017-02-07 03:00:00,2017-02-08 00:00:00,2017-02-14 00:00:00,2017-02-23 00:00:00
1fd4d4d6,796e1d23,delivered,2017-07-13 00:00:00,2017-07-13 02:00:00,2017-07-15 00:00:00,2017-07-24 00:00:00,2017-07-24 00:00:00
406e08fb,ebaa4677,delivered,2018-08-02 09:00:00,2018-08-02 10:00:00,2018-08-04 09:00:00,2018-08-15 09:00:00,2018-08-22 09:00:00
b1f52246,890a653d,delivered,2018-04-07 07:00:00,2018-04-07 09:00:00,2018-04-09 07:00:00,2018-04-10 07:00:00,2018-04-24 07:00:00
488b0453,d1cdf172,delivered,2017-03-29 09:00:00,2017-03-29 12:00:00,2017-03-30 09:00:00,2017-04-07 09:00:00,2017-04-12 09:00:00
61e48f35,d293c18a,delivered,2017-01-06 04:00:00,2017-01-06 04:00:00,2017-01-07 04:00:00,2017-01-18 04:00:00,2017-01-24 04:00:00
a3d74fea,fc83b2ec,delivered,2018-07-16 11:00:00,2018-07-16 11:00:00,2018-07-17 11:00:00,2018-07-27 11:00:00,2018-08-06 11:00:00
3efd38bc,d5b4ac41,delivered,2017-07-12 21:00:00,2017-07-13 01:00:00,2017-07-14 21:00:00,2017-07-21 21:00:00,2017-07-25 21:00:00
34856555,d7db694a,delivered,2017-04-09 16:00:00,2017-04-09 18:00:00,2017-04-10 16:00:00,2017-04-17 16:00:00,2017-04-28 16:00:00
1ae54bc2,76c46a8f,delivered,2017-09-18 05:00:00,2017-09-18 06:00:00,2017-09-19 05:00:00,2017-09-21 05:00:00,2017-10-11 05:00:00
b8e2ef6a,0546e4d4,delivered,2018-05-30 01:00:00,2018-05-30 02:00:00,2018-05-31 01:00:00,2018-06-05 01:00:00,2018-06-10 01:00:00
e7627e2a,fb754da0,delivered,2018-04-19 00:00:00,2018-04-19 01:00:00,2018-04-21 00:00:00,2018-04-25 00:00:00,2018-05-05 00:00:00
0e16ac0c,c3209f85,delivered,2017-11-05 21:00:00,2017-11-06 00:00:00,2017-11-07 21:00:00,2017-11-13 21:00:00,2017-11-16 21:00:00
1c0d0610,6bff897e,delivered,2018-01-10 21:00:00,2018-01-11 01:00:00,2018-01-11 21:00:00,2018-01-21 21:00:00,2018-01-29 21:00:00
38bf2221,e4b3c238,delivered,2017-06-12 19:00:00,2017-06-12 22:00:00,2017-06-13 19:00:00,2017-06-21 19:00:00,2017-06-22 19:00:00
bbb5ab7b,7e0a5555,delivered,2018-06-23 13:00:00,2018-06-23 17:00:00,2018-06-25 13:00:00,2018-06-29 13:00:00,2018-07-14 13:00:00
e1a77f74,424f6978,delivered,2017-12-08 16:00:00,2017-12-08 19:00:00,2017-12-10 16:00:00,2017-12-13 16:00:00,2017-12-25 16:00:00
dbcb0e33,7ad07d35,delivered,2018-04-16 17:00:00,2018-04-16 17:00:00,2018-04-17 17:00:00,2018-04-21 17:00:00,2018-05-03 17:00:00
b12dfcc8,9ef51aeb,delivered,2017-07-09 02:00:00,2017-07-09 05:00:00,2017-07-11 02:00:00,2017-07-23 02:00:00,2017-07-28 02:00:00
56f5c1e7,a6314193,delivered,2018-07-08 02:00:00,2018-07-08 04:00:00,2018-07-10 02:00:00,2018-07-19 02:00:00,2018-07-29 02:00:00
7855c72d,5106a25c,processing,2018-03-13 22:00:00,2018-03-14 01:00:00,2018-03-15 22:00:00,,2018-04-05 22:00:00
0ca4b617,4b09c649,delivered,2018-08-09 17:00:00,2018-08-09 18:00:00,2018-08-10 17:00:00,2018-08-19 17:00:00,2018-08-19 17:00:00
a1a920ba,ca76dbad,delivered,2017-09-10 11:00:00,2017-09-10 12:00:00,2017-09-11 11:00:00,2017-09-15 11:00:00,2017-09-26 11:00:00
547d16f9,f67c2264,processing,2018-03-23 13:00:00,2018-03-23 15:00:00,2018-03-25 13:00:00,,2018-04-13 13:00:00
cd996730,355c9c17,delivered,2017-05-06 18:00:00,2017-05-06 19:00:00,2017-05-08 18:00:00,2017-05-16 18:00:00,2017-05-16 18:00:00
bc6d54e6,5916306b,delivered,2017-10-24 22:00:00,2017-10-24 22:00:00,2017-10-26 22:00:00,2017-10-28 22:00:00,2017-11-06 22:00:00
97026b1b,66e928cc,delivered,2017-03-02 22:00:00,2017-03-02 23:00:00,2017-03-03 22:00:00,2017-03-05 22:00:00,2017-03-26 22:00:00
1ef5fcf7,30085ae2,delivered,2017-03-13 09:00:00,2017-03-13 10:00:00,2017-03-15 09:00:00,2017-03-24 09:00:00,2017-03-27 09:00:00
ed00db07,64bb32a3,delivered,2017-02-20 15:00:00,2017-02-20 17:00:00,2017-02-21 15:00:00,2017-02-26 15:00:00,2017-03-12 15:00:00
7a4b56e9,ae7c7479,delivered,2018-05-09 14:00:00,2018-05-09 18:00:00,2018-05-10 14:00:00,2018-05-19 14:00:00,2018-05-28 14:00:00
5490c32e,dc1ed1c5,delivered,2017-11-24 02:00:00,2017-11-24 04:00:00,2017-11-25 02:00:00,2017-11-30 02:00:00,2017-12-16 02:00:00
d78b1862,418f363b,delivered,2018-02-03 19:00:00,2018-02-03 21:00:00,2018-02-05 19:00:00,2018-02-07 19:00:00,2018-02-13 19:00:00
713cefe9,79f8b689,delivered,2018-01-23 15:00:00,2018-01-23 18:00:00,2018-01-25 15:00:00,2018-02-03 15:00:00,2018-02-10 15:00:00
9e92a608,43f9fb91,delivered,2017-09-29 07:00:00,2017-09-29 07:00:00,2017-10-01 07:00:00,2017-10-05 07:00:00,2017-10-11 07:00:00
c12e221d,524c0415,delivered,2018-06-19 10:00:00,2018-06-19 11:00:00,2018-06-21 10:00:00,2018-06-22 10:00:00,2018-06-30 10:00:00
4c0a09b9,62551535,delivered,2017-07-04 06:00:00,2017-07-04 09:00:00,2017-07-06 06:00:00,2017-07-16 06:00:00,2017-07-21 06:00:00
2723eb32,bc597a87,delivered,2018-06-04 15:00:00,2018-06-04 19:00:00,2018-06-05 15:00:00,2018-06-14 15:00:00,2018-06-21 15:00:00
f2a3f554,2e0be7ca,delivered,2018-06-26 20:00:00,2018-06-26 22:00:00,2018-06-27 20:00:00,2018-07-03 20:00:00,2018-07-16 20:00:00
2fb86cbc,9a7ee347,delivered,2017-12-11 17:00:00,2017-12-11 20:00:00,2017-12-13 17:00:00,2017-12-23 17:00:00,2017-12-22 17:00:00
71653b2c,c092c95a,delivered,2017-03-12 14:00:00,2017-03-12 16:00:00,2017-03-13 14:00:00,2017-03-15 14:00:00,2017-04-01 14:00:00
5160d5cf,8a3c8a16,delivered,2018-03-10 03:00:00,2018-03-10 03:00:00,2018-03-12 03:00:00,2018-03-24 03:00:00,2018-03-20 03:00:00
88b92b71,20650cf1,delivered,2018-05-11 19:00:00,2018-05-11 21:00:00,2018-05-12 19:00:00,2018-05-20 19:00:00,2018-06-04 19:00:00
10a2844e,ab150a87,delivered,2017-01-15 08:00:00,2017-01-15 10:00:00,2017-01-17 08:00:00,2017-01-29 08:00:00,2017-02-06 08:00:00
b9a6f6c1,9922dfce,delivered,2018-02-01 05:00:00,2018-02-01 05:00:00,2018-02-02 05:00:00,2018-02-04 05:00:00,2018-02-15 05:00:00
589fb873,fc0ef4bc,delivered,2018-01-24 04:00:00,2018-01-24 05:00:00,2018-01-25 04:00:00,2018-01-28 04:00:00,2018-02-17 04:00:00
88542d9a,ecbf164b,delivered,2017-07-24 09:00:00,2017-07-24 10:00:00,2017-07-26 09:00:00,2017-08-06 09:00:00,2017-08-12 09:00:00
48139b4e,02cd0770,delivered,2017-06-28 19:00:00,2017-06-28 21:00:00,2017-06-30 19:00:00,2017-07-09 19:00:00,2017-07-17 19:00:00
1692c17a,e04d2c6d,delivered,2018-03-12 15:00:00,2018-03-12 15:00:00,2018-03-14 15:00:00,2018-03-26 15:00:00,2018-03-30 15:00:00
cadebd24,a332e2aa,processing,2018-08-18 23:00:00,2018-08-19 02:00:00,2018-08-19 23:00:00,,2018-08-28 23:00:00
6052b24c,c27944b2,delivered,2018-02-23 09:00:00,2018-02-23 09:00:00,2018-02-25 09:00:00,2018-03-07 09:00:00,2018-03-14 09:00:00
75f170b5,7a91d550,delivered,2017-03-20 07:00:00,2017-03-20 11:00:00,2017-03-21 07:00:00,2017-03-24 07:00:00,2017-04-07 07:00:00
82edfad6,3f50d1a6,delivered,2018-01-24 12:00:00,2018-01-24 12:00:00,2018-01-26 12:00:00,2018-02-02 12:00:00,2018-02-09 12:00:00
289f62ee,5dd40564,delivered,2017-04-22 12:00:00,2017-04-22 12:00:00,2017-04-23 12:00:00,2017-05-06 12:00:00,2017-05-14 12:00:00
78af91bc,d2a5c3c8,delivered,2018-06-29 03:00:00,2018-06-29 06:00:00,2018-07-01 03:00:00,2018-07-05 03:00:00,2018-07-13 03:00:00
71908f5d,f2bee59a,delivered,2017-07-05 22:00:00,2017-07-05 23:00:00,2017-07-07 22:00:00,2017-07-15 22:00:00,2017-07-15 22:00:00
1d5e0755,2de2f97c,delivered,2018-07-24 11:00:00,2018-07-24 14:00:00,2018-07-25 11:00:00,2018-07-27 11:00:00,2018-08-09 11:00:00
c50429d9,1d17d5c0,delivered,2017-06-12 07:00:00,2017-06-12 07:00:00,2017-06-13 07:00:00,2017-06-23 07:00:00,2017-07-04 07:00:00
3181a4cc,4a093465,delivered,2017-03-08 12:00:00,2017-03-08 13:00:00,2017-03-10 12:00:00,2017-03-21 12:00:00,2017-03-27 12:00:00
a17205f0,2a0ce7f2,delivered,2018-08-12 09:00:00,2018-08-12 11:00:00,2018-08-14 09:00:00,2018-08-19 09:00:00,2018-09-03 09:00:00
74a983b7,45e80c72,shipped,2018-02-13 11:00:00,2018-02-13 12:00:00,2018-02-14 11:00:00,,2018-03-01 11:00:00
790eb3e0,96d4dd0d,delivered,2017-01-16 05:00:00,2017-01-16 06:00:00,2017-01-17 05:00:00,2017-01-27 05:00:00,2017-01-30 05:00:00
03e041a4,f8d65ae8,delivered,2018-01-21 09:00:00,2018-01-21 13:00:00,2018-01-22 09:00:00,2018-01-25 09:00:00,2018-02-02 09:00:00
2f43a931,44569e60,delivered,2018-04-07 12:00:00,2018-04-07 14:00:00,2018-04-09 12:00:00,2018-04-11 12:00:00,2018-04-28 12:00:00
623139bf,c89035a3,delivered,2018-06-23 15:00:00,2018-06-23 15:00:00,2018-06-25 15:00:00,2018-07-06 15:00:00,2018-07-07 15:00:00
c24d2611,08f97979,delivered,2017-08-18 17:00:00,2017-08-18 20:00:00,2017-08-20 17:00:00,2017-08-30 17:00:00,2017-09-05 17:00:00
6e35dc4d,2f26fc8f,delivered,2017-12-04 09:00:00,2017-12-04 09:00:00,2017-12-05 09:00:00,2017-12-14 09:00:00,2017-12-19 09:00:00
4847a68e,b3e708ad,delivered,2017-07-31 16:00:00,2017-07-31 16:00:00,2017-08-02 16:00:00,2017-08-11 16:00:00,2017-08-13 16:00:00
d0bf6e3f,32f1fa41,delivered,2018-03-05 16:00:00,2018-03-05 19:00:00,2018-03-06 16:00:00,2018-03-08 16:00:00,2018-03-18 16:00:00
052b7778,6a7858bd,delivered,2018-06-26 02:00:00,2018-06-26 03:00:00,2018-06-27 02:00:00,2018-07-09 02:00:00,2018-07-18 02:00:00
829d3d31,d1a2e429,delivered,2017-03-16 12:00:00,2017-03-16 15:00:00,2017-03-18 12:00:00,2017-03-20 12:00:00,2017-04-09 12:00:00
35a66221,3a6e5ebf,delivered,2017-08-29 07:00:00,2017-08-29 11:00:00,2017-08-31 07:00:00,2017-09-10 07:00:00,2017-09-16 07:00:00
6f9bbe2d,dc1ed1c5,shipped,2018-05-17 06:00:00,2018-05-17 09:00:00,2018-05-19 06:00:00,,2018-05-27 06:00:00
5223ae8c,1c5c07de,delivered,2017-09-23 05:00:00,2017-09-23 09:00:00,2017-09-24 05:00:00,2017-10-06 05:00:00,2017-10-10 05:00:00
b2c929cc,1bb562c3,delivered,2017-07-26 06:00:00,2017-07-26 07:00:00,2017-07-28 06:00:00,2017-08-06 06:00:00,2017-08-07 06:00:00
6905e635,36caafb5,delivered,2017-04-26 03:00:00,2017-04-26 05:00:00,2017-04-28 03:00:00,2017-05-03 03:00:00,2017-05-14 03:00:00
b249fb31,04c92496,delivered,2017-11-18 15:00:00,2017-11-18 19:00:00,2017-11-19 15:00:00,2017-11-30 15:00:00,2017-11-29 15:00:00
033c07c7,9d46e6dc,delivered,2017-07-08 06:00:00,2017-07-08 10:00:00,2017-07-09 06:00:00,2017-07-16 06:00:00,2017-07-25 06:00:00
1ddc4c3b,af9ca600,delivered,2018-07-11 11:00:00,2018-07-11 11:00:00,2018-07-13 11:00:00,2018-07-14 11:00:00,2018-07-23 11:00:00
18c72523,90202a94,delivered,2018-02-11 21:00:00,2018-02-12 00:00:00,2018-02-13 21:00:00,2018-02-19 21:00:00,2018-02-24 21:00:00
70a5a94d,79361944,delivered,2018-05-06 16:00:00,2018-05-06 19:00:00,2018-05-07 16:00:00,2018-05-14 16:00:00,2018-05-22 16:00:00
58c51c23,53281cb1,delivered,2018-05-03 15:00:00,2018-05-03 19:00:00,2018-05-05 15:00:00,2018-05-17 15:00:00,2018-05-24 15:00:00
08b30bae,b3db1094,delivered,2017-06-30 16:00:00,2017-06-30 18:00:00,2017-07-02 16:00:00,2017-07-08 16:00:00,2017-07-22 16:00:00
bc1de7b0,141110e7,delivered,2018-04-29 01:00:00,2018-04-29 04:00:00,2018-05-01 01:00:00,2018-05-04 01:00:00,2018-05-20 01:00:00
4a088e88,4788215a,delivered,2017-01-19 07:00:00,2017-01-19 09:00:00,2017-01-20 07:00:00,2017-01-28 07:00:00,2017-02-12 07:00:00
ca8f7319,dbe0205a,delivered,2017-02-06 08:00:00,2017-02-06 12:00:00,2017-02-07 08:00:00,2017-02-18 08:00:00,2017-03-02 08:00:00
133d8b5a,f23ff076,delivered,2017-12-10 05:00:00,2017-12-10 05:00:00,2017-12-12 05:00:00,2017-12-14 05:00:00,2017-12-24 05:00:00
99ce8047,b25425a9,delivered,2017-05-03 00:00:00,2017-05-03 04:00:00,2017-05-05 00:00:00,2017-05-08 00:00:00,2017-05-22 00:00:00
90e355b8,9573b1be,delivered,2017-07-01 11:00:00,2017-07-01 15:00:00,2017-07-03 11:00:00,2017-07-14 11:00:00,2017-07-14 11:00:00
7f23c950,97071933,delivered,2018-08-13 06:00:00,2018-08-13 08:00:00,2018-08-14 06:00:00,2018-08-19 06:00:00,2018-08-28 06:00:00
4645caa5,5c55827e,delivered,2017-11-19 03:00:00,2017-11-19 04:00:00,2017-11-20 03:00:00,2017-12-02 03:00:00,2017-11-30 03:00:00
b9c3062b,d16aa821,delivered,2017-12-13 09:00:00,2017-12-13 10:00:00,2017-12-15 09:00:00,2017-12-17 09:00:00,2018-01-01 09:00:00
de8c878f,1112d8cb,delivered,2018-08-13 09:00:00,2018-08-13 12:00:00,2018-08-15 09:00:00,2018-08-25 09:00:00,2018-09-05 09:00:00
20419ec2,661bce82,canceled,2017-02-18 23:00:00,2017-02-19 03:00:00,2017-02-19 23:00:00,,2017-03-02 23:00:00
53308019,32b57ef6,delivered,2018-07-26 13:00:00,2018-07-26 17:00:00,2018-07-28 13:00:00,2018-08-06 13:00:00,2018-08-05 13:00:00
aeb15ef8,b0c12ead,delivered,2017-04-10 17:00:00,2017-04-10 20:00:00,2017-04-11 17:00:00,2017-04-13 17:00:00,2017-04-20 17:00:00
e472ca95,d9b98c8f,delivered,2017-12-25 01:00:00,2017-12-25 04:00:00,2017-12-27 01:00:00,2018-01-04 01:00:00,2018-01-10 01:00:00
f68fb81d,61dc806e,delivered,2018-06-22 13:00:00,2018-06-22 13:00:00,2018-06-23 13:00:00,2018-06-30 13:00:00,2018-07-08 13:00:00
59f3201c,5101d244,delivered,2017-03-17 17:00:00,2017-03-17 19:00:00,2017-03-18 17:00:00,2017-03-21 17:00:00,2017-04-01 17:00:00
38cdc0db,1fec1e73,delivered,2017-01-11 11:00:00,2017-01-11 11:00:00,2017-01-12 11:00:00,2017-01-22 11:00:00,2017-01-28 11:00:00
c1f8bfbe,243ae7a9,delivered,2018-05-21 21:00:00,2018-05-21 21:00:00,2018-05-23 21:00:00,2018-05-27 21:00:00,2018-06-07 21:00:00
c5732fc5,f8974260,delivered,2017-01-22 19:00:00,2017-01-22 21:00:00,2017-01-23 19:00:00,2017-01-31 19:00:00,2017-02-10 19:00:00
711927ec,81e9bcd8,delivered,2017-12-05 18:00:00,2017-12-05 22:00:00,2017-12-07 18:00:00,2017-12-12 18:00:00,2017-12-17 18:00:00
8cd6c398,92390e49,shipped,2017-09-10 06:00:00,2017-09-10 09:00:00,2017-09-12 06:00:00,,2017-09-28 06:00:00
92a1d960,77efb681,delivered,2017-06-12 09:00:00,2017-06-12 13:00:00,2017-06-14 09:00:00,2017-06-18 09:00:00,2017-06-26 09:00:00
289863ba,15f1922d,delivered,2017-11-24 13:00:00,2017-11-24 16:00:00,2017-11-26 13:00:00,2017-11-27 13:00:00,2017-12-14 13:00:00
c889e985,c17b9b36,delivered,2018-02-20 10:00:00,2018-02-20 12:00:00,2018-02-22 10:00:00,2018-03-03 10:00:00,2018-03-13 10:00:00
33ad4654,49bab249,delivered,2017-08-04 14:00:00,2017-08-04 18:00:00,2017-08-06 14:00:00,2017-08-07 14:00:00,2017-08-28 14:00:00
1b35108d,57c692e6,delivered,2017-02-11 19:00:00,2017-02-11 23:00:00,2017-02-13 19:00:00,2017-02-16 19:00:00,2017-02-26 19:00:00
734d3dd4,2dad37a5,delivered,2017-04-30 10:00:00,2017-04-30 10:00:00,2017-05-02 10:00:00,2017-05-07 10:00:00,2017-05-20 10:00:00
be52e78b,89b59cd1,delivered,2017-09-14 04:00:00,2017-09-14 07:00:00,2017-09-15 04:00:00,2017-09-23 04:00:00,2017-10-06 04:00:00
edf771c5,e0561b44,delivered,2017-05-29 05:00:00,2017-05-29 08:00:00,2017-05-30 05:00:00,2017-06-08 05:00:00,2017-06-16 05:00:00
75fc86bb,d16aa821,delivered,2017-11-27 23:00:00,2017-11-27 23:00:00,2017-11-28 23:00:00,2017-12-08 23:00:00,2017-12-09 23:00:00
1e288975,3d9ccebf,delivered,2017-12-21 18:00:00,2017-12-21 18:00:00,2017-12-22 18:00:00,2017-12-24 18:00:00,2018-01-06 18:00:00
830dfcbf,c60c8b6a,delivered,2017-12-28 01:00:00,2017-12-28 01:00:00,2017-12-30 01:00:00,2018-01-07 01:00:00,2018-01-09 01:00:00
bb2c6236,30085ae2,delivered,2017-03-25 23:00:00,2017-03-26 00:00:00,2017-03-26 23:00:00,2017-03-30 23:00:00,2017-04-04 23:00:00
1c1d2c41,37dbabd6,delivered,2018-06-07 05:00:00,2018-06-07 05:00:00,2018-06-08 05:00:00,2018-06-12 05:00:00,2018-06-23 05:00:00
149c948d,d9153034,delivered,2017-01-13 00:00:00,2017-01-13 03:00:00,2017-01-15 00:00:00,2017-01-19 00:00:00,2017-02-04 00:00:00
8117abb1,d6ca5b1b,delivered,2017-07-15 15:00:00,2017-07-15 18:00:00,2017-07-17 15:00:00,2017-07-26 15:00:00,2017-07-25 15:00:00
4d9fa2c6,85660bb8,delivered,2017-04-27 01:00:00,2017-04-27 04:00:00,2017-04-29 01:00:00,2017-05-09 01:00:00,2017-05-19 01:00:00
627709dc,5bff5f51,delivered,2017-04-23 03:00:00,2017-04-23 04:00:00,2017-04-25 03:00:00,2017-05-02 03:00:00,2017-05-11 03:00:00
c5a61583,aa8ea2e1,delivered,2017-04-02 20:00:00,2017-04-02 20:00:00,2017-04-03 20:00:00,2017-04-07 20:00:00,2017-04-14 20:00:00
64617a13,4a8956c2,delivered,2018-04-28 04:00:00,2018-04-28 06:00:00,2018-04-29 04:00:00,2018-05-07 04:00:00,2018-05-16 04:00:00
da2297cb,39ac39a4,delivered,2017-02-19 23:00:00,2017-02-20 03:00:00,2017-02-20 23:00:00,2017-03-01 23:00:00,2017-03-03 23:00:00
43ab87ad,ba504284,delivered,2017-08-18 10:00:00,2017-08-18 10:00:00,2017-08-20 10:00:00,2017-08-21 10:00:00,2017-08-30 10:00:00
e192c0b8,9045ca74,delivered,2018-06-07 10:00:00,2018-06-07 10:00:00,2018-06-08 10:00:00,2018-06-13 10:00:00,2018-06-21 10:00:00
72d050dc,20e9f3a9,delivered,2017-08-20 12:00:00,2017-08-20 16:00:00,2017-08-21 12:00:00,2017-08-24 12:00:00,2017-09-10 12:00:00
cdeaadf4,b80dfc78,delivered,2017-10-12 18:00:00,2017-10-12 19:00:00,2017-10-13 18:00:00,2017-10-21 18:00:00,2017-10-22 18:00:00
9003322e,fc182d47,delivered,2017-10-24 09:00:00,2017-10-24 11:00:00,2017-10-25 09:00:00,2017-11-03 09:00:00,2017-11-16 09:00:00
49bbfc2d,15f1922d,delivered,2017-02-22 15:00:00,2017-02-22 15:00:00,2017-02-24 15:00:00,2017-02-25 15:00:00,2017-03-08 15:00:00
e63acd94,f16958ed,delivered,2017-07-01 10:00:00,2017-07-01 12:00:00,2017-07-02 10:00:00,2017-07-14 10:00:00,2017-07-18 10:00:00
232992d9,040fbb10,delivered,2017-07-05 04:00:00,2017-07-05 08:00:00,2017-07-07 04:00:00,2017-07-10 04:00:00,2017-07-26 04:00:00
92cd856c,c944a86b,delivered,2018-03-30 10:00:00,2018-03-30 10:00:00,2018-04-01 10:00:00,2018-04-13 10:00:00,2018-04-12 10:00:00
c42ee570,9329d518,shipped,2018-07-26 19:00:00,2018-07-26 22:00:00,2018-07-28 19:00:00,,2018-08-18 19:00:00
63223d9d,2d0aacf5,delivered,2017-04-20 23:00:00,2017-04-21 01:00:00,2017-04-22 23:00:00,2017-05-02 23:00:00,2017-05-13 23:00:00
59e94ead,742e572b,delivered,2017-07-09 07:00:00,2017-07-09 10:00:00,2017-07-11 07:00:00,2017-07-15 07:00:00,2017-08-02 07:00:00
e4579184,97071933,delivered,2018-03-21 20:00:00,2018-03-21 23:00:00,2018-03-23 20:00:00,2018-03-31 20:00:00,2018-04-06 20:00:00
6208b979,fd77f453,delivered,2018-01-16 05:00:00,2018-01-16 06:00:00,2018-01-17 05:00:00,2018-01-26 05:00:00,2018-02-07 05:00:00
db42cb3f,04274ed4,delivered,2017-11-27 03:00:00,2017-11-27 06:00:00,2017-11-28 03:00:00,2017-12-02 03:00:00,2017-12-08 03:00:00
9bbb695e,040cce3f,delivered,2018-08-13 20:00:00,2018-08-13 20:00:00,2018-08-14 20:00:00,2018-08-26 20:00:00,2018-08-26 20:00:00
0148ff3c,79f8b689,delivered,2017-09-01 19:00:00,2017-09-01 20:00:00,2017-09-03 19:00:00,2017-09-12 19:00:00,2017-09-13 19:00:00
89835522,aaa811b2,delivered,2017-02-02 10:00:00,2017-02-02 10:00:00,2017-02-04 10:00:00,2017-02-15 10:00:00,2017-02-24 10:00:00
6f281b79,961731aa,delivered,2017-11-15 08:00:00,2017-11-15 10:00:00,2017-11-16 08:00:00,2017-11-21 08:00:00,2017-12-09 08:00:00
43a4ca6e,eb03106d,delivered,2017-04-26 12:00:00,2017-04-26 15:00:00,2017-04-27 12:00:00,2017-05-03 12:00:00,2017-05-10 12:00:00
9ab854d5,d7db694a,delivered,2018-04-24 08:00:00,2018-04-24 08:00:00,2018-04-25 08:00:00,2018-05-01 08:00:00,2018-05-08 08:00:00
7a65fc83,bce42f65,delivered,2018-03-01 07:00:00,2018-03-01 10:00:00,2018-03-03 07:00:00,2018-03-07 07:00:00,2018-03-25 07:00:00
054cf738,70fbce52,delivered,2017-05-26 07:00:00,2017-05-26 11:00:00,2017-05-27 07:00:00,2017-06-04 07:00:00,2017-06-14 07:00:00
2675e8f7,9f179239,delivered,2018-07-14 17:00:00,2018-07-14 19:00:00,2018-07-16 17:00:00,2018-07-27 17:00:00,2018-07-29 17:00:00
b3773646,ba7015cf,delivered,2018-06-27 08:00:00,2018-06-27 08:00:00,2018-06-29 08:00:00,2018-07-07 08:00:00,2018-07-12 08:00:00
450e5840,aa490be2,delivered,2017-12-09 05:00:00,2017-12-09 06:00:00,2017-12-10 05:00:00,2017-12-15 05:00:00,2017-12-27 05:00:00
5c55e7d3,11414498,delivered,2018-02-08 04:00:00,2018-02-08 06:00:00,2018-02-09 04:00:00,2018-02-18 04:00:00,2018-02-18 04:00:00
1a54885a,c7cab217,delivered,2017-04-20 00:00:00,2017-04-20 01:00:00,2017-04-22 00:00:00,2017-04-30 00:00:00,2017-05-06 00:00:00
9c5eb940,5c4a2bbb,delivered,2017-12-30 07:00:00,2017-12-30 10:00:00,2017-12-31 07:00:00,2018-01-07 07:00:00,2018-01-11 07:00:00
0f07df1a,458a3c36,delivered,2017-03-26 12:00:00,2017-03-26 15:00:00,2017-03-28 12:00:00,2017-04-06 12:00:00,2017-04-12 12:00:00
71c71197,1d214a89,delivered,2018-04-17 12:00:00,2018-04-17 16:00:00,2018-04-19 12:00:00,2018-04-27 12:00:00,2018-05-02 12:00:00
3de7836f,95d414b4,delivered,2017-11-01 16:00:00,2017-11-01 20:00:00,2017-11-02 16:00:00,2017-11-15 16:00:00,2017-11-16 16:00:00
5c86e598,8024dce7,delivered,2018-07-11 13:00:00,2018-07-11 16:00:00,2018-07-12 13:00:00,2018-07-15 13:00:00,2018-07-24 13:00:00
2e4939ee,0b95002a,delivered,2017-08-25 03:00:00,2017-08-25 03:00:00,2017-08-26 03:00:00,2017-08-31 03:00:00,2017-09-11 03:00:00
222dd099,13ccb621,delivered,2018-07-02 05:00:00,2018-07-02 06:00:00,2018-07-04 05:00:00,2018-07-10 05:00:00,2018-07-23 05:00:00
8bef4f45,1b06ffd4,delivered,2017-11-25 15:00:00,2017-11-25 16:00:00,2017-11-27 15:00:00,2017-12-08 15:00:00,2017-12-10 15:00:00
6cfe7b37,7d4f7b37,delivered,2017-08-07 14:00:00,2017-08-07 18:00:00,2017-08-08 14:00:00,2017-08-20 14:00:00,2017-08-21 14:00:00
696bd527,581d0156,delivered,2018-01-31 06:00:00,2018-01-31 06:00:00,2018-02-01 06:00:00,2018-02-14 06:00:00,2018-02-24 06:00:00
92b37096,89e00a72,delivered,2017-08-27 07:00:00,2017-08-27 09:00:00,2017-08-29 07:00:00,2017-09-07 07:00:00,2017-09-12 07:00:00
9fbfa40f,41b9274f,delivered,2017-05-27 03:00:00,2017-05-27 07:00:00,2017-05-28 03:00:00,2017-06-01 03:00:00,2017-06-15 03:00:00
0f5ac6cb,a46a5ef3,delivered,2017-10-18 08:00:00,2017-10-18 12:00:00,2017-10-20 08:00:00,2017-10-23 08:00:00,2017-10-31 08:00:00
db6a02a4,fc481fc4,delivered,2017-02-19 03:00:00,2017-02-19 07:00:00,2017-02-20 03:00:00,2017-03-01 03:00:00,2017-03-09 03:00:00
201b4f7f,2509bbb4,delivered,2018-03-30 21:00:00,2018-03-30 21:00:00,2018-03-31 21:00:00,2018-04-06 21:00:00,2018-04-14 21:00:00
a702abe9,d334520b,delivered,2017-01-28 11:00:00,2017-01-28 15:00:00,2017-01-30 11:00:00,2017-02-07 11:00:00,2017-02-17 11:00:00
2589e6e1,4471cc4e,delivered,2018-02-17 06:00:00,2018-02-17 09:00:00,2018-02-19 06:00:00,2018-03-03 06:00:00,2018-03-03 06:00:00
76c1e259,4ffc1339,delivered,2017-05-31 00:00:00,2017-05-31 04:00:00,2017-06-02 00:00:00,2017-06-06 00:00:00,2017-06-10 00:00:00
f4a8a08c,315edef1,delivered,2018-01-15 08:00:00,2018-01-15 09:00:00,2018-01-16 08:00:00,2018-01-23 08:00:00,2018-01-26 08:00:00
de535f39,22556787,delivered,2017-05-26 18:00:00,2017-05-26 20:00:00,2017-05-27 18:00:00,2017-06-09 18:00:00,2017-06-15 18:00:00
97fc1beb,323bd29c,delivered,2017-11-20 06:00:00,2017-11-20 07:00:00,2017-11-22 06:00:00,2017-12-03 06:00:00,2017-12-01 06:00:00
24531ff8,d27cb02e,delivered,2017-06-09 08:00:00,2017-06-09 08:00:00,2017-06-11 08:00:00,2017-06-21 08:00:00,2017-06-25 08:00:00
da1eae9b,dcd08b82,delivered,2017-03-30 04:00:00,2017-03-30 05:00:00,2017-03-31 04:00:00,2017-04-12 04:00:00,2017-04-16 04:00:00
cafc2f36,1112d8cb,delivered,2018-07-08 07:00:00,2018-07-08 09:00:00,2018-07-09 07:00:00,2018-07-16 07:00:00,2018-07-22 07:00:00
a05abea5,ec323fb9,delivered,2017-11-25 02:00:00,2017-11-25 03:00:00,2017-11-27 02:00:00,2017-11-29 02:00:00,2017-12-11 02:00:00
04360f29,0719c5c0,delivered,2017-09-14 05:00:00,2017-09-14 05:00:00,2017-09-15 05:00:00,2017-09-27 05:00:00,2017-09-25 05:00:00
723f8350,8a5566e7,canceled,2018-08-12 02:00:00,2018-08-12 05:00:00,2018-08-14 02:00:00,,2018-08-27 02:00:00
21f4d8da,8d7906c4,delivered,2017-01-17 04:00:00,2017-01-17 08:00:00,2017-01-19 04:00:00,2017-01-27 04:00:00,2017-02-10 04:00:00
31ff660b,1e072b5e,delivered,2017-10-13 09:00:00,2017-10-13 11:00:00,2017-10-14 09:00:00,2017-10-27 09:00:00,2017-10-29 09:00:00
1f979d78,44f39bb1,delivered,2018-02-22 21:00:00,2018-02-23 01:00:00,2018-02-23 21:00:00,2018-03-07 21:00:00,2018-03-09 21:00:00
3266fc2e,74b3e785,delivered,2017-03-07 09:00:00,2017-03-07 10:00:00,2017-03-08 09:00:00,2017-03-14 09:00:00,2017-03-22 09:00:00
5b15348f,3ccfa180,delivered,2017-02-19 16:00:00,2017-02-19 19:00:00,2017-02-21 16:00:00,2017-02-23 16:00:00,2017-03-08 16:00:00
c038317d,fdf017ff,delivered,2018-05-19 00:00:00,2018-05-19 02:00:00,2018-05-21 00:00:00,2018-05-30 00:00:00,2018-06-02 00:00:00
5b37b894,32a8b737,delivered,2018-06-25 05:00:00,2018-06-25 09:00:00,2018-06-26 05:00:00,2018-07-09 05:00:00,2018-07-17 05:00:00
593b3b7d,28ef55fe,delivered,2018-04-17 14:00:00,2018-04-17 17:00:00,2018-04-18 14:00:00,2018-05-01 14:00:00,2018-04-28 14:00:00
b983a722,951251b9,delivered,2017-11-09 20:00:00,2017-11-09 20:00:00,2017-11-10 20:00:00,2017-11-14 20:00:00,2017-11-19 20:00:00
4471dcda,f71f4612,delivered,2017-01-17 10:00:00,2017-01-17 11:00:00,2017-01-19 10:00:00,2017-01-26 10:00:00,2017-01-28 10:00:00
5ec40fa1,a0896fad,delivered,2017-02-14 23:00:00,2017-02-15 01:00:00,2017-02-16 23:00:00,2017-02-17 23:00:00,2017-03-06 23:00:00
8f6f0dde,75970ec3,delivered,2018-01-16 13:00:00,2018-01-16 15:00:00,2018-01-17 13:00:00,2018-01-29 13:00:00,2018-02-06 13:00:00
b7f0dc55,329e303d,delivered,2018-07-06 18:00:00,2018-07-06 21:00:00,2018-07-07 18:00:00,2018-07-18 18:00:00,2018-07-21 18:00:00
f3dd1583,52ebcef1,delivered,2018-06-09 12:00:00,2018-06-09 16:00:00,2018-06-10 12:00:00,2018-06-12 12:00:00,2018-07-01 12:00:00
99797944,2f534edf,delivered,2018-06-13 08:00:00,2018-06-13 10:00:00,2018-06-14 08:00:00,2018-06-24 08:00:00,2018-07-05 08:00:00
3fe3b8bb,bda607b1,delivered,2017-08-11 13:00:00,2017-08-11 14:00:00,2017-08-13 13:00:00,2017-08-21 13:00:00,2017-08-21 13:00:00
5188bae1,8b256491,delivered,2018-03-04 08:00:00,2018-03-04 09:00:00,2018-03-05 08:00:00,2018-03-18 08:00:00,2018-03-23 08:00:00
1d755888,28e35fec,delivered,2017-05-19 04:00:00,2017-05-19 06:00:00,2017-05-21 04:00:00,2017-05-25 04:00:00,2017-06-06 04:00:00
d6fc562f,9ec322c2,delivered,2017-02-22 21:00:00,2017-02-23 01:00:00,2017-02-23 21:00:00,2017-02-28 21:00:00,2017-03-16 21:00:00
82956554,de0196d4,delivered,2017-02-28 21:00:00,2017-03-01 00:00:00,2017-03-02 21:00:00,2017-03-07 21:00:00,2017-03-14 21:00:00
40f92553,124bb079,delivered,2018-04-12 15:00:00,2018-04-12 16:00:00,2018-04-14 15:00:00,2018-04-18 15:00:00,2018-04-25 15:00:00
b612c2dc,c847d0c7,delivered,2017-11-22 02:00:00,2017-11-22 04:00:00,2017-11-24 02:00:00,2017-11-25 02:00:00,2017-12-13 02:00:00
3eec5d15,a376f9de,delivered,2017-04-09 12:00:00,2017-04-09 15:00:00,2017-04-11 12:00:00,2017-04-15 12:00:00,2017-04-29 12:00:00
ffc69fcc,4f7c7ce0,delivered,2017-03-09 03:00:00,2017-03-09 07:00:00,2017-03-11 03:00:00,2017-03-12 03:00:00,2017-03-19 03:00:00
cae436f5,ae6ea3bc,delivered,2017-08-18 05:00:00,2017-08-18 08:00:00,2017-08-19 05:00:00,2017-08-30 05:00:00,2017-09-02 05:00:00
07594158,600b2541,delivered,2017-05-08 18:00:00,2017-05-08 18:00:00,2017-05-09 18:00:00,2017-05-20 18:00:00,2017-05-21 18:00:00
0d7f850e,68ccc1f5,delivered,2017-10-04 17:00:00,2017-10-04 17:00:00,2017-10-05 17:00:00,2017-10-17 17:00:00,2017-10-20 17:00:00
d4d77df2,79dda319,delivered,2017-04-24 14:00:00,2017-04-24 17:00:00,2017-04-26 14:00:00,2017-05-05 14:00:00,2017-05-16 14:00:00
752a395f,af0e59e8,delivered,2017-11-11 21:00:00,2017-11-12 00:00:00,2017-11-13 21:00:00,2017-11-22 21:00:00,2017-12-04 21:00:00
c0eada2d,b8bbfe54,delivered,2017-03-16 14:00:00,2017-03-16 17:00:00,2017-03-17 14:00:00,2017-03-23 14:00:00,2017-04-07 14:00:00
c5a50ebc,0b583253,delivered,2017-02-03 05:00:00,2017-02-03 09:00:00,2017-02-05 05:00:00,2017-02-09 05:00:00,2017-02-17 05:00:00
6519ff3d,bd2f9004,delivered,2018-01-22 22:00:00,2018-01-22 23:00:00,2018-01-24 22:00:00,2018-01-29 22:00:00,2018-02-11 22:00:00
e644b500,8ea497a8,delivered,2018-06-16 11:00:00,2018-06-16 13:00:00,2018-06-17 11:00:00,2018-06-26 11:00:00,2018-06-28 11:00:00
1f06757d,729a7525,delivered,2017-01-04 08:00:00,2017-01-04 10:00:00,2017-01-05 08:00:00,2017-01-15 08:00:00,2017-01-22 08:00:00
4a5a4091,92357801,delivered,2018-01-28 15:00:00,2018-01-28 17:00:00,2018-01-30 15:00:00,2018-02-06 15:00:00,2018-02-21 15:00:00
2ad11441,d7d74ff9,delivered,2017-12-13 19:00:00,2017-12-13 23:00:00,2017-12-14 19:00:00,2017-12-18 19:00:00,2017-12-29 19:00:00
9e2e77bf,c27944b2,delivered,2018-01-13 20:00:00,2018-01-14 00:00:00,2018-01-14 20:00:00,2018-01-17 20:00:00,2018-02-04 20:00:00
e0ae8842,522d8e5e,delivered,2017-02-14 23:00:00,2017-02-15 00:00:00,2017-02-15 23:00:00,2017-02-28 23:00:00,2017-02-28 23:00:00
d3d18b0b,01b3ba55,delivered,2017-03-03 21:00:00,2017-03-04 00:00:00,2017-03-05 21:00:00,2017-03-10 21:00:00,2017-03-14 21:00:00
7fef1b0b,c137dee7,delivered,2017-03-12 02:00:00,2017-03-12 02:00:00,2017-03-13 02:00:00,2017-03-21 02:00:00,2017-03-25 02:00:00
eee6d1fc,0ba1f4ec,delivered,2017-07-10 19:00:00,2017-07-10 23:00:00,2017-07-11 19:00:00,2017-07-21 19:00:00,2017-08-01 19:00:00
7ec2088b,1f20f50a,delivered,2017-01-17 14:00:00,2017-01-17 17:00:00,2017-01-18 14:00:00,2017-01-30 14:00:00,2017-01-30 14:00:00
022f0faf,112064cf,delivered,2017-04-19 21:00:00,2017-04-19 21:00:00,2017-04-20 21:00:00,2017-04-30 21:00:00,2017-05-12 21:00:00
6d86f74c,8a5566e7,delivered,2017-04-28 03:00:00,2017-04-28 05:00:00,2017-04-29 03:00:00,2017-05-01 03:00:00,2017-05-16 03:00:00
38372a25,4f027198,delivered,2018-04-14 09:00:00,2018-04-14 09:00:00,2018-04-16 09:00:00,2018-04-19 09:00:00,2018-05-07 09:00:00
158b8db3,7b8f6a73,delivered,2018-04-15 00:00:00,2018-04-15 03:00:00,2018-04-16 00:00:00,2018-04-20 00:00:00,2018-04-29 00:00:00
bd52d8ff,b5562c6c,delivered,2018-03-19 07:00:00,2018-03-19 07:00:00,2018-03-21 07:00:00,2018-03-23 07:00:00,2018-04-04 07:00:00
3a2f6f35,a6e1bc1f,delivered,2017-07-03 11:00:00,2017-07-03 15:00:00,2017-07-04 11:00:00,2017-07-17 11:00:00,2017-07-13 11:00:00
fa4ff7e8,9083c8e1,delivered,2018-07-05 02:00:00,2018-07-05 04:00:00,2018-07-06 02:00:00,2018-07-10 02:00:00,2018-07-28 02:00:00
878431a2,8877c8e6,delivered,2017-04-07 18:00:00,2017-04-07 20:00:00,2017-04-09 18:00:00,2017-04-11 18:00:00,2017-04-25 18:00:00
b76f3e31,91a42ba2,delivered,2018-01-06 22:00:00,2018-01-07 00:00:00,2018-01-07 22:00:00,2018-01-12 22:00:00,2018-01-24 22:00:00
39cbd5e8,6fbcc063,delivered,2017-01-13 03:00:00,2017-01-13 05:00:00,2017-01-14 03:00:00,2017-01-23 03:00:00,2017-01-24 03:00:00
4a16550d,d42ee2da,delivered,2018-08-23 13:00:00,2018-08-23 13:00:00,2018-08-24 13:00:00,2018-08-31 13:00:00,2018-09-13 13:00:00
e2187b89,c1bca347,delivered,2017-03-18 12:00:00,2017-03-18 12:00:00,2017-03-19 12:00:00,2017-03-25 12:00:00,2017-04-07 12:00:00
fc9517cc,c93e3076,delivered,2018-07-18 20:00:00,2018-07-18 23:00:00,2018-07-20 20:00:00,2018-07-31 20:00:00,2018-07-29 20:00:00
5b160e50,04da8145,delivered,2018-06-15 11:00:00,2018-06-15 14:00:00,2018-06-16 11:00:00,2018-06-22 11:00:00,2018-07-06 11:00:00
296fd5d7,78dad646,delivered,2017-05-24 12:00:00,2017-05-24 12:00:00,2017-05-25 12:00:00,2017-05-29 12:00:00,2017-06-17 12:00:00
ba657197,5dd40564,delivered,2018-07-10 17:00:00,2018-07-10 18:00:00,2018-07-12 17:00:00,2018-07-19 17:00:00,2018-07-24 17:00:00
477dd6f8,a92b5361,delivered,2018-01-01 03:00:00,2018-01-01 03:00:00,2018-01-03 03:00:00,2018-01-08 03:00:00,2018-01-18 03:00:00
3185b5c3,77da982f,delivered,2018-01-30 18:00:00,2018-01-30 22:00:00,2018-01-31 18:00:00,2018-02-06 18:00:00,2018-02-10 18:00:00
819bdbb5,a969c7f0,delivered,2017-06-25 03:00:00,2017-06-25 04:00:00,2017-06-26 03:00:00,2017-07-07 03:00:00,2017-07-10 03:00:00
b27a5163,0164259f,delivered,2017-12-16 06:00:00,2017-12-16 06:00:00,2017-12-18 06:00:00,2017-12-30 06:00:00,2017-12-28 06:00:00
95eaab9b,8a12193a,canceled,2017-01-08 22:00:00,2017-01-09 00:00:00,2017-01-09 22:00:00,,2017-02-01 22:00:00
e29dd240,b1c37a22,delivered,2017-05-23 13:00:00,2017-05-23 15:00:00,2017-05-25 13:00:00,2017-05-28 13:00:00,2017-06-14 13:00:00
10fecdac,04039d7d,delivered,2017-03-31 13:00:00,2017-03-31 13:00:00,2017-04-02 13:00:00,2017-04-12 13:00:00,2017-04-17 13:00:00
45d0d48e,30f7a084,delivered,2018-05-03 10:00:00,2018-05-03 11:00:00,2018-05-04 10:00:00,2018-05-09 10:00:00,2018-05-16 10:00:00
23bcdace,243ae7a9,delivered,2017-01-03 17:00:00,2017-01-03 21:00:00,2017-01-04 17:00:00,2017-01-06 17:00:00,2017-01-27 17:00:00
03480d8f,cff9d421,delivered,2017-09-16 02:00:00,2017-09-16 06:00:00,2017-09-17 02:00:00,2017-09-21 02:00:00,2017-10-07 02:00:00
77779991,65066405,delivered,2018-04-25 02:00:00,2018-04-25 02:00:00,2018-04-26 02:00:00,2018-05-01 02:00:00,2018-05-06 02:00:00
8ae2efd8,5bd5754d,delivered,2017-09-14 15:00:00,2017-09-14 17:00:00,2017-09-16 15:00:00,2017-09-26 15:00:00,2017-09-24 15:00:00
7a83d8a7,b9fe9f5b,delivered,2017-01-19 13:00:00,2017-01-19 13:00:00,2017-01-20 13:00:00,2017-01-23 13:00:00,2017-02-09 13:00:00
441b116c,dd12c550,shipped,2017-05-14 18:00:00,2017-05-14 22:00:00,2017-05-15 18:00:00,,2017-05-29 18:00:00
1b438f2c,cea8824d,delivered,2017-08-01 00:00:00,2017-08-01 04:00:00,2017-08-02 00:00:00,2017-08-06 00:00:00,2017-08-17 00:00:00
ced6d7ba,dacdf4ff,delivered,2018-05-22 20:00:00,2018-05-22 22:00:00,2018-05-23 20:00:00,2018-05-31 20:00:00,2018-06-01 20:00:00
f333274e,fefa6b66,delivered,2018-05-15 14:00:00,2018-05-15 18:00:00,2018-05-17 14:00:00,2018-05-24 14:00:00,2018-05-25 14:00:00
36073542,024847bd,delivered,2017-02-13 06:00:00,2017-02-13 07:00:00,2017-02-15 06:00:00,2017-02-17 06:00:00,2017-02-23 06:00:00
380651be,dd12c550,delivered,2017-12-14 20:00:00,2017-12-14 23:00:00,2017-12-15 20:00:00,2017-12-19 20:00:00,2018-01-07 20:00:00
229ac715,6623b10e,delivered,2017-12-27 21:00:00,2017-12-27 23:00:00,2017-12-28 21:00:00,2018-01-01 21:00:00,2018-01-15 21:00:00
e36192c8,6dab8037,delivered,2018-07-30 16:00:00,2018-07-30 17:00:00,2018-07-31 16:00:00,2018-08-06 16:00:00,2018-08-15 16:00:00
d5fd1592,18fa8289,delivered,2018-04-22 07:00:00,2018-04-22 09:00:00,2018-04-23 07:00:00,2018-05-01 07:00:00,2018-05-14 07:00:00
1462b575,69d89565,delivered,2017-05-10 16:00:00,2017-05-10 16:00:00,2017-05-12 16:00:00,2017-05-21 16:00:00,2017-05-22 16:00:00
1367a6db,31705837,delivered,2018-05-20 06:00:00,2018-05-20 06:00:00,2018-05-22 06:00:00,2018-06-02 06:00:00,2018-05-31 06:00:00
64942d6c,f327c507,delivered,2018-03-20 21:00:00,2018-03-20 22:00:00,2018-03-22 21:00:00,2018-03-29 21:00:00,2018-04-03 21:00:00
6e7f9c0e,ba24cfa5,delivered,2018-04-24 19:00:00,2018-04-24 19:00:00,2018-04-25 19:00:00,2018-04-30 19:00:00,2018-05-15 19:00:00
b8e979ce,eac557e7,delivered,2017-11-15 02:00:00,2017-11-15 02:00:00,2017-11-17 02:00:00,2017-11-27 02:00:00,2017-11-30 02:00:00
1ed966fc,ddfe86c1,delivered,2017-10-07 11:00:00,2017-10-07 14:00:00,2017-10-08 11:00:00,2017-10-12 11:00:00,2017-10-22 11:00:00
a42d3020,1ffe09f6,delivered,2017-10-21 11:00:00,2017-10-21 15:00:00,2017-10-23 11:00:00,2017-10-26 11:00:00,2017-11-08 11:00:00
d02519be,31cd633a,delivered,2017-10-05 02:00:00,2017-10-05 06:00:00,2017-10-06 02:00:00,2017-10-12 02:00:00,2017-10-27 02:00:00
d670f7c2,b7aca014,delivered,2017-05-25 00:00:00,2017-05-25 04:00:00,2017-05-26 00:00:00,2017-06-01 00:00:00,2017-06-07 00:00:00
973e9743,ddfe86c1,delivered,2018-06-23 23:00:00,2018-06-24 00:00:00,2018-06-24 23:00:00,2018-06-30 23:00:00,2018-07-17 23:00:00
b25b97b9,7c983fce,delivered,2017-10-04 18:00:00,2017-10-04 19:00:00,2017-10-06 18:00:00,2017-10-17 18:00:00,2017-10-28 18:00:00
d736aa11,922c1f32,delivered,2017-05-08 07:00:00,2017-05-08 10:00:00,2017-05-10 07:00:00,2017-05-13 07:00:00,2017-05-19 07:00:00
e3bf8432,a97be916,delivered,2018-07-22 16:00:00,2018-07-22 17:00:00,2018-07-23 16:00:00,2018-08-03 16:00:00,2018-08-04 16:00:00
467a6721,d11b2866,delivered,2018-06-14 17:00:00,2018-06-14 19:00:00,2018-06-16 17:00:00,2018-06-28 17:00:00,2018-07-03 17:00:00
4ccd5fc5,3b7c021a,delivered,2018-02-02 14:00:00,2018-02-02 16:00:00,2018-02-04 14:00:00,2018-02-11 14:00:00,2018-02-21 14:00:00
af0e434b,7c724de7,delivered,2018-05-17 21:00:00,2018-05-18 01:00:00,2018-05-18 21:00:00,2018-05-29 21:00:00,2018-05-28 21:00:00
f20761f3,9377d242,delivered,2018-03-24 03:00:00,2018-03-24 05:00:00,2018-03-26 03:00:00,2018-04-01 03:00:00,2018-04-11 03:00:00
9768f986,315edef1,delivered,2018-04-15 08:00:00,2018-04-15 11:00:00,2018-04-16 08:00:00,2018-04-18 08:00:00,2018-05-02 08:00:00
dfbf3738,597c8ba0,delivered,2018-03-28 13:00:00,2018-03-28 13:00:00,2018-03-29 13:00:00,2018-04-08 13:00:00,2018-04-15 13:00:00
b12e547b,8248bf97,delivered,2017-05-25 08:00:00,2017-05-25 12:00:00,2017-05-27 08:00:00,2017-05-30 08:00:00,2017-06-16 08:00:00
4baf596f,09fc91f8,delivered,2018-07-20 00:00:00,2018-07-20 02:00:00,2018-07-22 00:00:00,2018-07-29 00:00:00,2018-08-08 00:00:00
9ad35d3a,39cc7c21,delivered,2017-06-23 12:00:00,2017-06-23 13:00:00,2017-06-24 12:00:00,2017-07-06 12:00:00,2017-07-11 12:00:00
ae62bbd0,c9253917,delivered,2017-08-31 12:00:00,2017-08-31 14:00:00,2017-09-01 12:00:00,2017-09-07 12:00:00,2017-09-13 12:00:00
38b84c7c,6d6a2387,delivered,2017-02-02 09:00:00,2017-02-02 13:00:00,2017-02-03 09:00:00,2017-02-05 09:00:00,2017-02-22 09:00:00
33750d33,dea6e0e5,delivered,2017-02-03 06:00:00,2017-02-03 07:00:00,2017-02-05 06:00:00,2017-02-09 06:00:00,2017-02-17 06:00:00
aa925d5c,68d8e31f,delivered,2017-12-27 15:00:00,2017-12-27 17:00:00,2017-12-28 15:00:00,2017-12-31 15:00:00,2018-01-20 15:00:00
0c2b1953,82ff5cfd,delivered,2018-05-03 18:00:00,2018-05-03 18:00:00,2018-05-05 18:00:00,2018-05-12 18:00:00,2018-05-14 18:00:00
4d55c297,76c754c3,delivered,2018-07-26 18:00:00,2018-07-26 19:00:00,2018-07-28 18:00:00,2018-08-06 18:00:00,2018-08-07 18:00:00
7035cc0d,b99c3344,delivered,2017-10-21 17:00:00,2017-10-21 21:00:00,2017-10-23 17:00:00,2017-10-30 17:00:00,2017-11-06 17:00:00
2cf54e3c,e64d7aea,delivered,2018-08-06 09:00:00,2018-08-06 09:00:00,2018-08-08 09:00:00,2018-08-10 09:00:00,2018-08-20 09:00:00
6a0a56ca,2ca259c9,delivered,2017-01-22 09:00:00,2017-01-22 09:00:00,2017-01-23 09:00:00,2017-01-30 09:00:00,2017-02-09 09:00:00
ed377c08,84538466,delivered,2017-11-30 03:00:00,2017-11-30 06:00:00,2017-12-01 03:00:00,2017-12-04 03:00:00,2017-12-12 03:00:00
cce83a0f,52987581,delivered,2018-04-11 14:00:00,2018-04-11 16:00:00,2018-04-12 14:00:00,2018-04-14 14:00:00,2018-04-29 14:00:00
6104081a,8964f9df,delivered,2017-07-10 03:00:00,2017-07-10 04:00:00,2017-07-12 03:00:00,2017-07-18 03:00:00,2017-08-01 03:00:00
5266eb18,c180cd89,invoiced,2018-05-17 00:00:00,2018-05-17 04:00:00,2018-05-18 00:00:00,,2018-06-09 00:00:00
cffdd447,baff609d,delivered,2017-03-31 18:00:00,2017-03-31 20:00:00,2017-04-01 18:00:00,2017-04-09 18:00:00,2017-04-17 18:00:00
0431b9e0,44f39bb1,delivered,2017-08-07 08:00:00,2017-08-07 08:00:00,2017-08-08 08:00:00,2017-08-16 08:00:00,2017-08-27 08:00:00
afb7d0e6,1581c448,delivered,2017-03-08 08:00:00,2017-03-08 11:00:00,2017-03-10 08:00:00,2017-03-17 08:00:00,2017-03-25 08:00:00
80a018aa,b12c43b6,delivered,2017-08-29 06:00:00,2017-08-29 09:00:00,2017-08-30 06:00:00,2017-09-06 06:00:00,2017-09-09 06:00:00
625e27fa,8122dddf,delivered,2017-08-26 21:00:00,2017-08-27 00:00:00,2017-08-28 21:00:00,2017-09-03 21:00:00,2017-09-05 21:00:00
e50019b2,a15f5cb9,delivered,2017-08-31 08:00:00,2017-08-31 09:00:00,2017-09-02 08:00:00,2017-09-06 08:00:00,2017-09-20 08:00:00
dc320998,cb1c30d5,delivered,2017-07-19 14:00:00,2017-07-19 17:00:00,2017-07-20 14:00:00,2017-08-02 14:00:00,2017-08-03 14:00:00
9ac69c1f,f0b79cf9,delivered,2018-02-03 06:00:00,2018-02-03 10:00:00,2018-02-04 06:00:00,2018-02-07 06:00:00,2018-02-22 06:00:00
8c44042f,19d2d914,delivered,2017-03-29 10:00:00,2017-03-29 14:00:00,2017-03-30 10:00:00,2017-04-05 10:00:00,2017-04-15 10:00:00
99c6e161,6a7858bd,delivered,2018-07-09 19:00:00,2018-07-09 22:00:00,2018-07-10 19:00:00,2018-07-15 19:00:00,2018-07-19 19:00:00
a49146e8,339d672f,delivered,2017-12-09 02:00:00,2017-12-09 04:00:00,2017-12-11 02:00:00,2017-12-17 02:00:00,2017-12-26 02:00:00
da7dfcac,1cf1c05e,delivered,2018-05-01 17:00:00,2018-05-01 18:00:00,2018-05-02 17:00:00,2018-05-14 17:00:00,2018-05-22 17:00:00
389ce08e,1545060b,delivered,2018-02-25 03:00:00,2018-02-25 03:00:00,2018-02-27 03:00:00,2018-03-01 03:00:00,2018-03-13 03:00:00
c0f84b42,af6d1038,delivered,2017-08-30 14:00:00,2017-08-30 18:00:00,2017-08-31 14:00:00,2017-09-03 14:00:00,2017-09-21 14:00:00
802d3f56,339d672f,delivered,2018-07-10 04:00:00,2018-07-10 04:00:00,2018-07-12 04:00:00,2018-07-23 04:00:00,2018-08-02 04:00:00
11ad0f0f,f797d9fd,delivered,2018-07-15 02:00:00,2018-07-15 06:00:00,2018-07-16 02:00:00,2018-07-25 02:00:00,2018-07-28 02:00:00
5ac54666,7c3d1144,delivered,2017-10-22 15:00:00,2017-10-22 19:00:00,2017-10-24 15:00:00,2017-11-05 15:00:00,2017-11-01 15:00:00
5922de0c,fa21cecc,delivered,2017-01-18 23:00:00,2017-01-19 03:00:00,2017-01-20 23:00:00,2017-01-22 23:00:00,2017-02-07 23:00:00
bffce756,c7c46e8a,delivered,2017-10-16 13:00:00,2017-10-16 17:00:00,2017-10-18 13:00:00,2017-10-28 13:00:00,2017-11-06 13:00:00
c133f530,7ec3c39b,delivered,2017-10-03 20:00:00,2017-10-03 22:00:00,2017-10-05 20:00:00,2017-10-09 20:00:00,2017-10-26 20:00:00
edc97ebe,66b82d27,delivered,2017-08-16 05:00:00,2017-08-16 09:00:00,2017-08-18 05:00:00,2017-08-25 05:00:00,2017-08-29 05:00:00
3dfa7ae3,3bf42d1f,shipped,2017-02-11 04:00:00,2017-02-11 07:00:00,2017-02-12 04:00:00,,2017-02-24 04:00:00
2102a4d9,a8e70a4d,processing,2017-12-02 04:00:00,2017-12-02 08:00:00,2017-12-04 04:00:00,,2017-12-23 04:00:00
6d190806,99255203,delivered,2018-02-10 22:00:00,2018-02-10 23:00:00,2018-02-11 22:00:00,2018-02-23 22:00:00,2018-03-05 22:00:00
6ac9e7a5,90561143,delivered,2018-07-18 00:00:00,2018-07-18 02:00:00,2018-07-20 00:00:00,2018-07-21 00:00:00,2018-07-30 00:00:00
a53d4898,b1ea681d,delivered,2018-05-07 21:00:00,2018-05-08 00:00:00,2018-05-09 21:00:00,2018-05-16 21:00:00,2018-05-21 21:00:00
584028a8,ad8ec462,delivered,2017-10-17 05:00:00,2017-10-17 06:00:00,2017-10-19 05:00:00,2017-10-26 05:00:00,2017-11-02 05:00:00
65e62092,d8b4d5ff,delivered,2018-02-03 15:00:00,2018-02-03 16:00:00,2018-02-05 15:00:00,2018-02-15 15:00:00,2018-02-19 15:00:00
1d1e4778,a7f40e65,delivered,2017-08-25 11:00:00,2017-08-25 12:00:00,2017-08-27 11:00:00,2017-08-30 11:00:00,2017-09-06 11:00:00
94903928,5de10d7d,delivered,2018-07-27 04:00:00,2018-07-27 07:00:00,2018-07-29 04:00:00,2018-08-04 04:00:00,2018-08-07 04:00:00
8a60ca7f,1d29a545,delivered,2018-01-20 12:00:00,2018-01-20 13:00:00,2018-01-22 12:00:00,2018-01-23 12:00:00,2018-01-31 12:00:00
510ba59c,4d2b95dd,delivered,2017-05-21 19:00:00,2017-05-21 22:00:00,2017-05-23 19:00:00,2017-05-31 19:00:00,2017-06-11 19:00:00
cb84a60b,5abfcff0,delivered,2017-03-17 19:00:00,2017-03-17 22:00:00,2017-03-18 19:00:00,2017-03-31 19:00:00,2017-04-04 19:00:00
ffd91f68,59037846,delivered,2018-01-01 01:00:00,2018-01-01 04:00:00,2018-01-03 01:00:00,2018-01-09 01:00:00,2018-01-22 01:00:00
293a89c7,b4abe212,delivered,2018-04-20 06:00:00,2018-04-20 07:00:00,2018-04-21 06:00:00,2018-04-30 06:00:00,2018-05-10 06:00:00
8847ce48,1ea918c7,delivered,2017-03-31 20:00:00,2017-03-31 23:00:00,2017-04-01 20:00:00,2017-04-08 20:00:00,2017-04-17 20:00:00
374d3806,0b4d0f3d,delivered,2017-05-08 13:00:00,2017-05-08 17:00:00,2017-05-09 13:00:00,2017-05-11 13:00:00,2017-05-19 13:00:00
4d2df1b0,62c7de55,delivered,2018-03-25 03:00:00,2018-03-25 05:00:00,2018-03-27 03:00:00,2018-04-07 03:00:00,2018-04-17 03:00:00
732a7967,85fdb793,delivered,2018-01-22 07:00:00,2018-01-22 09:00:00,2018-01-24 07:00:00,2018-01-29 07:00:00,2018-02-04 07:00:00
7fb90c9a,411ce6ed,delivered,2017-08-17 15:00:00,2017-08-17 18:00:00,2017-08-18 15:00:00,2017-08-25 15:00:00,2017-08-28 15:00:00
ebc9f1f8,505181df,delivered,2017-06-10 06:00:00,2017-06-10 09:00:00,2017-06-12 06:00:00,2017-06-14 06:00:00,2017-06-26 06:00:00
46d51363,7f04288d,delivered,2018-02-03 10:00:00,2018-02-03 11:00:00,2018-02-04 10:00:00,2018-02-10 10:00:00,2018-02-26 10:00:00
d2c1f424,d04030c5,delivered,2018-03-23 16:00:00,2018-03-23 18:00:00,2018-03-24 16:00:00,2018-03-27 16:00:00,2018-04-13 16:00:00
e5c7a231,6ab56bce,delivered,2017-07-22 12:00:00,2017-07-22 12:00:00,2017-07-23 12:00:00,2017-08-02 12:00:00,2017-08-06 12:00:00
5436c899,1c296cc3,delivered,2017-11-14 10:00:00,2017-11-14 13:00:00,2017-11-15 10:00:00,2017-11-19 10:00:00,2017-12-02 10:00:00
3adffc84,37bc9cd4,delivered,2017-10-07 08:00:00,2017-10-07 09:00:00,2017-10-08 08:00:00,2017-10-10 08:00:00,2017-10-30 08:00:00
2dae1dc2,2eebff47,delivered,2017-03-19 06:00:00,2017-03-19 09:00:00,2017-03-21 06:00:00,2017-04-01 06:00:00,2017-04-02 06:00:00
554a50af,0bd7c4d8,delivered,2018-04-06 07:00:00,2018-04-06 08:00:00,2018-04-08 07:00:00,2018-04-19 07:00:00,2018-04-25 07:00:00
f1ca79c8,2769811e,delivered,2017-04-27 07:00:00,2017-04-27 11:00:00,2017-04-29 07:00:00,2017-05-01 07:00:00,2017-05-11 07:00:00
e811496e,141110e7,delivered,2018-04-01 18:00:00,2018-04-01 22:00:00,2018-04-02 18:00:00,2018-04-06 18:00:00,2018-04-24 18:00:00
2eb62c94,18dc486c,canceled,2018-02-10 04:00:00,2018-02-10 06:00:00,2018-02-11 04:00:00,,2018-03-06 04:00:00
1bd8f29a,9b7efb71,delivered,2018-04-23 01:00:00,2018-04-23 04:00:00,2018-04-25 01:00:00,2018-04-29 01:00:00,2018-05-09 01:00:00
507dfdca,5ad63e3b,delivered,2017-09-19 22:00:00,2017-09-20 00:00:00,2017-09-20 22:00:00,2017-10-02 22:00:00,2017-10-03 22:00:00
455ae6c7,6408cdb5,delivered,2017-02-13 14:00:00,2017-02-13 15:00:00,2017-02-14 14:00:00,2017-02-21 14:00:00,2017-03-02 14:00:00
bdc68f8e,1c4183e4,delivered,2017-08-15 04:00:00,2017-08-15 08:00:00,2017-08-16 04:00:00,2017-08-23 04:00:00,2017-09-02 04:00:00
563ff092,33029319,delivered,2017-03-30 09:00:00,2017-03-30 12:00:00,2017-03-31 09:00:00,2017-04-07 09:00:00,2017-04-17 09:00:00
8112050b,699e8bda,delivered,2017-02-03 18:00:00,2017-02-03 19:00:00,2017-02-04 18:00:00,2017-02-17 18:00:00,2017-02-14 18:00:00
7a914916,f824ba55,delivered,2018-03-18 01:00:00,2018-03-18 04:00:00,2018-03-20 01:00:00,2018-04-01 01:00:00,2018-04-03 01:00:00
b01932d7,ecbf7b15,delivered,2017-03-21 10:00:00,2017-03-21 11:00:00,2017-03-22 10:00:00,2017-03-24 10:00:00,2017-04-13 10:00:00
1d70e18b,09fc91f8,invoiced,2017-06-18 13:00:00,2017-06-18 16:00:00,2017-06-19 13:00:00,,2017-07-09 13:00:00
26dfd63c,512ef0e1,delivered,2018-04-22 22:00:00,2018-04-22 22:00:00,2018-04-24 22:00:00,2018-05-02 22:00:00,2018-05-08 22:00:00
5b6aeef5,8f5fba63,delivered,2017-09-10 05:00:00,2017-09-10 05:00:00,2017-09-11 05:00:00,2017-09-21 05:00:00,2017-10-02 05:00:00
cc2ac483,3248040d,delivered,2017-08-10 08:00:00,2017-08-10 11:00:00,2017-08-11 08:00:00,2017-08-21 08:00:00,2017-09-01 08:00:00
12f28846,afe6b6f5,delivered,2017-01-20 16:00:00,2017-01-20 20:00:00,2017-01-22 16:00:00,2017-02-01 16:00:00,2017-02-01 16:00:00
967057cf,00996ef3,delivered,2017-05-27 20:00:00,2017-05-28 00:00:00,2017-05-28 20:00:00,2017-06-06 20:00:00,2017-06-11 20:00:00
ada43647,959574e0,delivered,2017-08-28 01:00:00,2017-08-28 03:00:00,2017-08-29 01:00:00,2017-09-10 01:00:00,2017-09-10 01:00:00
ed8a5697,40a71eef,delivered,2018-07-15 07:00:00,2018-07-15 10:00:00,2018-07-16 07:00:00,2018-07-26 07:00:00,2018-08-08 07:00:00
16af272e,2696c20c,delivered,2018-01-10 21:00:00,2018-01-10 23:00:00,2018-01-11 21:00:00,2018-01-21 21:00:00,2018-02-02 21:00:00
6b613fde,a893a1ab,delivered,2017-01-27 20:00:00,2017-01-27 21:00:00,2017-01-28 20:00:00,2017-01-30 20:00:00,2017-02-16 20:00:00
511bc69e,fe340715,delivered,2018-04-07 04:00:00,2018-04-07 04:00:00,2018-04-09 04:00:00,2018-04-10 04:00:00,2018-04-23 04:00:00
3fe95d08,63c3dd95,delivered,2017-03-25 17:00:00,2017-03-25 21:00:00,2017-03-27 17:00:00,2017-04-05 17:00:00,2017-04-17 17:00:00
4a51c2d6,ac1f10f9,delivered,2018-07-23 13:00:00,2018-07-23 16:00:00,2018-07-25 13:00:00,2018-08-02 13:00:00,2018-08-06 13:00:00
35993bcc,5409cc5d,delivered,2017-06-20 23:00:00,2017-06-21 03:00:00,2017-06-22 23:00:00,2017-06-26 23:00:00,2017-07-02 23:00:00
78d49890,13046eb3,delivered,2017-09-20 16:00:00,2017-09-20 20:00:00,2017-09-21 16:00:00,2017-09-27 16:00:00,2017-10-14 16:00:00
c16c9519,323c4d46,delivered,2017-11-29 16:00:00,2017-11-29 19:00:00,2017-12-01 16:00:00,2017-12-10 16:00:00,2017-12-16 16:00:00
b233eb7d,39cc7c21,canceled,2018-08-06 16:00:00,2018-08-06 17:00:00,2018-08-07 16:00:00,,2018-08-20 16:00:00
7851a5c7,42bf38ac,delivered,2018-04-10 02:00:00,2018-04-10 06:00:00,2018-04-11 02:00:00,2018-04-20 02:00:00,2018-05-03 02:00:00
9c205d4c,68f4a585,delivered,2017-09-05 01:00:00,2017-09-05 05:00:00,2017-09-06 01:00:00,2017-09-18 01:00:00,2017-09-16 01:00:00
4466a2fb,d4de82d9,delivered,2017-11-20 14:00:00,2017-11-20 15:00:00,2017-11-22 14:00:00,2017-11-27 14:00:00,2017-12-06 14:00:00
0538eb2d,95db3a62,delivered,2018-04-08 13:00:00,2018-04-08 14:00:00,2018-04-09 13:00:00,2018-04-15 13:00:00,2018-05-01 13:00:00
5c59286b,3b7c021a,delivered,2018-03-24 22:00:00,2018-03-24 23:00:00,2018-03-26 22:00:00,2018-04-04 22:00:00,2018-04-04 22:00:00
d7207680,99dd0677,delivered,2017-08-07 00:00:00,2017-08-07 04:00:00,2017-08-08 00:00:00,2017-08-21 00:00:00,2017-08-29 00:00:00
ed9aa040,ac90baa4,delivered,2018-08-02 03:00:00,2018-08-02 06:00:00,2018-08-04 03:00:00,2018-08-07 03:00:00,2018-08-22 03:00:00
2dbd8352,7eaecaa7,delivered,2017-08-30 08:00:00,2017-08-30 11:00:00,2017-09-01 08:00:00,2017-09-02 08:00:00,2017-09-21 08:00:00
e62d08a3,ffefea14,shipped,2017-03-05 11:00:00,2017-03-05 14:00:00,2017-03-07 11:00:00,,2017-03-24 11:00:00
d8486658,271556c5,delivered,2017-07-28 18:00:00,2017-07-28 18:00:00,2017-07-29 18:00:00,2017-08-06 18:00:00,2017-08-15 18:00:00
6436890a,c7ce61b7,invoiced,2017-12-28 07:00:00,2017-12-28 10:00:00,2017-12-29 07:00:00,,2018-01-18 07:00:00
99407ce3,524c0415,delivered,2017-07-13 11:00:00,2017-07-13 12:00:00,2017-07-14 11:00:00,2017-07-22 11:00:00,2017-08-04 11:00:00
7de449e4,86fdd3e0,delivered,2017-02-18 02:00:00,2017-02-18 04:00:00,2017-02-20 02:00:00,2017-02-21 02:00:00,2017-03-07 02:00:00
847c7a79,13ff119e,delivered,2018-05-31 13:00:00,2018-05-31 14:00:00,2018-06-02 13:00:00,2018-06-13 13:00:00,2018-06-22 13:00:00
d42cae94,6f858623,delivered,2017-12-08 04:00:00,2017-12-08 07:00:00,2017-12-10 04:00:00,2017-12-15 04:00:00,2018-01-01 04:00:00
9a0be8d0,99c1d99e,delivered,2018-08-17 02:00:00,2018-08-17 03:00:00,2018-08-18 02:00:00,2018-08-24 02:00:00,2018-08-30 02:00:00
b24236ed,ff2ea679,delivered,2017-02-23 06:00:00,2017-02-23 06:00:00,2017-02-24 06:00:00,2017-03-07 06:00:00,2017-03-07 06:00:00
af8a2651,eebf6f73,delivered,2017-06-10 14:00:00,2017-06-10 14:00:00,2017-06-11 14:00:00,2017-06-23 14:00:00,2017-07-01 14:00:00
f18f7234,e89dc25c,delivered,2017-06-10 06:00:00,2017-06-10 07:00:00,2017-06-12 06:00:00,2017-06-19 06:00:00,2017-07-01 06:00:00
649f47c0,efdc9c78,delivered,2017-10-11 13:00:00,2017-10-11 15:00:00,2017-10-13 13:00:00,2017-10-20 13:00:00,2017-10-24 13:00:00
6d59c561,c8b6a4d2,delivered,2018-08-01 08:00:00,2018-08-01 09:00:00,2018-08-02 08:00:00,2018-08-13 08:00:00,2018-08-11 08:00:00
eaac7c17,b7528830,delivered,2018-05-07 22:00:00,2018-05-08 00:00:00,2018-05-08 22:00:00,2018-05-14 22:00:00,2018-05-29 22:00:00
8ac4b0fe,23d3cbc4,delivered,2017-02-09 18:00:00,2017-02-09 18:00:00,2017-02-10 18:00:00,2017-02-15 18:00:00,2017-02-28 18:00:00
6c4b6951,f5b33a61,delivered,2018-08-20 12:00:00,2018-08-20 12:00:00,2018-08-22 12:00:00,2018-08-31 12:00:00,2018-09-03 12:00:00
a5864976,9549826c,delivered,2017-11-15 10:00:00,2017-11-15 10:00:00,2017-11-17 10:00:00,2017-11-26 10:00:00,2017-11-29 10:00:00
68cf83fd,cea8824d,delivered,2018-05-02 16:00:00,2018-05-02 16:00:00,2018-05-03 16:00:00,2018-05-15 16:00:00,2018-05-22 16:00:00
65deb24f,5ab8c62a,invoiced,2018-01-05 19:00:00,2018-01-05 20:00:00,2018-01-06 19:00:00,,2018-01-17 19:00:00
b5d4a53e,f1579acf,delivered,2017-07-16 12:00:00,2017-07-16 13:00:00,2017-07-17 12:00:00,2017-07-26 12:00:00,2017-08-05 12:00:00
d4d1edc3,6e49f691,delivered,2018-03-08 00:00:00,2018-03-08 04:00:00,2018-03-10 00:00:00,2018-03-15 00:00:00,2018-03-19 00:00:00
047e87b7,37999f04,delivered,2018-01-02 13:00:00,2018-01-02 15:00:00,2018-01-04 13:00:00,2018-01-07 13:00:00,2018-01-18 13:00:00
424869b4,33acc6e2,delivered,2018-07-25 11:00:00,2018-07-25 12:00:00,2018-07-27 11:00:00,2018-08-06 11:00:00,2018-08-11 11:00:00
ee238abf,e66fa75f,delivered,2017-05-05 23:00:00,2017-05-05 23:00:00,2017-05-07 23:00:00,2017-05-17 23:00:00,2017-05-23 23:00:00
7f711893,6f3705a1,delivered,2017-09-20 15:00:00,2017-09-20 19:00:00,2017-09-22 15:00:00,2017-09-27 15:00:00,2017-10-10 15:00:00
7fcd0d52,f66e3187,delivered,2017-12-21 08:00:00,2017-12-21 12:00:00,2017-12-23 08:00:00,2017-12-27 08:00:00,2018-01-02 08:00:00
d78c1db7,3fc2114d,delivered,2017-08-20 11:00:00,2017-08-20 13:00:00,2017-08-21 11:00:00,2017-09-02 11:00:00,2017-08-30 11:00:00
aef720c7,c4a4231f,delivered,2017-02-01 19:00:00,2017-02-01 19:00:00,2017-02-03 19:00:00,2017-02-06 19:00:00,2017-02-24 19:00:00
ebd30f70,7324d58b,delivered,2017-10-22 18:00:00,2017-10-22 20:00:00,2017-10-23 18:00:00,2017-11-03 18:00:00,2017-11-04 18:00:00
c7990b5a,b876bd4e,invoiced,2018-01-14 10:00:00,2018-01-14 11:00:00,2018-01-16 10:00:00,,2018-02-05 10:00:00
9a528722,aa650807,delivered,2018-06-07 09:00:00,2018-06-07 13:00:00,2018-06-09 09:00:00,2018-06-16 09:00:00,2018-06-29 09:00:00
c311199f,5a9d897c,delivered,2017-09-26 11:00:00,2017-09-26 14:00:00,2017-09-27 11:00:00,2017-10-04 11:00:00,2017-10-08 11:00:00
38d116fc,81b3f8f9,delivered,2017-11-18 14:00:00,2017-11-18 18:00:00,2017-11-20 14:00:00,2017-11-27 14:00:00,2017-12-07 14:00:00
1a00f4cf,11f0a75e,delivered,2018-04-18 18:00:00,2018-04-18 19:00:00,2018-04-20 18:00:00,2018-04-24 18:00:00,2018-04-29 18:00:00
9b3ea95d,569356ce,delivered,2017-02-25 04:00:00,2017-02-25 07:00:00,2017-02-27 04:00:00,2017-03-03 04:00:00,2017-03-07 04:00:00
e9beb19a,99255203,delivered,2018-02-08 19:00:00,2018-02-08 19:00:00,2018-02-10 19:00:00,2018-02-20 19:00:00,2018-02-27 19:00:00
ed7318cf,2bce5b19,delivered,2017-12-10 23:00:00,2017-12-11 01:00:00,2017-12-11 23:00:00,2017-12-18 23:00:00,2018-01-02 23:00:00
bcd3faf3,1953860a,delivered,2017-09-29 19:00:00,2017-09-29 21:00:00,2017-10-01 19:00:00,2017-10-06 19:00:00,2017-10-20 19:00:00
57fb59cf,ce128599,delivered,2017-07-16 23:00:00,2017-07-16 23:00:00,2017-07-18 23:00:00,2017-07-27 23:00:00,2017-08-07 23:00:00
e814013d,dbf672b3,delivered,2017-07-13 06:00:00,2017-07-13 09:00:00,2017-07-14 06:00:00,2017-07-26 06:00:00,2017-07-29 06:00:00
249ecd97,111ad3ea,delivered,2018-07-22 15:00:00,2018-07-22 19:00:00,2018-07-24 15:00:00,2018-07-25 15:00:00,2018-08-13 15:00:00
8ee3a9f4,9a8f2b0c,delivered,2017-10-19 14:00:00,2017-10-19 18:00:00,2017-10-21 14:00:00,2017-10-29 14:00:00,2017-10-31 14:00:00
39cbae2a,88aae577,delivered,2017-09-19 21:00:00,2017-09-19 22:00:00,2017-09-21 21:00:00,2017-09-22 21:00:00,2017-10-03 21:00:00
7cb687e1,0e9f4d6d,delivered,2017-09-18 09:00:00,2017-09-18 11:00:00,2017-09-19 09:00:00,2017-09-24 09:00:00,2017-10-05 09:00:00
6f81e59a,dbf2b99d,delivered,2017-12-17 14:00:00,2017-12-17 18:00:00,2017-12-18 14:00:00,2017-12-24 14:00:00,2018-01-07 14:00:00
3f6d9f05,838fcd8d,delivered,2017-10-11 06:00:00,2017-10-11 08:00:00,2017-10-13 06:00:00,2017-10-20 06:00:00,2017-10-23 06:00:00
8e75654f,d70557b0,delivered,2017-04-27 10:00:00,2017-04-27 10:00:00,2017-04-28 10:00:00,2017-05-09 10:00:00,2017-05-20 10:00:00
3667f847,85fb0b63,delivered,2018-02-02 12:00:00,2018-02-02 14:00:00,2018-02-04 12:00:00,2018-02-06 12:00:00,2018-02-18 12:00:00
3808b229,e0179fe4,delivered,2017-02-18 10:00:00,2017-02-18 11:00:00,2017-02-19 10:00:00,2017-02-22 10:00:00,2017-03-03 10:00:00
ef342758,c54d3145,delivered,2018-01-30 13:00:00,2018-01-30 17:00:00,2018-02-01 13:00:00,2018-02-04 13:00:00,2018-02-18 13:00:00
d5381dab,f3f02093,delivered,2017-11-06 21:00:00,2017-11-07 01:00:00,2017-11-08 21:00:00,2017-11-11 21:00:00,2017-11-18 21:00:00
55cacaaa,65def7f2,canceled,2017-02-17 15:00:00,2017-02-17 16:00:00,2017-02-18 15:00:00,,2017-03-12 15:00:00
b01fcb0a,384cc408,delivered,2017-09-21 16:00:00,2017-09-21 17:00:00,2017-09-22 16:00:00,2017-09-29 16:00:00,2017-10-14 16:00:00
3b951aba,16e36580,delivered,2017-11-22 17:00:00,2017-11-22 17:00:00,2017-11-23 17:00:00,2017-11-29 17:00:00,2017-12-07 17:00:00
79a7ba03,89e43b8d,delivered,2017-07-17 21:00:00,2017-07-18 00:00:00,2017-07-19 21:00:00,2017-07-23 21:00:00,2017-07-27 21:00:00
823d1da5,c7bb887c,delivered,2017-01-01 06:00:00,2017-01-01 09:00:00,2017-01-02 06:00:00,2017-01-09 06:00:00,2017-01-12 06:00:00
d99d95ba,cdea702e,delivered,2017-02-09 03:00:00,2017-02-09 07:00:00,2017-02-10 03:00:00,2017-02-15 03:00:00,2017-02-19 03:00:00
ffc0c694,52e8bd6d,delivered,2017-12-17 13:00:00,2017-12-17 17:00:00,2017-12-19 13:00:00,2017-12-28 13:00:00,2018-01-07 13:00:00
9ec278fb,6994bfe8,delivered,2017-11-15 22:00:00,2017-11-15 23:00:00,2017-11-16 22:00:00,2017-11-25 22:00:00,2017-11-27 22:00:00
d1a4c354,6a96d119,delivered,2017-10-19 17:00:00,2017-10-19 21:00:00,2017-10-21 17:00:00,2017-10-28 17:00:00,2017-11-04 17:00:00
a3d9b7d4,2b1c846a,delivered,2018-06-24 10:00:00,2018-06-24 13:00:00,2018-06-26 10:00:00,2018-06-30 10:00:00,2018-07-18 10:00:00
622271a7,c1bca347,delivered,2017-10-19 22:00:00,2017-10-20 02:00:00,2017-10-21 22:00:00,2017-10-28 22:00:00,2017-11-04 22:00:00
f815dab6,5ebb495a,delivered,2017-01-21 05:00:00,2017-01-21 08:00:00,2017-01-23 05:00:00,2017-01-29 05:00:00,2017-02-14 05:00:00
0d57556b,b5a674b5,delivered,2018-07-07 10:00:00,2018-07-07 12:00:00,2018-07-08 10:00:00,2018-07-17 10:00:00,2018-07-28 10:00:00
70d1082f,ddce10f6,delivered,2018-06-13 08:00:00,2018-06-13 08:00:00,2018-06-15 08:00:00,2018-06-18 08:00:00,2018-06-27 08:00:00
a88f1200,20ab311f,delivered,2018-01-20 20:00:00,2018-01-20 23:00:00,2018-01-21 20:00:00,2018-01-23 20:00:00,2018-02-11 20:00:00
f532c6df,fa658a16,delivered,2017-10-14 07:00:00,2017-10-14 11:00:00,2017-10-16 07:00:00,2017-10-18 07:00:00,2017-10-30 07:00:00
6efed22b,047d7abb,delivered,2017-10-08 18:00:00,2017-10-08 19:00:00,2017-10-10 18:00:00,2017-10-14 18:00:00,2017-10-24 18:00:00
97de34bd,8a403717,processing,2018-03-06 04:00:00,2018-03-06 07:00:00,2018-03-08 04:00:00,,2018-03-29 04:00:00
a613aac8,30e7ad6f,delivered,2018-01-31 02:00:00,2018-01-31 06:00:00,2018-02-01 02:00:00,2018-02-07 02:00:00,2018-02-19 02:00:00
6c3cb89d,b3e708ad,delivered,2017-01-21 14:00:00,2017-01-21 15:00:00,2017-01-22 14:00:00,2017-01-25 14:00:00,2017-02-06 14:00:00
2df4af09,e253080b,delivered,2017-03-07 06:00:00,2017-03-07 10:00:00,2017-03-08 06:00:00,2017-03-16 06:00:00,2017-03-26 06:00:00
12d9a54c,dd12c550,delivered,2017-07-03 01:00:00,2017-07-03 05:00:00,2017-07-04 01:00:00,2017-07-15 01:00:00,2017-07-27 01:00:00
09c479c5,4a72387c,delivered,2018-04-28 16:00:00,2018-04-28 19:00:00,2018-04-30 16:00:00,2018-05-03 16:00:00,2018-05-08 16:00:00
5dad235a,4dbae391,delivered,2017-03-22 15:00:00,2017-03-22 18:00:00,2017-03-23 15:00:00,2017-04-04 15:00:00,2017-04-07 15:00:00
ebeb31a2,726a5867,delivered,2017-07-05 11:00:00,2017-07-05 13:00:00,2017-07-06 11:00:00,2017-07-09 11:00:00,2017-07-17 11:00:00
6f331916,e64d7aea,delivered,2018-04-28 04:00:00,2018-04-28 08:00:00,2018-04-30 04:00:00,2018-05-11 04:00:00,2018-05-12 04:00:00
36eb957f,d42f0475,delivered,2018-06-29 16:00:00,2018-06-29 17:00:00,2018-07-01 16:00:00,2018-07-10 16:00:00,2018-07-13 16:00:00
a0b3b209,1fd6577d,delivered,2018-05-17 04:00:00,2018-05-17 08:00:00,2018-05-19 04:00:00,2018-05-24 04:00:00,2018-06-03 04:00:00
b7648d21,637c5dd2,delivered,2017-08-11 04:00:00,2017-08-11 05:00:00,2017-08-13 04:00:00,2017-08-16 04:00:00,2017-08-27 04:00:00
f3740f02,064c3cf7,delivered,2018-06-02 23:00:00,2018-06-03 02:00:00,2018-06-03 23:00:00,2018-06-05 23:00:00,2018-06-26 23:00:00
e3ee9c90,cf0d9541,delivered,2018-02-21 20:00:00,2018-02-21 21:00:00,2018-02-22 20:00:00,2018-02-27 20:00:00,2018-03-16 20:00:00
9baa4238,30d37880,delivered,2018-03-28 12:00:00,2018-03-28 14:00:00,2018-03-29 12:00:00,2018-04-02 12:00:00,2018-04-15 12:00:00
a0ec769f,ea46df26,delivered,2017-05-27 07:00:00,2017-05-27 09:00:00,2017-05-28 07:00:00,2017-06-09 07:00:00,2017-06-16 07:00:00
2237ea99,57ee4f2e,delivered,2018-06-14 12:00:00,2018-06-14 16:00:00,2018-06-15 12:00:00,2018-06-28 12:00:00,2018-06-27 12:00:00
7f7b775e,1d11581c,delivered,2017-08-26 13:00:00,2017-08-26 14:00:00,2017-08-27 13:00:00,2017-09-03 13:00:00,2017-09-17 13:00:00
42df0be1,90a55e65,delivered,2018-07-21 06:00:00,2018-07-21 10:00:00,2018-07-23 06:00:00,2018-07-24 06:00:00,2018-08-08 06:00:00
a9a907d5,7b714f7b,delivered,2017-07-03 11:00:00,2017-07-03 14:00:00,2017-07-04 11:00:00,2017-07-09 11:00:00,2017-07-23 11:00:00
a85ea0b4,ea340a7d,delivered,2018-02-02 12:00:00,2018-02-02 13:00:00,2018-02-03 12:00:00,2018-02-07 12:00:00,2018-02-21 12:00:00
549a7c5e,b5a674b5,delivered,2017-09-24 19:00:00,2017-09-24 23:00:00,2017-09-25 19:00:00,2017-10-06 19:00:00,2017-10-18 19:00:00
0a9b58d7,fc1e6b87,delivered,2018-01-03 05:00:00,2018-01-03 07:00:00,2018-01-05 05:00:00,2018-01-13 05:00:00,2018-01-14 05:00:00
12de4bc5,eecbd42d,delivered,2018-05-13 20:00:00,2018-05-13 21:00:00,2018-05-15 20:00:00,2018-05-24 20:00:00,2018-06-06 20:00:00
49df6a41,fe0ec296,delivered,2018-03-14 17:00:00,2018-03-14 18:00:00,2018-03-15 17:00:00,2018-03-17 17:00:00,2018-03-25 17:00:00
f8a47869,51077afe,delivered,2017-07-29 22:00:00,2017-07-30 02:00:00,2017-07-31 22:00:00,2017-08-11 22:00:00,2017-08-11 22:00:00
ed87d1a3,539aac79,delivered,2017-02-13 06:00:00,2017-02-13 08:00:00,2017-02-15 06:00:00,2017-02-20 06:00:00,2017-02-27 06:00:00
bee6a13b,d8608f2b,delivered,2017-11-17 02:00:00,2017-11-17 03:00:00,2017-11-19 02:00:00,2017-11-26 02:00:00,2017-12-05 02:00:00
5513f9db,10f83edd,delivered,2018-07-21 15:00:00,2018-07-21 17:00:00,2018-07-23 15:00:00,2018-07-26 15:00:00,2018-08-07 15:00:00
05d20a4c,3d8bfc3a,delivered,2018-02-15 18:00:00,2018-02-15 19:00:00,2018-02-17 18:00:00,2018-02-20 18:00:00,2018-02-25 18:00:00
8e174f3e,e1e06d24,delivered,2018-03-28 19:00:00,2018-03-28 20:00:00,2018-03-29 19:00:00,2018-04-08 19:00:00,2018-04-16 19:00:00
bc181cbd,bf97a34d,delivered,2017-04-29 19:00:00,2017-04-29 21:00:00,2017-04-30 19:00:00,2017-05-06 19:00:00,2017-05-22 19:00:00
f498c296,8477adca,delivered,2018-04-11 10:00:00,2018-04-11 11:00:00,2018-04-12 10:00:00,2018-04-24 10:00:00,2018-05-02 10:00:00
5b9e7fb6,4a093465,delivered,2018-05-25 13:00:00,2018-05-25 15:00:00,2018-05-26 13:00:00,2018-05-29 13:00:00,2018-06-14 13:00:00
3936b805,9bab0322,delivered,2018-03-08 02:00:00,2018-03-08 05:00:00,2018-03-10 02:00:00,2018-03-19 02:00:00,2018-03-21 02:00:00
7dd42de4,b9fe9f5b,delivered,2018-02-09 11:00:00,2018-02-09 11:00:00,2018-02-10 11:00:00,2018-02-18 11:00:00,2018-02-21 11:00:00
959e2965,ac499f29,delivered,2017-08-17 16:00:00,2017-08-17 20:00:00,2017-08-19 16:00:00,2017-08-20 16:00:00,2017-09-07 16:00:00
b450156f,f8e6d5d4,delivered,2018-06-07 12:00:00,2018-06-07 15:00:00,2018-06-08 12:00:00,2018-06-15 12:00:00,2018-06-26 12:00:00
38354fe6,9e95f420,delivered,2017-03-24 02:00:00,2017-03-24 05:00:00,2017-03-26 02:00:00,2017-03-31 02:00:00,2017-04-10 02:00:00
a29d149e,ca7b0d4b,delivered,2017-08-30 02:00:00,2017-08-30 04:00:00,2017-09-01 02:00:00,2017-09-06 02:00:00,2017-09-19 02:00:00
33473128,5da3026f,delivered,2017-10-28 11:00:00,2017-10-28 14:00:00,2017-10-30 11:00:00,2017-10-31 11:00:00,2017-11-16 11:00:00
3effd874,4b66d88d,delivered,2017-03-20 19:00:00,2017-03-20 22:00:00,2017-03-21 19:00:00,2017-03-31 19:00:00,2017-04-12 19:00:00
55c65bd6,74aa3f7e,delivered,2017-08-18 23:00:00,2017-08-19 02:00:00,2017-08-19 23:00:00,2017-08-28 23:00:00,2017-08-28 23:00:00
6ab0995d,1a98e7a9,delivered,2017-02-20 22:00:00,2017-02-21 00:00:00,2017-02-21 22:00:00,2017-02-23 22:00:00,2017-03-07 22:00:00
4bf341b4,2696c20c,delivered,2018-01-01 11:00:00,2018-01-01 14:00:00,2018-01-02 11:00:00,2018-01-07 11:00:00,2018-01-16 11:00:00
75c97c85,da906900,delivered,2017-09-26 22:00:00,2017-09-26 22:00:00,2017-09-28 22:00:00,2017-10-04 22:00:00,2017-10-14 22:00:00
4c7834fe,d80f26a2,delivered,2017-08-23 18:00:00,2017-08-23 20:00:00,2017-08-25 18:00:00,2017-08-26 18:00:00,2017-09-11 18:00:00
b25400c9,54b947d7,delivered,2017-11-19 22:00:00,2017-11-20 00:00:00,2017-11-20 22:00:00,2017-11-30 22:00:00,2017-12-05 22:00:00
dfbb7231,10e86dd8,delivered,2017-02-03 00:00:00,2017-02-03 00:00:00,2017-02-05 00:00:00,2017-02-12 00:00:00,2017-02-14 00:00:00
7b3c3335,db9d7e5d,delivered,2018-02-19 18:00:00,2018-02-19 19:00:00,2018-02-20 18:00:00,2018-02-27 18:00:00,2018-03-12 18:00:00
53a15dbe,f0ed8532,delivered,2018-03-19 07:00:00,2018-03-19 11:00:00,2018-03-20 07:00:00,2018-03-29 07:00:00,2018-04-03 07:00:00
94006b41,a5540611,delivered,2017-10-02 08:00:00,2017-10-02 11:00:00,2017-10-04 08:00:00,2017-10-07 08:00:00,2017-10-25 08:00:00
4fe46b0c,adf4d30f,invoiced,2017-03-06 12:00:00,2017-03-06 12:00:00,2017-03-07 12:00:00,,2017-03-21 12:00:00
791e4401,4f311ea7,delivered,2017-11-02 08:00:00,2017-11-02 10:00:00,2017-11-04 08:00:00,2017-11-11 08:00:00,2017-11-20 08:00:00
a6a2a072,d9b98c8f,delivered,2017-01-07 20:00:00,2017-01-07 22:00:00,2017-01-08 20:00:00,2017-01-21 20:00:00,2017-01-26 20:00:00
ba79b176,4b299436,delivered,2018-08-19 02:00:00,2018-08-19 06:00:00,2018-08-21 02:00:00,2018-08-25 02:00:00,2018-09-05 02:00:00
2ad3e431,cce33c5e,delivered,2018-06-12 17:00:00,2018-06-12 21:00:00,2018-06-14 17:00:00,2018-06-26 17:00:00,2018-06-23 17:00:00
a3e41c26,1e989889,delivered,2018-02-04 20:00:00,2018-02-04 21:00:00,2018-02-06 20:00:00,2018-02-17 20:00:00,2018-02-27 20:00:00
1328c223,836af345,delivered,2018-06-28 21:00:00,2018-06-28 22:00:00,2018-06-29 21:00:00,2018-07-05 21:00:00,2018-07-10 21:00:00
1394beda,ff754e37,delivered,2017-04-04 07:00:00,2017-04-04 07:00:00,2017-04-05 07:00:00,2017-04-17 07:00:00,2017-04-22 07:00:00
279908b1,12255ae4,delivered,2017-04-27 06:00:00,2017-04-27 10:00:00,2017-04-29 06:00:00,2017-05-07 06:00:00,2017-05-08 06:00:00
f472a615,01ce364d,delivered,2018-04-22 22:00:00,2018-04-22 23:00:00,2018-04-24 22:00:00,2018-05-01 22:00:00,2018-05-05 22:00:00
f4a728ab,7b7b35f1,delivered,2018-08-19 05:00:00,2018-08-19 05:00:00,2018-08-20 05:00:00,2018-08-24 05:00:00,2018-09-12 05:00:00
ade3bed0,7cb76305,delivered,2018-07-23 00:00:00,2018-07-23 01:00:00,2018-07-25 00:00:00,2018-07-27 00:00:00,2018-08-07 00:00:00
788911d8,ab5d7ebe,delivered,2017-08-21 05:00:00,2017-08-21 08:00:00,2017-08-22 05:00:00,2017-09-02 05:00:00,2017-09-13 05:00:00
a6c775a6,38a617c1,delivered,2017-10-10 10:00:00,2017-10-10 13:00:00,2017-10-11 10:00:00,2017-10-23 10:00:00,2017-11-02 10:00:00
11071487,52154eb7,delivered,2018-05-15 14:00:00,2018-05-15 16:00:00,2018-05-17 14:00:00,2018-05-24 14:00:00,2018-06-01 14:00:00
c8fff6ad,458a3c36,shipped,2017-12-06 08:00:00,2017-12-06 12:00:00,2017-12-07 08:00:00,,2017-12-19 08:00:00
f72bf19b,7e43242e,delivered,2017-04-11 14:00:00,2017-04-11 14:00:00,2017-04-12 14:00:00,2017-04-20 14:00:00,2017-04-28 14:00:00
196fff0b,74aa0889,delivered,2018-06-15 08:00:00,2018-06-15 08:00:00,2018-06-16 08:00:00,2018-06-27 08:00:00,2018-06-30 08:00:00
3f9ecac6,bea5aa18,canceled,2018-03-14 23:00:00,2018-03-15 03:00:00,2018-03-16 23:00:00,,2018-03-28 23:00:00
31af639e,10e86dd8,delivered,2018-01-20 21:00:00,2018-01-20 22:00:00,2018-01-22 21:00:00,2018-01-25 21:00:00,2018-02-02 21:00:00
6d3eb9cd,9bab0322,delivered,2017-09-04 14:00:00,2017-09-04 14:00:00,2017-09-06 14:00:00,2017-09-09 14:00:00,2017-09-15 14:00:00
b7eeae2d,4248e682,delivered,2018-01-27 02:00:00,2018-01-27 04:00:00,2018-01-29 02:00:00,2018-02-09 02:00:00,2018-02-18 02:00:00
d375aea6,c77306c8,delivered,2018-01-30 21:00:00,2018-01-30 23:00:00,2018-01-31 21:00:00,2018-02-03 21:00:00,2018-02-22 21:00:00
f11f4e1b,1534c9bd,delivered,2017-08-25 00:00:00,2017-08-25 01:00:00,2017-08-26 00:00:00,2017-09-07 00:00:00,2017-09-05 00:00:00
e3d8035f,b0dc5611,delivered,2018-03-03 12:00:00,2018-03-03 16:00:00,2018-03-04 12:00:00,2018-03-12 12:00:00,2018-03-18 12:00:00
dd2b8d41,8d91e02d,delivered,2018-06-27 13:00:00,2018-06-27 15:00:00,2018-06-29 13:00:00,2018-07-10 13:00:00,2018-07-13 13:00:00
76084022,46d4dc24,delivered,2018-03-14 07:00:00,2018-03-14 10:00:00,2018-03-15 07:00:00,2018-03-27 07:00:00,2018-03-25 07:00:00
2cd00f86,1edcf246,canceled,2017-05-15 19:00:00,2017-05-15 20:00:00,2017-05-16 19:00:00,,2017-05-26 19:00:00
319f0271,a7788c48,delivered,2018-03-01 09:00:00,2018-03-01 13:00:00,2018-03-02 09:00:00,2018-03-12 09:00:00,2018-03-15 09:00:00
244fb914,5a897244,delivered,2018-03-31 16:00:00,2018-03-31 18:00:00,2018-04-02 16:00:00,2018-04-07 16:00:00,2018-04-17 16:00:00
54e1b26c,dd6317b4,delivered,2017-09-05 17:00:00,2017-09-05 19:00:00,2017-09-06 17:00:00,2017-09-18 17:00:00,2017-09-25 17:00:00
660dd245,53ecc9f9,delivered,2018-05-11 18:00:00,2018-05-11 20:00:00,2018-05-12 18:00:00,2018-05-16 18:00:00,2018-05-27 18:00:00
867b07ac,abf4d69b,delivered,2017-03-24 22:00:00,2017-03-25 00:00:00,2017-03-25 22:00:00,2017-03-31 22:00:00,2017-04-06 22:00:00
87a4bdf9,685196fa,delivered,2017-12-28 11:00:00,2017-12-28 12:00:00,2017-12-30 11:00:00,2018-01-10 11:00:00,2018-01-08 11:00:00
0cd0e3ad,d353c375,delivered,2018-01-08 07:00:00,2018-01-08 10:00:00,2018-01-10 07:00:00,2018-01-12 07:00:00,2018-01-23 07:00:00
89fa8790,418f363b,delivered,2017-01-24 11:00:00,2017-01-24 14:00:00,2017-01-26 11:00:00,2017-02-01 11:00:00,2017-02-05 11:00:00
09096be0,5dd40564,delivered,2018-05-16 16:00:00,2018-05-16 18:00:00,2018-05-18 16:00:00,2018-05-21 16:00:00,2018-06-04 16:00:00
d680b51b,06f31ab1,delivered,2018-07-22 12:00:00,2018-07-22 13:00:00,2018-07-24 12:00:00,2018-08-05 12:00:00,2018-08-09 12:00:00
a1593de4,7a018bab,delivered,2017-01-22 06:00:00,2017-01-22 10:00:00,2017-01-23 06:00:00,2017-01-29 06:00:00,2017-02-13 06:00:00
07c01356,e9598619,delivered,2018-01-18 05:00:00,2018-01-18 08:00:00,2018-01-20 05:00:00,2018-01-29 05:00:00,2018-02-05 05:00:00
cd6da15a,b559db48,delivered,2017-06-08 19:00:00,2017-06-08 23:00:00,2017-06-09 19:00:00,2017-06-14 19:00:00,2017-06-25 19:00:00
6e8c3096,36feb3f2,delivered,2017-02-06 04:00:00,2017-02-06 04:00:00,2017-02-07 04:00:00,2017-02-10 04:00:00,2017-02-25 04:00:00
0e8d2280,77da982f,delivered,2017-04-05 22:00:00,2017-04-05 22:00:00,2017-04-06 22:00:00,2017-04-09 22:00:00,2017-04-25 22:00:00
4d087eac,b3e708ad,delivered,2018-05-05 04:00:00,2018-05-05 08:00:00,2018-05-07 04:00:00,2018-05-11 04:00:00,2018-05-21 04:00:00
25e68489,68edb8ba,delivered,2018-08-09 03:00:00,2018-08-09 07:00:00,2018-08-11 03:00:00,2018-08-16 03:00:00,2018-08-29 03:00:00
b2541497,23788daf,delivered,2018-07-01 14:00:00,2018-07-01 15:00:00,2018-07-02 14:00:00,2018-07-08 14:00:00,2018-07-20 14:00:00
51f9ca94,24279964,delivered,2017-01-27 08:00:00,2017-01-27 11:00:00,2017-01-28 08:00:00,2017-02-02 08:00:00,2017-02-10 08:00:00
7f926172,3a2fe7b2,delivered,2018-08-22 10:00:00,2018-08-22 10:00:00,2018-08-23 10:00:00,2018-08-28 10:00:00,2018-09-08 10:00:00
57282939,3fc2114d,delivered,2018-05-22 23:00:00,2018-05-22 23:00:00,2018-05-24 23:00:00,2018-06-04 23:00:00,2018-06-15 23:00:00
c84a466e,a18b79bd,delivered,2017-11-24 11:00:00,2017-11-24 12:00:00,2017-11-26 11:00:00,2017-12-01 11:00:00,2017-12-18 11:00:00
0da70bd7,c47f0f2b,delivered,2018-05-02 16:00:00,2018-05-02 19:00:00,2018-05-04 16:00:00,2018-05-06 16:00:00,2018-05-13 16:00:00
2ac1d8e3,ea46df26,delivered,2018-06-11 15:00:00,2018-06-11 15:00:00,2018-06-12 15:00:00,2018-06-14 15:00:00,2018-07-05 15:00:00
2bf51231,5ad63e3b,delivered,2017-09-19 22:00:00,2017-09-20 00:00:00,2017-09-20 22:00:00,2017-10-01 22:00:00,2017-10-04 22:00:00
98ac82ee,dbf672b3,delivered,2018-01-14 03:00:00,2018-01-14 05:00:00,2018-01-15 03:00:00,2018-01-17 03:00:00,2018-01-28 03:00:00
e40ddf69,9cde27f5,delivered,2018-03-23 01:00:00,2018-03-23 05:00:00,2018-03-24 01:00:00,2018-04-05 01:00:00,2018-04-03 01:00:00
48889eb8,93c51fd7,delivered,2017-12-13 11:00:00,2017-12-13 12:00:00,2017-12-15 11:00:00,2017-12-24 11:00:00,2018-01-05 11:00:00
55269679,0aa5864a,delivered,2018-05-18 07:00:00,2018-05-18 07:00:00,2018-05-20 07:00:00,2018-05-22 07:00:00,2018-06-05 07:00:00
49cf6d40,9f5e0b33,delivered,2017-03-05 19:00:00,2017-03-05 20:00:00,2017-03-06 19:00:00,2017-03-08 19:00:00,2017-03-28 19:00:00
720d5657,ae6ea3bc,delivered,2017-12-23 22:00:00,2017-12-24 01:00:00,2017-12-25 22:00:00,2017-12-31 22:00:00,2018-01-07 22:00:00
0811f3ab,bf585e17,delivered,2017-05-17 10:00:00,2017-05-17 11:00:00,2017-05-19 10:00:00,2017-05-30 10:00:00,2017-06-02 10:00:00
5bd85b52,ccc3bd5d,delivered,2017-02-05 05:00:00,2017-02-05 08:00:00,2017-02-07 05:00:00,2017-02-13 05:00:00,2017-02-17 05:00:00
fc9166e9,3c16ab17,delivered,2017-07-05 20:00:00,2017-07-05 23:00:00,2017-07-07 20:00:00,2017-07-14 20:00:00,2017-07-27 20:00:00
147268a7,18b95074,delivered,2018-04-10 17:00:00,2018-04-10 19:00:00,2018-04-12 17:00:00,2018-04-14 17:00:00,2018-05-01 17:00:00
07787eb5,baff609d,delivered,2017-08-28 19:00:00,2017-08-28 22:00:00,2017-08-29 19:00:00,2017-09-09 19:00:00,2017-09-13 19:00:00
6fb7eff6,66b82d27,delivered,2017-08-23 20:00:00,2017-08-23 23:00:00,2017-08-25 20:00:00,2017-08-28 20:00:00,2017-09-07 20:00:00
6830b2bb,914bf55c,delivered,2017-09-27 15:00:00,2017-09-27 19:00:00,2017-09-29 15:00:00,2017-10-11 15:00:00,2017-10-10 15:00:00
3e1cc94b,62245d4f,delivered,2017-04-03 04:00:00,2017-04-03 05:00:00,2017-04-05 04:00:00,2017-04-06 04:00:00,2017-04-27 04:00:00
b8b0576e,1ffe09f6,delivered,2018-06-12 08:00:00,2018-06-12 08:00:00,2018-06-14 08:00:00,2018-06-17 08:00:00,2018-06-28 08:00:00
be0d6bd2,d5d1195a,delivered,2018-05-09 12:00:00,2018-05-09 14:00:00,2018-05-11 12:00:00,2018-05-17 12:00:00,2018-05-26 12:00:00
cf56178c,44d02ff1,delivered,2017-10-29 07:00:00,2017-10-29 08:00:00,2017-10-31 07:00:00,2017-11-07 07:00:00,2017-11-14 07:00:00
a7eceab8,4f13421e,processing,2018-02-02 14:00:00,2018-02-02 17:00:00,2018-02-04 14:00:00,,2018-02-23 14:00:00
223d9ce4,97a2038f,delivered,2017-12-10 18:00:00,2017-12-10 18:00:00,2017-12-11 18:00:00,2017-12-18 18:00:00,2017-12-21 18:00:00
349c4f85,7ec3c39b,delivered,2018-04-01 05:00:00,2018-04-01 08:00:00,2018-04-03 05:00:00,2018-04-13 05:00:00,2018-04-14 05:00:00
bdae3893,a4c639b9,delivered,2017-06-22 01:00:00,2017-06-22 02:00:00,2017-06-23 01:00:00,2017-07-01 01:00:00,2017-07-14 01:00:00
9ff70393,18fa8289,delivered,2018-06-14 03:00:00,2018-06-14 06:00:00,2018-06-15 03:00:00,2018-06-17 03:00:00,2018-07-07 03:00:00
435b218f,10fa28fc,delivered,2017-05-26 15:00:00,2017-05-26 16:00:00,2017-05-28 15:00:00,2017-05-30 15:00:00,2017-06-08 15:00:00
c2f4780c,afd30c90,delivered,2017-08-31 08:00:00,2017-08-31 12:00:00,2017-09-02 08:00:00,2017-09-11 08:00:00,2017-09-12 08:00:00
19aa82cd,4f9b60d8,delivered,2017-08-22 15:00:00,2017-08-22 19:00:00,2017-08-23 15:00:00,2017-09-01 15:00:00,2017-09-02 15:00:00
9bf27b07,cc1b43bf,delivered,2018-03-24 07:00:00,2018-03-24 11:00:00,2018-03-25 07:00:00,2018-03-27 07:00:00,2018-04-12 07:00:00
ec3eb823,ce11c3b7,delivered,2017-05-30 05:00:00,2017-05-30 06:00:00,2017-05-31 05:00:00,2017-06-09 05:00:00,2017-06-22 05:00:00
6ca6a65b,918e615e,delivered,2017-04-20 16:00:00,2017-04-20 18:00:00,2017-04-22 16:00:00,2017-04-25 16:00:00,2017-05-06 16:00:00
1eb59cf8,1edcf246,delivered,2017-11-21 22:00:00,2017-11-22 01:00:00,2017-11-23 22:00:00,2017-12-05 22:00:00,2017-12-15 22:00:00
4e1caff1,ba24cfa5,delivered,2018-01-03 11:00:00,2018-01-03 14:00:00,2018-01-05 11:00:00,2018-01-17 11:00:00,2018-01-24 11:00:00
d2d9d533,b7bffacf,delivered,2017-10-06 23:00:00,2017-10-07 03:00:00,2017-10-08 23:00:00,2017-10-19 23:00:00,2017-10-24 23:00:00
495173bb,da687ef8,delivered,2017-12-03 08:00:00,2017-12-03 11:00:00,2017-12-04 08:00:00,2017-12-09 08:00:00,2017-12-22 08:00:00
85b9d7ef,cff52ba4,delivered,2018-06-28 01:00:00,2018-06-28 02:00:00,2018-06-29 01:00:00,2018-07-02 01:00:00,2018-07-09 01:00:00
9c0b5639,f23ff076,delivered,2017-11-06 11:00:00,2017-11-06 14:00:00,2017-11-08 11:00:00,2017-11-13 11:00:00,2017-11-24 11:00:00
f9de507c,12a3f15d,delivered,2018-01-19 01:00:00,2018-01-19 03:00:00,2018-01-21 01:00:00,2018-01-30 01:00:00,2018-01-31 01:00:00
d54a69bb,b5290b5a,invoiced,2017-09-13 10:00:00,2017-09-13 12:00:00,2017-09-14 10:00:00,,2017-10-01 10:00:00
e907e9ce,de6562d3,delivered,2017-02-24 07:00:00,2017-02-24 09:00:00,2017-02-25 07:00:00,2017-02-28 07:00:00,2017-03-19 07:00:00
5538549b,3a8bc1ff,delivered,2017-09-13 17:00:00,2017-09-13 19:00:00,2017-09-14 17:00:00,2017-09-27 17:00:00,2017-09-24 17:00:00
40ab9fdc,19e5ba33,delivered,2018-04-05 23:00:00,2018-04-06 03:00:00,2018-04-06 23:00:00,2018-04-12 23:00:00,2018-04-25 23:00:00
3ceeea7d,ca4cb803,delivered,2017-01-01 16:00:00,2017-01-01 18:00:00,2017-01-02 16:00:00,2017-01-13 16:00:00,2017-01-20 16:00:00
9d973c83,58d96af1,delivered,2018-05-19 10:00:00,2018-05-19 11:00:00,2018-05-21 10:00:00,2018-05-22 10:00:00,2018-06-07 10:00:00
e9eef99d,1e358309,delivered,2018-05-29 17:00:00,2018-05-29 20:00:00,2018-05-31 17:00:00,2018-06-07 17:00:00,2018-06-11 17:00:00
0337fe4c,fdfe6d15,processing,2017-02-26 13:00:00,2017-02-26 14:00:00,2017-02-27 13:00:00,,2017-03-14 13:00:00
b04573f9,ff5e1abf,delivered,2017-02-25 09:00:00,2017-02-25 11:00:00,2017-02-27 09:00:00,2017-03-11 09:00:00,2017-03-13 09:00:00
034b0eb6,c52103b3,delivered,2017-09-10 19:00:00,2017-09-10 22:00:00,2017-09-11 19:00:00,2017-09-13 19:00:00,2017-10-02 19:00:00
02af44c4,8a2b1a06,delivered,2018-03-21 08:00:00,2018-03-21 11:00:00,2018-03-23 08:00:00,2018-03-29 08:00:00,2018-04-05 08:00:00
8865b123,b0dc5611,delivered,2017-08-25 13:00:00,2017-08-25 15:00:00,2017-08-27 13:00:00,2017-08-29 13:00:00,2017-09-12 13:00:00
ef6ce3a2,3a5940c7,delivered,2018-04-20 09:00:00,2018-04-20 09:00:00,2018-04-21 09:00:00,2018-04-23 09:00:00,2018-05-10 09:00:00
6973de41,c6f711c4,delivered,2017-11-23 01:00:00,2017-11-23 05:00:00,2017-11-25 01:00:00,2017-11-27 01:00:00,2017-12-12 01:00:00
3942d911,522933f0,delivered,2017-11-07 04:00:00,2017-11-07 04:00:00,2017-11-08 04:00:00,2017-11-13 04:00:00,2017-11-30 04:00:00
a858ab49,3a92bc53,delivered,2018-06-17 15:00:00,2018-06-17 17:00:00,2018-06-19 15:00:00,2018-06-21 15:00:00,2018-07-07 15:00:00
dcd7b846,95df2a8f,delivered,2018-01-03 20:00:00,2018-01-04 00:00:00,2018-01-05 20:00:00,2018-01-11 20:00:00,2018-01-26 20:00:00
bd0c4221,ecba7f98,delivered,2017-03-23 21:00:00,2017-03-23 21:00:00,2017-03-24 21:00:00,2017-03-27 21:00:00,2017-04-02 21:00:00
93f104e4,f3f02093,delivered,2017-12-23 22:00:00,2017-12-23 22:00:00,2017-12-25 22:00:00,2018-01-06 22:00:00,2018-01-12 22:00:00
6fe4f507,f18189ac,delivered,2017-12-22 12:00:00,2017-12-22 14:00:00,2017-12-23 12:00:00,2018-01-01 12:00:00,2018-01-04 12:00:00
3a5d9b14,db9d418e,delivered,2018-04-05 08:00:00,2018-04-05 10:00:00,2018-04-06 08:00:00,2018-04-12 08:00:00,2018-04-19 08:00:00
d646fa54,33c73e96,delivered,2018-04-28 17:00:00,2018-04-28 17:00:00,2018-04-30 17:00:00,2018-05-09 17:00:00,2018-05-19 17:00:00
dba63ec0,90358977,delivered,2017-04-02 12:00:00,2017-04-02 16:00:00,2017-04-03 12:00:00,2017-04-15 12:00:00,2017-04-21 12:00:00
734125c1,a27cbb21,delivered,2017-03-29 09:00:00,2017-03-29 11:00:00,2017-03-31 09:00:00,2017-04-07 09:00:00,2017-04-22 09:00:00
856851aa,25696093,delivered,2017-08-09 19:00:00,2017-08-09 23:00:00,2017-08-10 19:00:00,2017-08-14 19:00:00,2017-08-24 19:00:00
86bee48b,fb26c525,delivered,2018-01-05 16:00:00,2018-01-05 19:00:00,2018-01-07 16:00:00,2018-01-14 16:00:00,2018-01-23 16:00:00
79e2de07,d44df591,delivered,2017-01-26 05:00:00,2017-01-26 05:00:00,2017-01-27 05:00:00,2017-01-31 05:00:00,2017-02-10 05:00:00
4cfc7789,f8ff1467,delivered,2017-11-16 20:00:00,2017-11-16 20:00:00,2017-11-18 20:00:00,2017-11-30 20:00:00,2017-12-06 20:00:00
0e775084,4f407a9d,delivered,2017-12-28 10:00:00,2017-12-28 10:00:00,2017-12-29 10:00:00,2018-01-03 10:00:00,2018-01-07 10:00:00
38075849,98977f9b,delivered,2017-01-27 09:00:00,2017-01-27 09:00:00,2017-01-29 09:00:00,2017-02-07 09:00:00,2017-02-13 09:00:00
f8efd8a4,4c494436,delivered,2017-09-25 10:00:00,2017-09-25 14:00:00,2017-09-27 10:00:00,2017-10-08 10:00:00,2017-10-09 10:00:00
573d8458,41b27b21,delivered,2018-07-31 17:00:00,2018-07-31 20:00:00,2018-08-02 17:00:00,2018-08-10 17:00:00,2018-08-18 17:00:00
894bc0ba,d6ba6076,delivered,2017-09-09 10:00:00,2017-09-09 14:00:00,2017-09-10 10:00:00,2017-09-15 10:00:00,2017-10-01 10:00:00
1f5df65e,4e26cfcb,delivered,2018-08-02 22:00:00,2018-08-03 02:00:00,2018-08-04 22:00:00,2018-08-05 22:00:00,2018-08-22 22:00:00
82069409,573e5bb3,processing,2017-03-03 13:00:00,2017-03-03 15:00:00,2017-03-05 13:00:00,,2017-03-19 13:00:00
7bd563b9,369d85b5,delivered,2017-05-06 12:00:00,2017-05-06 13:00:00,2017-05-07 12:00:00,2017-05-14 12:00:00,2017-05-22 12:00:00
fdee1729,df05cde1,delivered,2018-04-01 07:00:00,2018-04-01 10:00:00,2018-04-03 07:00:00,2018-04-06 07:00:00,2018-04-23 07:00:00
cc0e08d0,403df03a,delivered,2018-06-28 12:00:00,2018-06-28 16:00:00,2018-06-29 12:00:00,2018-07-03 12:00:00,2018-07-17 12:00:00
55c04fe2,fb634c0a,delivered,2018-06-18 21:00:00,2018-06-18 22:00:00,2018-06-20 21:00:00,2018-06-22 21:00:00,2018-07-10 21:00:00
51f090e2,131b141f,delivered,2018-01-10 12:00:00,2018-01-10 15:00:00,2018-01-12 12:00:00,2018-01-24 12:00:00,2018-01-23 12:00:00
232fd353,a2be2332,delivered,2017-12-06 05:00:00,2017-12-06 09:00:00,2017-12-08 05:00:00,2017-12-15 05:00:00,2017-12-17 05:00:00
da5cd83b,0a16b7ad,shipped,2017-03-29 07:00:00,2017-03-29 07:00:00,2017-03-30 07:00:00,,2017-04-16 07:00:00
7c260810,adcf9540,delivered,2017-08-09 22:00:00,2017-08-09 22:00:00,2017-08-10 22:00:00,2017-08-12 22:00:00,2017-08-31 22:00:00
71fbcae1,6292d329,delivered,2017-03-06 00:00:00,2017-03-06 00:00:00,2017-03-07 00:00:00,2017-03-10 00:00:00,2017-03-19 00:00:00
3a8528d8,32c1b35b,delivered,2018-03-12 03:00:00,2018-03-12 04:00:00,2018-03-14 03:00:00,2018-03-20 03:00:00,2018-03-29 03:00:00
bdbc7aea,fa094be0,delivered,2017-06-24 02:00:00,2017-06-24 02:00:00,2017-06-26 02:00:00,2017-07-01 02:00:00,2017-07-11 02:00:00
62480cdd,6c7cf1da,delivered,2018-06-08 02:00:00,2018-06-08 05:00:00,2018-06-10 02:00:00,2018-06-20 02:00:00,2018-07-01 02:00:00
1a394531,1a2069f7,delivered,2017-03-13 16:00:00,2017-03-13 19:00:00,2017-03-14 16:00:00,2017-03-22 16:00:00,2017-04-06 16:00:00
c710adec,c4581007,delivered,2018-02-24 07:00:00,2018-02-24 11:00:00,2018-02-25 07:00:00,2018-03-05 07:00:00,2018-03-19 07:00:00
57098b5d,c9944135,delivered,2017-04-19 18:00:00,2017-04-19 22:00:00,2017-04-20 18:00:00,2017-04-24 18:00:00,2017-04-30 18:00:00
d55b9938,70668b0e,delivered,2018-01-24 15:00:00,2018-01-24 16:00:00,2018-01-25 15:00:00,2018-02-04 15:00:00,2018-02-06 15:00:00
04a9a7b0,05bedc0e,delivered,2017-01-22 23:00:00,2017-01-23 01:00:00,2017-01-23 23:00:00,2017-01-29 23:00:00,2017-02-02 23:00:00
bad5fbb2,666cd174,delivered,2018-02-01 23:00:00,2018-02-01 23:00:00,2018-02-03 23:00:00,2018-02-07 23:00:00,2018-02-11 23:00:00
7ffd0a48,bfad9ac9,delivered,2017-06-20 05:00:00,2017-06-20 06:00:00,2017-06-21 05:00:00,2017-06-26 05:00:00,2017-07-07 05:00:00
c38203a7,62551535,delivered,2017-03-25 23:00:00,2017-03-26 02:00:00,2017-03-26 23:00:00,2017-04-06 23:00:00,2017-04-15 23:00:00
eea33b51,55e3fe29,delivered,2017-08-07 14:00:00,2017-08-07 18:00:00,2017-08-08 14:00:00,2017-08-15 14:00:00,2017-08-18 14:00:00
705146c0,1065a178,invoiced,2017-11-25 23:00:00,2017-11-26 01:00:00,2017-11-27 23:00:00,,2017-12-05 23:00:00
9e0d0c89,a5eb82ed,delivered,2017-06-28 04:00:00,2017-06-28 08:00:00,2017-06-29 04:00:00,2017-07-01 04:00:00,2017-07-18 04:00:00
92a2b6ba,3f350c02,delivered,2018-05-17 01:00:00,2018-05-17 05:00:00,2018-05-18 01:00:00,2018-05-21 01:00:00,2018-06-07 01:00:00
2eb5be63,d5f85366,shipped,2017-05-14 17:00:00,2017-05-14 20:00:00,2017-05-15 17:00:00,,2017-05-27 17:00:00
37ed7857,ede11a52,delivered,2018-02-19 01:00:00,2018-02-19 04:00:00,2018-02-20 01:00:00,2018-02-22 01:00:00,2018-03-04 01:00:00
57b7694e,7e701bfc,delivered,2018-07-18 14:00:00,2018-07-18 17:00:00,2018-07-20 14:00:00,2018-07-22 14:00:00,2018-08-09 14:00:00
d51cbffb,274f045d,delivered,2017-11-23 07:00:00,2017-11-23 10:00:00,2017-11-25 07:00:00,2017-11-27 07:00:00,2017-12-14 07:00:00
1d5bdb53,13ff119e,delivered,2018-07-10 19:00:00,2018-07-10 23:00:00,2018-07-11 19:00:00,2018-07-14 19:00:00,2018-08-02 19:00:00
1c326cac,06a716c9,delivered,2017-03-20 16:00:00,2017-03-20 20:00:00,2017-03-22 16:00:00,2017-03-31 16:00:00,2017-04-09 16:00:00
de838486,4a232785,delivered,2017-11-02 22:00:00,2017-11-03 00:00:00,2017-11-03 22:00:00,2017-11-12 22:00:00,2017-11-13 22:00:00
00065c0b,d6190720,delivered,2018-05-21 03:00:00,2018-05-21 03:00:00,2018-05-23 03:00:00,2018-06-04 03:00:00,2018-06-08 03:00:00
cadbb747,b9ec79e0,delivered,2018-05-18 20:00:00,2018-05-18 23:00:00,2018-05-20 20:00:00,2018-05-28 20:00:00,2018-06-11 20:00:00
0b293f04,85660bb8,delivered,2018-06-26 03:00:00,2018-06-26 06:00:00,2018-06-28 03:00:00,2018-06-29 03:00:00,2018-07-19 03:00:00
6e237eaa,27dc4b07,delivered,2018-02-14 12:00:00,2018-02-14 12:00:00,2018-02-16 12:00:00,2018-02-23 12:00:00,2018-03-08 12:00:00
e06c98ba,44ab3b5c,delivered,2017-07-25 23:00:00,2017-07-26 01:00:00,2017-07-26 23:00:00,2017-07-30 23:00:00,2017-08-14 23:00:00
60a728b1,70fbce52,delivered,2017-08-17 22:00:00,2017-08-17 22:00:00,2017-08-18 22:00:00,2017-08-29 22:00:00,2017-09-02 22:00:00
08f335d9,d61678e2,delivered,2018-04-04 19:00:00,2018-04-04 22:00:00,2018-04-05 19:00:00,2018-04-12 19:00:00,2018-04-17 19:00:00
439d076d,d47e82e0,delivered,2017-03-12 10:00:00,2017-03-12 13:00:00,2017-03-14 10:00:00,2017-03-18 10:00:00,2017-03-28 10:00:00
08330330,9f7b7361,delivered,2017-08-05 04:00:00,2017-08-05 06:00:00,2017-08-07 04:00:00,2017-08-10 04:00:00,2017-08-16 04:00:00
81d9abad,e88e3790,delivered,2017-05-31 22:00:00,2017-06-01 02:00:00,2017-06-02 22:00:00,2017-06-05 22:00:00,2017-06-22 22:00:00
ee07330c,d43a593f,delivered,2018-05-29 17:00:00,2018-05-29 17:00:00,2018-05-30 17:00:00,2018-06-08 17:00:00,2018-06-12 17:00:00
3ff1f893,2696c20c,delivered,2017-02-13 00:00:00,2017-02-13 00:00:00,2017-02-14 00:00:00,2017-02-17 00:00:00,2017-03-06 00:00:00
32cfcfe7,b61ebfab,delivered,2018-01-12 00:00:00,2018-01-12 03:00:00,2018-01-14 00:00:00,2018-01-21 00:00:00,2018-01-25 00:00:00
24a164ff,e5cb2178,delivered,2017-01-26 14:00:00,2017-01-26 15:00:00,2017-01-27 14:00:00,2017-02-03 14:00:00,2017-02-18 14:00:00
57c55633,7ef08233,delivered,2017-02-24 23:00:00,2017-02-25 01:00:00,2017-02-25 23:00:00,2017-03-10 23:00:00,2017-03-20 23:00:00
e35069de,d353c375,canceled,2017-12-21 03:00:00,2017-12-21 06:00:00,2017-12-23 03:00:00,,2018-01-13 03:00:00
bad27449,f9bb9b63,delivered,2017-10-23 18:00:00,2017-10-23 22:00:00,2017-10-24 18:00:00,2017-10-31 18:00:00,2017-11-06 18:00:00
7c8cd364,bd2feceb,delivered,2018-07-27 22:00:00,2018-07-28 01:00:00,2018-07-29 22:00:00,2018-08-07 22:00:00,2018-08-18 22:00:00
909e7dc5,235ac97d,delivered,2017-05-06 01:00:00,2017-05-06 01:00:00,2017-05-08 01:00:00,2017-05-18 01:00:00,2017-05-29 01:00:00
3207db32,2ca259c9,delivered,2017-04-02 03:00:00,2017-04-02 03:00:00,2017-04-04 03:00:00,2017-04-09 03:00:00,2017-04-18 03:00:00
ff508833,f295f01b,delivered,2017-07-22 04:00:00,2017-07-22 07:00:00,2017-07-24 04:00:00,2017-07-31 04:00:00,2017-08-14 04:00:00
3f6dbbae,b4e8ad98,delivered,2017-02-27 04:00:00,2017-02-27 08:00:00,2017-02-28 04:00:00,2017-03-04 04:00:00,2017-03-13 04:00:00
e20d6dc3,53ecc9f9,delivered,2018-01-15 17:00:00,2018-01-15 17:00:00,2018-01-17 17:00:00,2018-01-19 17:00:00,2018-02-07 17:00:00
45d1a94e,eb79a9af,delivered,2018-06-13 12:00:00,2018-06-13 15:00:00,2018-06-15 12:00:00,2018-06-23 12:00:00,2018-07-01 12:00:00
217f3b96,deff3865,delivered,2017-04-12 16:00:00,2017-04-12 20:00:00,2017-04-13 16:00:00,2017-04-21 16:00:00,2017-05-03 16:00:00
be0bc69a,09fc91f8,delivered,2018-01-25 20:00:00,2018-01-26 00:00:00,2018-01-27 20:00:00,2018-02-05 20:00:00,2018-02-08 20:00:00
9d766b2f,5d9d7c1a,delivered,2017-05-12 04:00:00,2017-05-12 07:00:00,2017-05-14 04:00:00,2017-05-18 04:00:00,2017-05-30 04:00:00
5c2bc2bb,9c27738f,delivered,2018-06-01 06:00:00,2018-06-01 08:00:00,2018-06-02 06:00:00,2018-06-11 06:00:00,2018-06-19 06:00:00
bfa9a623,83898a5a,delivered,2017-12-05 11:00:00,2017-12-05 11:00:00,2017-12-07 11:00:00,2017-12-15 11:00:00,2017-12-19 11:00:00
401ae962,a0a198d0,delivered,2018-06-18 08:00:00,2018-06-18 09:00:00,2018-06-19 08:00:00,2018-06-27 08:00:00,2018-07-12 08:00:00
64818f6e,90202a94,shipped,2017-03-01 07:00:00,2017-03-01 09:00:00,2017-03-02 07:00:00,,2017-03-16 07:00:00
239b1541,2e0be7ca,delivered,2018-06-19 15:00:00,2018-06-19 18:00:00,2018-06-21 15:00:00,2018-07-01 15:00:00,2018-07-11 15:00:00
20294b36,f4c91c29,delivered,2017-06-02 21:00:00,2017-06-02 21:00:00,2017-06-03 21:00:00,2017-06-05 21:00:00,2017-06-19 21:00:00
f548412a,a6314193,delivered,2018-08-20 15:00:00,2018-08-20 16:00:00,2018-08-21 15:00:00,2018-08-27 15:00:00,2018-09-02 15:00:00
9fa51e1c,eff84bfd,canceled,2017-03-14 12:00:00,2017-03-14 14:00:00,2017-03-16 12:00:00,,2017-04-05 12:00:00
0390ac75,4ce2126c,delivered,2017-04-11 06:00:00,2017-04-11 08:00:00,2017-04-12 06:00:00,2017-04-22 06:00:00,2017-04-29 06:00:00
1d369a86,a3d96feb,delivered,2017-06-06 07:00:00,2017-06-06 11:00:00,2017-06-07 07:00:00,2017-06-20 07:00:00,2017-06-30 07:00:00
a9ecbc25,dc69e87b,delivered,2017-11-02 17:00:00,2017-11-02 17:00:00,2017-11-03 17:00:00,2017-11-16 17:00:00,2017-11-22 17:00:00
d67509ea,6f5529fa,delivered,2018-07-21 11:00:00,2018-07-21 12:00:00,2018-07-23 11:00:00,2018-08-04 11:00:00,2018-08-01 11:00:00
1779968d,b7aca014,shipped,2017-03-24 09:00:00,2017-03-24 12:00:00,2017-03-26 09:00:00,,2017-04-07 09:00:00
5b2deaf6,3afd5d52,delivered,2018-04-19 04:00:00,2018-04-19 08:00:00,2018-04-20 04:00:00,2018-04-30 04:00:00,2018-05-02 04:00:00
ec3d8950,32077e44,delivered,2018-03-13 03:00:00,2018-03-13 03:00:00,2018-03-14 03:00:00,2018-03-20 03:00:00,2018-04-03 03:00:00
6d2e4285,52e8bd6d,delivered,2018-03-10 06:00:00,2018-03-10 10:00:00,2018-03-12 06:00:00,2018-03-24 06:00:00,2018-03-29 06:00:00
5d24c382,3f551ea5,delivered,2018-01-18 10:00:00,2018-01-18 12:00:00,2018-01-19 10:00:00,2018-01-26 10:00:00,2018-01-30 10:00:00
016bd00b,cdeb365a,delivered,2017-07-01 03:00:00,2017-07-01 06:00:00,2017-07-03 03:00:00,2017-07-14 03:00:00,2017-07-12 03:00:00
572e60f0,583ad289,delivered,2017-06-28 17:00:00,2017-06-28 19:00:00,2017-06-29 17:00:00,2017-07-01 17:00:00,2017-07-08 17:00:00
27ec67cb,8b256491,delivered,2018-01-28 07:00:00,2018-01-28 07:00:00,2018-01-29 07:00:00,2018-02-10 07:00:00,2018-02-17 07:00:00
3cb39785,7dbb4aff,delivered,2017-03-12 20:00:00,2017-03-12 20:00:00,2017-03-13 20:00:00,2017-03-18 20:00:00,2017-03-26 20:00:00
e366d813,53d77b04,delivered,2018-06-15 01:00:00,2018-06-15 01:00:00,2018-06-17 01:00:00,2018-06-18 01:00:00,2018-07-02 01:00:00
1f407292,8f775702,delivered,2017-11-07 14:00:00,2017-11-07 18:00:00,2017-11-09 14:00:00,2017-11-18 14:00:00,2017-11-23 14:00:00
92d84ade,3a52b140,delivered,2017-08-16 17:00:00,2017-08-16 17:00:00,2017-08-18 17:00:00,2017-08-20 17:00:00,2017-08-27 17:00:00
6bb9579e,59c4a25f,delivered,2017-12-20 01:00:00,2017-12-20 04:00:00,2017-12-22 01:00:00,2018-01-03 01:00:00,2018-01-11 01:00:00
8dec98d5,044eee0d,delivered,2017-03-19 19:00:00,2017-03-19 22:00:00,2017-03-20 19:00:00,2017-03-29 19:00:00,2017-04-10 19:00:00
b50b6243,01ce364d,delivered,2018-06-27 18:00:00,2018-06-27 20:00:00,2018-06-28 18:00:00,2018-07-10 18:00:00,2018-07-14 18:00:00
caf05a35,a6d8cf05,delivered,2017-07-24 07:00:00,2017-07-24 09:00:00,2017-07-26 07:00:00,2017-08-03 07:00:00,2017-08-07 07:00:00
92320c8a,c620467b,delivered,2017-10-04 02:00:00,2017-10-04 05:00:00,2017-10-05 02:00:00,2017-10-15 02:00:00,2017-10-17 02:00:00
0ddb82f6,eef48b55,delivered,2018-06-09 10:00:00,2018-06-09 14:00:00,2018-06-10 10:00:00,2018-06-16 10:00:00,2018-06-20 10:00:00
4ff57138,0863e424,delivered,2018-07-17 22:00:00,2018-07-17 23:00:00,2018-07-19 22:00:00,2018-07-28 22:00:00,2018-08-07 22:00:00
ba335c96,115b55b5,delivered,2017-08-04 15:00:00,2017-08-04 17:00:00,2017-08-05 15:00:00,2017-08-08 15:00:00,2017-08-27 15:00:00
fc624c3c,43524ed4,delivered,2017-01-03 03:00:00,2017-01-03 06:00:00,2017-01-04 03:00:00,2017-01-13 03:00:00,2017-01-24 03:00:00
dddb28ab,b57bf843,shipped,2017-06-18 07:00:00,2017-06-18 11:00:00,2017-06-19 07:00:00,,2017-07-06 07:00:00
ffb25810,00d31e47,delivered,2018-05-20 15:00:00,2018-05-20 18:00:00,2018-05-22 15:00:00,2018-05-29 15:00:00,2018-06-13 15:00:00
7de2893f,680fe676,delivered,2018-03-26 17:00:00,2018-03-26 20:00:00,2018-03-27 17:00:00,2018-04-08 17:00:00,2018-04-06 17:00:00
8a1ebdd0,ac1c05fe,delivered,2017-04-08 20:00:00,2017-04-08 22:00:00,2017-04-09 20:00:00,2017-04-19 20:00:00,2017-04-25 20:00:00
cf37628f,cb5fd8e3,delivered,2018-08-22 12:00:00,2018-08-22 13:00:00,2018-08-24 12:00:00,2018-08-26 12:00:00,2018-09-01 12:00:00
66d98cc7,ff301d63,delivered,2018-03-22 03:00:00,2018-03-22 03:00:00,2018-03-24 03:00:00,2018-03-29 03:00:00,2018-04-09 03:00:00
d79a1d06,9e73962a,invoiced,2018-03-02 22:00:00,2018-03-02 22:00:00,2018-03-03 22:00:00,,2018-03-20 22:00:00
5efae50f,5f291bab,delivered,2018-03-30 03:00:00,2018-03-30 04:00:00,2018-03-31 03:00:00,2018-04-13 03:00:00,2018-04-21 03:00:00
3ed384c9,97a2038f,delivered,2017-05-02 02:00:00,2017-05-02 06:00:00,2017-05-03 02:00:00,2017-05-11 02:00:00,2017-05-22 02:00:00
d8b198f2,19d2d914,delivered,2017-03-18 03:00:00,2017-03-18 05:00:00,2017-03-19 03:00:00,2017-03-31 03:00:00,2017-03-29 03:00:00
cc994cda,0b3f7f52,delivered,2017-10-04 20:00:00,2017-10-04 21:00:00,2017-10-05 20:00:00,2017-10-11 20:00:00,2017-10-19 20:00:00
1b32c2dd,f37c4dab,delivered,2018-08-10 10:00:00,2018-08-10 14:00:00,2018-08-11 10:00:00,2018-08-15 10:00:00,2018-08-29 10:00:00
032b88b1,acaf54d7,delivered,2017-08-06 08:00:00,2017-08-06 10:00:00,2017-08-07 08:00:00,2017-08-11 08:00:00,2017-08-30 08:00:00
75b74bed,e09c3fe0,delivered,2017-05-21 15:00:00,2017-05-21 15:00:00,2017-05-23 15:00:00,2017-05-31 15:00:00,2017-06-05 15:00:00
8dd24c0d,a4f824dc,delivered,2017-10-15 02:00:00,2017-10-15 02:00:00,2017-10-17 02:00:00,2017-10-19 02:00:00,2017-11-07 02:00:00
201bb0cb,da2c75a0,delivered,2017-11-27 12:00:00,2017-11-27 16:00:00,2017-11-29 12:00:00,2017-12-03 12:00:00,2017-12-19 12:00:00
49a3c6fe,96e81c59,delivered,2018-03-24 13:00:00,2018-03-24 14:00:00,2018-03-25 13:00:00,2018-04-05 13:00:00,2018-04-13 13:00:00
74b140b3,83d1be55,delivered,2018-06-17 07:00:00,2018-06-17 07:00:00,2018-06-19 07:00:00,2018-06-21 07:00:00,2018-07-05 07:00:00
71cc3065,9089a7f2,delivered,2017-05-12 02:00:00,2017-05-12 05:00:00,2017-05-13 02:00:00,2017-05-19 02:00:00,2017-05-26 02:00:00
5ebd4858,3d8bfc3a,delivered,2018-05-19 14:00:00,2018-05-19 18:00:00,2018-05-20 14:00:00,2018-05-30 14:00:00,2018-06-04 14:00:00
5df7ffd0,51c276cc,delivered,2017-01-08 11:00:00,2017-01-08 15:00:00,2017-01-09 11:00:00,2017-01-20 11:00:00,2017-01-30 11:00:00
0484386c,3f26c68e,delivered,2017-12-17 13:00:00,2017-12-17 15:00:00,2017-12-18 13:00:00,2017-12-21 13:00:00,2018-01-01 13:00:00
2b15aef9,65d1db2c,delivered,2017-09-27 06:00:00,2017-09-27 09:00:00,2017-09-29 06:00:00,2017-10-11 06:00:00,2017-10-11 06:00:00
34f1787c,ba6a7756,invoiced,2017-11-16 13:00:00,2017-11-16 14:00:00,2017-11-18 13:00:00,,2017-12-07 13:00:00
c97c083a,b2a18860,delivered,2017-06-21 05:00:00,2017-06-21 09:00:00,2017-06-22 05:00:00,2017-06-24 05:00:00,2017-07-08 05:00:00
34d9c1a8,5c5d8d35,delivered,2017-12-25 02:00:00,2017-12-25 03:00:00,2017-12-27 02:00:00,2017-12-29 02:00:00,2018-01-05 02:00:00
83d1e2ae,deff3865,delivered,2017-10-24 17:00:00,2017-10-24 18:00:00,2017-10-26 17:00:00,2017-11-01 17:00:00,2017-11-12 17:00:00
e19b71c0,4788215a,delivered,2018-06-21 08:00:00,2018-06-21 08:00:00,2018-06-22 08:00:00,2018-07-05 08:00:00,2018-07-11 08:00:00
84905b36,2f27b2a3,delivered,2017-11-26 18:00:00,2017-11-26 21:00:00,2017-11-28 18:00:00,2017-12-07 18:00:00,2017-12-06 18:00:00
e811d932,a7ea4ece,delivered,2017-10-22 05:00:00,2017-10-22 07:00:00,2017-10-23 05:00:00,2017-10-31 05:00:00,2017-11-04 05:00:00
0ad5378f,c1ea40f8,delivered,2017-06-08 12:00:00,2017-06-08 13:00:00,2017-06-09 12:00:00,2017-06-19 12:00:00,2017-06-23 12:00:00
d222b19c,db9d7e5d,shipped,2017-08-26 20:00:00,2017-08-27 00:00:00,2017-08-28 20:00:00,,2017-09-11 20:00:00
93708740,1e346c17,delivered,2018-08-02 12:00:00,2018-08-02 16:00:00,2018-08-04 12:00:00,2018-08-11 12:00:00,2018-08-23 12:00:00
89885429,79dda319,delivered,2017-07-21 00:00:00,2017-07-21 02:00:00,2017-07-23 00:00:00,2017-07-28 00:00:00,2017-08-04 00:00:00
7d9f87f2,deb85c11,delivered,2017-06-21 22:00:00,2017-06-21 22:00:00,2017-06-22 22:00:00,2017-06-28 22:00:00,2017-07-03 22:00:00
a4822454,45408e24,delivered,2018-01-25 16:00:00,2018-01-25 19:00:00,2018-01-26 16:00:00,2018-01-28 16:00:00,2018-02-16 16:00:00
e4512e28,ec2f7b68,delivered,2017-12-27 21:00:00,2017-12-27 22:00:00,2017-12-29 21:00:00,2017-12-30 21:00:00,2018-01-10 21:00:00
25e866b6,6b2c5299,shipped,2017-03-02 05:00:00,2017-03-02 09:00:00,2017-03-03 05:00:00,,2017-03-24 05:00:00
31882cfc,7e5f2af7,delivered,2018-06-19 14:00:00,2018-06-19 15:00:00,2018-06-21 14:00:00,2018-06-25 14:00:00,2018-07-11 14:00:00
ae791f0c,48eb3e3d,delivered,2018-01-06 15:00:00,2018-01-06 18:00:00,2018-01-08 15:00:00,2018-01-19 15:00:00,2018-01-27 15:00:00
31cf83f2,c124e80f,delivered,2018-05-02 12:00:00,2018-05-02 14:00:00,2018-05-04 12:00:00,2018-05-05 12:00:00,2018-05-16 12:00:00
3cf30382,d3572b6a,delivered,2018-03-16 17:00:00,2018-03-16 18:00:00,2018-03-17 17:00:00,2018-03-27 17:00:00,2018-04-08 17:00:00
f12b9937,89c98b6c,delivered,2018-02-03 19:00:00,2018-02-03 21:00:00,2018-02-04 19:00:00,2018-02-16 19:00:00,2018-02-15 19:00:00
d5d41569,99627311,delivered,2017-12-11 17:00:00,2017-12-11 17:00:00,2017-12-12 17:00:00,2017-12-20 17:00:00,2017-12-25 17:00:00
59024c2e,16ab858b,delivered,2018-01-08 09:00:00,2018-01-08 12:00:00,2018-01-10 09:00:00,2018-01-15 09:00:00,2018-01-28 09:00:00
43a9c131,5977ebae,delivered,2017-11-02 03:00:00,2017-11-02 07:00:00,2017-11-04 03:00:00,2017-11-13 03:00:00,2017-11-19 03:00:00
966829ab,057351e7,processing,2017-03-24 13:00:00,2017-03-24 14:00:00,2017-03-26 13:00:00,,2017-04-14 13:00:00
44a0e247,bde73501,delivered,2018-08-23 16:00:00,2018-08-23 20:00:00,2018-08-25 16:00:00,2018-08-26 16:00:00,2018-09-02 16:00:00
43a1e0f8,41ca1313,delivered,2017-06-26 10:00:00,2017-06-26 10:00:00,2017-06-27 10:00:00,2017-07-02 10:00:00,2017-07-15 10:00:00
71b419a0,50e37750,delivered,2017-06-25 11:00:00,2017-06-25 14:00:00,2017-06-27 11:00:00,2017-06-30 11:00:00,2017-07-19 11:00:00
957e6f71,75cfd666,delivered,2018-07-02 07:00:00,2018-07-02 09:00:00,2018-07-03 07:00:00,2018-07-14 07:00:00,2018-07-16 07:00:00
13ea4251,8d2e3b09,delivered,2017-09-05 23:00:00,2017-09-06 00:00:00,2017-09-06 23:00:00,2017-09-08 23:00:00,2017-09-15 23:00:00
105454ca,c8b6a4d2,delivered,2018-02-23 05:00:00,2018-02-23 08:00:00,2018-02-24 05:00:00,2018-03-08 05:00:00,2018-03-14 05:00:00
019d088e,785ddb88,delivered,2017-02-26 09:00:00,2017-02-26 12:00:00,2017-02-28 09:00:00,2017-03-09 09:00:00,2017-03-15 09:00:00
83870b6a,0c84a909,delivered,2018-03-13 20:00:00,2018-03-13 21:00:00,2018-03-14 20:00:00,2018-03-16 20:00:00,2018-03-28 20:00:00
b2af94e4,03e49caa,delivered,2017-07-01 09:00:00,2017-07-01 10:00:00,2017-07-02 09:00:00,2017-07-09 09:00:00,2017-07-13 09:00:00
a572426d,dcfd87de,delivered,2017-04-02 15:00:00,2017-04-02 18:00:00,2017-04-03 15:00:00,2017-04-09 15:00:00,2017-04-22 15:00:00
94a1a8ac,6e15a2be,delivered,2018-06-17 00:00:00,2018-06-17 00:00:00,2018-06-18 00:00:00,2018-06-26 00:00:00,2018-06-29 00:00:00
ae7e51b2,3c727144,delivered,2017-10-11 17:00:00,2017-10-11 20:00:00,2017-10-13 17:00:00,2017-10-25 17:00:00,2017-10-29 17:00:00
34de9027,767367a0,delivered,2017-10-24 02:00:00,2017-10-24 02:00:00,2017-10-25 02:00:00,2017-11-03 02:00:00,2017-11-12 02:00:00
a3289bb7,d8c1f6b5,delivered,2018-06-21 15:00:00,2018-06-21 19:00:00,2018-06-23 15:00:00,2018-06-25 15:00:00,2018-07-15 15:00:00
5847cba2,687e09dc,delivered,2018-05-02 14:00:00,2018-05-02 14:00:00,2018-05-04 14:00:00,2018-05-14 14:00:00,2018-05-15 14:00:00
ef7fb5c0,84f24fc9,delivered,2017-10-15 23:00:00,2017-10-15 23:00:00,2017-10-16 23:00:00,2017-10-28 23:00:00,2017-11-02 23:00:00
d74e4f2d,b348c553,delivered,2017-10-20 06:00:00,2017-10-20 07:00:00,2017-10-21 06:00:00,2017-10-24 06:00:00,2017-11-13 06:00:00
09b05254,63c3dd95,delivered,2017-10-02 06:00:00,2017-10-02 06:00:00,2017-10-03 06:00:00,2017-10-16 06:00:00,2017-10-19 06:00:00
ad9d289e,1e2a753d,delivered,2017-01-16 01:00:00,2017-01-16 03:00:00,2017-01-18 01:00:00,2017-01-30 01:00:00,2017-02-05 01:00:00
aa37aa8f,b4abe212,delivered,2017-10-01 04:00:00,2017-10-01 07:00:00,2017-10-03 04:00:00,2017-10-09 04:00:00,2017-10-22 04:00:00
2ee12473,ff2fb3f4,delivered,2017-03-14 23:00:00,2017-03-15 02:00:00,2017-03-16 23:00:00,2017-03-17 23:00:00,2017-03-25 23:00:00
ef867ae3,741d826e,delivered,2017-09-16 15:00:00,2017-09-16 18:00:00,2017-09-17 15:00:00,2017-09-26 15:00:00,2017-10-04 15:00:00
d4f594b9,226eba98,delivered,2017-09-23 10:00:00,2017-09-23 13:00:00,2017-09-25 10:00:00,2017-10-04 10:00:00,2017-10-07 10:00:00
4be4b99d,cd3dccaa,delivered,2018-05-01 01:00:00,2018-05-01 05:00:00,2018-05-02 01:00:00,2018-05-15 01:00:00,2018-05-19 01:00:00
689ab00e,2f3d30dd,delivered,2018-02-13 04:00:00,2018-02-13 07:00:00,2018-02-14 04:00:00,2018-02-27 04:00:00,2018-02-25 04:00:00
f11db412,cd36c314,delivered,2018-03-10 02:00:00,2018-03-10 03:00:00,2018-03-11 02:00:00,2018-03-23 02:00:00,2018-03-28 02:00:00
a3e0ed93,8f2a6915,delivered,2017-03-10 00:00:00,2017-03-10 04:00:00,2017-03-11 00:00:00,2017-03-21 00:00:00,2017-03-28 00:00:00
7a663103,09883ba6,delivered,2017-04-16 09:00:00,2017-04-16 11:00:00,2017-04-18 09:00:00,2017-04-24 09:00:00,2017-04-30 09:00:00
ef526989,3eaec037,delivered,2018-07-10 08:00:00,2018-07-10 09:00:00,2018-07-11 08:00:00,2018-07-15 08:00:00,2018-07-21 08:00:00
ea76659e,0afeb096,delivered,2017-09-12 16:00:00,2017-09-12 20:00:00,2017-09-14 16:00:00,2017-09-19 16:00:00,2017-10-04 16:00:00
7a410c93,a7dc52b8,delivered,2017-04-11 18:00:00,2017-04-11 19:00:00,2017-04-13 18:00:00,2017-04-18 18:00:00,2017-05-01 18:00:00
8e62edf7,4cafc933,delivered,2018-08-01 19:00:00,2018-08-01 20:00:00,2018-08-02 19:00:00,2018-08-04 19:00:00,2018-08-14 19:00:00
da6ec207,ef1ed2b4,delivered,2018-05-28 22:00:00,2018-05-28 22:00:00,2018-05-30 22:00:00,2018-06-09 22:00:00,2018-06-14 22:00:00
a72ce58d,d8b4d5ff,processing,2017-02-12 09:00:00,2017-02-12 12:00:00,2017-02-14 09:00:00,,2017-02-22 09:00:00
7999361b,821cd588,delivered,2017-05-24 08:00:00,2017-05-24 11:00:00,2017-05-26 08:00:00,2017-06-07 08:00:00,2017-06-04 08:00:00
f31a401c,356b1534,delivered,2017-08-13 00:00:00,2017-08-13 04:00:00,2017-08-15 00:00:00,2017-08-19 00:00:00,2017-08-29 00:00:00
4cd7332d,ca2f8e57,delivered,2017-02-09 13:00:00,2017-02-09 14:00:00,2017-02-11 13:00:00,2017-02-20 13:00:00,2017-02-19 13:00:00
fc758679,451041bc,delivered,2017-12-19 06:00:00,2017-12-19 09:00:00,2017-12-21 06:00:00,2017-12-30 06:00:00,2017-12-29 06:00:00
ad62a587,3f4c3b70,delivered,2018-05-23 20:00:00,2018-05-23 22:00:00,2018-05-25 20:00:00,2018-06-04 20:00:00,2018-06-14 20:00:00
e12906be,9f77fdc2,delivered,2018-01-20 12:00:00,2018-01-20 14:00:00,2018-01-22 12:00:00,2018-01-30 12:00:00,2018-02-13 12:00:00
5ece79b6,b57031b3,delivered,2017-09-17 03:00:00,2017-09-17 07:00:00,2017-09-19 03:00:00,2017-10-01 03:00:00,2017-10-04 03:00:00
ba0649a7,5b7c0291,delivered,2017-12-07 02:00:00,2017-12-07 06:00:00,2017-12-09 02:00:00,2017-12-18 02:00:00,2017-12-30 02:00:00
99369cb4,fdb7ee8b,delivered,2017-11-24 22:00:00,2017-11-24 22:00:00,2017-11-26 22:00:00,2017-12-01 22:00:00,2017-12-18 22:00:00
c9787224,7a88ea48,delivered,2018-03-27 22:00:00,2018-03-28 02:00:00,2018-03-28 22:00:00,2018-04-06 22:00:00,2018-04-10 22:00:00
a6a467f9,cf43125e,delivered,2017-01-05 07:00:00,2017-01-05 09:00:00,2017-01-06 07:00:00,2017-01-16 07:00:00,2017-01-26 07:00:00
ae1b05aa,24781d90,delivered,2017-12-21 03:00:00,2017-12-21 06:00:00,2017-12-22 03:00:00,2017-12-24 03:00:00,2018-01-10 03:00:00
6f79d6af,f2d5f504,delivered,2017-12-15 06:00:00,2017-12-15 07:00:00,2017-12-17 06:00:00,2017-12-25 06:00:00,2017-12-28 06:00:00
ede8942d,3b2cee99,delivered,2017-03-20 20:00:00,2017-03-20 20:00:00,2017-03-22 20:00:00,2017-03-27 20:00:00,2017-04-13 20:00:00
45d754ee,1fe446a5,delivered,2018-05-04 03:00:00,2018-05-04 06:00:00,2018-05-05 03:00:00,2018-05-08 03:00:00,2018-05-16 03:00:00
12c3a496,8d334e0c,delivered,2017-11-06 08:00:00,2017-11-06 08:00:00,2017-11-07 08:00:00,2017-11-17 08:00:00,2017-11-21 08:00:00
1d4e976f,bc7a9564,delivered,2018-03-06 14:00:00,2018-03-06 16:00:00,2018-03-08 14:00:00,2018-03-13 14:00:00,2018-03-20 14:00:00
4b7c1596,95d5d66d,delivered,2017-07-28 00:00:00,2017-07-28 01:00:00,2017-07-30 00:00:00,2017-08-06 00:00:00,2017-08-18 00:00:00
d509d185,60514cbc,delivered,2017-01-01 19:00:00,2017-01-01 19:00:00,2017-01-03 19:00:00,2017-01-07 19:00:00,2017-01-20 19:00:00
1b915b7a,79eeb8b1,delivered,2018-05-28 02:00:00,2018-05-28 06:00:00,2018-05-29 02:00:00,2018-06-05 02:00:00,2018-06-11 02:00:00
39c982cf,c3d4446e,delivered,2017-04-15 17:00:00,2017-04-15 21:00:00,2017-04-17 17:00:00,2017-04-18 17:00:00,2017-04-30 17:00:00
867a24e8,f67c2264,delivered,2017-12-24 02:00:00,2017-12-24 02:00:00,2017-12-26 02:00:00,2017-12-30 02:00:00,2018-01-11 02:00:00
abe575f7,f3284f3b,delivered,2017-11-20 22:00:00,2017-11-20 22:00:00,2017-11-21 22:00:00,2017-11-28 22:00:00,2017-12-14 22:00:00
14674c4b,69502068,delivered,2018-08-03 18:00:00,2018-08-03 22:00:00,2018-08-05 18:00:00,2018-08-08 18:00:00,2018-08-27 18:00:00
fa8ecdc6,f8e6d5d4,delivered,2017-05-14 20:00:00,2017-05-15 00:00:00,2017-05-16 20:00:00,2017-05-27 20:00:00,2017-05-28 20:00:00
77bc338d,c44342d6,delivered,2018-04-21 01:00:00,2018-04-21 02:00:00,2018-04-23 01:00:00,2018-05-02 01:00:00,2018-05-15 01:00:00
83559002,c830284c,delivered,2017-02-05 02:00:00,2017-02-05 05:00:00,2017-02-06 02:00:00,2017-02-17 02:00:00,2017-02-26 02:00:00
52bfe1cb,f1bbe728,delivered,2018-06-23 09:00:00,2018-06-23 12:00:00,2018-06-25 09:00:00,2018-06-29 09:00:00,2018-07-06 09:00:00
df48a4ca,367a5d02,delivered,2017-03-07 23:00:00,2017-03-08 03:00:00,2017-03-09 23:00:00,2017-03-13 23:00:00,2017-03-18 23:00:00
732c4321,4d5ed377,delivered,2017-07-21 12:00:00,2017-07-21 12:00:00,2017-07-23 12:00:00,2017-07-26 12:00:00,2017-08-14 12:00:00
d288fe4b,6c53f5d6,delivered,2017-04-10 19:00:00,2017-04-10 20:00:00,2017-04-11 19:00:00,2017-04-15 19:00:00,2017-04-25 19:00:00
f52f7f54,43703966,delivered,2017-01-07 02:00:00,2017-01-07 05:00:00,2017-01-08 02:00:00,2017-01-11 02:00:00,2017-01-20 02:00:00
fe879db8,a5afe1bf,delivered,2018-04-14 11:00:00,2018-04-14 15:00:00,2018-04-15 11:00:00,2018-04-27 11:00:00,2018-05-01 11:00:00
9fe349fb,69d89565,delivered,2017-06-16 11:00:00,2017-06-16 13:00:00,2017-06-18 11:00:00,2017-06-22 11:00:00,2017-07-09 11:00:00
dbca1244,38a92744,delivered,2018-08-07 15:00:00,2018-08-07 18:00:00,2018-08-09 15:00:00,2018-08-21 15:00:00,2018-08-19 15:00:00
dd740f3b,60736f3a,delivered,2017-10-17 12:00:00,2017-10-17 12:00:00,2017-10-18 12:00:00,2017-10-27 12:00:00,2017-11-07 12:00:00
cbf4b303,a95015a1,delivered,2017-12-25 05:00:00,2017-12-25 08:00:00,2017-12-27 05:00:00,2017-12-29 05:00:00,2018-01-17 05:00:00
3bd3fc60,5353ae31,delivered,2018-04-06 00:00:00,2018-04-06 03:00:00,2018-04-08 00:00:00,2018-04-18 00:00:00,2018-04-23 00:00:00
17beb07b,4cab0aca,delivered,2017-09-16 13:00:00,2017-09-16 16:00:00,2017-09-17 13:00:00,2017-09-19 13:00:00,2017-09-26 13:00:00
93a42b9e,728c8195,delivered,2017-09-25 14:00:00,2017-09-25 14:00:00,2017-09-27 14:00:00,2017-10-09 14:00:00,2017-10-15 14:00:00
a10790bd,6d85f02f,delivered,2017-08-24 08:00:00,2017-08-24 12:00:00,2017-08-25 08:00:00,2017-09-02 08:00:00,2017-09-15 08:00:00
d6c4bd9b,dcb1cb04,delivered,2017-04-27 15:00:00,2017-04-27 18:00:00,2017-04-28 15:00:00,2017-05-06 15:00:00,2017-05-15 15:00:00
a22f8ded,5c317b81,delivered,2018-08-20 20:00:00,2018-08-20 20:00:00,2018-08-21 20:00:00,2018-08-24 20:00:00,2018-09-10 20:00:00
340e5615,7a318820,delivered,2017-10-24 03:00:00,2017-10-24 05:00:00,2017-10-26 03:00:00,2017-11-05 03:00:00,2017-11-17 03:00:00
f25298ff,d1cdf172,delivered,2018-01-30 23:00:00,2018-01-31 01:00:00,2018-02-01 23:00:00,2018-02-13 23:00:00,2018-02-17 23:00:00
f27018d9,a534cc5a,delivered,2018-02-05 16:00:00,2018-02-05 18:00:00,2018-02-06 16:00:00,2018-02-12 16:00:00,2018-03-01 16:00:00
a2400562,515f1b41,delivered,2018-06-13 10:00:00,2018-06-13 13:00:00,2018-06-14 10:00:00,2018-06-17 10:00:00,2018-06-23 10:00:00
ba5593fa,34ae6974,shipped,2017-02-06 15:00:00,2017-02-06 15:00:00,2017-02-07 15:00:00,,2017-02-28 15:00:00
64d5d1cb,6799f5b7,delivered,2018-06-15 09:00:00,2018-06-15 09:00:00,2018-06-17 09:00:00,2018-06-24 09:00:00,2018-06-27 09:00:00
e07f535d,2ba3641a,delivered,2017-01-11 16:00:00,2017-01-11 20:00:00,2017-01-12 16:00:00,2017-01-16 16:00:00,2017-02-02 16:00:00
8847f713,f594df22,delivered,2017-01-05 18:00:00,2017-01-05 22:00:00,2017-01-07 18:00:00,2017-01-19 18:00:00,2017-01-19 18:00:00
af913ece,0cb13dd1,delivered,2018-01-01 15:00:00,2018-01-01 15:00:00,2018-01-03 15:00:00,2018-01-07 15:00:00,2018-01-24 15:00:00
67da3335,e40e0c40,delivered,2017-12-10 00:00:00,2017-12-10 00:00:00,2017-12-12 00:00:00,2017-12-18 00:00:00,2017-12-20 00:00:00
3bbf6bcc,3eb95d92,delivered,2017-03-23 21:00:00,2017-03-23 22:00:00,2017-03-25 21:00:00,2017-04-02 21:00:00,2017-04-06 21:00:00
8b931e9a,a623414f,delivered,2018-03-12 22:00:00,2018-03-13 00:00:00,2018-03-14 22:00:00,2018-03-21 22:00:00,2018-03-28 22:00:00
d73127c6,f254115f,delivered,2017-10-11 05:00:00,2017-10-11 05:00:00,2017-10-12 05:00:00,2017-10-22 05:00:00,2017-10-22 05:00:00
aceff7ad,652568f0,shipped,2017-04-29 12:00:00,2017-04-29 13:00:00,2017-05-01 12:00:00,,2017-05-18 12:00:00
b2533a7a,b9307df4,delivered,2018-01-17 13:00:00,2018-01-17 16:00:00,2018-01-18 13:00:00,2018-01-30 13:00:00,2018-01-29 13:00:00
bd83f570,58d41d50,delivered,2018-05-02 13:00:00,2018-05-02 13:00:00,2018-05-03 13:00:00,2018-05-11 13:00:00,2018-05-25 13:00:00
e5edc440,731c97e3,delivered,2017-04-11 10:00:00,2017-04-11 12:00:00,2017-04-12 10:00:00,2017-04-21 10:00:00,2017-04-27 10:00:00
8f980b8f,1c5c07de,delivered,2017-08-22 18:00:00,2017-08-22 21:00:00,2017-08-24 18:00:00,2017-08-28 18:00:00,2017-09-12 18:00:00
f0b7e006,0632de92,delivered,2018-06-11 05:00:00,2018-06-11 08:00:00,2018-06-12 05:00:00,2018-06-23 05:00:00,2018-06-25 05:00:00
57f48360,e2fa2770,delivered,2017-03-07 20:00:00,2017-03-07 23:00:00,2017-03-08 20:00:00,2017-03-12 20:00:00,2017-03-20 20:00:00
80ade360,eecbd42d,processing,2018-02-27 03:00:00,2018-02-27 07:00:00,2018-03-01 03:00:00,,2018-03-17 03:00:00
0abe8201,26a00608,delivered,2018-04-25 14:00:00,2018-04-25 15:00:00,2018-04-26 14:00:00,2018-05-07 14:00:00,2018-05-06 14:00:00
8040a89c,16ab858b,delivered,2017-10-06 10:00:00,2017-10-06 12:00:00,2017-10-08 10:00:00,2017-10-17 10:00:00,2017-10-22 10:00:00
1e40b7d7,825d541e,delivered,2017-11-14 08:00:00,2017-11-14 08:00:00,2017-11-16 08:00:00,2017-11-20 08:00:00,2017-12-02 08:00:00
01644ff9,abfec41d,delivered,2017-12-22 15:00:00,2017-12-22 16:00:00,2017-12-23 15:00:00,2017-12-25 15:00:00,2018-01-14 15:00:00
b316889a,3cc2dd95,delivered,2018-03-23 14:00:00,2018-03-23 16:00:00,2018-03-24 14:00:00,2018-03-27 14:00:00,2018-04-14 14:00:00
15cd9616,cb05ba21,delivered,2017-03-07 20:00:00,2017-03-07 23:00:00,2017-03-09 20:00:00,2017-03-21 20:00:00,2017-03-26 20:00:00
ed0655b0,9ce5932c,delivered,2018-01-30 01:00:00,2018-01-30 01:00:00,2018-01-31 01:00:00,2018-02-11 01:00:00,2018-02-20 01:00:00
a84622d2,8a3f21ea,delivered,2018-01-15 06:00:00,2018-01-15 07:00:00,2018-01-17 06:00:00,2018-01-27 06:00:00,2018-02-06 06:00:00
d7fbc5ae,fcd091eb,delivered,2018-04-07 00:00:00,2018-04-07 00:00:00,2018-04-08 00:00:00,2018-04-15 00:00:00,2018-04-22 00:00:00
50771bf1,4645d2d6,delivered,2018-07-05 07:00:00,2018-07-05 11:00:00,2018-07-06 07:00:00,2018-07-09 07:00:00,2018-07-16 07:00:00
123af8c5,7100ff24,delivered,2018-03-21 19:00:00,2018-03-21 20:00:00,2018-03-22 19:00:00,2018-03-26 19:00:00,2018-04-08 19:00:00
7e4fb79f,d4826b46,delivered,2018-04-04 17:00:00,2018-04-04 19:00:00,2018-04-06 17:00:00,2018-04-09 17:00:00,2018-04-18 17:00:00
21a07303,116ae7d3,delivered,2017-12-27 09:00:00,2017-12-27 09:00:00,2017-12-29 09:00:00,2018-01-02 09:00:00,2018-01-08 09:00:00
40f7a609,191c1336,delivered,2018-05-07 00:00:00,2018-05-07 04:00:00,2018-05-09 00:00:00,2018-05-10 00:00:00,2018-05-31 00:00:00
11fce3c7,fe99f79b,delivered,2017-04-13 22:00:00,2017-04-14 01:00:00,2017-04-14 22:00:00,2017-04-16 22:00:00,2017-04-28 22:00:00
355c7066,24e6774d,delivered,2018-06-06 15:00:00,2018-06-06 18:00:00,2018-06-08 15:00:00,2018-06-18 15:00:00,2018-06-19 15:00:00
60023dff,9565ded5,delivered,2017-06-06 15:00:00,2017-06-06 15:00:00,2017-06-08 15:00:00,2017-06-19 15:00:00,2017-06-22 15:00:00
1fc4fbf5,c4dcd7d1,delivered,2018-05-06 02:00:00,2018-05-06 03:00:00,2018-05-08 02:00:00,2018-05-09 02:00:00,2018-05-20 02:00:00
8c620368,887de5a5,delivered,2017-07-23 07:00:00,2017-07-23 08:00:00,2017-07-24 07:00:00,2017-07-27 07:00:00,2017-08-04 07:00:00
b78941ab,06a716c9,shipped,2017-09-15 21:00:00,2017-09-15 22:00:00,2017-09-17 21:00:00,,2017-09-30 21:00:00
f7bf9dfd,7181829a,shipped,2017-04-20 05:00:00,2017-04-20 05:00:00,2017-04-22 05:00:00,,2017-05-04 05:00:00
1ef502a1,13dc3095,delivered,2018-06-23 08:00:00,2018-06-23 10:00:00,2018-06-25 08:00:00,2018-06-29 08:00:00,2018-07-17 08:00:00
4ed41c8d,fcc0776b,delivered,2017-05-31 21:00:00,2017-05-31 22:00:00,2017-06-02 21:00:00,2017-06-05 21:00:00,2017-06-15 21:00:00
d9a954e8,4d4bd54b,delivered,2018-05-30 01:00:00,2018-05-30 03:00:00,2018-06-01 01:00:00,2018-06-12 01:00:00,2018-06-15 01:00:00
de163077,fe0ec296,delivered,2017-10-01 10:00:00,2017-10-01 10:00:00,2017-10-03 10:00:00,2017-10-12 10:00:00,2017-10-17 10:00:00
ab3075c0,324cf4ed,delivered,2017-10-21 04:00:00,2017-10-21 08:00:00,2017-10-22 04:00:00,2017-10-27 04:00:00,2017-11-03 04:00:00
c611fbdc,74c1840f,delivered,2017-03-26 00:00:00,2017-03-26 03:00:00,2017-03-27 00:00:00,2017-04-05 00:00:00,2017-04-07 00:00:00
4d156c4e,30327161,delivered,2017-04-19 06:00:00,2017-04-19 06:00:00,2017-04-21 06:00:00,2017-04-28 06:00:00,2017-05-12 06:00:00
e7b69afc,30085ae2,delivered,2017-01-29 09:00:00,2017-01-29 13:00:00,2017-01-30 09:00:00,2017-02-10 09:00:00,2017-02-12 09:00:00
c57aa784,0fb7db56,delivered,2017-11-22 18:00:00,2017-11-22 19:00:00,2017-11-24 18:00:00,2017-11-25 18:00:00,2017-12-14 18:00:00
867b8593,c52c6f6f,delivered,2018-04-03 20:00:00,2018-04-03 21:00:00,2018-04-04 20:00:00,2018-04-06 20:00:00,2018-04-16 20:00:00
4e5c4ee5,155b63c5,delivered,2017-01-22 00:00:00,2017-01-22 04:00:00,2017-01-24 00:00:00,2017-01-29 00:00:00,2017-02-09 00:00:00
eaeb3298,79181b54,delivered,2018-07-07 11:00:00,2018-07-07 12:00:00,2018-07-09 11:00:00,2018-07-17 11:00:00,2018-07-29 11:00:00
ad8d3050,78ca5c3d,delivered,2017-06-18 02:00:00,2017-06-18 02:00:00,2017-06-19 02:00:00,2017-07-02 02:00:00,2017-06-28 02:00:00
70c1683c,d275c519,delivered,2018-02-25 12:00:00,2018-02-25 16:00:00,2018-02-26 12:00:00,2018-03-09 12:00:00,2018-03-16 12:00:00
21a1801b,887896f4,shipped,2018-06-24 06:00:00,2018-06-24 10:00:00,2018-06-26 06:00:00,,2018-07-17 06:00:00
e6a14dcd,b2ee7fe5,delivered,2018-04-29 04:00:00,2018-04-29 07:00:00,2018-04-30 04:00:00,2018-05-04 04:00:00,2018-05-15 04:00:00
2ac92fa2,0546e4d4,delivered,2018-03-01 15:00:00,2018-03-01 19:00:00,2018-03-03 15:00:00,2018-03-14 15:00:00,2018-03-20 15:00:00
5490d92d,d44aed65,delivered,2018-06-13 14:00:00,2018-06-13 18:00:00,2018-06-15 14:00:00,2018-06-27 14:00:00,2018-06-28 14:00:00
b428f1ca,dd6317b4,delivered,2017-12-10 14:00:00,2017-12-10 18:00:00,2017-12-11 14:00:00,2017-12-15 14:00:00,2017-12-26 14:00:00
789917a0,7304f154,delivered,2017-01-21 14:00:00,2017-01-21 17:00:00,2017-01-22 14:00:00,2017-01-24 14:00:00,2017-01-31 14:00:00
7bb75ee3,dc4ee45e,delivered,2018-04-09 12:00:00,2018-04-09 13:00:00,2018-04-11 12:00:00,2018-04-18 12:00:00,2018-04-20 12:00:00
96f900ee,9da8c3d2,delivered,2018-04-06 19:00:00,2018-04-06 19:00:00,2018-04-07 19:00:00,2018-04-19 19:00:00,2018-04-28 19:00:00
63d23ebc,c125d366,delivered,2018-07-27 00:00:00,2018-07-27 04:00:00,2018-07-28 00:00:00,2018-08-07 00:00:00,2018-08-18 00:00:00
cf5d450b,cc1b43bf,delivered,2017-12-09 11:00:00,2017-12-09 15:00:00,2017-12-10 11:00:00,2017-12-18 11:00:00,2017-12-19 11:00:00
ecc489f7,61795a09,processing,2018-07-10 14:00:00,2018-07-10 15:00:00,2018-07-11 14:00:00,,2018-08-01 14:00:00
12f377ce,d5f85366,delivered,2017-03-04 08:00:00,2017-03-04 09:00:00,2017-03-05 08:00:00,2017-03-07 08:00:00,2017-03-17 08:00:00
5fc198bc,2215ea54,delivered,2017-04-17 12:00:00,2017-04-17 12:00:00,2017-04-18 12:00:00,2017-05-01 12:00:00,2017-05-10 12:00:00
9b8c5bed,eb79a9af,delivered,2017-05-09 08:00:00,2017-05-09 08:00:00,2017-05-10 08:00:00,2017-05-23 08:00:00,2017-05-26 08:00:00
78560e69,4788215a,delivered,2017-06-10 21:00:00,2017-06-11 00:00:00,2017-06-12 21:00:00,2017-06-15 21:00:00,2017-07-03 21:00:00
cdfab18b,65b8c282,delivered,2017-01-26 09:00:00,2017-01-26 09:00:00,2017-01-27 09:00:00,2017-02-01 09:00:00,2017-02-08 09:00:00
808598f4,ea39f666,delivered,2017-09-24 15:00:00,2017-09-24 16:00:00,2017-09-25 15:00:00,2017-10-08 15:00:00,2017-10-06 15:00:00
4ee39ab0,ac3d5fd3,delivered,2017-09-18 15:00:00,2017-09-18 18:00:00,2017-09-20 15:00:00,2017-09-23 15:00:00,2017-10-03 15:00:00
3735430a,8b256491,delivered,2017-07-22 06:00:00,2017-07-22 10:00:00,2017-07-23 06:00:00,2017-07-25 06:00:00,2017-08-01 06:00:00
646dad62,ab59fc51,delivered,2017-07-08 20:00:00,2017-07-08 21:00:00,2017-07-09 20:00:00,2017-07-21 20:00:00,2017-08-01 20:00:00
ccec645b,cfc3cbad,delivered,2017-06-22 21:00:00,2017-06-22 21:00:00,2017-06-24 21:00:00,2017-07-05 21:00:00,2017-07-03 21:00:00
83e9ea29,56864b36,delivered,2017-11-19 00:00:00,2017-11-19 03:00:00,2017-11-20 00:00:00,2017-11-26 00:00:00,2017-12-11 00:00:00
c00e6ffc,9d502aaf,delivered,2018-04-04 05:00:00,2018-04-04 09:00:00,2018-04-06 05:00:00,2018-04-11 05:00:00,2018-04-26 05:00:00
2351e90e,384cc408,delivered,2017-09-30 17:00:00,2017-09-30 21:00:00,2017-10-02 17:00:00,2017-10-10 17:00:00,2017-10-22 17:00:00
3a863a2a,234301ce,delivered,2017-04-01 21:00:00,2017-04-01 22:00:00,2017-04-03 21:00:00,2017-04-14 21:00:00,2017-04-20 21:00:00
905a4770,d0ada462,delivered,2017-03-26 15:00:00,2017-03-26 15:00:00,2017-03-27 15:00:00,2017-04-07 15:00:00,2017-04-19 15:00:00
a55117a0,3a8bc1ff,delivered,2017-06-26 09:00:00,2017-06-26 11:00:00,2017-06-28 09:00:00,2017-07-04 09:00:00,2017-07-07 09:00:00
dc25d714,785ddb88,delivered,2018-02-02 09:00:00,2018-02-02 09:00:00,2018-02-04 09:00:00,2018-02-06 09:00:00,2018-02-24 09:00:00
add5ecac,76694eed,delivered,2018-03-14 15:00:00,2018-03-14 19:00:00,2018-03-16 15:00:00,2018-03-27 15:00:00,2018-03-30 15:00:00
806a3e85,706808e4,delivered,2017-02-11 15:00:00,2017-02-11 18:00:00,2017-02-12 15:00:00,2017-02-15 15:00:00,2017-03-07 15:00:00
49c130da,4d2b95dd,delivered,2017-06-01 03:00:00,2017-06-01 06:00:00,2017-06-03 03:00:00,2017-06-04 03:00:00,2017-06-15 03:00:00
9bd11ab2,b96d9fa6,shipped,2017-02-26 10:00:00,2017-02-26 11:00:00,2017-02-28 10:00:00,,2017-03-18 10:00:00
525b97a0,f4b507a9,delivered,2017-02-02 02:00:00,2017-02-02 05:00:00,2017-02-03 02:00:00,2017-02-05 02:00:00,2017-02-26 02:00:00
c26140cb,4b07bf40,delivered,2018-02-02 02:00:00,2018-02-02 03:00:00,2018-02-03 02:00:00,2018-02-09 02:00:00,2018-02-12 02:00:00
3bf190bf,0bdaff09,delivered,2017-03-11 10:00:00,2017-03-11 12:00:00,2017-03-12 10:00:00,2017-03-22 10:00:00,2017-03-28 10:00:00
c670114f,aa992448,delivered,2017-12-17 13:00:00,2017-12-17 16:00:00,2017-12-19 13:00:00,2017-12-24 13:00:00,2017-12-31 13:00:00
529b32ed,3a4fa162,delivered,2018-01-12 06:00:00,2018-01-12 09:00:00,2018-01-14 06:00:00,2018-01-16 06:00:00,2018-01-31 06:00:00
5dd52fa8,2de2f97c,delivered,2017-08-23 21:00:00,2017-08-24 00:00:00,2017-08-24 21:00:00,2017-08-28 21:00:00,2017-09-10 21:00:00
0b7924ab,246a2409,delivered,2018-02-01 18:00:00,2018-02-01 22:00:00,2018-02-02 18:00:00,2018-02-12 18:00:00,2018-02-18 18:00:00
84707f0a,e0f619f3,delivered,2017-03-23 05:00:00,2017-03-23 06:00:00,2017-03-25 05:00:00,2017-03-28 05:00:00,2017-04-11 05:00:00
cb8260d6,13b94a6e,delivered,2018-01-17 11:00:00,2018-01-17 11:00:00,2018-01-19 11:00:00,2018-01-27 11:00:00,2018-02-03 11:00:00
ecaf75d1,5eedba67,delivered,2017-11-02 19:00:00,2017-11-02 22:00:00,2017-11-03 19:00:00,2017-11-10 19:00:00,2017-11-21 19:00:00
903fdece,818a3a4a,delivered,2017-11-15 00:00:00,2017-11-15 00:00:00,2017-11-16 00:00:00,2017-11-20 00:00:00,2017-12-02 00:00:00
34d8aca1,897753ec,delivered,2018-07-27 15:00:00,2018-07-27 18:00:00,2018-07-29 15:00:00,2018-08-01 15:00:00,2018-08-09 15:00:00
827e5cf5,eb3878e8,delivered,2017-07-01 02:00:00,2017-07-01 04:00:00,2017-07-02 02:00:00,2017-07-10 02:00:00,2017-07-14 02:00:00
0a83d2b4,a46a5ef3,delivered,2017-02-09 22:00:00,2017-02-10 00:00:00,2017-02-11 22:00:00,2017-02-19 22:00:00,2017-03-02 22:00:00
945a2245,eac557e7,delivered,2017-05-13 07:00:00,2017-05-13 08:00:00,2017-05-14 07:00:00,2017-05-20 07:00:00,2017-06-06 07:00:00
86069399,c112a403,delivered,2017-08-25 20:00:00,2017-08-25 20:00:00,2017-08-26 20:00:00,2017-09-01 20:00:00,2017-09-13 20:00:00
312c846f,8eff7783,delivered,2018-01-29 21:00:00,2018-01-30 01:00:00,2018-01-31 21:00:00,2018-02-09 21:00:00,2018-02-20 21:00:00
a7b7a1e9,84538466,invoiced,2018-08-07 01:00:00,2018-08-07 04:00:00,2018-08-09 01:00:00,,2018-08-26 01:00:00
8c6354e6,3b4480f7,delivered,2017-09-03 06:00:00,2017-09-03 10:00:00,2017-09-05 06:00:00,2017-09-11 06:00:00,2017-09-19 06:00:00
5c4b7010,86156a9a,delivered,2017-12-30 17:00:00,2017-12-30 17:00:00,2017-12-31 17:00:00,2018-01-08 17:00:00,2018-01-13 17:00:00
dcc70036,3c8c9030,delivered,2017-04-17 03:00:00,2017-04-17 03:00:00,2017-04-18 03:00:00,2017-05-01 03:00:00,2017-04-28 03:00:00
5c408a80,822bc6a1,delivered,2018-06-12 04:00:00,2018-06-12 04:00:00,2018-06-14 04:00:00,2018-06-23 04:00:00,2018-06-28 04:00:00
5e4c98d2,54364084,delivered,2018-02-06 23:00:00,2018-02-07 01:00:00,2018-02-08 23:00:00,2018-02-18 23:00:00,2018-02-28 23:00:00
2681c13f,3b86e5ea,delivered,2017-03-29 10:00:00,2017-03-29 13:00:00,2017-03-30 10:00:00,2017-04-10 10:00:00,2017-04-15 10:00:00
9f2a0294,9d023b29,delivered,2017-06-16 01:00:00,2017-06-16 01:00:00,2017-06-17 01:00:00,2017-06-20 01:00:00,2017-07-08 01:00:00
7bfcd7c3,81111e26,delivered,2017-05-21 13:00:00,2017-05-21 17:00:00,2017-05-23 13:00:00,2017-05-29 13:00:00,2017-06-03 13:00:00
504d69e6,2be19b22,delivered,2017-11-30 17:00:00,2017-11-30 20:00:00,2017-12-01 17:00:00,2017-12-14 17:00:00,2017-12-24 17:00:00
d6dd98f1,6994bfe8,delivered,2017-09-10 21:00:00,2017-09-10 21:00:00,2017-09-11 21:00:00,2017-09-19 21:00:00,2017-09-26 21:00:00
c8887684,82394c86,delivered,2018-02-01 08:00:00,2018-02-01 11:00:00,2018-02-03 08:00:00,2018-02-07 08:00:00,2018-02-23 08:00:00
3539ec90,cf0b6a3e,invoiced,2018-01-08 18:00:00,2018-01-08 18:00:00,2018-01-10 18:00:00,,2018-01-19 18:00:00
1bdf4061,82d10648,shipped,2017-05-01 05:00:00,2017-05-01 09:00:00,2017-05-02 05:00:00,,2017-05-13 05:00:00
457a209d,54ceb400,delivered,2017-09-11 19:00:00,2017-09-11 23:00:00,2017-09-12 19:00:00,2017-09-18 19:00:00,2017-09-26 19:00:00
3c04a79c,d4ffa3e2,delivered,2017-02-06 21:00:00,2017-02-07 00:00:00,2017-02-08 21:00:00,2017-02-20 21:00:00,2017-02-21 21:00:00
02b158cf,74eea587,delivered,2017-07-24 07:00:00,2017-07-24 11:00:00,2017-07-25 07:00:00,2017-08-07 07:00:00,2017-08-05 07:00:00
b9fcf146,bbbc0ea6,delivered,2017-03-02 02:00:00,2017-03-02 04:00:00,2017-03-04 02:00:00,2017-03-07 02:00:00,2017-03-26 02:00:00
d1ca3544,d274a24d,delivered,2017-04-21 10:00:00,2017-04-21 14:00:00,2017-04-22 10:00:00,2017-04-25 10:00:00,2017-05-04 10:00:00
be2bb8d6,74dd413b,delivered,2017-04-13 00:00:00,2017-04-13 02:00:00,2017-04-15 00:00:00,2017-04-25 00:00:00,2017-04-25 00:00:00
bc07d247,94df4824,delivered,2017-11-05 14:00:00,2017-11-05 14:00:00,2017-11-07 14:00:00,2017-11-10 14:00:00,2017-11-29 14:00:00
641c2bee,da2c75a0,delivered,2017-08-04 17:00:00,2017-08-04 21:00:00,2017-08-05 17:00:00,2017-08-14 17:00:00,2017-08-25 17:00:00
6941692e,54364084,delivered,2018-01-15 04:00:00,2018-01-15 08:00:00,2018-01-16 04:00:00,2018-01-21 04:00:00,2018-02-06 04:00:00
ddc3e445,21d67171,delivered,2018-07-24 01:00:00,2018-07-24 03:00:00,2018-07-26 01:00:00,2018-08-04 01:00:00,2018-08-04 01:00:00
4407bbeb,777953cd,delivered,2017-08-10 04:00:00,2017-08-10 05:00:00,2017-08-11 04:00:00,2017-08-24 04:00:00,2017-08-22 04:00:00
bb2ebafe,ecbf7b15,delivered,2017-09-05 14:00:00,2017-09-05 18:00:00,2017-09-06 14:00:00,2017-09-11 14:00:00,2017-09-17 14:00:00
ed83a486,d376a25a,delivered,2018-07-06 05:00:00,2018-07-06 09:00:00,2018-07-07 05:00:00,2018-07-11 05:00:00,2018-07-23 05:00:00
bee3605b,bf408823,delivered,2018-04-05 00:00:00,2018-04-05 00:00:00,2018-04-07 00:00:00,2018-04-18 00:00:00,2018-04-24 00:00:00
7f0787f2,f160a010,delivered,2018-08-22 19:00:00,2018-08-22 21:00:00,2018-08-24 19:00:00,2018-08-31 19:00:00,2018-09-10 19:00:00
0f7614ce,c4ff4d29,shipped,2017-08-19 12:00:00,2017-08-19 14:00:00,2017-08-20 12:00:00,,2017-09-09 12:00:00
65a49901,821cd588,delivered,2018-05-06 12:00:00,2018-05-06 12:00:00,2018-05-07 12:00:00,2018-05-15 12:00:00,2018-05-18 12:00:00
d1c7fecf,e62d8495,delivered,2018-04-25 12:00:00,2018-04-25 12:00:00,2018-04-27 12:00:00,2018-05-02 12:00:00,2018-05-11 12:00:00
6b4125e8,6cdc3413,delivered,2017-08-07 21:00:00,2017-08-07 23:00:00,2017-08-09 21:00:00,2017-08-12 21:00:00,2017-08-19 21:00:00
ad44dcc1,fca70ca3,delivered,2017-11-01 15:00:00,2017-11-01 17:00:00,2017-11-03 15:00:00,2017-11-08 15:00:00,2017-11-15 15:00:00
3688b060,c46bd966,delivered,2017-06-12 01:00:00,2017-06-12 03:00:00,2017-06-13 01:00:00,2017-06-20 01:00:00,2017-06-23 01:00:00
6818c6ba,04c92496,delivered,2017-12-13 01:00:00,2017-12-13 05:00:00,2017-12-15 01:00:00,2017-12-16 01:00:00,2018-01-05 01:00:00
b69c0bed,f5a3a00f,delivered,2017-05-13 04:00:00,2017-05-13 06:00:00,2017-05-14 04:00:00,2017-05-16 04:00:00,2017-05-26 04:00:00
569299b8,b55409d8,delivered,2018-06-01 22:00:00,2018-06-02 00:00:00,2018-06-02 22:00:00,2018-06-10 22:00:00,2018-06-25 22:00:00
febf3109,fb634c0a,delivered,2017-11-02 12:00:00,2017-11-02 13:00:00,2017-11-04 12:00:00,2017-11-14 12:00:00,2017-11-12 12:00:00
e2c53e70,ef668832,delivered,2017-03-04 15:00:00,2017-03-04 17:00:00,2017-03-05 15:00:00,2017-03-13 15:00:00,2017-03-23 15:00:00
53bc2df0,4ab10bba,delivered,2017-08-21 00:00:00,2017-08-21 02:00:00,2017-08-23 00:00:00,2017-09-03 00:00:00,2017-09-04 00:00:00
3ad87d96,32f1fa41,delivered,2017-03-17 22:00:00,2017-03-18 00:00:00,2017-03-19 22:00:00,2017-03-28 22:00:00,2017-04-01 22:00:00
8c81b44d,22fe83a0,delivered,2018-02-03 16:00:00,2018-02-03 16:00:00,2018-02-05 16:00:00,2018-02-17 16:00:00,2018-02-16 16:00:00
7236fbaf,4a5d207b,delivered,2018-08-21 22:00:00,2018-08-22 02:00:00,2018-08-22 22:00:00,2018-09-03 22:00:00,2018-09-03 22:00:00
1047c239,5c2549fd,delivered,2017-06-09 13:00:00,2017-06-09 17:00:00,2017-06-10 13:00:00,2017-06-16 13:00:00,2017-06-20 13:00:00
fa983ac8,13e9a47f,delivered,2018-08-02 22:00:00,2018-08-03 02:00:00,2018-08-03 22:00:00,2018-08-10 22:00:00,2018-08-18 22:00:00
1aca4691,dd167af7,delivered,2018-07-06 07:00:00,2018-07-06 11:00:00,2018-07-08 07:00:00,2018-07-15 07:00:00,2018-07-25 07:00:00
62c8f32f,13747f25,delivered,2017-09-30 05:00:00,2017-09-30 09:00:00,2017-10-01 05:00:00,2017-10-14 05:00:00,2017-10-19 05:00:00
4011186f,89f01cfb,delivered,2017-09-18 08:00:00,2017-09-18 10:00:00,2017-09-19 08:00:00,2017-09-26 08:00:00,2017-10-10 08:00:00
c6edb64a,192f771a,delivered,2017-05-08 19:00:00,2017-05-08 20:00:00,2017-05-10 19:00:00,2017-05-22 19:00:00,2017-05-24 19:00:00
b725dd5f,ca64d1e1,delivered,2018-08-14 08:00:00,2018-08-14 12:00:00,2018-08-16 08:00:00,2018-08-23 08:00:00,2018-09-03 08:00:00
3f8c1f8a,456c3f62,delivered,2017-02-25 08:00:00,2017-02-25 09:00:00,2017-02-26 08:00:00,2017-03-10 08:00:00,2017-03-12 08:00:00
71e07684,dcfd87de,delivered,2017-03-26 19:00:00,2017-03-26 20:00:00,2017-03-28 19:00:00,2017-04-02 19:00:00,2017-04-15 19:00:00
80fcac2f,4e5cc90f,delivered,2017-09-28 03:00:00,2017-09-28 07:00:00,2017-09-30 03:00:00,2017-10-11 03:00:00,2017-10-10 03:00:00
3eddc2b8,3a4fa162,delivered,2017-01-10 03:00:00,2017-01-10 04:00:00,2017-01-12 03:00:00,2017-01-16 03:00:00,2017-02-03 03:00:00
4f2ff1bb,2a544f07,delivered,2018-08-07 15:00:00,2018-08-07 16:00:00,2018-08-08 15:00:00,2018-08-10 15:00:00,2018-08-30 15:00:00
e6e9449e,356b1534,delivered,2018-01-04 11:00:00,2018-01-04 13:00:00,2018-01-05 11:00:00,2018-01-13 11:00:00,2018-01-28 11:00:00
18790f04,89d5fe20,delivered,2018-06-17 07:00:00,2018-06-17 09:00:00,2018-06-19 07:00:00,2018-06-30 07:00:00,2018-07-10 07:00:00
545380f8,4b153534,delivered,2017-01-16 12:00:00,2017-01-16 16:00:00,2017-01-17 12:00:00,2017-01-25 12:00:00,2017-02-07 12:00:00
b7ef20d4,f5a05531,delivered,2018-08-11 14:00:00,2018-08-11 16:00:00,2018-08-13 14:00:00,2018-08-20 14:00:00,2018-08-31 14:00:00
9be0e33b,f5d7047b,delivered,2017-06-14 12:00:00,2017-06-14 16:00:00,2017-06-15 12:00:00,2017-06-24 12:00:00,2017-06-28 12:00:00
125b8382,a803dc0c,delivered,2017-03-16 18:00:00,2017-03-16 18:00:00,2017-03-17 18:00:00,2017-03-28 18:00:00,2017-03-30 18:00:00
68f2846b,823fdef9,invoiced,2017-08-13 16:00:00,2017-08-13 16:00:00,2017-08-14 16:00:00,,2017-08-31 16:00:00
bd43f5de,e62dc24e,delivered,2017-08-05 03:00:00,2017-08-05 03:00:00,2017-08-06 03:00:00,2017-08-13 03:00:00,2017-08-19 03:00:00
ca95bb8f,9554f4b4,canceled,2018-01-08 08:00:00,2018-01-08 09:00:00,2018-01-09 08:00:00,,2018-01-18 08:00:00
96b25f32,77731cc6,delivered,2018-07-20 14:00:00,2018-07-20 15:00:00,2018-07-21 14:00:00,2018-07-30 14:00:00,2018-08-04 14:00:00
b707a83a,f09b20fb,delivered,2017-10-30 21:00:00,2017-10-30 22:00:00,2017-11-01 21:00:00,2017-11-05 21:00:00,2017-11-10 21:00:00
639ddcfd,bf409648,delivered,2017-07-12 18:00:00,2017-07-12 20:00:00,2017-07-13 18:00:00,2017-07-21 18:00:00,2017-07-29 18:00:00
f5e618fe,98124ef3,delivered,2017-09-15 05:00:00,2017-09-15 07:00:00,2017-09-17 05:00:00,2017-09-26 05:00:00,2017-10-06 05:00:00
26af1198,15a3d4a6,delivered,2018-06-19 23:00:00,2018-06-19 23:00:00,2018-06-21 23:00:00,2018-06-24 23:00:00,2018-07-09 23:00:00
62d641d5,9089a7f2,delivered,2017-07-24 07:00:00,2017-07-24 08:00:00,2017-07-25 07:00:00,2017-08-07 07:00:00,2017-08-13 07:00:00
7ed4a114,14cfb11a,delivered,2017-10-06 08:00:00,2017-10-06 08:00:00,2017-10-08 08:00:00,2017-10-12 08:00:00,2017-10-22 08:00:00
b3b621a4,f44bae57,delivered,2018-04-27 05:00:00,2018-04-27 07:00:00,2018-04-29 05:00:00,2018-05-02 05:00:00,2018-05-19 05:00:00
f34066ee,b1c37a22,delivered,2018-07-09 17:00:00,2018-07-09 18:00:00,2018-07-10 17:00:00,2018-07-16 17:00:00,2018-07-26 17:00:00
401cb91f,adcf9540,delivered,2017-11-24 06:00:00,2017-11-24 08:00:00,2017-11-26 06:00:00,2017-12-04 06:00:00,2017-12-14 06:00:00
8d29bf16,f824ba55,shipped,2018-05-29 21:00:00,2018-05-29 22:00:00,2018-05-30 21:00:00,,2018-06-08 21:00:00
df4d1d76,ca5554d5,delivered,2017-09-14 06:00:00,2017-09-14 09:00:00,2017-09-16 06:00:00,2017-09-25 06:00:00,2017-09-29 06:00:00
5d53d87e,7c3d1144,delivered,2017-03-17 20:00:00,2017-03-17 21:00:00,2017-03-18 20:00:00,2017-03-21 20:00:00,2017-04-07 20:00:00
a465994a,e1fab092,delivered,2017-05-14 05:00:00,2017-05-14 06:00:00,2017-05-16 05:00:00,2017-05-21 05:00:00,2017-05-29 05:00:00
3435cf53,ba34a5f2,delivered,2017-04-29 02:00:00,2017-04-29 05:00:00,2017-05-01 02:00:00,2017-05-05 02:00:00,2017-05-17 02:00:00
e2616457,50c2cac8,delivered,2017-07-08 20:00:00,2017-07-08 21:00:00,2017-07-10 20:00:00,2017-07-20 20:00:00,2017-07-27 20:00:00
f092dc32,29218a55,delivered,2017-06-30 20:00:00,2017-06-30 22:00:00,2017-07-01 20:00:00,2017-07-04 20:00:00,2017-07-20 20:00:00
666a4396,66def57f,delivered,2017-07-13 14:00:00,2017-07-13 17:00:00,2017-07-14 14:00:00,2017-07-19 14:00:00,2017-08-01 14:00:00
7bd9fd45,2b72d167,delivered,2018-07-07 07:00:00,2018-07-07 09:00:00,2018-07-09 07:00:00,2018-07-10 07:00:00,2018-07-30 07:00:00
8dc3d754,7852219e,delivered,2018-07-19 14:00:00,2018-07-19 17:00:00,2018-07-20 14:00:00,2018-07-30 14:00:00,2018-07-29 14:00:00
d53ed1ad,883ef10c,delivered,2017-04-16 18:00:00,2017-04-16 18:00:00,2017-04-17 18:00:00,2017-04-24 18:00:00,2017-05-06 18:00:00
06fe32df,fcd63ae1,delivered,2018-04-12 17:00:00,2018-04-12 18:00:00,2018-04-14 17:00:00,2018-04-25 17:00:00,2018-05-04 17:00:00
16658e50,cddab3ba,delivered,2018-03-05 12:00:00,2018-03-05 15:00:00,2018-03-06 12:00:00,2018-03-19 12:00:00,2018-03-16 12:00:00
7a291785,3c83b6bf,delivered,2017-03-17 16:00:00,2017-03-17 19:00:00,2017-03-19 16:00:00,2017-03-31 16:00:00,2017-04-01 16:00:00
c50230b6,7b7b35f1,delivered,2017-11-21 09:00:00,2017-11-21 13:00:00,2017-11-22 09:00:00,2017-11-30 09:00:00,2017-12-04 09:00:00
fb2724e5,462a76ef,delivered,2017-09-19 12:00:00,2017-09-19 14:00:00,2017-09-20 12:00:00,2017-09-24 12:00:00,2017-09-30 12:00:00
a911c133,d6d699c0,delivered,2017-07-08 16:00:00,2017-07-08 18:00:00,2017-07-09 16:00:00,2017-07-12 16:00:00,2017-07-29 16:00:00
967fa867,9b7efb71,delivered,2017-07-21 11:00:00,2017-07-21 12:00:00,2017-07-22 11:00:00,2017-07-28 11:00:00,2017-08-05 11:00:00
85696e27,1b969f94,delivered,2017-07-01 08:00:00,2017-07-01 11:00:00,2017-07-03 08:00:00,2017-07-05 08:00:00,2017-07-16 08:00:00
a812b70e,699e8bda,delivered,2017-08-15 03:00:00,2017-08-15 06:00:00,2017-08-17 03:00:00,2017-08-29 03:00:00,2017-09-06 03:00:00
b4fb5489,0e2b3b65,delivered,2017-09-26 01:00:00,2017-09-26 03:00:00,2017-09-27 01:00:00,2017-10-02 01:00:00,2017-10-20 01:00:00
5de8407f,17f92891,delivered,2017-05-10 14:00:00,2017-05-10 16:00:00,2017-05-12 14:00:00,2017-05-21 14:00:00,2017-05-30 14:00:00
88a20637,96ed8729,delivered,2018-02-25 10:00:00,2018-02-25 10:00:00,2018-02-26 10:00:00,2018-03-09 10:00:00,2018-03-18 10:00:00
ea1a8152,e94de761,delivered,2018-05-04 04:00:00,2018-05-04 08:00:00,2018-05-05 04:00:00,2018-05-10 04:00:00,2018-05-15 04:00:00
9b82bdc6,ff72ab26,delivered,2017-04-09 21:00:00,2017-04-10 00:00:00,2017-04-10 21:00:00,2017-04-23 21:00:00,2017-05-01 21:00:00
20681260,81ad9b6e,delivered,2018-06-03 22:00:00,2018-06-04 00:00:00,2018-06-04 22:00:00,2018-06-10 22:00:00,2018-06-27 22:00:00
08960539,82f5cf29,delivered,2017-10-27 05:00:00,2017-10-27 07:00:00,2017-10-29 05:00:00,2017-11-03 05:00:00,2017-11-10 05:00:00
640834bf,346273b4,delivered,2017-03-06 21:00:00,2017-03-06 22:00:00,2017-03-08 21:00:00,2017-03-10 21:00:00,2017-03-23 21:00:00
c6dd7cde,3555ade0,delivered,2017-01-19 09:00:00,2017-01-19 12:00:00,2017-01-21 09:00:00,2017-02-01 09:00:00,2017-02-12 09:00:00
ec6f6d18,1a2069f7,delivered,2017-05-28 02:00:00,2017-05-28 06:00:00,2017-05-30 02:00:00,2017-06-07 02:00:00,2017-06-16 02:00:00
eceda361,310d1256,delivered,2017-12-31 12:00:00,2017-12-31 14:00:00,2018-01-02 12:00:00,2018-01-10 12:00:00,2018-01-20 12:00:00
a874f022,6ca24bb9,delivered,2017-10-27 13:00:00,2017-10-27 13:00:00,2017-10-28 13:00:00,2017-11-06 13:00:00,2017-11-14 13:00:00
6093f20a,fbea0a8d,delivered,2017-09-05 05:00:00,2017-09-05 08:00:00,2017-09-06 05:00:00,2017-09-12 05:00:00,2017-09-27 05:00:00
41fbe0d7,b7bffacf,delivered,2018-07-30 11:00:00,2018-07-30 12:00:00,2018-08-01 11:00:00,2018-08-10 11:00:00,2018-08-14 11:00:00
f36ad587,355c9107,delivered,2018-05-29 21:00:00,2018-05-30 00:00:00,2018-05-31 21:00:00,2018-06-02 21:00:00,2018-06-16 21:00:00
1481795d,72364e4c,delivered,2017-07-04 14:00:00,2017-07-04 18:00:00,2017-07-06 14:00:00,2017-07-10 14:00:00,2017-07-17 14:00:00
d4d275ff,ccd91b69,delivered,2017-07-29 04:00:00,2017-07-29 06:00:00,2017-07-31 04:00:00,2017-08-11 04:00:00,2017-08-18 04:00:00
14198b4b,03c6eb58,delivered,2018-03-07 23:00:00,2018-03-07 23:00:00,2018-03-08 23:00:00,2018-03-16 23:00:00,2018-03-28 23:00:00
e18bc333,6f976f26,delivered,2018-02-11 12:00:00,2018-02-11 15:00:00,2018-02-12 12:00:00,2018-02-21 12:00:00,2018-03-04 12:00:00
2ac7eeb2,ff72ab26,delivered,2017-05-11 04:00:00,2017-05-11 04:00:00,2017-05-13 04:00:00,2017-05-23 04:00:00,2017-05-22 04:00:00
d087802a,d7e5a383,delivered,2017-09-28 07:00:00,2017-09-28 10:00:00,2017-09-29 07:00:00,2017-10-08 07:00:00,2017-10-11 07:00:00
c3551401,472174a1,delivered,2017-02-06 03:00:00,2017-02-06 07:00:00,2017-02-07 03:00:00,2017-02-11 03:00:00,2017-03-02 03:00:00
08bc68e2,e42a53ed,delivered,2017-07-30 01:00:00,2017-07-30 05:00:00,2017-08-01 01:00:00,2017-08-08 01:00:00,2017-08-20 01:00:00
6bb37bc5,3c16ab17,delivered,2017-07-08 10:00:00,2017-07-08 13:00:00,2017-07-10 10:00:00,2017-07-17 10:00:00,2017-07-27 10:00:00
aea6e604,2769811e,delivered,2017-03-25 19:00:00,2017-03-25 23:00:00,2017-03-27 19:00:00,2017-04-05 19:00:00,2017-04-04 19:00:00
c8956da9,6408cdb5,delivered,2018-04-16 20:00:00,2018-04-16 23:00:00,2018-04-18 20:00:00,2018-04-27 20:00:00,2018-05-05 20:00:00
82817a00,4654629b,delivered,2017-10-27 04:00:00,2017-10-27 07:00:00,2017-10-28 04:00:00,2017-11-08 04:00:00,2017-11-11 04:00:00
eab430d4,44ab3b5c,delivered,2017-12-06 10:00:00,2017-12-06 13:00:00,2017-12-07 10:00:00,2017-12-18 10:00:00,2017-12-18 10:00:00
680bb095,cfc3cbad,delivered,2018-03-15 17:00:00,2018-03-15 19:00:00,2018-03-17 17:00:00,2018-03-28 17:00:00,2018-03-29 17:00:00
0c4d3d9d,54ceb400,delivered,2017-03-05 17:00:00,2017-03-05 21:00:00,2017-03-06 17:00:00,2017-03-19 17:00:00,2017-03-26 17:00:00
a5470d5c,a3b7e008,processing,2018-03-13 05:00:00,2018-03-13 05:00:00,2018-03-14 05:00:00,,2018-04-02 05:00:00
973b8c2c,072a5570,delivered,2018-03-27 10:00:00,2018-03-27 12:00:00,2018-03-29 10:00:00,2018-04-03 10:00:00,2018-04-14 10:00:00
0b77fbe5,9ad70e29,delivered,2018-07-03 08:00:00,2018-07-03 08:00:00,2018-07-05 08:00:00,2018-07-15 08:00:00,2018-07-20 08:00:00
503fee0f,18895376,delivered,2018-07-07 03:00:00,2018-07-07 07:00:00,2018-07-08 03:00:00,2018-07-19 03:00:00,2018-07-17 03:00:00
75680cd8,09722b5d,delivered,2018-05-14 21:00:00,2018-05-14 22:00:00,2018-05-16 21:00:00,2018-05-25 21:00:00,2018-05-25 21:00:00
9be4108d,cfe94159,delivered,2017-02-15 18:00:00,2017-02-15 18:00:00,2017-02-17 18:00:00,2017-02-28 18:00:00,2017-03-07 18:00:00
8c38d64c,6b68cf06,delivered,2017-01-08 23:00:00,2017-01-09 02:00:00,2017-01-09 23:00:00,2017-01-12 23:00:00,2017-01-25 23:00:00
c0d8e631,ca154930,delivered,2017-05-11 08:00:00,2017-05-11 10:00:00,2017-05-12 08:00:00,2017-05-15 08:00:00,2017-05-24 08:00:00
281b1d1a,19936fa5,delivered,2017-02-02 04:00:00,2017-02-02 07:00:00,2017-02-03 04:00:00,2017-02-14 04:00:00,2017-02-23 04:00:00
59a377ae,b8056d1f,delivered,2017-08-26 17:00:00,2017-08-26 18:00:00,2017-08-27 17:00:00,2017-08-29 17:00:00,2017-09-15 17:00:00
44fe4e3b,dc69e87b,shipped,2017-04-18 12:00:00,2017-04-18 14:00:00,2017-04-19 12:00:00,,2017-05-01 12:00:00
a0316727,84538466,delivered,2017-04-14 11:00:00,2017-04-14 15:00:00,2017-04-16 11:00:00,2017-04-25 11:00:00,2017-04-24 11:00:00
0bf91353,68ae5b82,delivered,2017-02-12 08:00:00,2017-02-12 12:00:00,2017-02-13 08:00:00,2017-02-19 08:00:00,2017-03-01 08:00:00
1e1cb562,08c30afb,delivered,2018-06-17 06:00:00,2018-06-17 07:00:00,2018-06-18 06:00:00,2018-06-26 06:00:00,2018-07-09 06:00:00
7d2413c6,45408e24,delivered,2018-03-13 12:00:00,2018-03-13 13:00:00,2018-03-15 12:00:00,2018-03-17 12:00:00,2018-04-05 12:00:00
09f18e2d,1e004640,delivered,2018-07-26 09:00:00,2018-07-26 11:00:00,2018-07-28 09:00:00,2018-08-08 09:00:00,2018-08-15 09:00:00
48a12f80,4d5db914,delivered,2017-11-17 11:00:00,2017-11-17 12:00:00,2017-11-19 11:00:00,2017-11-22 11:00:00,2017-11-30 11:00:00
3ef30699,b403a054,delivered,2018-04-09 05:00:00,2018-04-09 08:00:00,2018-04-10 05:00:00,2018-04-12 05:00:00,2018-04-19 05:00:00
58496fd5,614d16f3,delivered,2017-06-16 09:00:00,2017-06-16 11:00:00,2017-06-17 09:00:00,2017-06-19 09:00:00,2017-07-07 09:00:00
4e9d556e,8218ac8e,delivered,2017-02-20 17:00:00,2017-02-20 19:00:00,2017-02-22 17:00:00,2017-02-26 17:00:00,2017-03-08 17:00:00
550312f1,e8ddb1dc,delivered,2017-03-17 19:00:00,2017-03-17 22:00:00,2017-03-18 19:00:00,2017-03-27 19:00:00,2017-03-29 19:00:00
65f581a7,3f83ed4c,delivered,2018-01-02 13:00:00,2018-01-02 16:00:00,2018-01-03 13:00:00,2018-01-12 13:00:00,2018-01-21 13:00:00
9b6e141a,015d608d,shipped,2017-10-17 18:00:00,2017-10-17 19:00:00,2017-10-19 18:00:00,,2017-11-06 18:00:00
11f5b136,14535758,delivered,2018-07-10 00:00:00,2018-07-10 00:00:00,2018-07-11 00:00:00,2018-07-15 00:00:00,2018-07-20 00:00:00
3dbde45f,f5dba3ab,delivered,2017-06-13 05:00:00,2017-06-13 08:00:00,2017-06-15 05:00:00,2017-06-24 05:00:00,2017-06-30 05:00:00
c2aff994,30d37880,delivered,2018-08-10 00:00:00,2018-08-10 00:00:00,2018-08-12 00:00:00,2018-08-14 00:00:00,2018-08-27 00:00:00
2eeb76f0,3555ade0,delivered,2017-04-23 06:00:00,2017-04-23 10:00:00,2017-04-25 06:00:00,2017-05-05 06:00:00,2017-05-13 06:00:00
d5eb041a,63db1d21,delivered,2017-05-09 02:00:00,2017-05-09 05:00:00,2017-05-10 02:00:00,2017-05-18 02:00:00,2017-05-29 02:00:00
78acf2db,11541e6b,delivered,2018-02-24 01:00:00,2018-02-24 01:00:00,2018-02-25 01:00:00,2018-03-03 01:00:00,2018-03-07 01:00:00
b09b53d7,af0acaec,delivered,2018-03-11 23:00:00,2018-03-12 00:00:00,2018-03-12 23:00:00,2018-03-19 23:00:00,2018-03-30 23:00:00
e6c633ae,71c5f56a,delivered,2017-08-09 18:00:00,2017-08-09 20:00:00,2017-08-10 18:00:00,2017-08-23 18:00:00,2017-08-30 18:00:00
94bcdb69,1ae5e645,delivered,2017-01-23 00:00:00,2017-01-23 03:00:00,2017-01-25 00:00:00,2017-02-06 00:00:00,2017-02-14 00:00:00
35be3ba6,b28702f4,delivered,2017-05-03 01:00:00,2017-05-03 05:00:00,2017-05-05 01:00:00,2017-05-08 01:00:00,2017-05-18 01:00:00
b683cb61,bc7a9564,invoiced,2017-03-11 00:00:00,2017-03-11 02:00:00,2017-03-12 00:00:00,,2017-03-29 00:00:00
1d904ec3,aaa811b2,delivered,2017-11-03 20:00:00,2017-11-04 00:00:00,2017-11-04 20:00:00,2017-11-12 20:00:00,2017-11-21 20:00:00
bc010f4d,e7d56030,delivered,2017-02-04 10:00:00,2017-02-04 11:00:00,2017-02-06 10:00:00,2017-02-12 10:00:00,2017-02-16 10:00:00
5f79b29e,4bc270e2,delivered,2017-07-30 00:00:00,2017-07-30 02:00:00,2017-08-01 00:00:00,2017-08-06 00:00:00,2017-08-09 00:00:00
aeed3917,d8a13835,delivered,2017-11-11 19:00:00,2017-11-11 20:00:00,2017-11-13 19:00:00,2017-11-18 19:00:00,2017-12-02 19:00:00
21f49d76,6233281e,delivered,2018-06-02 02:00:00,2018-06-02 06:00:00,2018-06-04 02:00:00,2018-06-05 02:00:00,2018-06-17 02:00:00
b5a3643a,8f5fba63,delivered,2017-01-17 09:00:00,2017-01-17 10:00:00,2017-01-19 09:00:00,2017-01-31 09:00:00,2017-02-03 09:00:00
b002c69e,7da7bcac,delivered,2017-02-19 09:00:00,2017-02-19 11:00:00,2017-02-20 09:00:00,2017-02-25 09:00:00,2017-03-01 09:00:00
911c165b,c7cab217,delivered,2018-04-19 07:00:00,2018-04-19 08:00:00,2018-04-20 07:00:00,2018-04-29 07:00:00,2018-05-12 07:00:00
e2fb508d,f69e5663,delivered,2018-03-25 13:00:00,2018-03-25 13:00:00,2018-03-27 13:00:00,2018-03-31 13:00:00,2018-04-15 13:00:00
ecf9b89d,32f1fa41,delivered,2017-09-26 17:00:00,2017-09-26 18:00:00,2017-09-28 17:00:00,2017-09-29 17:00:00,2017-10-19 17:00:00
0dd69fa2,e94de761,delivered,2017-06-27 02:00:00,2017-06-27 04:00:00,2017-06-28 02:00:00,2017-07-06 02:00:00,2017-07-19 02:00:00
55c901cd,551c27bf,delivered,2018-01-02 09:00:00,2018-01-02 13:00:00,2018-01-04 09:00:00,2018-01-16 09:00:00,2018-01-22 09:00:00
6b237b96,59a8dd03,delivered,2018-03-31 06:00:00,2018-03-31 07:00:00,2018-04-01 06:00:00,2018-04-11 06:00:00,2018-04-17 06:00:00
85a700a3,a36e7535,delivered,2018-02-01 12:00:00,2018-02-01 14:00:00,2018-02-03 12:00:00,2018-02-05 12:00:00,2018-02-24 12:00:00
c817b726,6aed92cf,delivered,2017-03-28 10:00:00,2017-03-28 10:00:00,2017-03-29 10:00:00,2017-04-07 10:00:00,2017-04-07 10:00:00
b3d9fc8a,ae9849ad,delivered,2017-01-16 08:00:00,2017-01-16 10:00:00,2017-01-17 08:00:00,2017-01-27 08:00:00,2017-01-26 08:00:00
600caf04,2666cfdd,delivered,2018-07-05 17:00:00,2018-07-05 21:00:00,2018-07-07 17:00:00,2018-07-14 17:00:00,2018-07-23 17:00:00
10e64b34,1e12e8d3,delivered,2017-07-30 02:00:00,2017-07-30 03:00:00,2017-07-31 02:00:00,2017-08-11 02:00:00,2017-08-16 02:00:00
2b2f6420,6e39708c,delivered,2018-07-28 07:00:00,2018-07-28 08:00:00,2018-07-29 07:00:00,2018-08-04 07:00:00,2018-08-12 07:00:00
e769a370,d4ab9741,delivered,2017-05-04 03:00:00,2017-05-04 07:00:00,2017-05-06 03:00:00,2017-05-15 03:00:00,2017-05-28 03:00:00
709937af,ff92e1c8,delivered,2018-07-13 23:00:00,2018-07-14 01:00:00,2018-07-15 23:00:00,2018-07-20 23:00:00,2018-08-03 23:00:00
5cda3a3f,5f5dd6ef,delivered,2017-12-30 13:00:00,2017-12-30 14:00:00,2018-01-01 13:00:00,2018-01-06 13:00:00,2018-01-09 13:00:00
a9f23ffa,303dcb2e,delivered,2017-05-30 00:00:00,2017-05-30 01:00:00,2017-06-01 00:00:00,2017-06-07 00:00:00,2017-06-14 00:00:00
ce249804,0f86c5d7,delivered,2017-06-28 15:00:00,2017-06-28 17:00:00,2017-06-29 15:00:00,2017-07-07 15:00:00,2017-07-19 15:00:00
15faf118,61795a09,delivered,2018-02-03 16:00:00,2018-02-03 19:00:00,2018-02-04 16:00:00,2018-02-09 16:00:00,2018-02-13 16:00:00
6396e02c,50069d55,delivered,2017-01-20 14:00:00,2017-01-20 18:00:00,2017-01-22 14:00:00,2017-01-23 14:00:00,2017-02-01 14:00:00
d23b410e,a683a444,delivered,2017-08-05 14:00:00,2017-08-05 17:00:00,2017-08-06 14:00:00,2017-08-15 14:00:00,2017-08-26 14:00:00
213d7d28,faca5b9e,delivered,2018-02-26 15:00:00,2018-02-26 17:00:00,2018-02-28 15:00:00,2018-03-02 15:00:00,2018-03-08 15:00:00
17e69d55,f8974260,delivered,2017-08-05 00:00:00,2017-08-05 04:00:00,2017-08-06 00:00:00,2017-08-15 00:00:00,2017-08-18 00:00:00
98948e8c,05848530,delivered,2018-05-19 15:00:00,2018-05-19 19:00:00,2018-05-20 15:00:00,2018-05-23 15:00:00,2018-06-08 15:00:00
351dc6cb,f9463015,delivered,2018-08-17 03:00:00,2018-08-17 06:00:00,2018-08-19 03:00:00,2018-08-28 03:00:00,2018-09-10 03:00:00
f241aa5a,7a63bd91,delivered,2018-03-01 15:00:00,2018-03-01 19:00:00,2018-03-03 15:00:00,2018-03-13 15:00:00,2018-03-11 15:00:00
d8b79acc,0e2379a8,delivered,2018-07-18 08:00:00,2018-07-18 11:00:00,2018-07-19 08:00:00,2018-07-31 08:00:00,2018-08-05 08:00:00
47f9fc84,ff754e37,delivered,2018-07-10 14:00:00,2018-07-10 14:00:00,2018-07-11 14:00:00,2018-07-18 14:00:00,2018-07-21 14:00:00
d81b251b,c227408a,delivered,2018-02-08 02:00:00,2018-02-08 03:00:00,2018-02-10 02:00:00,2018-02-13 02:00:00,2018-02-28 02:00:00
64b48dec,d0b3b972,delivered,2018-08-08 22:00:00,2018-08-08 22:00:00,2018-08-09 22:00:00,2018-08-20 22:00:00,2018-08-29 22:00:00
81cd497e,da8f3728,delivered,2018-05-07 15:00:00,2018-05-07 15:00:00,2018-05-09 15:00:00,2018-05-18 15:00:00,2018-05-17 15:00:00
2dc6f4b8,a6314193,delivered,2018-07-02 10:00:00,2018-07-02 11:00:00,2018-07-03 10:00:00,2018-07-15 10:00:00,2018-07-22 10:00:00
f2e58a19,3fa7db7b,delivered,2017-08-03 21:00:00,2017-08-03 23:00:00,2017-08-04 21:00:00,2017-08-17 21:00:00,2017-08-17 21:00:00
b7c9ab48,fc88770b,delivered,2017-01-12 02:00:00,2017-01-12 02:00:00,2017-01-14 02:00:00,2017-01-17 02:00:00,2017-01-23 02:00:00
75b1e43c,6c983e17,delivered,2017-11-24 21:00:00,2017-11-25 00:00:00,2017-11-26 21:00:00,2017-12-05 21:00:00,2017-12-11 21:00:00
cdacbeaf,890a653d,delivered,2017-01-13 13:00:00,2017-01-13 17:00:00,2017-01-15 13:00:00,2017-01-16 13:00:00,2017-01-29 13:00:00
42f54e62,eb020292,delivered,2017-12-23 11:00:00,2017-12-23 14:00:00,2017-12-25 11:00:00,2017-12-28 11:00:00,2018-01-07 11:00:00
e05b9691,4d4bd54b,delivered,2017-01-04 14:00:00,2017-01-04 14:00:00,2017-01-06 14:00:00,2017-01-14 14:00:00,2017-01-19 14:00:00
fbe8dbd6,f46c1b2d,delivered,2017-11-10 08:00:00,2017-11-10 08:00:00,2017-11-12 08:00:00,2017-11-18 08:00:00,2017-11-23 08:00:00
944f391a,8110fba8,delivered,2017-11-11 04:00:00,2017-11-11 06:00:00,2017-11-12 04:00:00,2017-11-22 04:00:00,2017-12-05 04:00:00
cfe4e3fd,2dd0a1d4,delivered,2018-07-17 15:00:00,2018-07-17 15:00:00,2018-07-18 15:00:00,2018-07-27 15:00:00,2018-08-09 15:00:00
5f221d4c,a8eb2ea7,delivered,2017-12-23 02:00:00,2017-12-23 03:00:00,2017-12-24 02:00:00,2017-12-26 02:00:00,2018-01-08 02:00:00
3f59035c,d9153034,delivered,2017-04-28 21:00:00,2017-04-28 23:00:00,2017-04-29 21:00:00,2017-05-12 21:00:00,2017-05-18 21:00:00
3a59572e,3fedf3cc,delivered,2017-05-17 01:00:00,2017-05-17 05:00:00,2017-05-18 01:00:00,2017-05-22 01:00:00,2017-06-07 01:00:00
a6028e54,551ebacc,shipped,2017-01-07 00:00:00,2017-01-07 01:00:00,2017-01-08 00:00:00,,2017-01-29 00:00:00
0512b4ad,2d60a201,delivered,2018-01-09 04:00:00,2018-01-09 08:00:00,2018-01-10 04:00:00,2018-01-23 04:00:00,2018-01-19 04:00:00
c7260ad7,311c4acb,delivered,2017-04-17 00:00:00,2017-04-17 03:00:00,2017-04-18 00:00:00,2017-04-24 00:00:00,2017-05-02 00:00:00
7f5aee00,7af56b5c,delivered,2017-08-03 01:00:00,2017-08-03 03:00:00,2017-08-05 01:00:00,2017-08-11 01:00:00,2017-08-23 01:00:00
b0dedaa7,375eec33,delivered,2018-08-02 18:00:00,2018-08-02 22:00:00,2018-08-03 18:00:00,2018-08-13 18:00:00,2018-08-16 18:00:00
f7e1697e,5992316c,delivered,2017-12-03 00:00:00,2017-12-03 03:00:00,2017-12-04 00:00:00,2017-12-12 00:00:00,2017-12-23 00:00:00
8d79f965,4c8ca2d8,delivered,2017-06-26 11:00:00,2017-06-26 13:00:00,2017-06-28 11:00:00,2017-07-09 11:00:00,2017-07-20 11:00:00
8b35b5cc,05fb0a08,delivered,2018-03-07 04:00:00,2018-03-07 05:00:00,2018-03-09 04:00:00,2018-03-11 04:00:00,2018-03-17 04:00:00
908f9f09,aa650807,delivered,2017-05-05 19:00:00,2017-05-05 22:00:00,2017-05-06 19:00:00,2017-05-12 19:00:00,2017-05-28 19:00:00
7fb7bbb2,2ca259c9,delivered,2017-02-15 19:00:00,2017-02-15 23:00:00,2017-02-16 19:00:00,2017-02-22 19:00:00,2017-03-08 19:00:00
d3eb64d4,8303846d,delivered,2018-01-30 04:00:00,2018-01-30 07:00:00,2018-02-01 04:00:00,2018-02-11 04:00:00,2018-02-10 04:00:00
7c27eca8,6dea454e,canceled,2018-03-29 07:00:00,2018-03-29 09:00:00,2018-03-30 07:00:00,,2018-04-09 07:00:00
b865c669,11f90b98,delivered,2018-06-18 08:00:00,2018-06-18 09:00:00,2018-06-19 08:00:00,2018-06-26 08:00:00,2018-07-06 08:00:00
39394046,de08768c,delivered,2017-08-25 05:00:00,2017-08-25 05:00:00,2017-08-26 05:00:00,2017-08-29 05:00:00,2017-09-18 05:00:00
fcf4c0ac,9b48754d,delivered,2017-08-11 02:00:00,2017-08-11 04:00:00,2017-08-13 02:00:00,2017-08-14 02:00:00,2017-09-04 02:00:00
b0dda314,f3438afa,shipped,2017-12-14 13:00:00,2017-12-14 14:00:00,2017-12-15 13:00:00,,2017-12-30 13:00:00
a9bdf9a2,b11a4473,delivered,2017-04-04 05:00:00,2017-04-04 07:00:00,2017-04-05 05:00:00,2017-04-12 05:00:00,2017-04-26 05:00:00
fc26d91c,04fefce6,delivered,2018-04-30 19:00:00,2018-04-30 21:00:00,2018-05-01 19:00:00,2018-05-11 19:00:00,2018-05-13 19:00:00
bd4d3f2a,52ffd30f,delivered,2017-01-07 23:00:00,2017-01-08 01:00:00,2017-01-08 23:00:00,2017-01-18 23:00:00,2017-01-26 23:00:00
a993c516,78ca5c3d,delivered,2018-03-21 08:00:00,2018-03-21 10:00:00,2018-03-23 08:00:00,2018-03-27 08:00:00,2018-03-31 08:00:00
3febbd42,31d64465,delivered,2017-04-19 06:00:00,2017-04-19 08:00:00,2017-04-20 06:00:00,2017-04-27 06:00:00,2017-05-06 06:00:00
3834545e,1776a9cb,shipped,2017-01-05 21:00:00,2017-01-05 22:00:00,2017-01-06 21:00:00,,2017-01-21 21:00:00
c6fdb4ec,db382de2,delivered,2017-05-07 06:00:00,2017-05-07 10:00:00,2017-05-08 06:00:00,2017-05-14 06:00:00,2017-05-24 06:00:00
141f9725,96e81c59,delivered,2017-07-18 21:00:00,2017-07-19 00:00:00,2017-07-19 21:00:00,2017-07-28 21:00:00,2017-07-30 21:00:00
db110617,c4f1f011,delivered,2017-07-02 05:00:00,2017-07-02 06:00:00,2017-07-04 05:00:00,2017-07-10 05:00:00,2017-07-18 05:00:00
91b5c2a8,cda8546e,delivered,2017-03-23 05:00:00,2017-03-23 09:00:00,2017-03-25 05:00:00,2017-03-28 05:00:00,2017-04-12 05:00:00
82f98186,8a1ef2e0,delivered,2017-01-31 04:00:00,2017-01-31 05:00:00,2017-02-01 04:00:00,2017-02-08 04:00:00,2017-02-20 04:00:00
acaeefa3,30c665f5,delivered,2018-07-27 18:00:00,2018-07-27 19:00:00,2018-07-29 18:00:00,2018-08-03 18:00:00,2018-08-17 18:00:00
66e8532a,da71e555,delivered,2017-01-19 19:00:00,2017-01-19 23:00:00,2017-01-20 19:00:00,2017-01-22 19:00:00,2017-01-31 19:00:00
c341941d,22556787,delivered,2018-05-08 15:00:00,2018-05-08 17:00:00,2018-05-09 15:00:00,2018-05-13 15:00:00,2018-05-21 15:00:00
b9ee9186,cc07a7f3,delivered,2018-07-16 20:00:00,2018-07-16 22:00:00,2018-07-18 20:00:00,2018-07-30 20:00:00,2018-08-07 20:00:00
4417734a,34148bcf,invoiced,2017-12-17 10:00:00,2017-12-17 13:00:00,2017-12-19 10:00:00,,2018-01-03 10:00:00
7eed7bf2,c17e62e5,delivered,2018-08-03 15:00:00,2018-08-03 16:00:00,2018-08-04 15:00:00,2018-08-14 15:00:00,2018-08-17 15:00:00
0a445800,887896f4,delivered,2017-09-29 22:00:00,2017-09-30 01:00:00,2017-09-30 22:00:00,2017-10-11 22:00:00,2017-10-22 22:00:00
d8f2c1d9,855d0cf3,delivered,2017-04-29 18:00:00,2017-04-29 19:00:00,2017-05-01 18:00:00,2017-05-08 18:00:00,2017-05-21 18:00:00
992f3a42,2f534edf,delivered,2017-12-17 08:00:00,2017-12-17 12:00:00,2017-12-18 08:00:00,2017-12-27 08:00:00,2018-01-02 08:00:00
04e7b908,1e004640,delivered,2017-02-04 12:00:00,2017-02-04 15:00:00,2017-02-05 12:00:00,2017-02-17 12:00:00,2017-02-17 12:00:00
a4a0194c,fc7a39c5,delivered,2017-04-21 11:00:00,2017-04-21 15:00:00,2017-04-23 11:00:00,2017-05-03 11:00:00,2017-05-11 11:00:00
4cfea5aa,a769cb4b,delivered,2017-10-21 22:00:00,2017-10-21 22:00:00,2017-10-22 22:00:00,2017-10-26 22:00:00,2017-11-10 22:00:00
ef454f34,fdfae77b,delivered,2017-08-07 13:00:00,2017-08-07 16:00:00,2017-08-08 13:00:00,2017-08-12 13:00:00,2017-08-19 13:00:00
02673fdc,7514857e,delivered,2017-11-03 23:00:00,2017-11-04 00:00:00,2017-11-05 23:00:00,2017-11-06 23:00:00,2017-11-24 23:00:00
d5cc3adc,87b28ead,delivered,2017-08-05 14:00:00,2017-08-05 15:00:00,2017-08-06 14:00:00,2017-08-17 14:00:00,2017-08-15 14:00:00
4e7f8487,0f7cfe66,delivered,2018-07-07 10:00:00,2018-07-07 10:00:00,2018-07-08 10:00:00,2018-07-12 10:00:00,2018-07-19 10:00:00
b8062abf,bc82713b,delivered,2018-04-23 17:00:00,2018-04-23 20:00:00,2018-04-24 17:00:00,2018-05-02 17:00:00,2018-05-03 17:00:00
910c0063,4fa5aeb5,delivered,2017-07-19 14:00:00,2017-07-19 18:00:00,2017-07-20 14:00:00,2017-07-29 14:00:00,2017-08-09 14:00:00
3717f4d9,52ffd30f,delivered,2017-04-01 11:00:00,2017-04-01 12:00:00,2017-04-03 11:00:00,2017-04-10 11:00:00,2017-04-24 11:00:00
2bbf9112,d0b05466,delivered,2017-11-07 00:00:00,2017-11-07 02:00:00,2017-11-08 00:00:00,2017-11-16 00:00:00,2017-11-20 00:00:00
ee1a0758,ad3a4061,delivered,2018-04-05 04:00:00,2018-04-05 08:00:00,2018-04-06 04:00:00,2018-04-19 04:00:00,2018-04-26 04:00:00
9ed2b02e,6b2c5299,delivered,2017-07-28 09:00:00,2017-07-28 09:00:00,2017-07-29 09:00:00,2017-08-01 09:00:00,2017-08-17 09:00:00
10929fca,67a0d7fb,processing,2018-05-31 21:00:00,2018-05-31 23:00:00,2018-06-01 21:00:00,,2018-06-16 21:00:00
9a9b628b,cb9229f5,delivered,2017-02-05 20:00:00,2017-02-05 22:00:00,2017-02-07 20:00:00,2017-02-19 20:00:00,2017-03-01 20:00:00
5bb5ac44,df81b34e,delivered,2017-06-07 16:00:00,2017-06-07 19:00:00,2017-06-09 16:00:00,2017-06-20 16:00:00,2017-06-27 16:00:00
037c93b8,5a9a4a1d,delivered,2017-02-25 21:00:00,2017-02-26 00:00:00,2017-02-27 21:00:00,2017-03-05 21:00:00,2017-03-21 21:00:00
b8dd78ad,64c2b46c,delivered,2017-08-02 18:00:00,2017-08-02 18:00:00,2017-08-04 18:00:00,2017-08-10 18:00:00,2017-08-12 18:00:00
02f30e0b,0fc727a4,delivered,2018-04-24 14:00:00,2018-04-24 15:00:00,2018-04-25 14:00:00,2018-05-01 14:00:00,2018-05-18 14:00:00
67b24d3d,5b144818,delivered,2018-04-11 20:00:00,2018-04-12 00:00:00,2018-04-12 20:00:00,2018-04-23 20:00:00,2018-05-04 20:00:00
329892dc,66ab80d0,delivered,2018-08-15 06:00:00,2018-08-15 10:00:00,2018-08-17 06:00:00,2018-08-19 06:00:00,2018-08-29 06:00:00
7ed9c16a,2a5c2be0,delivered,2018-01-26 05:00:00,2018-01-26 05:00:00,2018-01-27 05:00:00,2018-02-09 05:00:00,2018-02-05 05:00:00
22e84e68,cdea702e,delivered,2017-02-04 05:00:00,2017-02-04 07:00:00,2017-02-06 05:00:00,2017-02-11 05:00:00,2017-02-16 05:00:00
099806f3,20468d25,delivered,2018-05-09 22:00:00,2018-05-10 00:00:00,2018-05-11 22:00:00,2018-05-23 22:00:00,2018-06-02 22:00:00
2bac39f1,ebe88ec9,delivered,2017-01-31 07:00:00,2017-01-31 11:00:00,2017-02-01 07:00:00,2017-02-03 07:00:00,2017-02-15 07:00:00
6357489b,a472b499,delivered,2017-10-25 22:00:00,2017-10-25 22:00:00,2017-10-27 22:00:00,2017-10-28 22:00:00,2017-11-12 22:00:00
cc6f1979,14e0c965,delivered,2017-08-17 10:00:00,2017-08-17 14:00:00,2017-08-18 10:00:00,2017-08-25 10:00:00,2017-09-02 10:00:00
85b6f83d,1e3bc8e9,delivered,2018-02-24 19:00:00,2018-02-24 20:00:00,2018-02-26 19:00:00,2018-03-06 19:00:00,2018-03-18 19:00:00
6821fe65,064c3cf7,delivered,2018-01-18 16:00:00,2018-01-18 19:00:00,2018-01-20 16:00:00,2018-01-29 16:00:00,2018-02-07 16:00:00
91887bcd,a3937cbc,delivered,2017-12-10 02:00:00,2017-12-10 04:00:00,2017-12-12 02:00:00,2017-12-17 02:00:00,2018-01-01 02:00:00
b14dfc20,9f5a5def,delivered,2017-02-26 13:00:00,2017-02-26 16:00:00,2017-02-28 13:00:00,2017-03-01 13:00:00,2017-03-09 13:00:00
1f3e8c7b,32ac6ffb,delivered,2017-12-18 14:00:00,2017-12-18 17:00:00,2017-12-20 14:00:00,2017-12-25 14:00:00,2018-01-09 14:00:00
7609f95b,dd362259,delivered,2018-05-09 13:00:00,2018-05-09 13:00:00,2018-05-11 13:00:00,2018-05-14 13:00:00,2018-05-27 13:00:00
db8907da,eb3878e8,delivered,2018-08-06 20:00:00,2018-08-06 23:00:00,2018-08-08 20:00:00,2018-08-10 20:00:00,2018-08-19 20:00:00
9f795ccb,7f404593,delivered,2017-03-01 12:00:00,2017-03-01 14:00:00,2017-03-02 12:00:00,2017-03-13 12:00:00,2017-03-17 12:00:00
f7967a56,5c55827e,delivered,2017-11-24 20:00:00,2017-11-24 23:00:00,2017-11-26 20:00:00,2017-11-27 20:00:00,2017-12-15 20:00:00
4599cd64,20b80618,delivered,2018-08-22 02:00:00,2018-08-22 02:00:00,2018-08-23 02:00:00,2018-09-02 02:00:00,2018-09-02 02:00:00
8be372f9,7c1926c2,delivered,2018-01-23 05:00:00,2018-01-23 09:00:00,2018-01-25 05:00:00,2018-02-02 05:00:00,2018-02-03 05:00:00
2b7c2fbe,79f8b689,delivered,2017-08-12 20:00:00,2017-08-13 00:00:00,2017-08-13 20:00:00,2017-08-26 20:00:00,2017-08-30 20:00:00
d1da6d73,2dac2baf,delivered,2018-05-16 20:00:00,2018-05-16 23:00:00,2018-05-18 20:00:00,2018-05-28 20:00:00,2018-06-02 20:00:00
12f401d2,f16958ed,delivered,2018-03-27 03:00:00,2018-03-27 04:00:00,2018-03-28 03:00:00,2018-04-08 03:00:00,2018-04-07 03:00:00
c974d34c,ce020f46,delivered,2018-01-22 02:00:00,2018-01-22 04:00:00,2018-01-24 02:00:00,2018-01-30 02:00:00,2018-02-01 02:00:00
d3a3516a,5d1074ac,delivered,2017-04-10 13:00:00,2017-04-10 15:00:00,2017-04-11 13:00:00,2017-04-24 13:00:00,2017-04-25 13:00:00
057a8ffd,ec5b442e,delivered,2017-08-15 20:00:00,2017-08-16 00:00:00,2017-08-16 20:00:00,2017-08-19 20:00:00,2017-09-04 20:00:00
0b40005f,acaf54d7,delivered,2017-01-19 07:00:00,2017-01-19 10:00:00,2017-01-21 07:00:00,2017-01-29 07:00:00,2017-02-06 07:00:00
60f800e5,43524ed4,delivered,2017-05-15 20:00:00,2017-05-15 21:00:00,2017-05-17 20:00:00,2017-05-28 20:00:00,2017-06-08 20:00:00
804b4426,f2245137,delivered,2017-07-28 10:00:00,2017-07-28 13:00:00,2017-07-29 10:00:00,2017-08-09 10:00:00,2017-08-16 10:00:00
8a80a951,fa89edbb,delivered,2017-11-04 08:00:00,2017-11-04 08:00:00,2017-11-06 08:00:00,2017-11-16 08:00:00,2017-11-20 08:00:00
dcbd5740,44dd0384,delivered,2017-11-28 21:00:00,2017-11-29 00:00:00,2017-11-29 21:00:00,2017-12-09 21:00:00,2017-12-18 21:00:00
169669ff,2215ea54,canceled,2018-08-16 12:00:00,2018-08-16 14:00:00,2018-08-18 12:00:00,,2018-09-06 12:00:00
cfd24462,1cf55291,delivered,2017-02-11 06:00:00,2017-02-11 09:00:00,2017-02-12 06:00:00,2017-02-16 06:00:00,2017-03-06 06:00:00
aae654a7,4a5d207b,delivered,2017-05-21 00:00:00,2017-05-21 02:00:00,2017-05-22 00:00:00,2017-05-28 00:00:00,2017-06-01 00:00:00
3aa87593,5a1a98b9,delivered,2017-03-08 15:00:00,2017-03-08 16:00:00,2017-03-10 15:00:00,2017-03-21 15:00:00,2017-03-18 15:00:00
3792fafc,1176d8ce,delivered,2018-03-14 18:00:00,2018-03-14 22:00:00,2018-03-16 18:00:00,2018-03-19 18:00:00,2018-04-02 18:00:00
cd51203d,2e490e45,delivered,2017-06-28 21:00:00,2017-06-29 00:00:00,2017-06-29 21:00:00,2017-07-03 21:00:00,2017-07-15 21:00:00
8dff03cd,b96d9fa6,delivered,2017-08-26 17:00:00,2017-08-26 18:00:00,2017-08-27 17:00:00,2017-08-31 17:00:00,2017-09-10 17:00:00
d6839195,8a5566e7,delivered,2018-05-19 04:00:00,2018-05-19 05:00:00,2018-05-20 04:00:00,2018-06-01 04:00:00,2018-06-02 04:00:00
d08b1a9f,24781d90,processing,2018-01-18 04:00:00,2018-01-18 06:00:00,2018-01-19 04:00:00,,2018-02-06 04:00:00
427db31a,dd362259,delivered,2017-01-23 14:00:00,2017-01-23 14:00:00,2017-01-25 14:00:00,2017-01-29 14:00:00,2017-02-16 14:00:00
2a73b4b1,57ee4f2e,delivered,2017-05-07 13:00:00,2017-05-07 14:00:00,2017-05-08 13:00:00,2017-05-15 13:00:00,2017-05-30 13:00:00
4c6ad4ee,da11df8a,delivered,2018-06-07 10:00:00,2018-06-07 11:00:00,2018-06-09 10:00:00,2018-06-18 10:00:00,2018-06-26 10:00:00
e71ca241,c0de3a56,delivered,2017-03-13 22:00:00,2017-03-14 02:00:00,2017-03-15 22:00:00,2017-03-18 22:00:00,2017-03-28 22:00:00
65c8fdac,f94aa647,delivered,2017-09-05 00:00:00,2017-09-05 01:00:00,2017-09-07 00:00:00,2017-09-18 00:00:00,2017-09-16 00:00:00
ae602e0c,d89be66b,delivered,2017-01-10 04:00:00,2017-01-10 06:00:00,2017-01-12 04:00:00,2017-01-17 04:00:00,2017-02-01 04:00:00
deeed10b,3cec8e18,delivered,2017-01-27 00:00:00,2017-01-27 02:00:00,2017-01-29 00:00:00,2017-02-06 00:00:00,2017-02-08 00:00:00
08c313bf,1c35a717,shipped,2017-05-01 17:00:00,2017-05-01 19:00:00,2017-05-03 17:00:00,,2017-05-21 17:00:00
acfb9677,fade1f1e,delivered,2017-08-30 06:00:00,2017-08-30 06:00:00,2017-09-01 06:00:00,2017-09-04 06:00:00,2017-09-17 06:00:00
d7b37825,c662f125,canceled,2017-08-19 16:00:00,2017-08-19 20:00:00,2017-08-21 16:00:00,,2017-09-01 16:00:00
a193d036,b2201a7b,delivered,2017-02-11 16:00:00,2017-02-11 17:00:00,2017-02-12 16:00:00,2017-02-23 16:00:00,2017-02-28 16:00:00
6de3a145,692b9748,delivered,2017-03-10 17:00:00,2017-03-10 19:00:00,2017-03-12 17:00:00,2017-03-14 17:00:00,2017-03-30 17:00:00
6539c884,77731cc6,delivered,2017-02-20 20:00:00,2017-02-20 23:00:00,2017-02-21 20:00:00,2017-02-24 20:00:00,2017-03-13 20:00:00
19b52cd9,14535758,delivered,2017-03-17 21:00:00,2017-03-18 00:00:00,2017-03-18 21:00:00,2017-03-27 21:00:00,2017-04-03 21:00:00
408e30c2,5c5342f1,delivered,2018-05-05 20:00:00,2018-05-05 21:00:00,2018-05-06 20:00:00,2018-05-16 20:00:00,2018-05-21 20:00:00
f2a90256,4c32a34d,delivered,2017-09-07 17:00:00,2017-09-07 19:00:00,2017-09-09 17:00:00,2017-09-14 17:00:00,2017-09-29 17:00:00
ebdc4d32,d5eebfd2,delivered,2018-08-14 22:00:00,2018-08-14 22:00:00,2018-08-16 22:00:00,2018-08-27 22:00:00,2018-09-06 22:00:00
246ce34e,90358977,delivered,2017-11-20 14:00:00,2017-11-20 17:00:00,2017-11-22 14:00:00,2017-11-24 14:00:00,2017-12-08 14:00:00
6aeb01f9,53a9a14c,delivered,2018-03-10 04:00:00,2018-03-10 07:00:00,2018-03-11 04:00:00,2018-03-22 04:00:00,2018-03-25 04:00:00
08653ecc,20b21d73,delivered,2017-05-06 08:00:00,2017-05-06 10:00:00,2017-05-08 08:00:00,2017-05-11 08:00:00,2017-05-19 08:00:00
43f9bf58,3e5d1d30,delivered,2017-08-16 11:00:00,2017-08-16 13:00:00,2017-08-18 11:00:00,2017-08-26 11:00:00,2017-08-26 11:00:00
a74c6456,7a91d550,delivered,2018-03-28 09:00:00,2018-03-28 11:00:00,2018-03-30 09:00:00,2018-04-01 09:00:00,2018-04-18 09:00:00
951374b5,b6f01b27,shipped,2018-07-10 02:00:00,2018-07-10 04:00:00,2018-07-12 02:00:00,,2018-07-20 02:00:00
64206266,f46c1b2d,delivered,2017-02-02 12:00:00,2017-02-02 16:00:00,2017-02-04 12:00:00,2017-02-14 12:00:00,2017-02-18 12:00:00
4b0d344b,0e70b1b0,delivered,2018-02-17 01:00:00,2018-02-17 03:00:00,2018-02-19 01:00:00,2018-02-20 01:00:00,2018-03-04 01:00:00
dbe38073,9c9a2b25,delivered,2017-05-19 16:00:00,2017-05-19 19:00:00,2017-05-21 16:00:00,2017-06-01 16:00:00,2017-06-10 16:00:00
53c251c0,9a7b4346,delivered,2018-05-15 13:00:00,2018-05-15 13:00:00,2018-05-16 13:00:00,2018-05-26 13:00:00,2018-05-31 13:00:00
39261f48,f894c456,delivered,2017-04-19 18:00:00,2017-04-19 22:00:00,2017-04-21 18:00:00,2017-05-01 18:00:00,2017-04-30 18:00:00
0307076e,d293c18a,delivered,2018-07-20 12:00:00,2018-07-20 16:00:00,2018-07-21 12:00:00,2018-07-27 12:00:00,2018-08-03 12:00:00
f51256c6,eeea22e7,delivered,2017-10-15 15:00:00,2017-10-15 15:00:00,2017-10-16 15:00:00,2017-10-28 15:00:00,2017-10-26 15:00:00
d4195f91,4d7d894c,delivered,2018-05-31 17:00:00,2018-05-31 18:00:00,2018-06-01 17:00:00,2018-06-14 17:00:00,2018-06-21 17:00:00
60eda27e,05bedc0e,delivered,2017-11-08 19:00:00,2017-11-08 20:00:00,2017-11-09 19:00:00,2017-11-12 19:00:00,2017-11-18 19:00:00
8d35bb4e,f46d5b12,delivered,2017-04-04 21:00:00,2017-04-04 21:00:00,2017-04-05 21:00:00,2017-04-18 21:00:00,2017-04-15 21:00:00
3593f948,10a07a58,delivered,2017-11-17 01:00:00,2017-11-17 04:00:00,2017-11-19 01:00:00,2017-11-26 01:00:00,2017-12-06 01:00:00
2f82f26b,d2036d43,delivered,2018-07-10 19:00:00,2018-07-10 19:00:00,2018-07-12 19:00:00,2018-07-16 19:00:00,2018-08-03 19:00:00
d30927ad,76546fca,canceled,2017-08-24 20:00:00,2017-08-25 00:00:00,2017-08-25 20:00:00,,2017-09-06 20:00:00
7564a418,6862c1a5,delivered,2018-02-26 04:00:00,2018-02-26 07:00:00,2018-02-28 04:00:00,2018-03-08 04:00:00,2018-03-13 04:00:00
35fbc5a6,42f3f2ee,delivered,2018-02-03 05:00:00,2018-02-03 08:00:00,2018-02-04 05:00:00,2018-02-16 05:00:00,2018-02-18 05:00:00
5610d393,cc07a7f3,delivered,2018-06-15 18:00:00,2018-06-15 18:00:00,2018-06-16 18:00:00,2018-06-27 18:00:00,2018-07-06 18:00:00
b16a3c3f,e253080b,delivered,2018-08-09 23:00:00,2018-08-10 01:00:00,2018-08-11 23:00:00,2018-08-18 23:00:00,2018-08-30 23:00:00
4add87a4,d7d9f98a,delivered,2017-02-25 02:00:00,2017-02-25 06:00:00,2017-02-26 02:00:00,2017-03-05 02:00:00,2017-03-17 02:00:00
129c79ce,62f7edd2,delivered,2017-08-19 03:00:00,2017-08-19 03:00:00,2017-08-20 03:00:00,2017-08-22 03:00:00,2017-08-30 03:00:00
e5eb06e0,ad905151,delivered,2018-07-19 23:00:00,2018-07-20 02:00:00,2018-07-20 23:00:00,2018-07-22 23:00:00,2018-08-10 23:00:00
c6a1f099,462907e6,delivered,2017-01-27 17:00:00,2017-01-27 18:00:00,2017-01-28 17:00:00,2017-02-07 17:00:00,2017-02-08 17:00:00
e350e428,04a4825f,delivered,2017-01-30 08:00:00,2017-01-30 09:00:00,2017-01-31 08:00:00,2017-02-10 08:00:00,2017-02-19 08:00:00
e87d954d,0a4c8b6c,delivered,2017-09-30 21:00:00,2017-09-30 22:00:00,2017-10-01 21:00:00,2017-10-09 21:00:00,2017-10-18 21:00:00
ac801839,ff2fb3f4,delivered,2018-05-24 18:00:00,2018-05-24 20:00:00,2018-05-26 18:00:00,2018-06-04 18:00:00,2018-06-03 18:00:00
47ecdb27,cfb1dc1b,delivered,2017-02-16 11:00:00,2017-02-16 13:00:00,2017-02-17 11:00:00,2017-03-01 11:00:00,2017-03-05 11:00:00
87604e98,bd469f66,invoiced,2017-01-26 06:00:00,2017-01-26 06:00:00,2017-01-27 06:00:00,,2017-02-07 06:00:00
3df07ea1,dbf672b3,delivered,2017-08-04 21:00:00,2017-08-04 23:00:00,2017-08-06 21:00:00,2017-08-15 21:00:00,2017-08-19 21:00:00
763364f2,9c2c0e49,delivered,2017-01-17 16:00:00,2017-01-17 17:00:00,2017-01-19 16:00:00,2017-01-22 16:00:00,2017-02-03 16:00:00
e7874b41,2585260d,delivered,2018-05-12 03:00:00,2018-05-12 03:00:00,2018-05-13 03:00:00,2018-05-16 03:00:00,2018-05-28 03:00:00
35ee52f6,cc5e9e39,delivered,2017-04-02 08:00:00,2017-04-02 11:00:00,2017-04-04 08:00:00,2017-04-05 08:00:00,2017-04-12 08:00:00
b79f73c5,af0e59e8,delivered,2018-03-09 06:00:00,2018-03-09 08:00:00,2018-03-10 06:00:00,2018-03-12 06:00:00,2018-03-21 06:00:00
55120ae9,cad1c79f,delivered,2018-07-19 03:00:00,2018-07-19 06:00:00,2018-07-20 03:00:00,2018-07-27 03:00:00,2018-08-08 03:00:00
b9c1f3d3,5dd40564,delivered,2018-06-10 20:00:00,2018-06-10 20:00:00,2018-06-12 20:00:00,2018-06-14 20:00:00,2018-06-25 20:00:00
3dfe0d5b,583a235d,delivered,2017-06-17 02:00:00,2017-06-17 02:00:00,2017-06-18 02:00:00,2017-06-23 02:00:00,2017-07-08 02:00:00
8ec14ce1,0f86c5d7,delivered,2017-09-09 12:00:00,2017-09-09 15:00:00,2017-09-11 12:00:00,2017-09-15 12:00:00,2017-09-22 12:00:00
c23eb342,f2000a03,delivered,2018-03-07 05:00:00,2018-03-07 06:00:00,2018-03-09 05:00:00,2018-03-19 05:00:00,2018-03-23 05:00:00
dc9724a7,be4a5e92,delivered,2018-08-09 14:00:00,2018-08-09 17:00:00,2018-08-10 14:00:00,2018-08-13 14:00:00,2018-08-26 14:00:00
69eba34a,1d17d5c0,delivered,2018-03-13 20:00:00,2018-03-13 22:00:00,2018-03-15 20:00:00,2018-03-24 20:00:00,2018-03-26 20:00:00
855d6557,232bc734,delivered,2018-08-23 12:00:00,2018-08-23 16:00:00,2018-08-25 12:00:00,2018-08-31 12:00:00,2018-09-07 12:00:00
561505a5,50765484,delivered,2017-02-12 21:00:00,2017-02-12 23:00:00,2017-02-13 21:00:00,2017-02-16 21:00:00,2017-03-03 21:00:00
b3ce5fed,e38a0fd3,delivered,2018-06-16 17:00:00,2018-06-16 17:00:00,2018-06-18 17:00:00,2018-06-19 17:00:00,2018-07-03 17:00:00
f1f2330a,5749440f,delivered,2018-04-05 21:00:00,2018-04-05 22:00:00,2018-04-07 21:00:00,2018-04-12 21:00:00,2018-04-28 21:00:00
21322e4d,1b5e60b0,delivered,2018-06-24 21:00:00,2018-06-25 00:00:00,2018-06-25 21:00:00,2018-06-29 21:00:00,2018-07-12 21:00:00
c8e736b5,50652fbc,delivered,2017-03-28 22:00:00,2017-03-29 01:00:00,2017-03-30 22:00:00,2017-04-10 22:00:00,2017-04-10 22:00:00
018715a5,2d0aacf5,delivered,2018-06-09 03:00:00,2018-06-09 06:00:00,2018-06-11 03:00:00,2018-06-23 03:00:00,2018-06-21 03:00:00
cf33f7f2,67a0d7fb,delivered,2017-02-25 07:00:00,2017-02-25 08:00:00,2017-02-26 07:00:00,2017-02-28 07:00:00,2017-03-09 07:00:00
fc8c5750,f160a010,delivered,2018-07-21 19:00:00,2018-07-21 19:00:00,2018-07-22 19:00:00,2018-07-31 19:00:00,2018-08-02 19:00:00
94d95651,0de6b0d4,delivered,2017-08-10 14:00:00,2017-08-10 17:00:00,2017-08-11 14:00:00,2017-08-21 14:00:00,2017-08-20 14:00:00
62195230,4b09c649,delivered,2017-11-14 03:00:00,2017-11-14 04:00:00,2017-11-16 03:00:00,2017-11-23 03:00:00,2017-11-29 03:00:00
f230e698,777953cd,delivered,2017-01-24 06:00:00,2017-01-24 08:00:00,2017-01-26 06:00:00,2017-02-02 06:00:00,2017-02-17 06:00:00
89acef8a,1afbd9f2,delivered,2017-09-15 06:00:00,2017-09-15 10:00:00,2017-09-17 06:00:00,2017-09-22 06:00:00,2017-10-03 06:00:00
ea6d2be2,aa8ea2e1,delivered,2017-10-16 13:00:00,2017-10-16 15:00:00,2017-10-17 13:00:00,2017-10-24 13:00:00,2017-10-30 13:00:00
2b07f624,03d36078,delivered,2017-12-11 13:00:00,2017-12-11 14:00:00,2017-12-13 13:00:00,2017-12-17 13:00:00,2017-12-23 13:00:00
cb60fb9d,c6a184ad,delivered,2017-12-01 10:00:00,2017-12-01 14:00:00,2017-12-03 10:00:00,2017-12-15 10:00:00,2017-12-13 10:00:00
afa87cf7,5d1074ac,delivered,2018-08-09 14:00:00,2018-08-09 17:00:00,2018-08-10 14:00:00,2018-08-13 14:00:00,2018-08-26 14:00:00
748ce146,93401c5f,canceled,2017-08-04 04:00:00,2017-08-04 08:00:00,2017-08-05 04:00:00,,2017-08-28 04:00:00
d64b3f56,5274059c,delivered,2017-03-31 07:00:00,2017-03-31 11:00:00,2017-04-02 07:00:00,2017-04-08 07:00:00,2017-04-11 07:00:00
3d332f06,bc597a87,delivered,2018-07-24 12:00:00,2018-07-24 15:00:00,2018-07-26 12:00:00,2018-07-28 12:00:00,2018-08-13 12:00:00
dc327ec1,6d1936cd,delivered,2018-03-01 18:00:00,2018-03-01 22:00:00,2018-03-02 18:00:00,2018-03-08 18:00:00,2018-03-20 18:00:00
70a14b5e,a40bfe5b,delivered,2018-07-18 09:00:00,2018-07-18 13:00:00,2018-07-20 09:00:00,2018-07-27 09:00:00,2018-08-07 09:00:00
57974dda,c112a403,delivered,2018-07-14 15:00:00,2018-07-14 19:00:00,2018-07-15 15:00:00,2018-07-20 15:00:00,2018-08-07 15:00:00
c8d02178,6f4b50fc,delivered,2018-05-16 12:00:00,2018-05-16 16:00:00,2018-05-18 12:00:00,2018-05-26 12:00:00,2018-05-26 12:00:00
c4e05abf,597eddf1,delivered,2017-09-08 01:00:00,2017-09-08 04:00:00,2017-09-09 01:00:00,2017-09-16 01:00:00,2017-10-01 01:00:00
099da1b4,c847d0c7,delivered,2017-10-24 17:00:00,2017-10-24 18:00:00,2017-10-26 17:00:00,2017-11-06 17:00:00,2017-11-12 17:00:00
dbedca38,7f404593,delivered,2017-02-28 13:00:00,2017-02-28 14:00:00,2017-03-02 13:00:00,2017-03-05 13:00:00,2017-03-22 13:00:00
1f17935c,5b1d2b01,delivered,2017-02-18 05:00:00,2017-02-18 08:00:00,2017-02-19 05:00:00,2017-02-23 05:00:00,2017-03-02 05:00:00
544ccd7e,1c35a717,delivered,2017-08-30 10:00:00,2017-08-30 14:00:00,2017-09-01 10:00:00,2017-09-06 10:00:00,2017-09-21 10:00:00
6b3bfebb,acaf54d7,delivered,2018-02-23 18:00:00,2018-02-23 22:00:00,2018-02-25 18:00:00,2018-02-28 18:00:00,2018-03-19 18:00:00
2c8a7ce3,2b72d167,delivered,2017-09-10 15:00:00,2017-09-10 16:00:00,2017-09-12 15:00:00,2017-09-13 15:00:00,2017-09-24 15:00:00
d2161598,ba1bef84,delivered,2017-05-22 12:00:00,2017-05-22 12:00:00,2017-05-24 12:00:00,2017-05-31 12:00:00,2017-06-11 12:00:00
1ff04a41,4cab0aca,delivered,2017-06-03 02:00:00,2017-06-03 03:00:00,2017-06-05 02:00:00,2017-06-11 02:00:00,2017-06-25 02:00:00
ff53452a,61b4157f,delivered,2018-05-20 08:00:00,2018-05-20 09:00:00,2018-05-22 08:00:00,2018-06-02 08:00:00,2018-06-05 08:00:00
3006aa45,7e235edb,delivered,2018-02-18 03:00:00,2018-02-18 07:00:00,2018-02-19 03:00:00,2018-02-26 03:00:00,2018-03-08 03:00:00
477c1676,c78de6ad,delivered,2017-06-21 05:00:00,2017-06-21 05:00:00,2017-06-22 05:00:00,2017-06-29 05:00:00,2017-07-14 05:00:00
d36b04ad,56fcf562,delivered,2018-06-22 09:00:00,2018-06-22 09:00:00,2018-06-23 09:00:00,2018-06-29 09:00:00,2018-07-11 09:00:00
2c57c0ff,632a04c0,delivered,2017-10-22 17:00:00,2017-10-22 17:00:00,2017-10-23 17:00:00,2017-10-27 17:00:00,2017-11-15 17:00:00
b39b463c,d2fe5ecf,delivered,2017-12-12 07:00:00,2017-12-12 11:00:00,2017-12-14 07:00:00,2017-12-17 07:00:00,2017-12-22 07:00:00
41eadaa6,c3d4446e,delivered,2017-12-17 08:00:00,2017-12-17 12:00:00,2017-12-18 08:00:00,2017-12-27 08:00:00,2018-01-06 08:00:00
6eb6fdf5,0e482c0d,delivered,2018-03-02 05:00:00,2018-03-02 05:00:00,2018-03-04 05:00:00,2018-03-10 05:00:00,2018-03-17 05:00:00
3187be4e,28c4088d,delivered,2018-01-02 16:00:00,2018-01-02 16:00:00,2018-01-03 16:00:00,2018-01-12 16:00:00,2018-01-14 16:00:00
18d4fa33,0014f1a0,delivered,2018-04-06 22:00:00,2018-04-06 22:00:00,2018-04-08 22:00:00,2018-04-09 22:00:00,2018-04-20 22:00:00
93464a81,8b256491,delivered,2018-01-20 15:00:00,2018-01-20 19:00:00,2018-01-22 15:00:00,2018-01-23 15:00:00,2018-01-31 15:00:00
37a3a445,e8a91534,delivered,2017-12-13 19:00:00,2017-12-13 21:00:00,2017-12-15 19:00:00,2017-12-20 19:00:00,2018-01-01 19:00:00
8343aad4,36cc6b3a,delivered,2017-06-30 14:00:00,2017-06-30 16:00:00,2017-07-02 14:00:00,2017-07-12 14:00:00,2017-07-23 14:00:00
db689649,492bbba4,delivered,2018-02-27 14:00:00,2018-02-27 15:00:00,2018-02-28 14:00:00,2018-03-11 14:00:00,2018-03-20 14:00:00
137bed25,3b7c021a,delivered,2018-03-14 23:00:00,2018-03-14 23:00:00,2018-03-15 23:00:00,2018-03-19 23:00:00,2018-03-28 23:00:00
987859c6,9a7b4346,delivered,2018-06-06 11:00:00,2018-06-06 14:00:00,2018-06-07 11:00:00,2018-06-20 11:00:00,2018-06-22 11:00:00
36ea67c8,c6d78035,delivered,2017-06-14 04:00:00,2017-06-14 08:00:00,2017-06-16 04:00:00,2017-06-28 04:00:00,2017-07-05 04:00:00
b900783b,5dcd64e7,delivered,2017-06-28 15:00:00,2017-06-28 19:00:00,2017-06-29 15:00:00,2017-07-04 15:00:00,2017-07-16 15:00:00
15055d75,552a4621,delivered,2018-03-03 18:00:00,2018-03-03 21:00:00,2018-03-04 18:00:00,2018-03-12 18:00:00,2018-03-15 18:00:00
8bb68f4a,66019077,delivered,2018-04-21 15:00:00,2018-04-21 15:00:00,2018-04-22 15:00:00,2018-05-04 15:00:00,2018-05-14 15:00:00
3ae3bd5a,38370f4c,delivered,2018-06-08 20:00:00,2018-06-08 21:00:00,2018-06-09 20:00:00,2018-06-15 20:00:00,2018-06-20 20:00:00
f3751a9f,53465822,delivered,2018-03-09 01:00:00,2018-03-09 02:00:00,2018-03-11 01:00:00,2018-03-14 01:00:00,2018-03-26 01:00:00
59bd47fe,a8eb2ea7,delivered,2018-07-28 17:00:00,2018-07-28 17:00:00,2018-07-30 17:00:00,2018-08-04 17:00:00,2018-08-12 17:00:00
1e712ce1,79dda319,delivered,2017-04-15 04:00:00,2017-04-15 06:00:00,2017-04-16 04:00:00,2017-04-21 04:00:00,2017-05-08 04:00:00
d5c1de36,e3322b84,delivered,2017-01-20 10:00:00,2017-01-20 13:00:00,2017-01-22 10:00:00,2017-01-27 10:00:00,2017-02-12 10:00:00
1fb18dc5,6e39708c,delivered,2018-03-29 09:00:00,2018-03-29 13:00:00,2018-03-31 09:00:00,2018-04-03 09:00:00,2018-04-14 09:00:00
a0d1e4cd,27dc4b07,delivered,2018-04-03 09:00:00,2018-04-03 13:00:00,2018-04-04 09:00:00,2018-04-11 09:00:00,2018-04-22 09:00:00
547a0733,fe658b70,delivered,2017-01-11 13:00:00,2017-01-11 16:00:00,2017-01-13 13:00:00,2017-01-14 13:00:00,2017-01-29 13:00:00
4a00dc17,eb62773b,delivered,2018-07-25 09:00:00,2018-07-25 09:00:00,2018-07-26 09:00:00,2018-08-07 09:00:00,2018-08-14 09:00:00
c4118cc9,24a4131d,delivered,2017-11-12 18:00:00,2017-11-12 21:00:00,2017-11-14 18:00:00,2017-11-20 18:00:00,2017-12-06 18:00:00
eaabd84f,00a83735,delivered,2017-12-03 15:00:00,2017-12-03 16:00:00,2017-12-05 15:00:00,2017-12-06 15:00:00,2017-12-21 15:00:00
0c9d506b,960a0427,invoiced,2017-11-24 04:00:00,2017-11-24 08:00:00,2017-11-25 04:00:00,,2017-12-08 04:00:00
cc36adf1,bdde10cf,delivered,2017-04-04 00:00:00,2017-04-04 01:00:00,2017-04-06 00:00:00,2017-04-10 00:00:00,2017-04-19 00:00:00
0162ff28,0a6d32ce,delivered,2017-09-21 16:00:00,2017-09-21 16:00:00,2017-09-22 16:00:00,2017-10-03 16:00:00,2017-10-10 16:00:00
b55b8f19,0983b457,delivered,2018-01-12 00:00:00,2018-01-12 04:00:00,2018-01-14 00:00:00,2018-01-22 00:00:00,2018-01-26 00:00:00
9d5b1460,66ab80d0,shipped,2017-08-28 15:00:00,2017-08-28 19:00:00,2017-08-30 15:00:00,,2017-09-21 15:00:00
70992ee9,4392aad9,delivered,2017-03-09 13:00:00,2017-03-09 14:00:00,2017-03-10 13:00:00,2017-03-19 13:00:00,2017-03-27 13:00:00
f99b5df3,5777f990,delivered,2017-01-24 18:00:00,2017-01-24 19:00:00,2017-01-25 18:00:00,2017-02-04 18:00:00,2017-02-06 18:00:00
31c61f90,7b7b35f1,delivered,2017-02-08 18:00:00,2017-02-08 20:00:00,2017-02-10 18:00:00,2017-02-22 18:00:00,2017-02-23 18:00:00
70bdbaeb,9ef3e6e2,processing,2018-06-18 12:00:00,2018-06-18 16:00:00,2018-06-20 12:00:00,,2018-07-11 12:00:00
a8b97362,a8acedd4,delivered,2018-06-07 20:00:00,2018-06-07 22:00:00,2018-06-09 20:00:00,2018-06-19 20:00:00,2018-06-22 20:00:00
0eee93d6,b0597625,delivered,2017-08-13 14:00:00,2017-08-13 14:00:00,2017-08-14 14:00:00,2017-08-21 14:00:00,2017-08-30 14:00:00
dd13c9cc,f254115f,delivered,2018-08-09 19:00:00,2018-08-09 19:00:00,2018-08-11 19:00:00,2018-08-23 19:00:00,2018-08-25 19:00:00
53924c59,9a8f2b0c,delivered,2017-12-12 03:00:00,2017-12-12 06:00:00,2017-12-14 03:00:00,2017-12-17 03:00:00,2017-12-23 03:00:00
4067ed96,4ab10bba,delivered,2017-07-30 12:00:00,2017-07-30 13:00:00,2017-07-31 12:00:00,2017-08-12 12:00:00,2017-08-19 12:00:00
1b83f0d1,cd638a47,delivered,2017-05-18 05:00:00,2017-05-18 06:00:00,2017-05-20 05:00:00,2017-05-21 05:00:00,2017-06-06 05:00:00
8c548899,f17d616c,delivered,2018-06-05 15:00:00,2018-06-05 17:00:00,2018-06-07 15:00:00,2018-06-16 15:00:00,2018-06-23 15:00:00
6b5e01be,09c9247c,delivered,2017-04-13 17:00:00,2017-04-13 21:00:00,2017-04-15 17:00:00,2017-04-20 17:00:00,2017-04-30 17:00:00
4f66bbbf,7fc9f6b4,delivered,2018-06-22 23:00:00,2018-06-23 02:00:00,2018-06-24 23:00:00,2018-06-30 23:00:00,2018-07-08 23:00:00
bc2e3600,48bc47b3,invoiced,2017-10-31 09:00:00,2017-10-31 11:00:00,2017-11-01 09:00:00,,2017-11-22 09:00:00
05dd140d,bde71009,delivered,2017-02-25 06:00:00,2017-02-25 10:00:00,2017-02-27 06:00:00,2017-03-06 06:00:00,2017-03-15 06:00:00
ea39de0a,26940f57,delivered,2017-10-08 21:00:00,2017-10-08 22:00:00,2017-10-10 21:00:00,2017-10-20 21:00:00,2017-10-25 21:00:00
0fc70fb8,04fefce6,delivered,2017-08-19 06:00:00,2017-08-19 07:00:00,2017-08-20 06:00:00,2017-08-25 06:00:00,2017-09-10 06:00:00
dde515f2,aeb0d460,canceled,2018-02-03 11:00:00,2018-02-03 15:00:00,2018-02-04 11:00:00,,2018-02-22 11:00:00
ac9a7b7c,a0fb5781,delivered,2017-05-04 19:00:00,2017-05-04 23:00:00,2017-05-05 19:00:00,2017-05-18 19:00:00,2017-05-17 19:00:00
ae7127bb,37ce7391,delivered,2018-04-22 00:00:00,2018-04-22 01:00:00,2018-04-23 00:00:00,2018-05-05 00:00:00,2018-05-16 00:00:00
e468067d,f321e9bd,delivered,2017-05-06 15:00:00,2017-05-06 16:00:00,2017-05-07 15:00:00,2017-05-19 15:00:00,2017-05-24 15:00:00
2a8728cf,ae8adf51,delivered,2018-03-04 22:00:00,2018-03-04 23:00:00,2018-03-05 22:00:00,2018-03-18 22:00:00,2018-03-23 22:00:00
6f557d3f,5de10d7d,delivered,2018-04-05 10:00:00,2018-04-05 13:00:00,2018-04-06 10:00:00,2018-04-17 10:00:00,2018-04-21 10:00:00
4ce564b7,b4e8ad98,delivered,2017-05-30 18:00:00,2017-05-30 18:00:00,2017-06-01 18:00:00,2017-06-13 18:00:00,2017-06-13 18:00:00
3b8f4b50,8853fb5e,delivered,2017-09-19 13:00:00,2017-09-19 17:00:00,2017-09-21 13:00:00,2017-09-22 13:00:00,2017-10-04 13:00:00
62bc64c8,05f88465,delivered,2018-03-13 08:00:00,2018-03-13 10:00:00,2018-03-15 08:00:00,2018-03-25 08:00:00,2018-04-01 08:00:00
81f1b590,fdf017ff,delivered,2018-04-10 15:00:00,2018-04-10 19:00:00,2018-04-11 15:00:00,2018-04-20 15:00:00,2018-05-04 15:00:00
4c8f3383,1f162098,delivered,2017-07-16 23:00:00,2017-07-17 00:00:00,2017-07-18 23:00:00,2017-07-20 23:00:00,2017-07-28 23:00:00
6fe2ff39,7794dd22,delivered,2017-12-05 11:00:00,2017-12-05 15:00:00,2017-12-07 11:00:00,2017-12-14 11:00:00,2017-12-23 11:00:00
7c36c725,b4e47359,delivered,2018-05-29 09:00:00,2018-05-29 09:00:00,2018-05-31 09:00:00,2018-06-09 09:00:00,2018-06-17 09:00:00
96eb4335,3cf73db9,delivered,2017-10-20 11:00:00,2017-10-20 15:00:00,2017-10-22 11:00:00,2017-10-25 11:00:00,2017-10-31 11:00:00
44fdeca7,7e43242e,delivered,2018-04-14 09:00:00,2018-04-14 13:00:00,2018-04-15 09:00:00,2018-04-26 09:00:00,2018-04-25 09:00:00
ab3f293b,ce8447ec,delivered,2017-01-11 23:00:00,2017-01-12 03:00:00,2017-01-13 23:00:00,2017-01-23 23:00:00,2017-02-03 23:00:00
0b86b4af,4645d2d6,delivered,2018-04-29 20:00:00,2018-04-29 22:00:00,2018-05-01 20:00:00,2018-05-13 20:00:00,2018-05-22 20:00:00
c25497d2,d04d6633,delivered,2017-05-15 17:00:00,2017-05-15 17:00:00,2017-05-16 17:00:00,2017-05-24 17:00:00,2017-05-30 17:00:00
aa74c043,072a5570,delivered,2017-11-14 11:00:00,2017-11-14 14:00:00,2017-11-16 11:00:00,2017-11-26 11:00:00,2017-12-01 11:00:00
8a3a7ab3,42f60a6e,delivered,2018-01-26 07:00:00,2018-01-26 07:00:00,2018-01-27 07:00:00,2018-02-09 07:00:00,2018-02-08 07:00:00
33ee199a,d3804c43,delivered,2018-08-08 18:00:00,2018-08-08 20:00:00,2018-08-10 18:00:00,2018-08-14 18:00:00,2018-08-22 18:00:00
7b2b53c4,668b3023,delivered,2018-06-26 22:00:00,2018-06-27 01:00:00,2018-06-28 22:00:00,2018-07-06 22:00:00,2018-07-18 22:00:00
d575cdb4,5e69eb98,delivered,2017-06-19 20:00:00,2017-06-19 20:00:00,2017-06-21 20:00:00,2017-06-23 20:00:00,2017-07-01 20:00:00
d2bd04da,7ce7cc75,delivered,2018-04-03 09:00:00,2018-04-03 13:00:00,2018-04-05 09:00:00,2018-04-11 09:00:00,2018-04-17 09:00:00
886a92b1,85116bde,processing,2017-11-19 19:00:00,2017-11-19 21:00:00,2017-11-21 19:00:00,,2017-12-05 19:00:00
7a4d047e,d71d5207,shipped,2017-08-16 02:00:00,2017-08-16 05:00:00,2017-08-17 02:00:00,,2017-08-27 02:00:00
5fc09dde,ee54d119,delivered,2017-01-25 22:00:00,2017-01-26 00:00:00,2017-01-26 22:00:00,2017-01-28 22:00:00,2017-02-14 22:00:00
672a0d9a,e7d56c44,delivered,2018-08-02 14:00:00,2018-08-02 15:00:00,2018-08-03 14:00:00,2018-08-12 14:00:00,2018-08-18 14:00:00
2e9740e7,deff3865,delivered,2018-05-09 12:00:00,2018-05-09 12:00:00,2018-05-11 12:00:00,2018-05-15 12:00:00,2018-05-26 12:00:00
798421b7,42f60a6e,delivered,2018-04-18 15:00:00,2018-04-18 18:00:00,2018-04-20 15:00:00,2018-04-28 15:00:00,2018-05-09 15:00:00
60c2a993,825eeb08,shipped,2018-01-06 23:00:00,2018-01-07 00:00:00,2018-01-07 23:00:00,,2018-01-30 23:00:00
7fd30a1d,47532d49,delivered,2018-08-12 18:00:00,2018-08-12 19:00:00,2018-08-13 18:00:00,2018-08-24 18:00:00,2018-08-26 18:00:00
5b722584,74c1840f,delivered,2017-06-25 04:00:00,2017-06-25 04:00:00,2017-06-27 04:00:00,2017-07-06 04:00:00,2017-07-11 04:00:00
2a43e942,c662c3ce,delivered,2018-04-20 19:00:00,2018-04-20 23:00:00,2018-04-21 19:00:00,2018-04-30 19:00:00,2018-05-01 19:00:00
65b631a1,bf585e17,delivered,2017-01-25 12:00:00,2017-01-25 15:00:00,2017-01-26 12:00:00,2017-02-02 12:00:00,2017-02-18 12:00:00
b548a3b6,eab26c1f,delivered,2017-04-24 17:00:00,2017-04-24 20:00:00,2017-04-26 17:00:00,2017-04-30 17:00:00,2017-05-18 17:00:00
4f63dabf,45408e24,delivered,2018-01-20 10:00:00,2018-01-20 11:00:00,2018-01-22 10:00:00,2018-02-02 10:00:00,2018-02-11 10:00:00
1ab9f00b,ff8ab155,delivered,2018-03-29 09:00:00,2018-03-29 11:00:00,2018-03-31 09:00:00,2018-04-10 09:00:00,2018-04-11 09:00:00
c3486aba,b70a89a1,delivered,2017-06-02 12:00:00,2017-06-02 16:00:00,2017-06-03 12:00:00,2017-06-06 12:00:00,2017-06-14 12:00:00
8b349d4f,3e3ac1c0,delivered,2018-03-16 10:00:00,2018-03-16 13:00:00,2018-03-17 10:00:00,2018-03-30 10:00:00,2018-04-07 10:00:00
461122cf,fb97c2cf,delivered,2018-03-05 02:00:00,2018-03-05 02:00:00,2018-03-06 02:00:00,2018-03-14 02:00:00,2018-03-15 02:00:00
3bdf9bf2,8fa846cd,delivered,2018-08-16 08:00:00,2018-08-16 11:00:00,2018-08-18 08:00:00,2018-08-23 08:00:00,2018-09-08 08:00:00
5338d3cf,c271acd6,shipped,2018-08-16 17:00:00,2018-08-16 17:00:00,2018-08-17 17:00:00,,2018-08-30 17:00:00
a8de785d,0e89885d,delivered,2017-03-24 12:00:00,2017-03-24 13:00:00,2017-03-25 12:00:00,2017-04-05 12:00:00,2017-04-16 12:00:00
add89195,e5e8d43c,delivered,2018-08-07 02:00:00,2018-08-07 05:00:00,2018-08-09 02:00:00,2018-08-19 02:00:00,2018-08-20 02:00:00
adac03eb,03b82e00,delivered,2018-01-27 21:00:00,2018-01-27 21:00:00,2018-01-28 21:00:00,2018-02-07 21:00:00,2018-02-09 21:00:00
1d374992,69161295,delivered,2017-02-26 00:00:00,2017-02-26 01:00:00,2017-02-28 00:00:00,2017-03-06 00:00:00,2017-03-14 00:00:00
e2051eca,38a92744,delivered,2018-02-24 15:00:00,2018-02-24 17:00:00,2018-02-25 15:00:00,2018-03-01 15:00:00,2018-03-15 15:00:00
45503c25,e7d56030,delivered,2018-06-13 13:00:00,2018-06-13 13:00:00,2018-06-14 13:00:00,2018-06-25 13:00:00,2018-06-27 13:00:00
bb84c146,7bb17d06,canceled,2017-09-22 22:00:00,2017-09-23 00:00:00,2017-09-23 22:00:00,,2017-10-05 22:00:00
fcc78f30,483eb7a1,delivered,2017-09-18 13:00:00,2017-09-18 16:00:00,2017-09-19 13:00:00,2017-09-27 13:00:00,2017-10-12 13:00:00
80640303,b5f31c68,delivered,2017-02-15 17:00:00,2017-02-15 18:00:00,2017-02-17 17:00:00,2017-02-26 17:00:00,2017-03-03 17:00:00
c9d28686,df54d72e,delivered,2017-02-07 22:00:00,2017-02-07 23:00:00,2017-02-09 22:00:00,2017-02-13 22:00:00,2017-02-24 22:00:00
7782bd04,5e064615,delivered,2018-08-14 12:00:00,2018-08-14 16:00:00,2018-08-16 12:00:00,2018-08-20 12:00:00,2018-08-31 12:00:00
d2037215,2d466e13,delivered,2018-01-24 10:00:00,2018-01-24 11:00:00,2018-01-26 10:00:00,2018-01-27 10:00:00,2018-02-06 10:00:00
98e69dcc,a9034164,delivered,2017-12-09 09:00:00,2017-12-09 10:00:00,2017-12-11 09:00:00,2017-12-19 09:00:00,2017-12-31 09:00:00
1fc5cf69,d3602335,delivered,2018-01-15 09:00:00,2018-01-15 09:00:00,2018-01-17 09:00:00,2018-01-23 09:00:00,2018-02-03 09:00:00
cfb4f151,a353d00e,delivered,2018-02-01 23:00:00,2018-02-02 02:00:00,2018-02-02 23:00:00,2018-02-07 23:00:00,2018-02-16 23:00:00
09d7f3ca,cc536d7e,delivered,2017-05-26 04:00:00,2017-05-26 07:00:00,2017-05-27 04:00:00,2017-06-06 04:00:00,2017-06-07 04:00:00
9fd459fa,dea6e0e5,delivered,2017-10-29 07:00:00,2017-10-29 10:00:00,2017-10-30 07:00:00,2017-11-08 07:00:00,2017-11-16 07:00:00
1e8dfade,14efa265,delivered,2017-05-17 06:00:00,2017-05-17 06:00:00,2017-05-18 06:00:00,2017-05-25 06:00:00,2017-06-06 06:00:00
e16d1e22,2f27b2a3,delivered,2017-06-24 23:00:00,2017-06-25 01:00:00,2017-06-26 23:00:00,2017-06-27 23:00:00,2017-07-16 23:00:00
ee7fa0ca,d62a2b73,delivered,2018-03-28 16:00:00,2018-03-28 19:00:00,2018-03-30 16:00:00,2018-04-04 16:00:00,2018-04-14 16:00:00
52339949,a4d64a2f,delivered,2017-08-31 12:00:00,2017-08-31 16:00:00,2017-09-01 12:00:00,2017-09-07 12:00:00,2017-09-15 12:00:00
495d08e5,fe7b2de3,delivered,2017-04-27 23:00:00,2017-04-28 02:00:00,2017-04-29 23:00:00,2017-05-05 23:00:00,2017-05-19 23:00:00
dbd4facd,cddab3ba,delivered,2018-01-23 18:00:00,2018-01-23 21:00:00,2018-01-24 18:00:00,2018-02-06 18:00:00,2018-02-02 18:00:00
6082c175,eefcfba9,delivered,2017-11-24 19:00:00,2017-11-24 22:00:00,2017-11-25 19:00:00,2017-12-08 19:00:00,2017-12-13 19:00:00
2f4cf643,fc9bfb34,delivered,2017-11-11 14:00:00,2017-11-11 16:00:00,2017-11-12 14:00:00,2017-11-25 14:00:00,2017-11-23 14:00:00
d838b8a0,f8ff0568,delivered,2018-07-22 04:00:00,2018-07-22 04:00:00,2018-07-24 04:00:00,2018-07-29 04:00:00,2018-08-08 04:00:00
7f27e9cb,cc6c975c,delivered,2017-06-25 09:00:00,2017-06-25 09:00:00,2017-06-26 09:00:00,2017-06-29 09:00:00,2017-07-15 09:00:00
63ce0165,2ca259c9,delivered,2017-10-30 10:00:00,2017-10-30 12:00:00,2017-10-31 10:00:00,2017-11-07 10:00:00,2017-11-16 10:00:00
004af778,89ec4fb2,delivered,2018-03-15 08:00:00,2018-03-15 11:00:00,2018-03-16 08:00:00,2018-03-24 08:00:00,2018-03-29 08:00:00
2c6d634c,00990a4e,delivered,2017-03-04 07:00:00,2017-03-04 10:00:00,2017-03-05 07:00:00,2017-03-14 07:00:00,2017-03-16 07:00:00
d0f97f7c,9fec11dd,delivered,2017-08-03 12:00:00,2017-08-03 16:00:00,2017-08-05 12:00:00,2017-08-06 12:00:00,2017-08-15 12:00:00
0e8afaa5,b4f7c5c7,delivered,2018-08-10 06:00:00,2018-08-10 08:00:00,2018-08-12 06:00:00,2018-08-13 06:00:00,2018-08-30 06:00:00
5f22bf6d,e04495b8,delivered,2018-05-11 20:00:00,2018-05-11 22:00:00,2018-05-13 20:00:00,2018-05-21 20:00:00,2018-05-26 20:00:00
b1c92620,43e2fe7a,delivered,2018-02-25 00:00:00,2018-02-25 00:00:00,2018-02-27 00:00:00,2018-03-11 00:00:00,2018-03-19 00:00:00
122f6156,22ed2214,delivered,2018-01-10 12:00:00,2018-01-10 15:00:00,2018-01-12 12:00:00,2018-01-23 12:00:00,2018-01-24 12:00:00
af80aba7,de0c52ef,delivered,2018-03-15 15:00:00,2018-03-15 15:00:00,2018-03-17 15:00:00,2018-03-22 15:00:00,2018-04-08 15:00:00
71e4d112,caf0fda6,delivered,2017-08-04 10:00:00,2017-08-04 11:00:00,2017-08-06 10:00:00,2017-08-18 10:00:00,2017-08-25 10:00:00
64a66ae3,eda2c581,delivered,2017-08-18 02:00:00,2017-08-18 02:00:00,2017-08-20 02:00:00,2017-08-28 02:00:00,2017-09-03 02:00:00
a5c2d86d,c4a4231f,delivered,2017-10-18 07:00:00,2017-10-18 10:00:00,2017-10-19 07:00:00,2017-10-25 07:00:00,2017-11-01 07:00:00
5ff8fe14,d4741924,delivered,2017-05-12 17:00:00,2017-05-12 19:00:00,2017-05-13 17:00:00,2017-05-19 17:00:00,2017-05-24 17:00:00
da905612,9b9ac85c,delivered,2018-04-13 01:00:00,2018-04-13 02:00:00,2018-04-15 01:00:00,2018-04-26 01:00:00,2018-04-24 01:00:00
8b245b72,46d4dc24,shipped,2017-09-02 06:00:00,2017-09-02 10:00:00,2017-09-04 06:00:00,,2017-09-21 06:00:00
f4b981eb,c112e95f,canceled,2018-05-26 15:00:00,2018-05-26 16:00:00,2018-05-28 15:00:00,,2018-06-10 15:00:00
2bc085b6,33c20183,delivered,2017-02-11 09:00:00,2017-02-11 11:00:00,2017-02-12 09:00:00,2017-02-19 09:00:00,2017-03-04 09:00:00
f0e78c11,a534cc5a,delivered,2017-11-23 17:00:00,2017-11-23 19:00:00,2017-11-24 17:00:00,2017-11-27 17:00:00,2017-12-12 17:00:00
a9b3ed39,7dcd83f1,delivered,2017-10-02 19:00:00,2017-10-02 23:00:00,2017-10-04 19:00:00,2017-10-08 19:00:00,2017-10-25 19:00:00
14756478,ad73eb07,delivered,2017-06-09 18:00:00,2017-06-09 18:00:00,2017-06-10 18:00:00,2017-06-23 18:00:00,2017-07-01 18:00:00
14f11ad2,1ffe09f6,delivered,2018-01-11 04:00:00,2018-01-11 05:00:00,2018-01-13 04:00:00,2018-01-23 04:00:00,2018-01-23 04:00:00
cc07d7b4,73d45dc8,delivered,2017-01-28 08:00:00,2017-01-28 10:00:00,2017-01-29 08:00:00,2017-01-31 08:00:00,2017-02-12 08:00:00
bcf9864b,1f0b0a4a,delivered,2017-11-21 06:00:00,2017-11-21 07:00:00,2017-11-22 06:00:00,2017-11-27 06:00:00,2017-12-05 06:00:00
ec0e8483,e603f3fe,delivered,2018-02-02 05:00:00,2018-02-02 07:00:00,2018-02-04 05:00:00,2018-02-08 05:00:00,2018-02-24 05:00:00
3015d6be,47101d0d,delivered,2018-07-14 06:00:00,2018-07-14 09:00:00,2018-07-15 06:00:00,2018-07-28 06:00:00,2018-07-27 06:00:00
b3274836,53623885,delivered,2017-02-13 10:00:00,2017-02-13 12:00:00,2017-02-14 10:00:00,2017-02-21 10:00:00,2017-03-07 10:00:00
f88eb27d,eb6e4eba,delivered,2018-03-26 23:00:00,2018-03-27 03:00:00,2018-03-27 23:00:00,2018-04-06 23:00:00,2018-04-15 23:00:00
b2472d43,d9e08a05,delivered,2017-09-09 17:00:00,2017-09-09 18:00:00,2017-09-11 17:00:00,2017-09-20 17:00:00,2017-09-19 17:00:00
05351f6d,d360ee4c,delivered,2018-06-26 18:00:00,2018-06-26 22:00:00,2018-06-28 18:00:00,2018-06-29 18:00:00,2018-07-06 18:00:00
493faa58,caf0fda6,delivered,2018-04-04 20:00:00,2018-04-04 23:00:00,2018-04-05 20:00:00,2018-04-15 20:00:00,2018-04-16 20:00:00
b06eb501,8236c82c,delivered,2017-06-08 20:00:00,2017-06-08 23:00:00,2017-06-10 20:00:00,2017-06-18 20:00:00,2017-07-01 20:00:00
24b09c3a,3f551ea5,delivered,2018-02-08 17:00:00,2018-02-08 19:00:00,2018-02-09 17:00:00,2018-02-18 17:00:00,2018-02-26 17:00:00
57df3a85,182c997d,delivered,2017-04-23 10:00:00,2017-04-23 12:00:00,2017-04-25 10:00:00,2017-05-03 10:00:00,2017-05-07 10:00:00
1d0d4e4d,c6a184ad,delivered,2017-11-12 12:00:00,2017-11-12 15:00:00,2017-11-13 12:00:00,2017-11-18 12:00:00,2017-11-30 12:00:00
d9d64f4f,50979032,delivered,2018-03-12 10:00:00,2018-03-12 13:00:00,2018-03-14 10:00:00,2018-03-26 10:00:00,2018-03-27 10:00:00
50a9e0ec,53f4c20e,delivered,2018-05-12 04:00:00,2018-05-12 04:00:00,2018-05-14 04:00:00,2018-05-22 04:00:00,2018-06-01 04:00:00
57ec70b7,0a9c3f65,delivered,2018-06-03 13:00:00,2018-06-03 15:00:00,2018-06-05 13:00:00,2018-06-13 13:00:00,2018-06-14 13:00:00
4dc831d5,d7d9f98a,delivered,2018-06-13 18:00:00,2018-06-13 21:00:00,2018-06-14 18:00:00,2018-06-17 18:00:00,2018-07-06 18:00:00
5772148e,a97be916,delivered,2017-11-15 05:00:00,2017-11-15 05:00:00,2017-11-16 05:00:00,2017-11-27 05:00:00,2017-12-01 05:00:00
c3b100ee,eadb7367,delivered,2018-05-21 10:00:00,2018-05-21 12:00:00,2018-05-22 10:00:00,2018-05-26 10:00:00,2018-06-01 10:00:00
fb826e72,f9463015,delivered,2018-04-13 03:00:00,2018-04-13 05:00:00,2018-04-15 03:00:00,2018-04-18 03:00:00,2018-05-05 03:00:00
179e6689,2ba1b5a6,delivered,2018-04-26 03:00:00,2018-04-26 05:00:00,2018-04-27 03:00:00,2018-04-30 03:00:00,2018-05-19 03:00:00
08f3aeda,fa89edbb,delivered,2017-01-31 08:00:00,2017-01-31 12:00:00,2017-02-02 08:00:00,2017-02-03 08:00:00,2017-02-24 08:00:00
ef69f725,e0179fe4,delivered,2017-06-05 06:00:00,2017-06-05 06:00:00,2017-06-06 06:00:00,2017-06-17 06:00:00,2017-06-23 06:00:00
9e43331a,a0896fad,delivered,2017-08-02 06:00:00,2017-08-02 08:00:00,2017-08-04 06:00:00,2017-08-07 06:00:00,2017-08-15 06:00:00
6632bf83,6e19266a,delivered,2017-07-08 06:00:00,2017-07-08 06:00:00,2017-07-10 06:00:00,2017-07-16 06:00:00,2017-08-01 06:00:00
be6353e6,0b478dec,delivered,2017-01-25 05:00:00,2017-01-25 08:00:00,2017-01-27 05:00:00,2017-02-07 05:00:00,2017-02-04 05:00:00
321eb3ae,30327161,delivered,2017-02-09 20:00:00,2017-02-10 00:00:00,2017-02-10 20:00:00,2017-02-13 20:00:00,2017-02-22 20:00:00
aed5b1b9,50e37750,delivered,2017-08-14 21:00:00,2017-08-15 01:00:00,2017-08-16 21:00:00,2017-08-23 21:00:00,2017-09-07 21:00:00
688163cc,b98aecaa,delivered,2017-02-03 11:00:00,2017-02-03 13:00:00,2017-02-05 11:00:00,2017-02-06 11:00:00,2017-02-17 11:00:00
a111b22d,38a617c1,delivered,2017-09-03 06:00:00,2017-09-03 08:00:00,2017-09-04 06:00:00,2017-09-14 06:00:00,2017-09-15 06:00:00
5766e038,04fefce6,delivered,2018-07-27 22:00:00,2018-07-27 22:00:00,2018-07-28 22:00:00,2018-08-03 22:00:00,2018-08-17 22:00:00
94531ef2,f87d23d6,delivered,2017-02-13 03:00:00,2017-02-13 05:00:00,2017-02-14 03:00:00,2017-02-26 03:00:00,2017-03-09 03:00:00
ae4e3ec4,50525d86,delivered,2017-10-24 00:00:00,2017-10-24 02:00:00,2017-10-25 00:00:00,2017-11-02 00:00:00,2017-11-14 00:00:00
1164c2a1,18468e6a,delivered,2017-07-26 20:00:00,2017-07-27 00:00:00,2017-07-28 20:00:00,2017-08-02 20:00:00,2017-08-06 20:00:00
36ab806f,a5def80d,delivered,2018-07-12 21:00:00,2018-07-13 00:00:00,2018-07-14 21:00:00,2018-07-16 21:00:00,2018-07-27 21:00:00
acc1eb81,0b2adff9,delivered,2018-06-25 03:00:00,2018-06-25 05:00:00,2018-06-27 03:00:00,2018-06-28 03:00:00,2018-07-05 03:00:00
592a5177,57c0eceb,delivered,2018-03-03 05:00:00,2018-03-03 06:00:00,2018-03-05 05:00:00,2018-03-10 05:00:00,2018-03-27 05:00:00
591321c1,2c5d01a6,delivered,2018-02-15 19:00:00,2018-02-15 19:00:00,2018-02-16 19:00:00,2018-02-24 19:00:00,2018-03-10 19:00:00
c965a7cf,b8bbfe54,delivered,2018-01-27 04:00:00,2018-01-27 08:00:00,2018-01-28 04:00:00,2018-02-06 04:00:00,2018-02-17 04:00:00
f0d22ef5,db5ad51c,delivered,2017-12-17 03:00:00,2017-12-17 06:00:00,2017-12-19 03:00:00,2017-12-26 03:00:00,2017-12-30 03:00:00
90bcd6d7,ec553eb2,delivered,2018-08-11 17:00:00,2018-08-11 19:00:00,2018-08-12 17:00:00,2018-08-20 17:00:00,2018-08-23 17:00:00
17bbde96,db382de2,invoiced,2017-10-14 09:00:00,2017-10-14 12:00:00,2017-10-15 09:00:00,,2017-10-29 09:00:00
ae577b29,cb1271a9,delivered,2018-06-04 21:00:00,2018-06-04 22:00:00,2018-06-05 21:00:00,2018-06-09 21:00:00,2018-06-27 21:00:00
1dc6dbd6,dc7c5727,delivered,2017-03-03 21:00:00,2017-03-03 22:00:00,2017-03-05 21:00:00,2017-03-06 21:00:00,2017-03-21 21:00:00
c5e2e8e2,71be9b5e,delivered,2017-11-18 19:00:00,2017-11-18 21:00:00,2017-11-20 19:00:00,2017-11-25 19:00:00,2017-11-29 19:00:00
1a593fe2,a9d96bd5,delivered,2017-12-02 14:00:00,2017-12-02 16:00:00,2017-12-03 14:00:00,2017-12-16 14:00:00,2017-12-22 14:00:00
56a8eb78,c259be5b,delivered,2017-12-23 08:00:00,2017-12-23 09:00:00,2017-12-25 08:00:00,2017-12-27 08:00:00,2018-01-08 08:00:00
dcaca9a4,847ac455,invoiced,2018-01-22 10:00:00,2018-01-22 11:00:00,2018-01-23 10:00:00,,2018-02-11 10:00:00
74f5459d,315c3638,shipped,2018-06-06 02:00:00,2018-06-06 04:00:00,2018-06-08 02:00:00,,2018-06-28 02:00:00
acd82c17,514a4237,invoiced,2017-08-23 18:00:00,2017-08-23 20:00:00,2017-08-24 18:00:00,,2017-09-16 18:00:00
826c89f0,bdbda297,delivered,2018-07-20 07:00:00,2018-07-20 08:00:00,2018-07-21 07:00:00,2018-08-02 07:00:00,2018-08-11 07:00:00
02ba8ea6,c805a1e4,delivered,2017-07-23 13:00:00,2017-07-23 14:00:00,2017-07-24 13:00:00,2017-07-30 13:00:00,2017-08-10 13:00:00
2fe7f4a0,2ef02148,delivered,2017-07-10 09:00:00,2017-07-10 11:00:00,2017-07-11 09:00:00,2017-07-24 09:00:00,2017-07-30 09:00:00
c7c0c161,e1e8e108,delivered,2017-03-03 23:00:00,2017-03-04 02:00:00,2017-03-05 23:00:00,2017-03-12 23:00:00,2017-03-24 23:00:00
40011f02,fd813d1b,delivered,2017-04-11 15:00:00,2017-04-11 19:00:00,2017-04-12 15:00:00,2017-04-16 15:00:00,2017-04-21 15:00:00
e58a37f6,fd77f453,delivered,2017-06-24 09:00:00,2017-06-24 13:00:00,2017-06-25 09:00:00,2017-07-07 09:00:00,2017-07-04 09:00:00
02daa573,bc2a8e27,delivered,2017-10-07 19:00:00,2017-10-07 20:00:00,2017-10-09 19:00:00,2017-10-12 19:00:00,2017-10-23 19:00:00
da35c30f,cab8d53f,delivered,2017-04-27 23:00:00,2017-04-28 02:00:00,2017-04-28 23:00:00,2017-05-02 23:00:00,2017-05-08 23:00:00
95c8da29,24752ad0,delivered,2018-08-11 16:00:00,2018-08-11 16:00:00,2018-08-13 16:00:00,2018-08-16 16:00:00,2018-09-01 16:00:00
42c59aa3,ad73eb07,delivered,2018-03-30 09:00:00,2018-03-30 10:00:00,2018-03-31 09:00:00,2018-04-07 09:00:00,2018-04-18 09:00:00
d108e068,148e9e28,delivered,2017-04-21 07:00:00,2017-04-21 08:00:00,2017-04-22 07:00:00,2017-04-26 07:00:00,2017-05-10 07:00:00
e4d9f37d,e275e3a0,delivered,2018-02-03 21:00:00,2018-02-03 23:00:00,2018-02-05 21:00:00,2018-02-11 21:00:00,2018-02-20 21:00:00
7868739e,3818592e,delivered,2017-02-19 23:00:00,2017-02-20 03:00:00,2017-02-21 23:00:00,2017-03-03 23:00:00,2017-03-01 23:00:00
4a2d7e03,83f042d9,delivered,2018-04-27 19:00:00,2018-04-27 19:00:00,2018-04-28 19:00:00,2018-05-10 19:00:00,2018-05-13 19:00:00
c420d193,fdfe6d15,delivered,2017-09-11 20:00:00,2017-09-11 20:00:00,2017-09-12 20:00:00,2017-09-24 20:00:00,2017-10-02 20:00:00
03771e69,8477adca,delivered,2017-12-25 20:00:00,2017-12-25 21:00:00,2017-12-26 20:00:00,2018-01-04 20:00:00,2018-01-08 20:00:00
02a0fcd7,1e004640,delivered,2017-03-18 06:00:00,2017-03-18 10:00:00,2017-03-20 06:00:00,2017-03-27 06:00:00,2017-04-07 06:00:00
9501c443,7e63f015,delivered,2017-11-21 23:00:00,2017-11-22 03:00:00,2017-11-22 23:00:00,2017-11-29 23:00:00,2017-12-07 23:00:00
b3d5c9b9,58d41d50,delivered,2018-01-23 19:00:00,2018-01-23 19:00:00,2018-01-25 19:00:00,2018-02-03 19:00:00,2018-02-15 19:00:00
112bf4c0,bb2f8dfc,delivered,2017-11-23 20:00:00,2017-11-23 20:00:00,2017-11-25 20:00:00,2017-12-02 20:00:00,2017-12-05 20:00:00
32cb12da,f5e3cd32,delivered,2017-09-13 06:00:00,2017-09-13 09:00:00,2017-09-15 06:00:00,2017-09-18 06:00:00,2017-10-05 06:00:00
a57642d4,0268b29f,delivered,2017-04-09 19:00:00,2017-04-09 20:00:00,2017-04-10 19:00:00,2017-04-20 19:00:00,2017-04-20 19:00:00
38aa83f7,8ee21fcd,canceled,2018-05-14 21:00:00,2018-05-14 23:00:00,2018-05-16 21:00:00,,2018-05-24 21:00:00
09aff4e9,c2318e5d,delivered,2017-10-10 03:00:00,2017-10-10 03:00:00,2017-10-12 03:00:00,2017-10-20 03:00:00,2017-10-29 03:00:00
6f57c9cb,edb60bf6,delivered,2018-02-26 16:00:00,2018-02-26 19:00:00,2018-02-28 16:00:00,2018-03-10 16:00:00,2018-03-10 16:00:00
a76c2ce1,e35bc33a,delivered,2018-04-20 20:00:00,2018-04-20 21:00:00,2018-04-22 20:00:00,2018-04-29 20:00:00,2018-05-11 20:00:00
b0cf8bf6,ecb18010,delivered,2018-04-17 12:00:00,2018-04-17 15:00:00,2018-04-18 12:00:00,2018-04-24 12:00:00,2018-05-03 12:00:00
8ae852b4,507363fc,delivered,2017-06-23 00:00:00,2017-06-23 01:00:00,2017-06-24 00:00:00,2017-07-05 00:00:00,2017-07-11 00:00:00
53eaedee,2443428c,delivered,2018-06-12 11:00:00,2018-06-12 15:00:00,2018-06-13 11:00:00,2018-06-17 11:00:00,2018-07-04 11:00:00
d5dc2d45,b722d273,delivered,2018-02-15 02:00:00,2018-02-15 04:00:00,2018-02-17 02:00:00,2018-02-18 02:00:00,2018-02-27 02:00:00
3adde1f6,3f03bd2d,shipped,2017-07-15 18:00:00,2017-07-15 18:00:00,2017-07-16 18:00:00,,2017-07-30 18:00:00
114b19b4,0ffd932a,delivered,2018-05-10 08:00:00,2018-05-10 11:00:00,2018-05-12 08:00:00,2018-05-22 08:00:00,2018-05-29 08:00:00
fef9f11c,eae8656b,delivered,2017-10-29 14:00:00,2017-10-29 17:00:00,2017-10-31 14:00:00,2017-11-11 14:00:00,2017-11-22 14:00:00
06cb324a,7bb1598a,delivered,2018-03-28 20:00:00,2018-03-28 20:00:00,2018-03-30 20:00:00,2018-04-06 20:00:00,2018-04-12 20:00:00
96232090,4bed94b0,processing,2018-06-11 00:00:00,2018-06-11 01:00:00,2018-06-13 00:00:00,,2018-06-27 00:00:00
594e1e31,581d0156,delivered,2018-05-02 17:00:00,2018-05-02 17:00:00,2018-05-03 17:00:00,2018-05-11 17:00:00,2018-05-25 17:00:00
2c131df6,384cc408,processing,2018-01-07 14:00:00,2018-01-07 18:00:00,2018-01-08 14:00:00,,2018-01-30 14:00:00
fd1753e6,0e148a77,delivered,2017-09-28 20:00:00,2017-09-29 00:00:00,2017-09-30 20:00:00,2017-10-08 20:00:00,2017-10-15 20:00:00
5ede4fee,a7c3923f,delivered,2017-07-31 13:00:00,2017-07-31 15:00:00,2017-08-01 13:00:00,2017-08-10 13:00:00,2017-08-13 13:00:00
e2225ad9,948ab616,delivered,2017-03-30 03:00:00,2017-03-30 03:00:00,2017-03-31 03:00:00,2017-04-07 03:00:00,2017-04-11 03:00:00
f2ddc5aa,32ff9a32,delivered,2018-08-23 07:00:00,2018-08-23 09:00:00,2018-08-25 07:00:00,2018-09-01 07:00:00,2018-09-03 07:00:00
7eb06d8a,2d262d73,delivered,2017-12-02 20:00:00,2017-12-02 23:00:00,2017-12-04 20:00:00,2017-12-14 20:00:00,2017-12-15 20:00:00
227e29e2,306eadf4,shipped,2018-05-23 20:00:00,2018-05-23 23:00:00,2018-05-24 20:00:00,,2018-06-14 20:00:00
7f65e5a5,c54d3145,delivered,2017-05-26 18:00:00,2017-05-26 21:00:00,2017-05-27 18:00:00,2017-06-03 18:00:00,2017-06-11 18:00:00
ab9e3518,9ef51aeb,delivered,2018-02-07 15:00:00,2018-02-07 17:00:00,2018-02-08 15:00:00,2018-02-12 15:00:00,2018-03-01 15:00:00
3593b02d,cd70939d,delivered,2017-12-21 14:00:00,2017-12-21 15:00:00,2017-12-22 14:00:00,2017-12-27 14:00:00,2018-01-04 14:00:00
458eb190,3456303a,delivered,2017-11-28 16:00:00,2017-11-28 18:00:00,2017-11-29 16:00:00,2017-12-04 16:00:00,2017-12-22 16:00:00
132e7db3,cfe3a69d,delivered,2018-08-22 14:00:00,2018-08-22 18:00:00,2018-08-24 14:00:00,2018-08-29 14:00:00,2018-09-10 14:00:00
7e931acc,fcd091eb,delivered,2017-01-13 19:00:00,2017-01-13 22:00:00,2017-01-14 19:00:00,2017-01-25 19:00:00,2017-01-24 19:00:00
60abf98b,3818592e,delivered,2017-06-29 18:00:00,2017-06-29 20:00:00,2017-06-30 18:00:00,2017-07-05 18:00:00,2017-07-22 18:00:00
25059d07,d44df591,delivered,2017-01-16 16:00:00,2017-01-16 18:00:00,2017-01-18 16:00:00,2017-01-19 16:00:00,2017-01-31 16:00:00
4bf26787,0401a8a9,delivered,2017-03-06 11:00:00,2017-03-06 12:00:00,2017-03-08 11:00:00,2017-03-12 11:00:00,2017-03-18 11:00:00
55cf53ef,7dc92497,delivered,2017-09-30 10:00:00,2017-09-30 10:00:00,2017-10-01 10:00:00,2017-10-10 10:00:00,2017-10-22 10:00:00
ef3c41c0,c7d479a2,delivered,2018-06-18 07:00:00,2018-06-18 09:00:00,2018-06-19 07:00:00,2018-06-23 07:00:00,2018-07-05 07:00:00
4e6d8faa,c5fa1b05,shipped,2017-10-19 01:00:00,2017-10-19 05:00:00,2017-10-21 01:00:00,,2017-11-12 01:00:00
524cc4a5,123a67df,delivered,2017-12-01 21:00:00,2017-12-01 21:00:00,2017-12-03 21:00:00,2017-12-07 21:00:00,2017-12-14 21:00:00
badb9a27,f6a31509,delivered,2017-06-17 22:00:00,2017-06-17 23:00:00,2017-06-19 22:00:00,2017-06-23 22:00:00,2017-06-28 22:00:00
c5aaedf4,e51e471c,delivered,2018-06-06 00:00:00,2018-06-06 01:00:00,2018-06-08 00:00:00,2018-06-16 00:00:00,2018-06-16 00:00:00
894fbf4b,1e072b5e,delivered,2017-05-13 20:00:00,2017-05-13 23:00:00,2017-05-15 20:00:00,2017-05-22 20:00:00,2017-06-01 20:00:00
bcf12f7b,e42a1ff2,delivered,2018-04-27 23:00:00,2018-04-28 02:00:00,2018-04-28 23:00:00,2018-05-01 23:00:00,2018-05-17 23:00:00
7f63e7ef,d610db69,delivered,2018-01-29 10:00:00,2018-01-29 14:00:00,2018-01-30 10:00:00,2018-02-03 10:00:00,2018-02-20 10:00:00
5418e6bc,b0c4ddb4,delivered,2018-02-13 09:00:00,2018-02-13 11:00:00,2018-02-15 09:00:00,2018-02-23 09:00:00,2018-02-23 09:00:00
4fdb3dea,a35b34be,delivered,2017-05-20 17:00:00,2017-05-20 19:00:00,2017-05-22 17:00:00,2017-05-26 17:00:00,2017-05-30 17:00:00
cbc88092,33355c90,delivered,2017-04-06 05:00:00,2017-04-06 05:00:00,2017-04-08 05:00:00,2017-04-17 05:00:00,2017-04-30 05:00:00
fa238d35,06830826,delivered,2017-06-14 15:00:00,2017-06-14 16:00:00,2017-06-15 15:00:00,2017-06-22 15:00:00,2017-06-28 15:00:00
b840db66,8b256491,delivered,2018-06-04 00:00:00,2018-06-04 04:00:00,2018-06-06 00:00:00,2018-06-13 00:00:00,2018-06-27 00:00:00
74b021cd,c8b6a4d2,delivered,2018-04-07 22:00:00,2018-04-07 23:00:00,2018-04-08 22:00:00,2018-04-17 22:00:00,2018-04-24 22:00:00
a968e309,85fdb793,delivered,2018-01-07 03:00:00,2018-01-07 03:00:00,2018-01-08 03:00:00,2018-01-11 03:00:00,2018-01-31 03:00:00
90ca8207,b7e179ff,delivered,2017-06-06 05:00:00,2017-06-06 06:00:00,2017-06-08 05:00:00,2017-06-20 05:00:00,2017-06-30 05:00:00
1c92be9e,76c754c3,delivered,2018-06-25 10:00:00,2018-06-25 12:00:00,2018-06-27 10:00:00,2018-07-02 10:00:00,2018-07-10 10:00:00
255685e2,436acc54,delivered,2017-07-19 07:00:00,2017-07-19 09:00:00,2017-07-21 07:00:00,2017-07-22 07:00:00,2017-08-04 07:00:00
2fa77473,4d4aad9f,delivered,2018-04-21 17:00:00,2018-04-21 19:00:00,2018-04-23 17:00:00,2018-04-30 17:00:00,2018-05-05 17:00:00
990fd8c1,12a344ed,delivered,2018-03-05 08:00:00,2018-03-05 10:00:00,2018-03-06 08:00:00,2018-03-15 08:00:00,2018-03-16 08:00:00
73b0139d,498857ba,delivered,2018-07-22 18:00:00,2018-07-22 21:00:00,2018-07-23 18:00:00,2018-08-03 18:00:00,2018-08-15 18:00:00
17999cf0,8cab7b33,delivered,2017-07-17 15:00:00,2017-07-17 17:00:00,2017-07-18 15:00:00,2017-07-21 15:00:00,2017-07-31 15:00:00
510e31ef,95db3a62,delivered,2018-08-19 10:00:00,2018-08-19 13:00:00,2018-08-21 10:00:00,2018-09-02 10:00:00,2018-09-08 10:00:00
76d153f6,d5be3cf7,delivered,2018-08-02 04:00:00,2018-08-02 06:00:00,2018-08-04 04:00:00,2018-08-10 04:00:00,2018-08-23 04:00:00
3a0f1f55,d7e5a383,delivered,2018-02-21 14:00:00,2018-02-21 18:00:00,2018-02-22 14:00:00,2018-02-24 14:00:00,2018-03-09 14:00:00
ba9eee1c,0daaff27,delivered,2018-01-11 14:00:00,2018-01-11 14:00:00,2018-01-13 14:00:00,2018-01-14 14:00:00,2018-01-24 14:00:00
496b5d16,b20425f1,delivered,2018-01-24 08:00:00,2018-01-24 11:00:00,2018-01-25 08:00:00,2018-02-06 08:00:00,2018-02-16 08:00:00
c8886a1c,5c5342f1,delivered,2017-10-10 13:00:00,2017-10-10 14:00:00,2017-10-11 13:00:00,2017-10-23 13:00:00,2017-10-20 13:00:00
dc3e4417,d07acbdb,delivered,2017-07-26 06:00:00,2017-07-26 06:00:00,2017-07-28 06:00:00,2017-08-04 06:00:00,2017-08-10 06:00:00
1b874416,df45da94,delivered,2017-10-11 17:00:00,2017-10-11 20:00:00,2017-10-12 17:00:00,2017-10-20 17:00:00,2017-10-31 17:00:00
96bdc159,9417b804,delivered,2017-01-06 11:00:00,2017-01-06 13:00:00,2017-01-07 11:00:00,2017-01-15 11:00:00,2017-01-23 11:00:00
162ae40a,3bda9da4,delivered,2017-09-05 14:00:00,2017-09-05 18:00:00,2017-09-06 14:00:00,2017-09-10 14:00:00,2017-09-22 14:00:00
ec2df564,89dec935,delivered,2018-05-02 04:00:00,2018-05-02 07:00:00,2018-05-04 04:00:00,2018-05-13 04:00:00,2018-05-12 04:00:00
8467f37d,c3b9ad98,delivered,2017-06-03 23:00:00,2017-06-04 01:00:00,2017-06-05 23:00:00,2017-06-11 23:00:00,2017-06-18 23:00:00
8de98362,f26e0735,delivered,2017-05-07 19:00:00,2017-05-07 19:00:00,2017-05-08 19:00:00,2017-05-16 19:00:00,2017-05-19 19:00:00
b8fd8d6d,afbcebd8,delivered,2017-02-18 10:00:00,2017-02-18 12:00:00,2017-02-20 10:00:00,2017-03-04 10:00:00,2017-03-12 10:00:00
46275e5f,85fb0b63,delivered,2018-01-30 08:00:00,2018-01-30 12:00:00,2018-02-01 08:00:00,2018-02-05 08:00:00,2018-02-10 08:00:00
7b6d1ff8,6789cd0f,delivered,2018-07-15 11:00:00,2018-07-15 13:00:00,2018-07-17 11:00:00,2018-07-23 11:00:00,2018-08-05 11:00:00
3e564437,f9576bd9,delivered,2018-05-24 11:00:00,2018-05-24 11:00:00,2018-05-26 11:00:00,2018-06-05 11:00:00,2018-06-09 11:00:00
e9cb747b,4bc270e2,delivered,2018-04-28 19:00:00,2018-04-28 21:00:00,2018-04-29 19:00:00,2018-05-04 19:00:00,2018-05-22 19:00:00
c3b28676,53d69dc9,delivered,2017-01-07 21:00:00,2017-01-07 22:00:00,2017-01-09 21:00:00,2017-01-12 21:00:00,2017-01-24 21:00:00
5b3d148b,1b7f76fe,delivered,2017-02-01 09:00:00,2017-02-01 10:00:00,2017-02-02 09:00:00,2017-02-15 09:00:00,2017-02-18 09:00:00
c3dad4ec,9acc733d,delivered,2018-02-15 07:00:00,2018-02-15 07:00:00,2018-02-16 07:00:00,2018-02-18 07:00:00,2018-03-06 07:00:00
1303ed99,764ef0a6,delivered,2017-01-26 17:00:00,2017-01-26 20:00:00,2017-01-27 17:00:00,2017-02-01 17:00:00,2017-02-10 17:00:00
eebf80f0,d4713c5d,delivered,2018-02-18 17:00:00,2018-02-18 19:00:00,2018-02-20 17:00:00,2018-02-24 17:00:00,2018-03-05 17:00:00
39f58765,632a04c0,delivered,2018-05-14 17:00:00,2018-05-14 19:00:00,2018-05-15 17:00:00,2018-05-19 17:00:00,2018-06-05 17:00:00
5ec63390,5a9d897c,delivered,2017-05-16 01:00:00,2017-05-16 02:00:00,2017-05-17 01:00:00,2017-05-30 01:00:00,2017-05-28 01:00:00
fed0e3e7,d0d1d272,delivered,2017-06-23 11:00:00,2017-06-23 12:00:00,2017-06-25 11:00:00,2017-06-30 11:00:00,2017-07-17 11:00:00
47e0d8b0,8a00c5a9,delivered,2017-01-23 04:00:00,2017-01-23 07:00:00,2017-01-25 04:00:00,2017-02-05 04:00:00,2017-02-08 04:00:00
4de4b7ba,0dba911d,delivered,2017-07-19 05:00:00,2017-07-19 08:00:00,2017-07-20 05:00:00,2017-07-23 05:00:00,2017-08-02 05:00:00
37b12a78,af0e59e8,delivered,2017-09-20 22:00:00,2017-09-21 02:00:00,2017-09-21 22:00:00,2017-09-23 22:00:00,2017-10-02 22:00:00
03f782a0,fd6ee0ca,delivered,2017-06-21 18:00:00,2017-06-21 19:00:00,2017-06-23 18:00:00,2017-07-05 18:00:00,2017-07-01 18:00:00
2ea59c4f,50b9b472,delivered,2018-02-20 08:00:00,2018-02-20 11:00:00,2018-02-22 08:00:00,2018-03-04 08:00:00,2018-03-14 08:00:00
88a245da,88cbc040,delivered,2018-08-20 08:00:00,2018-08-20 08:00:00,2018-08-21 08:00:00,2018-08-23 08:00:00,2018-09-09 08:00:00
73ecb672,e29ef7aa,delivered,2018-08-07 04:00:00,2018-08-07 08:00:00,2018-08-08 04:00:00,2018-08-15 04:00:00,2018-08-17 04:00:00
3c09e4db,ab53bdc3,delivered,2017-07-26 23:00:00,2017-07-27 02:00:00,2017-07-27 23:00:00,2017-08-03 23:00:00,2017-08-11 23:00:00
7ce4ec6a,71c5f56a,delivered,2017-06-23 10:00:00,2017-06-23 13:00:00,2017-06-25 10:00:00,2017-07-05 10:00:00,2017-07-04 10:00:00
c253b31d,3c16ab17,delivered,2017-11-26 00:00:00,2017-11-26 03:00:00,2017-11-27 00:00:00,2017-12-10 00:00:00,2017-12-08 00:00:00
6459e472,0915a498,delivered,2017-11-12 04:00:00,2017-11-12 07:00:00,2017-11-14 04:00:00,2017-11-16 04:00:00,2017-12-05 04:00:00
af586056,50c7156a,delivered,2017-08-28 22:00:00,2017-08-28 22:00:00,2017-08-30 22:00:00,2017-09-11 22:00:00,2017-09-13 22:00:00
9c3bde95,c54d3145,delivered,2017-10-20 20:00:00,2017-10-21 00:00:00,2017-10-21 20:00:00,2017-10-25 20:00:00,2017-11-11 20:00:00
26f52cfa,2dad37a5,delivered,2017-08-03 17:00:00,2017-08-03 21:00:00,2017-08-05 17:00:00,2017-08-14 17:00:00,2017-08-25 17:00:00
1de13e7a,2b200813,delivered,2018-04-19 11:00:00,2018-04-19 15:00:00,2018-04-21 11:00:00,2018-04-23 11:00:00,2018-05-08 11:00:00
e36d7fcb,b3e149b2,delivered,2018-07-28 23:00:00,2018-07-29 02:00:00,2018-07-30 23:00:00,2018-08-09 23:00:00,2018-08-18 23:00:00
2052c008,b2c56342,delivered,2018-04-21 14:00:00,2018-04-21 14:00:00,2018-04-23 14:00:00,2018-04-28 14:00:00,2018-05-01 14:00:00
c2e03ea9,7852219e,delivered,2017-08-01 10:00:00,2017-08-01 13:00:00,2017-08-02 10:00:00,2017-08-11 10:00:00,2017-08-19 10:00:00
7ae85088,188cf94e,delivered,2017-03-01 02:00:00,2017-03-01 06:00:00,2017-03-03 02:00:00,2017-03-04 02:00:00,2017-03-24 02:00:00
bda65639,cff9d421,delivered,2018-05-07 05:00:00,2018-05-07 07:00:00,2018-05-08 05:00:00,2018-05-11 05:00:00,2018-05-24 05:00:00
02bd6706,fa97b160,delivered,2017-04-17 12:00:00,2017-04-17 12:00:00,2017-04-19 12:00:00,2017-04-24 12:00:00,2017-05-02 12:00:00
12c80264,66b3c6d2,delivered,2017-08-23 06:00:00,2017-08-23 08:00:00,2017-08-25 06:00:00,2017-09-06 06:00:00,2017-09-11 06:00:00
dfdd9236,7572555b,delivered,2017-12-30 01:00:00,2017-12-30 02:00:00,2017-12-31 01:00:00,2018-01-12 01:00:00,2018-01-23 01:00:00
74a81bd6,156e1081,delivered,2017-10-31 04:00:00,2017-10-31 06:00:00,2017-11-01 04:00:00,2017-11-05 04:00:00,2017-11-22 04:00:00
c53e6f75,3f12f636,delivered,2018-07-26 10:00:00,2018-07-26 10:00:00,2018-07-27 10:00:00,2018-08-08 10:00:00,2018-08-06 10:00:00
74339801,34be60fa,delivered,2018-02-14 05:00:00,2018-02-14 05:00:00,2018-02-15 05:00:00,2018-02-28 05:00:00,2018-03-04 05:00:00
019bfdeb,3f50d1a6,delivered,2017-06-27 14:00:00,2017-06-27 17:00:00,2017-06-28 14:00:00,2017-07-10 14:00:00,2017-07-07 14:00:00
f14bf0ad,24a439ad,delivered,2017-06-04 13:00:00,2017-06-04 14:00:00,2017-06-05 13:00:00,2017-06-13 13:00:00,2017-06-21 13:00:00
a820b32d,dae44577,delivered,2017-01-19 15:00:00,2017-01-19 15:00:00,2017-01-20 15:00:00,2017-01-31 15:00:00,2017-02-04 15:00:00
9bc823a2,69161295,delivered,2017-12-25 11:00:00,2017-12-25 14:00:00,2017-12-27 11:00:00,2017-12-29 11:00:00,2018-01-09 11:00:00
4976fbfa,7d75be49,delivered,2017-11-10 01:00:00,2017-11-10 05:00:00,2017-11-11 01:00:00,2017-11-16 01:00:00,2017-11-26 01:00:00
1db68f0c,c9944135,delivered,2017-06-20 21:00:00,2017-06-20 21:00:00,2017-06-21 21:00:00,2017-07-01 21:00:00,2017-07-04 21:00:00
292973c4,739f7f4d,delivered,2017-01-22 13:00:00,2017-01-22 13:00:00,2017-01-23 13:00:00,2017-02-04 13:00:00,2017-02-03 13:00:00
1470c5ba,5ab8c62a,delivered,2017-01-21 07:00:00,2017-01-21 10:00:00,2017-01-23 07:00:00,2017-02-04 07:00:00,2017-02-08 07:00:00
1ade9e83,ab600572,shipped,2018-01-30 04:00:00,2018-01-30 06:00:00,2018-01-31 04:00:00,,2018-02-10 04:00:00
a041541f,7ccdf65a,delivered,2018-03-25 21:00:00,2018-03-25 23:00:00,2018-03-27 21:00:00,2018-04-05 21:00:00,2018-04-16 21:00:00
5f953b41,f67c2264,delivered,2017-08-12 04:00:00,2017-08-12 08:00:00,2017-08-13 04:00:00,2017-08-23 04:00:00,2017-08-26 04:00:00
d2811ffd,bbedfb4b,delivered,2017-04-24 03:00:00,2017-04-24 07:00:00,2017-04-26 03:00:00,2017-05-03 03:00:00,2017-05-05 03:00:00
01828c2c,7dc2b8c9,delivered,2018-05-20 21:00:00,2018-05-20 23:00:00,2018-05-22 21:00:00,2018-05-26 21:00:00,2018-06-06 21:00:00
8d79019b,34f60ad7,delivered,2017-12-16 11:00:00,2017-12-16 12:00:00,2017-12-17 11:00:00,2017-12-22 11:00:00,2018-01-04 11:00:00
4182bd90,fe340715,delivered,2017-08-27 22:00:00,2017-08-28 01:00:00,2017-08-29 22:00:00,2017-09-06 22:00:00,2017-09-08 22:00:00
58d6a9a6,a46a5ef3,delivered,2017-10-04 09:00:00,2017-10-04 11:00:00,2017-10-06 09:00:00,2017-10-15 09:00:00,2017-10-15 09:00:00
2a4b8f5e,2120eeb6,delivered,2017-01-14 04:00:00,2017-01-14 07:00:00,2017-01-16 04:00:00,2017-01-18 04:00:00,2017-02-06 04:00:00
eb385f31,774b0047,delivered,2018-02-05 01:00:00,2018-02-05 04:00:00,2018-02-06 01:00:00,2018-02-13 01:00:00,2018-02-19 01:00:00
b61b5671,9aea08a8,delivered,2017-09-13 21:00:00,2017-09-14 00:00:00,2017-09-14 21:00:00,2017-09-22 21:00:00,2017-09-24 21:00:00
7a02cf6b,c3c6cd34,delivered,2017-08-21 07:00:00,2017-08-21 10:00:00,2017-08-22 07:00:00,2017-08-27 07:00:00,2017-08-31 07:00:00
b5b65ba6,2c4b9fd5,delivered,2018-02-08 03:00:00,2018-02-08 06:00:00,2018-02-10 03:00:00,2018-02-22 03:00:00,2018-02-28 03:00:00
ef91f04d,44ab3b5c,delivered,2017-03-29 15:00:00,2017-03-29 16:00:00,2017-03-31 15:00:00,2017-04-10 15:00:00,2017-04-09 15:00:00
f6488bc4,fee93848,delivered,2017-05-09 12:00:00,2017-05-09 14:00:00,2017-05-11 12:00:00,2017-05-12 12:00:00,2017-05-29 12:00:00
1199167c,d8d71ab9,delivered,2017-09-06 05:00:00,2017-09-06 09:00:00,2017-09-07 05:00:00,2017-09-09 05:00:00,2017-09-18 05:00:00
68f5a484,a7f40e65,delivered,2017-02-04 22:00:00,2017-02-04 23:00:00,2017-02-05 22:00:00,2017-02-08 22:00:00,2017-02-23 22:00:00
686a4380,b3e149b2,delivered,2018-06-19 00:00:00,2018-06-19 04:00:00,2018-06-20 00:00:00,2018-07-01 00:00:00,2018-06-29 00:00:00
b1e4face,ad905151,delivered,2017-07-26 17:00:00,2017-07-26 18:00:00,2017-07-28 17:00:00,2017-08-04 17:00:00,2017-08-18 17:00:00
532b7a1b,a1bbd625,delivered,2017-03-24 04:00:00,2017-03-24 07:00:00,2017-03-25 04:00:00,2017-03-31 04:00:00,2017-04-10 04:00:00
f763325b,19803873,delivered,2018-08-23 18:00:00,2018-08-23 20:00:00,2018-08-25 18:00:00,2018-09-03 18:00:00,2018-09-06 18:00:00
7cf22bb5,f0cc03e8,delivered,2018-07-23 20:00:00,2018-07-24 00:00:00,2018-07-24 20:00:00,2018-08-05 20:00:00,2018-08-10 20:00:00
b8d5ea22,eb62773b,delivered,2017-10-09 09:00:00,2017-10-09 13:00:00,2017-10-11 09:00:00,2017-10-14 09:00:00,2017-10-31 09:00:00
4dd4d0a7,4b20cebe,delivered,2017-03-09 13:00:00,2017-03-09 15:00:00,2017-03-11 13:00:00,2017-03-23 13:00:00,2017-03-26 13:00:00
85e91d8a,c234d021,delivered,2018-03-07 06:00:00,2018-03-07 07:00:00,2018-03-09 06:00:00,2018-03-10 06:00:00,2018-03-21 06:00:00
1c8ebfa2,81c1d87d,delivered,2017-06-30 01:00:00,2017-06-30 03:00:00,2017-07-01 01:00:00,2017-07-07 01:00:00,2017-07-19 01:00:00
d7d8abbf,274f045d,delivered,2018-03-08 14:00:00,2018-03-08 17:00:00,2018-03-10 14:00:00,2018-03-13 14:00:00,2018-03-21 14:00:00
3b8a66e6,eab26c1f,delivered,2017-02-16 21:00:00,2017-02-16 23:00:00,2017-02-17 21:00:00,2017-02-25 21:00:00,2017-03-08 21:00:00
b4aa55f7,24781d90,delivered,2017-12-25 22:00:00,2017-12-26 00:00:00,2017-12-26 22:00:00,2018-01-08 22:00:00,2018-01-13 22:00:00
bb8ee8c3,eb665978,delivered,2018-07-20 19:00:00,2018-07-20 23:00:00,2018-07-22 19:00:00,2018-07-28 19:00:00,2018-08-06 19:00:00
25ef80fa,3ea46484,delivered,2017-11-10 21:00:00,2017-11-11 00:00:00,2017-11-12 21:00:00,2017-11-24 21:00:00,2017-11-23 21:00:00
c3624ddf,5c55827e,delivered,2018-02-19 21:00:00,2018-02-19 23:00:00,2018-02-21 21:00:00,2018-02-26 21:00:00,2018-03-12 21:00:00
47ba5eef,648c72f0,canceled,2017-06-01 09:00:00,2017-06-01 10:00:00,2017-06-02 09:00:00,,2017-06-19 09:00:00
896ab698,e351b078,delivered,2018-06-28 19:00:00,2018-06-28 23:00:00,2018-06-30 19:00:00,2018-07-04 19:00:00,2018-07-15 19:00:00
3b9161c3,1fe446a5,delivered,2018-01-09 10:00:00,2018-01-09 14:00:00,2018-01-10 10:00:00,2018-01-13 10:00:00,2018-01-27 10:00:00
70c261e8,fe7b2de3,delivered,2018-08-17 02:00:00,2018-08-17 04:00:00,2018-08-19 02:00:00,2018-08-26 02:00:00,2018-09-05 02:00:00
301f13d6,a57baeb6,delivered,2017-06-09 22:00:00,2017-06-10 01:00:00,2017-06-10 22:00:00,2017-06-12 22:00:00,2017-06-27 22:00:00
7ec6bc34,de6562d3,delivered,2017-03-25 07:00:00,2017-03-25 07:00:00,2017-03-27 07:00:00,2017-04-08 07:00:00,2017-04-14 07:00:00
014e2e54,e5cb2178,delivered,2017-11-15 17:00:00,2017-11-15 17:00:00,2017-11-16 17:00:00,2017-11-29 17:00:00,2017-12-09 17:00:00
fa47db39,74b3e785,delivered,2018-01-22 05:00:00,2018-01-22 08:00:00,2018-01-23 05:00:00,2018-02-04 05:00:00,2018-02-08 05:00:00
e34374e7,5eedba67,delivered,2017-05-13 06:00:00,2017-05-13 10:00:00,2017-05-15 06:00:00,2017-05-23 06:00:00,2017-05-26 06:00:00
4a0b1f5d,e351b078,delivered,2018-07-09 03:00:00,2018-07-09 04:00:00,2018-07-10 03:00:00,2018-07-20 03:00:00,2018-07-30 03:00:00
8a741b06,86a3764f,invoiced,2017-08-18 05:00:00,2017-08-18 09:00:00,2017-08-20 05:00:00,,2017-08-30 05:00:00
d276dc36,f69e5663,delivered,2017-06-13 15:00:00,2017-06-13 15:00:00,2017-06-14 15:00:00,2017-06-27 15:00:00,2017-07-02 15:00:00
b37c1c7c,c112a403,delivered,2018-02-01 03:00:00,2018-02-01 06:00:00,2018-02-03 03:00:00,2018-02-13 03:00:00,2018-02-14 03:00:00
9dac141b,aee918cc,delivered,2018-06-19 09:00:00,2018-06-19 09:00:00,2018-06-20 09:00:00,2018-06-22 09:00:00,2018-07-03 09:00:00
edb38b04,bde71009,delivered,2017-10-10 03:00:00,2017-10-10 07:00:00,2017-10-12 03:00:00,2017-10-13 03:00:00,2017-10-28 03:00:00
eb1cbad4,25286ddd,delivered,2018-07-31 17:00:00,2018-07-31 18:00:00,2018-08-02 17:00:00,2018-08-08 17:00:00,2018-08-15 17:00:00
ff6f3b86,ec5a70be,delivered,2017-06-23 13:00:00,2017-06-23 14:00:00,2017-06-24 13:00:00,2017-07-04 13:00:00,2017-07-17 13:00:00
84d87e63,da008b3e,delivered,2017-12-09 11:00:00,2017-12-09 13:00:00,2017-12-11 11:00:00,2017-12-14 11:00:00,2018-01-02 11:00:00
d7800485,24662480,delivered,2018-02-07 14:00:00,2018-02-07 15:00:00,2018-02-09 14:00:00,2018-02-17 14:00:00,2018-02-23 14:00:00
dd07c892,fa24ac92,delivered,2018-02-13 21:00:00,2018-02-14 01:00:00,2018-02-15 21:00:00,2018-02-24 21:00:00,2018-03-03 21:00:00
cd1cc6fa,fbe3747c,delivered,2017-01-22 23:00:00,2017-01-22 23:00:00,2017-01-24 23:00:00,2017-01-30 23:00:00,2017-02-07 23:00:00
6a63efaf,a473f87c,canceled,2017-05-16 12:00:00,2017-05-16 16:00:00,2017-05-17 12:00:00,,2017-05-27 12:00:00
69c61a69,602a77d8,delivered,2017-10-29 23:00:00,2017-10-30 00:00:00,2017-10-30 23:00:00,2017-11-04 23:00:00,2017-11-21 23:00:00
45585277,9f67c084,delivered,2017-07-31 02:00:00,2017-07-31 02:00:00,2017-08-01 02:00:00,2017-08-05 02:00:00,2017-08-21 02:00:00
f3e7058f,933205b8,processing,2017-11-01 09:00:00,2017-11-01 10:00:00,2017-11-02 09:00:00,,2017-11-19 09:00:00
0d229c5e,53f4c20e,delivered,2017-08-11 07:00:00,2017-08-11 07:00:00,2017-08-13 07:00:00,2017-08-15 07:00:00,2017-09-03 07:00:00
d9503e3a,577a2df3,delivered,2017-11-30 23:00:00,2017-12-01 02:00:00,2017-12-01 23:00:00,2017-12-07 23:00:00,2017-12-23 23:00:00
6019af54,2305db35,delivered,2018-03-28 01:00:00,2018-03-28 04:00:00,2018-03-29 01:00:00,2018-04-06 01:00:00,2018-04-12 01:00:00
75e1cac4,b0597625,delivered,2018-07-19 17:00:00,2018-07-19 17:00:00,2018-07-20 17:00:00,2018-08-01 17:00:00,2018-08-07 17:00:00
888b9434,95db2e4e,delivered,2017-09-05 04:00:00,2017-09-05 08:00:00,2017-09-07 04:00:00,2017-09-08 04:00:00,2017-09-18 04:00:00
aebe7a74,621387b5,delivered,2017-02-20 05:00:00,2017-02-20 05:00:00,2017-02-21 05:00:00,2017-03-05 05:00:00,2017-03-14 05:00:00
55407090,b5fbd093,delivered,2017-03-28 02:00:00,2017-03-28 06:00:00,2017-03-30 02:00:00,2017-04-01 02:00:00,2017-04-09 02:00:00
533fdd99,1e3bc8e9,delivered,2018-05-20 08:00:00,2018-05-20 09:00:00,2018-05-21 08:00:00,2018-05-31 08:00:00,2018-06-02 08:00:00
f7e27fd2,8a563a4f,delivered,2017-10-22 19:00:00,2017-10-22 19:00:00,2017-10-24 19:00:00,2017-11-01 19:00:00,2017-11-12 19:00:00
cc6e94d6,360f1a91,delivered,2017-01-02 20:00:00,2017-01-02 21:00:00,2017-01-04 20:00:00,2017-01-13 20:00:00,2017-01-18 20:00:00
2d525992,abfec41d,delivered,2017-02-12 09:00:00,2017-02-12 13:00:00,2017-02-14 09:00:00,2017-02-19 09:00:00,2017-02-27 09:00:00
0175926b,f69e5663,delivered,2017-07-21 10:00:00,2017-07-21 14:00:00,2017-07-23 10:00:00,2017-07-27 10:00:00,2017-08-04 10:00:00
ce400cf3,a3a42bca,delivered,2018-04-13 09:00:00,2018-04-13 10:00:00,2018-04-14 09:00:00,2018-04-18 09:00:00,2018-05-04 09:00:00
656c90fe,6a8f6566,delivered,2018-06-21 01:00:00,2018-06-21 04:00:00,2018-06-23 01:00:00,2018-06-26 01:00:00,2018-07-05 01:00:00
0094405d,8853fb5e,delivered,2017-04-25 07:00:00,2017-04-25 07:00:00,2017-04-27 07:00:00,2017-05-02 07:00:00,2017-05-15 07:00:00
aaf36e5f,c180cd89,delivered,2017-03-17 09:00:00,2017-03-17 11:00:00,2017-03-19 09:00:00,2017-03-30 09:00:00,2017-04-08 09:00:00
a6f10a85,1c27debf,delivered,2018-03-23 07:00:00,2018-03-23 09:00:00,2018-03-24 07:00:00,2018-03-31 07:00:00,2018-04-07 07:00:00
19dc7dd8,ce0faa13,delivered,2018-06-28 10:00:00,2018-06-28 10:00:00,2018-06-30 10:00:00,2018-07-08 10:00:00,2018-07-22 10:00:00
c9e476fe,ec38d147,delivered,2017-03-30 08:00:00,2017-03-30 11:00:00,2017-03-31 08:00:00,2017-04-03 08:00:00,2017-04-18 08:00:00
c5108195,9b48754d,delivered,2017-06-03 22:00:00,2017-06-03 22:00:00,2017-06-05 22:00:00,2017-06-11 22:00:00,2017-06-17 22:00:00
a6df4130,9b62ed2c,delivered,2017-02-04 15:00:00,2017-02-04 18:00:00,2017-02-05 15:00:00,2017-02-15 15:00:00,2017-02-28 15:00:00
870a9ee4,c9253917,delivered,2017-04-11 08:00:00,2017-04-11 09:00:00,2017-04-13 08:00:00,2017-04-15 08:00:00,2017-04-22 08:00:00
24beba4a,1ffe09f6,delivered,2017-10-15 12:00:00,2017-10-15 14:00:00,2017-10-16 12:00:00,2017-10-26 12:00:00,2017-11-03 12:00:00
5dd3fe8a,24e6774d,delivered,2018-02-26 13:00:00,2018-02-26 17:00:00,2018-02-27 13:00:00,2018-03-12 13:00:00,2018-03-12 13:00:00
eb83c6c2,2f26fc8f,delivered,2017-02-14 03:00:00,2017-02-14 06:00:00,2017-02-16 03:00:00,2017-02-18 03:00:00,2017-02-25 03:00:00
3a110fce,5fe99ccd,delivered,2017-05-25 19:00:00,2017-05-25 23:00:00,2017-05-26 19:00:00,2017-05-31 19:00:00,2017-06-14 19:00:00
e0d7c433,5274059c,shipped,2018-05-03 13:00:00,2018-05-03 15:00:00,2018-05-04 13:00:00,,2018-05-14 13:00:00
e82e8dfb,3f0bbca2,delivered,2017-12-09 08:00:00,2017-12-09 08:00:00,2017-12-10 08:00:00,2017-12-13 08:00:00,2017-12-22 08:00:00
9e554464,e38163f5,delivered,2018-08-01 03:00:00,2018-08-01 04:00:00,2018-08-03 03:00:00,2018-08-04 03:00:00,2018-08-17 03:00:00
3e4b2148,81bfe97a,delivered,2018-08-11 18:00:00,2018-08-11 18:00:00,2018-08-12 18:00:00,2018-08-16 18:00:00,2018-08-31 18:00:00
dc60cae5,49136800,delivered,2017-01-07 04:00:00,2017-01-07 04:00:00,2017-01-08 04:00:00,2017-01-14 04:00:00,2017-01-26 04:00:00
43dfe131,424f6978,delivered,2018-07-28 08:00:00,2018-07-28 10:00:00,2018-07-29 08:00:00,2018-08-05 08:00:00,2018-08-08 08:00:00
1a86e3b5,21bc0cc9,delivered,2018-06-08 18:00:00,2018-06-08 20:00:00,2018-06-09 18:00:00,2018-06-15 18:00:00,2018-06-18 18:00:00
e02431a5,d731661d,delivered,2017-10-17 16:00:00,2017-10-17 19:00:00,2017-10-18 16:00:00,2017-10-30 16:00:00,2017-10-28 16:00:00
a79bdd15,5abfcff0,delivered,2017-09-02 18:00:00,2017-09-02 18:00:00,2017-09-04 18:00:00,2017-09-08 18:00:00,2017-09-19 18:00:00
f7af7e69,112cc38d,delivered,2018-06-25 00:00:00,2018-06-25 02:00:00,2018-06-27 00:00:00,2018-07-01 00:00:00,2018-07-08 00:00:00
4fa3bef4,b87f4f4f,delivered,2018-02-27 02:00:00,2018-02-27 06:00:00,2018-02-28 02:00:00,2018-03-13 02:00:00,2018-03-23 02:00:00
07baa6a5,6c8b4a9f,delivered,2018-08-09 10:00:00,2018-08-09 11:00:00,2018-08-11 10:00:00,2018-08-15 10:00:00,2018-08-25 10:00:00
a3166423,be0fddd7,delivered,2018-07-07 17:00:00,2018-07-07 17:00:00,2018-07-08 17:00:00,2018-07-20 17:00:00,2018-07-21 17:00:00
5c4aed1f,0164259f,delivered,2017-04-10 23:00:00,2017-04-11 01:00:00,2017-04-12 23:00:00,2017-04-14 23:00:00,2017-04-23 23:00:00
66dcd034,1b2d546a,delivered,2017-03-21 23:00:00,2017-03-22 00:00:00,2017-03-23 23:00:00,2017-03-24 23:00:00,2017-04-12 23:00:00
3b52249c,ad939dbc,delivered,2017-10-18 21:00:00,2017-10-19 01:00:00,2017-10-19 21:00:00,2017-10-22 21:00:00,2017-11-01 21:00:00
025f394c,13b94a6e,delivered,2017-11-06 22:00:00,2017-11-07 02:00:00,2017-11-08 22:00:00,2017-11-16 22:00:00,2017-11-30 22:00:00
552a60c0,a3717fd7,delivered,2017-08-14 17:00:00,2017-08-14 20:00:00,2017-08-16 17:00:00,2017-08-28 17:00:00,2017-08-28 17:00:00
3b9aae48,7c0e6894,delivered,2018-05-05 18:00:00,2018-05-05 20:00:00,2018-05-06 18:00:00,2018-05-12 18:00:00,2018-05-16 18:00:00
192f0090,50addfd7,delivered,2017-12-11 02:00:00,2017-12-11 06:00:00,2017-12-12 02:00:00,2017-12-23 02:00:00,2017-12-27 02:00:00
f70dff2d,f0566c84,delivered,2017-04-01 05:00:00,2017-04-01 09:00:00,2017-04-02 05:00:00,2017-04-06 05:00:00,2017-04-19 05:00:00
117b4455,95df2a8f,delivered,2017-03-28 13:00:00,2017-03-28 16:00:00,2017-03-29 13:00:00,2017-04-04 13:00:00,2017-04-11 13:00:00
a5f8d78e,7f04288d,delivered,2018-05-24 15:00:00,2018-05-24 18:00:00,2018-05-25 15:00:00,2018-06-03 15:00:00,2018-06-07 15:00:00
17ac1283,671d1698,delivered,2017-06-07 07:00:00,2017-06-07 11:00:00,2017-06-08 07:00:00,2017-06-18 07:00:00,2017-06-30 07:00:00
387126c8,f765405d,delivered,2017-12-13 23:00:00,2017-12-14 00:00:00,2017-12-15 23:00:00,2017-12-16 23:00:00,2017-12-23 23:00:00
cc33c105,6ab56bce,delivered,2017-03-21 03:00:00,2017-03-21 03:00:00,2017-03-23 03:00:00,2017-04-01 03:00:00,2017-04-02 03:00:00
75649168,2c09bd3d,delivered,2018-08-23 16:00:00,2018-08-23 16:00:00,2018-08-25 16:00:00,2018-09-05 16:00:00,2018-09-08 16:00:00
6e9faed3,8e3cf1c9,delivered,2017-09-18 17:00:00,2017-09-18 21:00:00,2017-09-19 17:00:00,2017-09-29 17:00:00,2017-10-04 17:00:00
0a1ab960,d2be2d73,delivered,2017-12-01 21:00:00,2017-12-01 23:00:00,2017-12-03 21:00:00,2017-12-04 21:00:00,2017-12-16 21:00:00
23f42dee,bc2e5ce4,delivered,2017-03-12 12:00:00,2017-03-12 16:00:00,2017-03-13 12:00:00,2017-03-23 12:00:00,2017-03-22 12:00:00
6428735e,d4741924,delivered,2018-02-07 20:00:00,2018-02-08 00:00:00,2018-02-08 20:00:00,2018-02-10 20:00:00,2018-02-25 20:00:00
e6c6ffd3,40dab02d,delivered,2017-12-18 22:00:00,2017-12-19 00:00:00,2017-12-19 22:00:00,2017-12-31 22:00:00,2018-01-06 22:00:00
7e850724,6408cdb5,delivered,2017-11-18 21:00:00,2017-11-18 21:00:00,2017-11-20 21:00:00,2017-11-23 21:00:00,2017-12-12 21:00:00
5384fd0f,f1bbe728,delivered,2018-06-13 18:00:00,2018-06-13 20:00:00,2018-06-15 18:00:00,2018-06-22 18:00:00,2018-06-24 18:00:00
53333867,45e80c72,delivered,2017-02-21 19:00:00,2017-02-21 21:00:00,2017-02-23 19:00:00,2017-03-03 19:00:00,2017-03-13 19:00:00
0c6c433f,ddfe86c1,delivered,2017-12-21 20:00:00,2017-12-22 00:00:00,2017-12-23 20:00:00,2017-12-28 20:00:00,2018-01-06 20:00:00
39b8eaea,7e5f2af7,delivered,2018-01-28 21:00:00,2018-01-28 23:00:00,2018-01-29 21:00:00,2018-02-10 21:00:00,2018-02-07 21:00:00
bca7bb4c,ed84ea47,delivered,2017-08-31 05:00:00,2017-08-31 09:00:00,2017-09-02 05:00:00,2017-09-14 05:00:00,2017-09-16 05:00:00
875e30dc,52ae0f66,processing,2017-08-21 22:00:00,2017-08-21 23:00:00,2017-08-23 22:00:00,,2017-09-03 22:00:00
e53ab05b,7da7bcac,delivered,2017-03-13 01:00:00,2017-03-13 02:00:00,2017-03-15 01:00:00,2017-03-26 01:00:00,2017-03-25 01:00:00
3d8823e9,faf950fd,invoiced,2018-05-10 07:00:00,2018-05-10 09:00:00,2018-05-11 07:00:00,,2018-05-26 07:00:00
78f22e00,8477adca,processing,2018-02-04 16:00:00,2018-02-04 18:00:00,2018-02-05 16:00:00,,2018-02-22 16:00:00
678b8435,074fc9ee,delivered,2018-05-24 17:00:00,2018-05-24 19:00:00,2018-05-26 17:00:00,2018-06-01 17:00:00,2018-06-08 17:00:00
b1e218bf,0a772b9b,delivered,2017-11-30 17:00:00,2017-11-30 17:00:00,2017-12-01 17:00:00,2017-12-03 17:00:00,2017-12-15 17:00:00
2e24e289,5ebb495a,delivered,2017-11-25 05:00:00,2017-11-25 08:00:00,2017-11-27 05:00:00,2017-12-02 05:00:00,2017-12-13 05:00:00
c1206f90,f1a5b88e,delivered,2017-07-08 16:00:00,2017-07-08 18:00:00,2017-07-09 16:00:00,2017-07-13 16:00:00,2017-07-18 16:00:00
d486782a,cd293026,delivered,2017-09-20 08:00:00,2017-09-20 11:00:00,2017-09-21 08:00:00,2017-09-26 08:00:00,2017-10-13 08:00:00
97d8a2a7,c770771f,delivered,2018-02-20 18:00:00,2018-02-20 22:00:00,2018-02-22 18:00:00,2018-03-03 18:00:00,2018-03-12 18:00:00
7ce871af,dbca3b0e,delivered,2017-01-14 15:00:00,2017-01-14 15:00:00,2017-01-15 15:00:00,2017-01-28 15:00:00,2017-02-07 15:00:00
c25157af,c4f58319,delivered,2017-04-18 10:00:00,2017-04-18 11:00:00,2017-04-20 10:00:00,2017-04-25 10:00:00,2017-05-09 10:00:00
14584c55,9f8fe607,delivered,2018-08-05 15:00:00,2018-08-05 18:00:00,2018-08-06 15:00:00,2018-08-13 15:00:00,2018-08-27 15:00:00
d69435c6,58533a46,delivered,2018-02-22 22:00:00,2018-02-23 01:00:00,2018-02-23 22:00:00,2018-02-25 22:00:00,2018-03-16 22:00:00
7dc02e3d,9b0b7167,delivered,2017-03-12 12:00:00,2017-03-12 16:00:00,2017-03-13 12:00:00,2017-03-15 12:00:00,2017-04-04 12:00:00
35e653f6,3f2f8501,delivered,2018-03-18 11:00:00,2018-03-18 12:00:00,2018-03-19 11:00:00,2018-03-26 11:00:00,2018-04-09 11:00:00
2e03aad9,a4b221b3,delivered,2017-01-31 02:00:00,2017-01-31 04:00:00,2017-02-02 02:00:00,2017-02-08 02:00:00,2017-02-15 02:00:00
0167bdd5,6d85f02f,delivered,2018-05-01 10:00:00,2018-05-01 11:00:00,2018-05-02 10:00:00,2018-05-10 10:00:00,2018-05-20 10:00:00
20ebfee2,7cf4f58f,delivered,2017-12-12 13:00:00,2017-12-12 17:00:00,2017-12-13 13:00:00,2017-12-26 13:00:00,2017-12-26 13:00:00
ac084247,982014b4,delivered,2018-07-19 11:00:00,2018-07-19 13:00:00,2018-07-20 11:00:00,2018-07-27 11:00:00,2018-08-10 11:00:00
05448fa4,54364084,delivered,2017-03-05 11:00:00,2017-03-05 14:00:00,2017-03-07 11:00:00,2017-03-13 11:00:00,2017-03-23 11:00:00
04c9f194,fc7a39c5,delivered,2018-04-19 11:00:00,2018-04-19 12:00:00,2018-04-21 11:00:00,2018-04-24 11:00:00,2018-05-08 11:00:00
4d4e5181,e42a53ed,delivered,2018-07-09 17:00:00,2018-07-09 20:00:00,2018-07-11 17:00:00,2018-07-18 17:00:00,2018-07-19 17:00:00
64b24dfa,65c90609,delivered,2017-12-19 02:00:00,2017-12-19 03:00:00,2017-12-20 02:00:00,2017-12-25 02:00:00,2018-01-11 02:00:00
05311794,7dc3c578,delivered,2017-11-21 14:00:00,2017-11-21 17:00:00,2017-11-23 14:00:00,2017-12-01 14:00:00,2017-12-05 14:00:00
8286fac1,63494902,delivered,2017-10-21 06:00:00,2017-10-21 06:00:00,2017-10-22 06:00:00,2017-10-29 06:00:00,2017-11-05 06:00:00
dac06ca6,b9a98abc,delivered,2017-06-22 06:00:00,2017-06-22 09:00:00,2017-06-23 06:00:00,2017-07-04 06:00:00,2017-07-14 06:00:00
df877dbc,7673d752,delivered,2018-01-26 05:00:00,2018-01-26 06:00:00,2018-01-27 05:00:00,2018-02-08 05:00:00,2018-02-11 05:00:00
36021a80,00a1c67c,delivered,2018-08-08 22:00:00,2018-08-08 22:00:00,2018-08-09 22:00:00,2018-08-11 22:00:00,2018-08-27 22:00:00
5b876566,c7c46e8a,delivered,2017-01-15 18:00:00,2017-01-15 22:00:00,2017-01-17 18:00:00,2017-01-26 18:00:00,2017-01-27 18:00:00
fb61e3dd,7baa346f,delivered,2017-10-17 13:00:00,2017-10-17 15:00:00,2017-10-19 13:00:00,2017-10-20 13:00:00,2017-11-08 13:00:00
d0082c15,a0a051e3,delivered,2017-04-11 03:00:00,2017-04-11 03:00:00,2017-04-13 03:00:00,2017-04-23 03:00:00,2017-05-04 03:00:00
7452ce9f,0546d8f9,delivered,2018-04-25 02:00:00,2018-04-25 05:00:00,2018-04-26 02:00:00,2018-05-06 02:00:00,2018-05-13 02:00:00
92fbf08c,12ad9e3f,delivered,2017-05-24 07:00:00,2017-05-24 07:00:00,2017-05-25 07:00:00,2017-06-05 07:00:00,2017-06-03 07:00:00
0d0d5085,56fcf562,delivered,2017-10-05 15:00:00,2017-10-05 17:00:00,2017-10-07 15:00:00,2017-10-12 15:00:00,2017-10-25 15:00:00
17c19e94,dca1e0a4,delivered,2017-06-21 19:00:00,2017-06-21 20:00:00,2017-06-22 19:00:00,2017-06-28 19:00:00,2017-07-01 19:00:00
dd059c3f,1534c9bd,shipped,2017-04-21 12:00:00,2017-04-21 15:00:00,2017-04-22 12:00:00,,2017-05-06 12:00:00
74b71d36,e5f64267,delivered,2017-10-19 11:00:00,2017-10-19 15:00:00,2017-10-21 11:00:00,2017-10-23 11:00:00,2017-11-01 11:00:00
755552c6,43c4b569,delivered,2017-02-12 12:00:00,2017-02-12 13:00:00,2017-02-13 12:00:00,2017-02-15 12:00:00,2017-03-02 12:00:00
58b3fb9b,765ed5e9,delivered,2017-08-12 13:00:00,2017-08-12 15:00:00,2017-08-13 13:00:00,2017-08-25 13:00:00,2017-08-23 13:00:00
246a165d,5a220f57,delivered,2017-05-15 21:00:00,2017-05-16 01:00:00,2017-05-17 21:00:00,2017-05-20 21:00:00,2017-05-28 21:00:00
ecf8dd63,79ea4e2e,delivered,2017-02-04 00:00:00,2017-02-04 03:00:00,2017-02-06 00:00:00,2017-02-11 00:00:00,2017-02-26 00:00:00
73866a7e,71c5f56a,delivered,2017-10-12 03:00:00,2017-10-12 07:00:00,2017-10-14 03:00:00,2017-10-21 03:00:00,2017-11-03 03:00:00
2f88b44b,da1bfa3b,delivered,2017-05-22 05:00:00,2017-05-22 08:00:00,2017-05-24 05:00:00,2017-05-28 05:00:00,2017-06-05 05:00:00
dc08e59b,5992316c,delivered,2017-01-05 23:00:00,2017-01-06 00:00:00,2017-01-06 23:00:00,2017-01-17 23:00:00,2017-01-25 23:00:00
ba49ecbb,89270cad,delivered,2017-10-18 23:00:00,2017-10-19 02:00:00,2017-10-20 23:00:00,2017-10-29 23:00:00,2017-10-29 23:00:00
a2af894c,9083c8e1,delivered,2017-05-24 23:00:00,2017-05-24 23:00:00,2017-05-25 23:00:00,2017-05-27 23:00:00,2017-06-08 23:00:00
7de6b82d,8218ff34,delivered,2017-07-22 00:00:00,2017-07-22 00:00:00,2017-07-23 00:00:00,2017-07-31 00:00:00,2017-08-03 00:00:00
fcf3a636,c137dee7,delivered,2018-05-18 21:00:00,2018-05-19 01:00:00,2018-05-19 21:00:00,2018-05-31 21:00:00,2018-06-02 21:00:00
04cb34dd,79593ff3,delivered,2017-11-12 11:00:00,2017-11-12 11:00:00,2017-11-13 11:00:00,2017-11-18 11:00:00,2017-12-02 11:00:00
c68f4989,6dab8037,delivered,2017-09-16 09:00:00,2017-09-16 09:00:00,2017-09-18 09:00:00,2017-09-27 09:00:00,2017-10-09 09:00:00
6a369f86,81111e26,delivered,2017-04-19 11:00:00,2017-04-19 14:00:00,2017-04-20 11:00:00,2017-04-28 11:00:00,2017-04-30 11:00:00
8d589a64,d3afc156,delivered,2017-11-20 16:00:00,2017-11-20 16:00:00,2017-11-22 16:00:00,2017-11-25 16:00:00,2017-12-03 16:00:00
47ef2198,46a78de1,delivered,2018-06-18 01:00:00,2018-06-18 04:00:00,2018-06-19 01:00:00,2018-07-01 01:00:00,2018-07-02 01:00:00
e1e32501,fb97c2cf,delivered,2018-06-16 04:00:00,2018-06-16 06:00:00,2018-06-18 04:00:00,2018-06-30 04:00:00,2018-07-07 04:00:00
5a0667ab,ac90baa4,delivered,2018-06-21 12:00:00,2018-06-21 15:00:00,2018-06-23 12:00:00,2018-06-26 12:00:00,2018-07-08 12:00:00
6622ba0f,7332297d,delivered,2017-05-03 12:00:00,2017-05-03 13:00:00,2017-05-05 12:00:00,2017-05-06 12:00:00,2017-05-15 12:00:00
e860f67b,e6ac1ef7,delivered,2018-01-22 14:00:00,2018-01-22 18:00:00,2018-01-24 14:00:00,2018-02-05 14:00:00,2018-02-12 14:00:00
4c85f4b0,a57ad3c8,delivered,2017-08-20 02:00:00,2017-08-20 06:00:00,2017-08-22 02:00:00,2017-09-01 02:00:00,2017-09-04 02:00:00
4bffef28,72f5c2ea,delivered,2017-11-16 02:00:00,2017-11-16 05:00:00,2017-11-17 02:00:00,2017-11-20 02:00:00,2017-11-27 02:00:00
0ded8c16,2bce5b19,delivered,2018-01-30 04:00:00,2018-01-30 05:00:00,2018-01-31 04:00:00,2018-02-03 04:00:00,2018-02-17 04:00:00
f21a28e4,43e2fe7a,delivered,2017-07-27 09:00:00,2017-07-27 09:00:00,2017-07-29 09:00:00,2017-08-03 09:00:00,2017-08-13 09:00:00
53ee663d,afb6aace,delivered,2017-02-18 09:00:00,2017-02-18 09:00:00,2017-02-19 09:00:00,2017-02-22 09:00:00,2017-03-01 09:00:00
afca34c3,cffcc562,delivered,2018-07-06 23:00:00,2018-07-07 03:00:00,2018-07-08 23:00:00,2018-07-16 23:00:00,2018-07-30 23:00:00
12255047,de14d1a2,delivered,2017-11-25 01:00:00,2017-11-25 01:00:00,2017-11-26 01:00:00,2017-12-02 01:00:00,2017-12-15 01:00:00
a43beed6,a1b1c02c,delivered,2017-08-31 23:00:00,2017-09-01 00:00:00,2017-09-02 23:00:00,2017-09-06 23:00:00,2017-09-19 23:00:00
aae047f9,9b582421,delivered,2017-11-29 14:00:00,2017-11-29 18:00:00,2017-11-30 14:00:00,2017-12-03 14:00:00,2017-12-10 14:00:00
6f2dea29,ac90baa4,delivered,2017-04-11 03:00:00,2017-04-11 04:00:00,2017-04-12 03:00:00,2017-04-22 03:00:00,2017-04-27 03:00:00
e6dfae45,14b8a9f2,delivered,2017-09-18 18:00:00,2017-09-18 21:00:00,2017-09-20 18:00:00,2017-09-29 18:00:00,2017-10-03 18:00:00
257e8f3b,7acda71e,delivered,2017-04-11 18:00:00,2017-04-11 21:00:00,2017-04-13 18:00:00,2017-04-21 18:00:00,2017-05-04 18:00:00
b31be2d8,5418ba86,delivered,2018-06-01 00:00:00,2018-06-01 04:00:00,2018-06-03 00:00:00,2018-06-06 00:00:00,2018-06-11 00:00:00
e82e263c,b4767eb8,delivered,2018-04-30 21:00:00,2018-05-01 00:00:00,2018-05-02 21:00:00,2018-05-05 21:00:00,2018-05-20 21:00:00
ac72c5cb,7dcd83f1,canceled,2017-03-28 21:00:00,2017-03-29 01:00:00,2017-03-29 21:00:00,,2017-04-17 21:00:00
055f55ca,bd469f66,delivered,2017-06-12 04:00:00,2017-06-12 08:00:00,2017-06-13 04:00:00,2017-06-15 04:00:00,2017-06-22 04:00:00
de82df43,f0cf4d82,delivered,2018-05-30 23:00:00,2018-05-30 23:00:00,2018-06-01 23:00:00,2018-06-08 23:00:00,2018-06-09 23:00:00
62de27c7,9407a0ab,delivered,2018-02-18 01:00:00,2018-02-18 02:00:00,2018-02-19 01:00:00,2018-02-25 01:00:00,2018-03-08 01:00:00
85fa89d3,274f045d,delivered,2018-01-27 08:00:00,2018-01-27 11:00:00,2018-01-28 08:00:00,2018-01-31 08:00:00,2018-02-09 08:00:00
74db527f,5d72e109,delivered,2018-04-06 01:00:00,2018-04-06 03:00:00,2018-04-07 01:00:00,2018-04-13 01:00:00,2018-04-16 01:00:00
0fb65d91,71263687,delivered,2017-10-03 18:00:00,2017-10-03 20:00:00,2017-10-04 18:00:00,2017-10-11 18:00:00,2017-10-22 18:00:00
8cae2fd8,188a43d1,delivered,2017-10-13 15:00:00,2017-10-13 15:00:00,2017-10-14 15:00:00,2017-10-22 15:00:00,2017-11-02 15:00:00
8f0e3111,b507ba36,delivered,2017-11-10 05:00:00,2017-11-10 05:00:00,2017-11-11 05:00:00,2017-11-18 05:00:00,2017-11-28 05:00:00
c1a072e8,91b1cee2,delivered,2017-03-30 13:00:00,2017-03-30 13:00:00,2017-04-01 13:00:00,2017-04-08 13:00:00,2017-04-18 13:00:00
7a435b79,35a839c3,delivered,2018-06-11 03:00:00,2018-06-11 06:00:00,2018-06-12 03:00:00,2018-06-19 03:00:00,2018-06-21 03:00:00
acea26c7,f0b707be,delivered,2017-11-05 01:00:00,2017-11-05 01:00:00,2017-11-06 01:00:00,2017-11-17 01:00:00,2017-11-23 01:00:00
aece7978,dd01e084,delivered,2017-04-22 09:00:00,2017-04-22 13:00:00,2017-04-24 09:00:00,2017-04-29 09:00:00,2017-05-13 09:00:00
fcd48659,9bce61cc,delivered,2018-03-23 11:00:00,2018-03-23 14:00:00,2018-03-24 11:00:00,2018-04-03 11:00:00,2018-04-10 11:00:00
a90526c2,f9f63cea,delivered,2018-07-30 05:00:00,2018-07-30 09:00:00,2018-08-01 05:00:00,2018-08-13 05:00:00,2018-08-18 05:00:00
1d4ea0ef,fbe6cf4a,delivered,2018-06-17 21:00:00,2018-06-17 21:00:00,2018-06-18 21:00:00,2018-06-21 21:00:00,2018-06-30 21:00:00
6981c219,39483d6a,delivered,2017-06-18 05:00:00,2017-06-18 08:00:00,2017-06-19 05:00:00,2017-06-29 05:00:00,2017-07-11 05:00:00
e0583903,9b46b7f5,shipped,2017-09-12 18:00:00,2017-09-12 21:00:00,2017-09-14 18:00:00,,2017-10-05 18:00:00
cd1e18d5,e1e06d24,delivered,2017-11-03 02:00:00,2017-11-03 05:00:00,2017-11-05 02:00:00,2017-11-08 02:00:00,2017-11-18 02:00:00
2ce68691,b6d1fe32,delivered,2017-01-31 01:00:00,2017-01-31 02:00:00,2017-02-02 01:00:00,2017-02-14 01:00:00,2017-02-12 01:00:00
a72d3f3c,f040ae45,delivered,2018-06-01 12:00:00,2018-06-01 13:00:00,2018-06-02 12:00:00,2018-06-04 12:00:00,2018-06-14 12:00:00
996b4ef3,c18a1ce8,delivered,2017-11-15 14:00:00,2017-11-15 14:00:00,2017-11-17 14:00:00,2017-11-24 14:00:00,2017-12-04 14:00:00
5876adc9,9fcd997b,delivered,2018-05-02 10:00:00,2018-05-02 14:00:00,2018-05-03 10:00:00,2018-05-09 10:00:00,2018-05-12 10:00:00
acd3d202,98cfcbf8,delivered,2017-05-12 11:00:00,2017-05-12 14:00:00,2017-05-13 11:00:00,2017-05-22 11:00:00,2017-06-05 11:00:00
cd6f92ee,6ce6ca5d,delivered,2017-01-11 17:00:00,2017-01-11 19:00:00,2017-01-13 17:00:00,2017-01-19 17:00:00,2017-01-28 17:00:00
0c9ea360,57ffa468,delivered,2018-07-16 09:00:00,2018-07-16 12:00:00,2018-07-17 09:00:00,2018-07-22 09:00:00,2018-07-26 09:00:00
20f3b81a,1e989889,delivered,2017-10-20 00:00:00,2017-10-20 00:00:00,2017-10-22 00:00:00,2017-11-01 00:00:00,2017-11-05 00:00:00
606bc499,6862c1a5,delivered,2017-12-15 21:00:00,2017-12-15 22:00:00,2017-12-16 21:00:00,2017-12-19 21:00:00,2017-12-27 21:00:00
536a5244,985333d2,delivered,2017-03-22 17:00:00,2017-03-22 18:00:00,2017-03-24 17:00:00,2017-04-04 17:00:00,2017-04-03 17:00:00
9f4cbc5b,f37c4dab,delivered,2017-06-28 18:00:00,2017-06-28 21:00:00,2017-06-29 18:00:00,2017-07-05 18:00:00,2017-07-17 18:00:00
007b9bdf,1fd6577d,delivered,2017-06-04 22:00:00,2017-06-04 23:00:00,2017-06-06 22:00:00,2017-06-15 22:00:00,2017-06-19 22:00:00
7b6273bf,bdde10cf,delivered,2018-03-16 14:00:00,2018-03-16 16:00:00,2018-03-17 14:00:00,2018-03-20 14:00:00,2018-04-02 14:00:00
bc715d37,dd362259,delivered,2018-06-23 02:00:00,2018-06-23 06:00:00,2018-06-24 02:00:00,2018-07-02 02:00:00,2018-07-16 02:00:00
38566e97,c2453cb2,delivered,2018-06-05 17:00:00,2018-06-05 18:00:00,2018-06-06 17:00:00,2018-06-11 17:00:00,2018-06-15 17:00:00
acfb109e,d5f85366,delivered,2018-06-11 12:00:00,2018-06-11 16:00:00,2018-06-13 12:00:00,2018-06-20 12:00:00,2018-07-03 12:00:00
825057dd,7db01537,delivered,2017-04-18 13:00:00,2017-04-18 13:00:00,2017-04-20 13:00:00,2017-04-21 13:00:00,2017-05-11 13:00:00
40258af0,1a98e7a9,delivered,2017-10-31 08:00:00,2017-10-31 09:00:00,2017-11-01 08:00:00,2017-11-04 08:00:00,2017-11-19 08:00:00
86ce8d15,882c6b68,delivered,2018-03-05 23:00:00,2018-03-06 00:00:00,2018-03-07 23:00:00,2018-03-10 23:00:00,2018-03-21 23:00:00
77ee7ea7,81c0d253,delivered,2018-03-15 21:00:00,2018-03-16 00:00:00,2018-03-17 21:00:00,2018-03-19 21:00:00,2018-04-01 21:00:00
e339e29c,0e89885d,delivered,2017-02-23 11:00:00,2017-02-23 12:00:00,2017-02-24 11:00:00,2017-03-05 11:00:00,2017-03-09 11:00:00
f5979b39,8ce416ce,delivered,2018-07-12 13:00:00,2018-07-12 13:00:00,2018-07-13 13:00:00,2018-07-16 13:00:00,2018-08-04 13:00:00
a31ac154,1a93c6fa,delivered,2017-10-12 22:00:00,2017-10-12 23:00:00,2017-10-14 22:00:00,2017-10-17 22:00:00,2017-10-24 22:00:00
a5551ce1,41232bc1,delivered,2018-01-05 05:00:00,2018-01-05 09:00:00,2018-01-06 05:00:00,2018-01-10 05:00:00,2018-01-15 05:00:00
586e27af,c05d7abd,delivered,2018-06-28 21:00:00,2018-06-28 21:00:00,2018-06-30 21:00:00,2018-07-09 21:00:00,2018-07-09 21:00:00
07ebc7e8,b70a89a1,delivered,2017-03-17 18:00:00,2017-03-17 19:00:00,2017-03-18 18:00:00,2017-03-20 18:00:00,2017-04-05 18:00:00
f9f0a455,ff69d0f1,delivered,2017-10-05 19:00:00,2017-10-05 21:00:00,2017-10-06 19:00:00,2017-10-14 19:00:00,2017-10-29 19:00:00
2a0c8fba,558f7376,delivered,2017-02-10 03:00:00,2017-02-10 06:00:00,2017-02-12 03:00:00,2017-02-22 03:00:00,2017-02-22 03:00:00
e93d19bd,06ba8c89,delivered,2017-08-13 05:00:00,2017-08-13 05:00:00,2017-08-14 05:00:00,2017-08-24 05:00:00,2017-09-02 05:00:00
8cd2b192,c830284c,delivered,2017-09-19 04:00:00,2017-09-19 05:00:00,2017-09-21 04:00:00,2017-09-29 04:00:00,2017-10-10 04:00:00
76584dd5,03c6eb58,delivered,2017-06-06 13:00:00,2017-06-06 13:00:00,2017-06-07 13:00:00,2017-06-13 13:00:00,2017-06-16 13:00:00
77b7aef5,fdf017ff,delivered,2017-08-25 17:00:00,2017-08-25 19:00:00,2017-08-26 17:00:00,2017-08-28 17:00:00,2017-09-09 17:00:00
d0072f1b,9993d65c,delivered,2018-07-01 22:00:00,2018-07-02 02:00:00,2018-07-02 22:00:00,2018-07-08 22:00:00,2018-07-23 22:00:00
5dc453c4,e0179fe4,delivered,2018-04-29 21:00:00,2018-04-30 01:00:00,2018-05-01 21:00:00,2018-05-03 21:00:00,2018-05-18 21:00:00
959f1d9d,f278f595,delivered,2018-02-13 19:00:00,2018-02-13 21:00:00,2018-02-15 19:00:00,2018-02-20 19:00:00,2018-03-07 19:00:00
0dbe05f5,e09c3fe0,delivered,2017-12-21 22:00:00,2017-12-22 01:00:00,2017-12-23 22:00:00,2018-01-02 22:00:00,2018-01-10 22:00:00
2908608a,54b76a72,delivered,2017-06-20 21:00:00,2017-06-20 22:00:00,2017-06-21 21:00:00,2017-06-30 21:00:00,2017-07-04 21:00:00
9c84e89a,f5dba3ab,delivered,2017-05-13 07:00:00,2017-05-13 09:00:00,2017-05-14 07:00:00,2017-05-24 07:00:00,2017-05-27 07:00:00
e782853f,eb100fd6,delivered,2018-02-25 04:00:00,2018-02-25 04:00:00,2018-02-26 04:00:00,2018-03-01 04:00:00,2018-03-11 04:00:00
36ff698f,85660bb8,delivered,2017-09-13 02:00:00,2017-09-13 02:00:00,2017-09-15 02:00:00,2017-09-18 02:00:00,2017-09-30 02:00:00
1fddf9a5,115f5621,delivered,2017-08-02 16:00:00,2017-08-02 19:00:00,2017-08-03 16:00:00,2017-08-05 16:00:00,2017-08-14 16:00:00
01378636,f11a0412,delivered,2018-01-13 02:00:00,2018-01-13 02:00:00,2018-01-15 02:00:00,2018-01-26 02:00:00,2018-02-02 02:00:00
078e3886,03f22bcf,delivered,2017-02-12 23:00:00,2017-02-12 23:00:00,2017-02-13 23:00:00,2017-02-18 23:00:00,2017-03-08 23:00:00
3030bced,1d23108e,delivered,2018-06-27 05:00:00,2018-06-27 09:00:00,2018-06-28 05:00:00,2018-07-10 05:00:00,2018-07-16 05:00:00
1bf14edb,f9463015,delivered,2018-03-01 10:00:00,2018-03-01 14:00:00,2018-03-02 10:00:00,2018-03-11 10:00:00,2018-03-22 10:00:00
b7514061,1c2472c4,delivered,2018-07-22 01:00:00,2018-07-22 05:00:00,2018-07-24 01:00:00,2018-07-29 01:00:00,2018-08-04 01:00:00
04cc6d47,015d608d,delivered,2017-06-18 00:00:00,2017-06-18 01:00:00,2017-06-20 00:00:00,2017-07-01 00:00:00,2017-06-28 00:00:00
902d62c1,739f8100,delivered,2017-09-04 21:00:00,2017-09-05 01:00:00,2017-09-05 21:00:00,2017-09-10 21:00:00,2017-09-22 21:00:00
16ff94fc,492bbba4,processing,2017-10-29 01:00:00,2017-10-29 04:00:00,2017-10-30 01:00:00,,2017-11-12 01:00:00
a5b4b374,37015cc3,delivered,2017-03-29 19:00:00,2017-03-29 20:00:00,2017-03-30 19:00:00,2017-04-05 19:00:00,2017-04-20 19:00:00
b8c310d2,93daac32,delivered,2018-08-10 04:00:00,2018-08-10 06:00:00,2018-08-12 04:00:00,2018-08-19 04:00:00,2018-09-01 04:00:00
bd11d1b2,7dde466c,delivered,2017-11-26 10:00:00,2017-11-26 11:00:00,2017-11-28 10:00:00,2017-12-05 10:00:00,2017-12-15 10:00:00
a12d1bac,b6bf68b5,delivered,2017-02-15 19:00:00,2017-02-15 20:00:00,2017-02-16 19:00:00,2017-02-19 19:00:00,2017-03-02 19:00:00
ac0201d4,71fb2f1e,delivered,2017-02-15 17:00:00,2017-02-15 20:00:00,2017-02-16 17:00:00,2017-02-21 17:00:00,2017-03-11 17:00:00
8748b327,ff301d63,processing,2018-01-11 11:00:00,2018-01-11 14:00:00,2018-01-13 11:00:00,,2018-01-30 11:00:00
9b721e9d,d40e7286,delivered,2017-06-03 15:00:00,2017-06-03 16:00:00,2017-06-04 15:00:00,2017-06-07 15:00:00,2017-06-27 15:00:00
d62cd6c4,597b0f9c,delivered,2017-08-18 05:00:00,2017-08-18 06:00:00,2017-08-20 05:00:00,2017-08-23 05:00:00,2017-08-28 05:00:00
43d7bf3b,7b4d4bcd,delivered,2017-06-16 13:00:00,2017-06-16 15:00:00,2017-06-17 13:00:00,2017-06-26 13:00:00,2017-07-04 13:00:00
7783ffd0,74c86c15,delivered,2017-09-27 07:00:00,2017-09-27 11:00:00,2017-09-29 07:00:00,2017-10-06 07:00:00,2017-10-20 07:00:00
6e4e2449,e1f15ac7,delivered,2018-02-25 11:00:00,2018-02-25 13:00:00,2018-02-27 11:00:00,2018-03-05 11:00:00,2018-03-20 11:00:00
6a9269ef,1b5e60b0,delivered,2017-02-07 11:00:00,2017-02-07 15:00:00,2017-02-08 11:00:00,2017-02-14 11:00:00,2017-02-18 11:00:00
47073291,ecb18010,delivered,2017-06-30 20:00:00,2017-06-30 21:00:00,2017-07-02 20:00:00,2017-07-09 20:00:00,2017-07-19 20:00:00
40303b06,5df621de,delivered,2018-08-23 05:00:00,2018-08-23 07:00:00,2018-08-25 05:00:00,2018-09-03 05:00:00,2018-09-10 05:00:00
1d3caf38,b9a98abc,delivered,2018-03-16 17:00:00,2018-03-16 17:00:00,2018-03-18 17:00:00,2018-03-19 17:00:00,2018-04-01 17:00:00
0e221ff9,e0e48b4b,delivered,2017-07-15 11:00:00,2017-07-15 12:00:00,2017-07-16 11:00:00,2017-07-29 11:00:00,2017-07-28 11:00:00
445c2f0d,67c378cf,delivered,2017-04-12 09:00:00,2017-04-12 11:00:00,2017-04-14 09:00:00,2017-04-24 09:00:00,2017-04-27 09:00:00
fb0cec7a,28a79b97,delivered,2018-07-15 13:00:00,2018-07-15 14:00:00,2018-07-16 13:00:00,2018-07-23 13:00:00,2018-08-03 13:00:00
cde7aaae,6799f5b7,delivered,2017-01-10 13:00:00,2017-01-10 14:00:00,2017-01-12 13:00:00,2017-01-21 13:00:00,2017-02-03 13:00:00
ae99ed11,a7d96f66,delivered,2017-07-29 10:00:00,2017-07-29 14:00:00,2017-07-31 10:00:00,2017-08-08 10:00:00,2017-08-13 10:00:00
68d8cc0f,9cbe881b,delivered,2017-12-25 18:00:00,2017-12-25 22:00:00,2017-12-27 18:00:00,2017-12-30 18:00:00,2018-01-13 18:00:00
833a975b,b836d17a,delivered,2017-04-07 11:00:00,2017-04-07 12:00:00,2017-04-09 11:00:00,2017-04-17 11:00:00,2017-04-19 11:00:00
dbf0eacc,d6d699c0,delivered,2018-03-05 05:00:00,2018-03-05 08:00:00,2018-03-06 05:00:00,2018-03-15 05:00:00,2018-03-27 05:00:00
47b0f2d9,b317707b,processing,2017-02-21 19:00:00,2017-02-21 20:00:00,2017-02-22 19:00:00,,2017-03-03 19:00:00
f7c2450d,d3602335,delivered,2018-08-14 16:00:00,2018-08-14 19:00:00,2018-08-15 16:00:00,2018-08-19 16:00:00,2018-09-06 16:00:00
1877c968,f69bfe7f,delivered,2017-09-04 11:00:00,2017-09-04 14:00:00,2017-09-06 11:00:00,2017-09-08 11:00:00,2017-09-20 11:00:00
337f8eed,5b31f515,delivered,2017-03-06 21:00:00,2017-03-06 22:00:00,2017-03-07 21:00:00,2017-03-15 21:00:00,2017-03-20 21:00:00
247af9f8,56864b36,delivered,2017-01-25 17:00:00,2017-01-25 18:00:00,2017-01-27 17:00:00,2017-01-29 17:00:00,2017-02-16 17:00:00
704ae292,706808e4,delivered,2018-04-24 08:00:00,2018-04-24 12:00:00,2018-04-26 08:00:00,2018-04-29 08:00:00,2018-05-11 08:00:00
57998d2c,10ec056e,delivered,2018-06-24 02:00:00,2018-06-24 03:00:00,2018-06-25 02:00:00,2018-07-04 02:00:00,2018-07-05 02:00:00
308a937e,b6a9fe08,delivered,2017-11-01 05:00:00,2017-11-01 07:00:00,2017-11-02 05:00:00,2017-11-07 05:00:00,2017-11-21 05:00:00
78ed6a67,2b9b5b2d,delivered,2018-07-26 05:00:00,2018-07-26 09:00:00,2018-07-28 05:00:00,2018-07-31 05:00:00,2018-08-08 05:00:00
ae3f6a60,fffbb4e3,delivered,2017-02-16 01:00:00,2017-02-16 01:00:00,2017-02-17 01:00:00,2017-02-24 01:00:00,2017-03-09 01:00:00
2c2383b0,393ed73e,delivered,2017-09-04 23:00:00,2017-09-05 02:00:00,2017-09-05 23:00:00,2017-09-09 23:00:00,2017-09-19 23:00:00
bd0d09a3,e1dc6f14,delivered,2018-04-12 20:00:00,2018-04-12 21:00:00,2018-04-14 20:00:00,2018-04-26 20:00:00,2018-04-27 20:00:00
25c6b774,85dd7b8e,delivered,2017-10-19 17:00:00,2017-10-19 20:00:00,2017-10-21 17:00:00,2017-11-01 17:00:00,2017-10-31 17:00:00
0a431463,5bb61db8,delivered,2017-05-04 16:00:00,2017-05-04 17:00:00,2017-05-06 16:00:00,2017-05-18 16:00:00,2017-05-17 16:00:00
6c4fdda9,5bcf9f9a,delivered,2018-06-05 09:00:00,2018-06-05 10:00:00,2018-06-07 09:00:00,2018-06-08 09:00:00,2018-06-16 09:00:00
264d351f,dbb5237d,delivered,2018-03-03 16:00:00,2018-03-03 18:00:00,2018-03-04 16:00:00,2018-03-12 16:00:00,2018-03-22 16:00:00
f5f1dd26,9d53c2ac,delivered,2018-05-02 05:00:00,2018-05-02 07:00:00,2018-05-03 05:00:00,2018-05-05 05:00:00,2018-05-16 05:00:00
5e652577,82e177f2,delivered,2018-07-09 21:00:00,2018-07-10 01:00:00,2018-07-10 21:00:00,2018-07-13 21:00:00,2018-07-27 21:00:00
2f3a9dd5,6642aa15,delivered,2018-02-14 11:00:00,2018-02-14 11:00:00,2018-02-15 11:00:00,2018-02-23 11:00:00,2018-03-05 11:00:00
52e62cc2,a3879180,delivered,2017-02-19 09:00:00,2017-02-19 10:00:00,2017-02-21 09:00:00,2017-03-03 09:00:00,2017-03-14 09:00:00
9843bdaa,74eea587,delivered,2017-04-28 17:00:00,2017-04-28 21:00:00,2017-04-29 17:00:00,2017-05-06 17:00:00,2017-05-13 17:00:00
8faa8282,559add03,delivered,2017-04-27 14:00:00,2017-04-27 14:00:00,2017-04-28 14:00:00,2017-05-04 14:00:00,2017-05-10 14:00:00
473f869c,7758ecd1,delivered,2017-07-24 19:00:00,2017-07-24 22:00:00,2017-07-25 19:00:00,2017-07-30 19:00:00,2017-08-14 19:00:00
52957fe2,3ef524eb,delivered,2017-01-20 06:00:00,2017-01-20 09:00:00,2017-01-21 06:00:00,2017-01-29 06:00:00,2017-02-12 06:00:00
d43d59bc,c234d021,delivered,2017-10-23 00:00:00,2017-10-23 02:00:00,2017-10-24 00:00:00,2017-11-02 00:00:00,2017-11-11 00:00:00
6b73a202,d7db694a,delivered,2017-09-18 07:00:00,2017-09-18 09:00:00,2017-09-19 07:00:00,2017-09-29 07:00:00,2017-09-28 07:00:00
a70b0804,64133ea2,delivered,2018-03-11 22:00:00,2018-03-11 22:00:00,2018-03-13 22:00:00,2018-03-25 22:00:00,2018-03-28 22:00:00
06c366dd,15a3d4a6,delivered,2018-01-30 06:00:00,2018-01-30 09:00:00,2018-01-31 06:00:00,2018-02-11 06:00:00,2018-02-12 06:00:00
f7b8f0e8,f1a5b88e,delivered,2017-01-14 19:00:00,2017-01-14 21:00:00,2017-01-16 19:00:00,2017-01-25 19:00:00,2017-02-05 19:00:00
11b224b3,28e2f280,delivered,2018-05-12 23:00:00,2018-05-12 23:00:00,2018-05-13 23:00:00,2018-05-19 23:00:00,2018-05-23 23:00:00
bc5ff6ec,b53123d0,delivered,2018-01-29 08:00:00,2018-01-29 09:00:00,2018-01-30 08:00:00,2018-02-02 08:00:00,2018-02-19 08:00:00
73b0e10c,73d45dc8,delivered,2017-09-20 14:00:00,2017-09-20 16:00:00,2017-09-22 14:00:00,2017-09-28 14:00:00,2017-10-09 14:00:00
ec7119be,193d4d92,delivered,2018-02-21 20:00:00,2018-02-21 20:00:00,2018-02-22 20:00:00,2018-03-06 20:00:00,2018-03-10 20:00:00
250aa21f,e6399daf,invoiced,2018-06-15 05:00:00,2018-06-15 06:00:00,2018-06-17 05:00:00,,2018-06-28 05:00:00
ddd7f798,95d8c788,delivered,2018-01-04 15:00:00,2018-01-04 18:00:00,2018-01-05 15:00:00,2018-01-07 15:00:00,2018-01-25 15:00:00
b6c971de,f254115f,delivered,2017-07-21 00:00:00,2017-07-21 04:00:00,2017-07-22 00:00:00,2017-07-27 00:00:00,2017-08-02 00:00:00
ab52b57d,54c96e5e,delivered,2017-01-15 09:00:00,2017-01-15 09:00:00,2017-01-16 09:00:00,2017-01-28 09:00:00,2017-02-02 09:00:00
04d9d3b6,e4704ea6,delivered,2018-06-26 09:00:00,2018-06-26 11:00:00,2018-06-27 09:00:00,2018-06-29 09:00:00,2018-07-15 09:00:00
88b2df74,902a6fbe,delivered,2018-02-07 03:00:00,2018-02-07 06:00:00,2018-02-08 03:00:00,2018-02-11 03:00:00,2018-02-17 03:00:00
1ef1a56a,66b82d27,delivered,2017-03-20 16:00:00,2017-03-20 19:00:00,2017-03-22 16:00:00,2017-03-29 16:00:00,2017-03-31 16:00:00
8aae35eb,f727e1da,delivered,2017-09-03 13:00:00,2017-09-03 16:00:00,2017-09-05 13:00:00,2017-09-13 13:00:00,2017-09-16 13:00:00
32fc4ec3,ad3d7c67,delivered,2018-04-15 18:00:00,2018-04-15 18:00:00,2018-04-16 18:00:00,2018-04-23 18:00:00,2018-05-04 18:00:00
8698d6bb,498857ba,delivered,2017-11-19 19:00:00,2017-11-19 22:00:00,2017-11-20 19:00:00,2017-11-23 19:00:00,2017-12-08 19:00:00
664d0ecc,6550f02e,delivered,2018-06-08 13:00:00,2018-06-08 14:00:00,2018-06-09 13:00:00,2018-06-21 13:00:00,2018-06-29 13:00:00
f77a22bd,a71a7935,delivered,2017-09-10 03:00:00,2017-09-10 04:00:00,2017-09-11 03:00:00,2017-09-24 03:00:00,2017-09-24 03:00:00
5e93960d,a683a444,delivered,2017-02-04 22:00:00,2017-02-04 23:00:00,2017-02-05 22:00:00,2017-02-11 22:00:00,2017-02-25 22:00:00
f2d65a6a,da085b01,delivered,2017-10-11 09:00:00,2017-10-11 12:00:00,2017-10-12 09:00:00,2017-10-18 09:00:00,2017-10-29 09:00:00
08bcc866,3300bd0a,delivered,2017-07-26 00:00:00,2017-07-26 01:00:00,2017-07-27 00:00:00,2017-08-01 00:00:00,2017-08-07 00:00:00
bc305baf,fa479546,delivered,2018-04-27 04:00:00,2018-04-27 07:00:00,2018-04-28 04:00:00,2018-05-05 04:00:00,2018-05-19 04:00:00
629d9731,9b8d7933,delivered,2018-05-13 06:00:00,2018-05-13 07:00:00,2018-05-14 06:00:00,2018-05-25 06:00:00,2018-05-24 06:00:00
14212dbf,34a32d70,delivered,2017-10-21 09:00:00,2017-10-21 11:00:00,2017-10-22 09:00:00,2017-10-28 09:00:00,2017-11-11 09:00:00
8ddf6b67,d0d98c96,delivered,2018-05-03 21:00:00,2018-05-04 00:00:00,2018-05-05 21:00:00,2018-05-09 21:00:00,2018-05-25 21:00:00
a22b7276,f6fc6253,delivered,2018-02-19 08:00:00,2018-02-19 08:00:00,2018-02-20 08:00:00,2018-03-02 08:00:00,2018-03-09 08:00:00
3c30e970,315c3638,delivered,2017-08-28 13:00:00,2017-08-28 17:00:00,2017-08-29 13:00:00,2017-09-10 13:00:00,2017-09-10 13:00:00
454bcafc,bbedfb4b,delivered,2017-07-26 23:00:00,2017-07-27 00:00:00,2017-07-27 23:00:00,2017-08-08 23:00:00,2017-08-17 23:00:00
5c907e69,a74de7aa,delivered,2018-07-27 14:00:00,2018-07-27 18:00:00,2018-07-29 14:00:00,2018-08-02 14:00:00,2018-08-11 14:00:00
87c22aa4,9f8e1adb,delivered,2017-07-30 03:00:00,2017-07-30 05:00:00,2017-07-31 03:00:00,2017-08-08 03:00:00,2017-08-20 03:00:00
3760802e,1f3240c3,delivered,2018-05-05 23:00:00,2018-05-06 02:00:00,2018-05-07 23:00:00,2018-05-08 23:00:00,2018-05-25 23:00:00
0006ab23,1065a178,delivered,2018-07-30 17:00:00,2018-07-30 18:00:00,2018-07-31 17:00:00,2018-08-13 17:00:00,2018-08-17 17:00:00
6f11eefb,375eec33,delivered,2017-02-23 03:00:00,2017-02-23 05:00:00,2017-02-24 03:00:00,2017-03-07 03:00:00,2017-03-18 03:00:00
a9770843,3c727144,delivered,2018-05-15 15:00:00,2018-05-15 19:00:00,2018-05-16 15:00:00,2018-05-23 15:00:00,2018-06-02 15:00:00
18ebbf85,eb020292,delivered,2017-09-28 03:00:00,2017-09-28 06:00:00,2017-09-29 03:00:00,2017-10-04 03:00:00,2017-10-15 03:00:00
24b2ee00,4a9f66e1,delivered,2017-01-19 08:00:00,2017-01-19 10:00:00,2017-01-21 08:00:00,2017-01-28 08:00:00,2017-02-04 08:00:00
4a4c5b93,ee39006c,delivered,2017-04-12 11:00:00,2017-04-12 12:00:00,2017-04-13 11:00:00,2017-04-18 11:00:00,2017-04-25 11:00:00
a54ecae7,fb97c2cf,delivered,2017-03-09 10:00:00,2017-03-09 10:00:00,2017-03-10 10:00:00,2017-03-14 10:00:00,2017-03-29 10:00:00
be80f880,dd12c550,delivered,2018-05-19 09:00:00,2018-05-19 09:00:00,2018-05-20 09:00:00,2018-05-24 09:00:00,2018-05-29 09:00:00
060527a3,2f27b2a3,invoiced,2017-08-16 01:00:00,2017-08-16 04:00:00,2017-08-17 01:00:00,,2017-09-07 01:00:00
f561c363,a0b91754,delivered,2017-09-11 19:00:00,2017-09-11 22:00:00,2017-09-12 19:00:00,2017-09-19 19:00:00,2017-10-03 19:00:00
24e44539,6f49a73b,delivered,2018-06-27 06:00:00,2018-06-27 09:00:00,2018-06-28 06:00:00,2018-07-05 06:00:00,2018-07-16 06:00:00
1d85a54a,dcce0b4c,invoiced,2018-08-02 18:00:00,2018-08-02 20:00:00,2018-08-04 18:00:00,,2018-08-14 18:00:00
f333460d,38a617c1,delivered,2017-10-09 12:00:00,2017-10-09 13:00:00,2017-10-11 12:00:00,2017-10-23 12:00:00,2017-10-26 12:00:00
92aa2fb7,7b7b35f1,delivered,2017-11-10 08:00:00,2017-11-10 10:00:00,2017-11-11 08:00:00,2017-11-20 08:00:00,2017-11-26 08:00:00
f2229d90,3a6e5ebf,delivered,2017-01-02 00:00:00,2017-01-02 04:00:00,2017-01-03 00:00:00,2017-01-16 00:00:00,2017-01-16 00:00:00
33713f08,b8bbfe54,delivered,2017-12-13 17:00:00,2017-12-13 20:00:00,2017-12-15 17:00:00,2017-12-23 17:00:00,2017-12-29 17:00:00
77e5fe75,c1a9a8c4,delivered,2017-08-28 20:00:00,2017-08-28 20:00:00,2017-08-30 20:00:00,2017-09-07 20:00:00,2017-09-13 20:00:00
1e54d8c3,5ad55c29,delivered,2018-06-09 07:00:00,2018-06-09 08:00:00,2018-06-11 07:00:00,2018-06-19 07:00:00,2018-07-01 07:00:00
fe34bedc,cb5e4c0c,delivered,2017-01-26 18:00:00,2017-01-26 21:00:00,2017-01-28 18:00:00,2017-02-05 18:00:00,2017-02-10 18:00:00
87978ee1,45b9a3c4,delivered,2017-06-16 16:00:00,2017-06-16 17:00:00,2017-06-17 16:00:00,2017-06-28 16:00:00,2017-07-08 16:00:00
6422bd7f,1b0ba6da,delivered,2018-02-04 02:00:00,2018-02-04 02:00:00,2018-02-06 02:00:00,2018-02-10 02:00:00,2018-02-17 02:00:00
f5d7f64f,ef536921,delivered,2018-07-08 03:00:00,2018-07-08 06:00:00,2018-07-10 03:00:00,2018-07-22 03:00:00,2018-07-27 03:00:00
4df79097,44569e60,delivered,2017-08-05 18:00:00,2017-08-05 21:00:00,2017-08-06 18:00:00,2017-08-13 18:00:00,2017-08-22 18:00:00
9ef99fe3,b5562c6c,delivered,2018-07-20 13:00:00,2018-07-20 13:00:00,2018-07-22 13:00:00,2018-07-30 13:00:00,2018-08-11 13:00:00
106ae0b9,7373c231,delivered,2017-09-27 09:00:00,2017-09-27 09:00:00,2017-09-29 09:00:00,2017-10-11 09:00:00,2017-10-14 09:00:00
2e97022c,b4f7c5c7,delivered,2017-03-06 16:00:00,2017-03-06 20:00:00,2017-03-08 16:00:00,2017-03-09 16:00:00,2017-03-23 16:00:00
bb53d68e,315edef1,delivered,2018-01-19 05:00:00,2018-01-19 06:00:00,2018-01-20 05:00:00,2018-01-27 05:00:00,2018-02-01 05:00:00
4eec6405,5c3233ac,delivered,2017-07-24 03:00:00,2017-07-24 05:00:00,2017-07-26 03:00:00,2017-07-30 03:00:00,2017-08-12 03:00:00
d847ccfa,a6a57719,delivered,2017-06-20 23:00:00,2017-06-21 02:00:00,2017-06-22 23:00:00,2017-06-30 23:00:00,2017-07-13 23:00:00
46c01aea,61f990ea,delivered,2017-05-09 19:00:00,2017-05-09 23:00:00,2017-05-11 19:00:00,2017-05-19 19:00:00,2017-05-30 19:00:00
6d9525b1,3864f049,delivered,2018-05-17 19:00:00,2018-05-17 22:00:00,2018-05-19 19:00:00,2018-05-24 19:00:00,2018-06-05 19:00:00
d155cd0f,44d02ff1,delivered,2017-10-08 02:00:00,2017-10-08 05:00:00,2017-10-09 02:00:00,2017-10-11 02:00:00,2017-10-28 02:00:00
115219e9,c10a5bc9,delivered,2018-03-05 05:00:00,2018-03-05 09:00:00,2018-03-06 05:00:00,2018-03-14 05:00:00,2018-03-17 05:00:00
e74ff993,7ce7cc75,delivered,2017-06-23 14:00:00,2017-06-23 17:00:00,2017-06-24 14:00:00,2017-06-26 14:00:00,2017-07-17 14:00:00
dc2a143d,d8d71ab9,delivered,2017-08-27 13:00:00,2017-08-27 13:00:00,2017-08-28 13:00:00,2017-09-10 13:00:00,2017-09-13 13:00:00
f5fbd503,0f7cfe66,invoiced,2018-08-09 06:00:00,2018-08-09 06:00:00,2018-08-10 06:00:00,,2018-09-01 06:00:00
31dd8738,54e1c702,delivered,2017-07-02 01:00:00,2017-07-02 01:00:00,2017-07-04 01:00:00,2017-07-10 01:00:00,2017-07-24 01:00:00
ceca023b,0bdb3e7f,delivered,2018-03-14 11:00:00,2018-03-14 14:00:00,2018-03-16 11:00:00,2018-03-22 11:00:00,2018-03-26 11:00:00
ac68dc65,37015cc3,delivered,2018-03-19 19:00:00,2018-03-19 22:00:00,2018-03-21 19:00:00,2018-03-28 19:00:00,2018-04-03 19:00:00
e8a5aa17,6c7b8fcf,delivered,2017-03-19 22:00:00,2017-03-20 01:00:00,2017-03-20 22:00:00,2017-03-28 22:00:00,2017-04-01 22:00:00
b5127475,c78de6ad,delivered,2018-03-26 04:00:00,2018-03-26 05:00:00,2018-03-28 04:00:00,2018-03-31 04:00:00,2018-04-14 04:00:00
c327982d,37540e0a,delivered,2017-02-22 11:00:00,2017-02-22 13:00:00,2017-02-23 11:00:00,2017-03-01 11:00:00,2017-03-13 11:00:00
f558f165,583a235d,processing,2018-03-28 02:00:00,2018-03-28 02:00:00,2018-03-30 02:00:00,,2018-04-10 02:00:00
3c047073,26940f57,delivered,2018-04-17 05:00:00,2018-04-17 08:00:00,2018-04-18 05:00:00,2018-04-29 05:00:00,2018-05-01 05:00:00
d47716d3,4552ceb6,delivered,2017-02-09 15:00:00,2017-02-09 17:00:00,2017-02-11 15:00:00,2017-02-23 15:00:00,2017-02-22 15:00:00
89b1b8c5,7e2ee6a2,delivered,2017-10-05 13:00:00,2017-10-05 15:00:00,2017-10-07 13:00:00,2017-10-16 13:00:00,2017-10-23 13:00:00
3b0ee60e,8abc1dc5,delivered,2017-06-08 04:00:00,2017-06-08 04:00:00,2017-06-09 04:00:00,2017-06-18 04:00:00,2017-06-19 04:00:00
de66fe97,d3572b6a,delivered,2017-01-17 15:00:00,2017-01-17 18:00:00,2017-01-18 15:00:00,2017-01-23 15:00:00,2017-02-03 15:00:00
3f65cc5c,10fa28fc,delivered,2017-06-30 04:00:00,2017-06-30 05:00:00,2017-07-01 04:00:00,2017-07-13 04:00:00,2017-07-13 04:00:00
89489d12,9f3eeeb4,delivered,2018-04-13 08:00:00,2018-04-13 10:00:00,2018-04-14 08:00:00,2018-04-20 08:00:00,2018-05-05 08:00:00
e9107f7a,fcd63ae1,delivered,2017-09-26 21:00:00,2017-09-27 00:00:00,2017-09-28 21:00:00,2017-10-09 21:00:00,2017-10-19 21:00:00
908d40d2,d5be3cf7,delivered,2017-08-26 10:00:00,2017-08-26 12:00:00,2017-08-28 10:00:00,2017-09-07 10:00:00,2017-09-16 10:00:00
101287e0,4a1b4ab9,delivered,2017-02-19 14:00:00,2017-02-19 17:00:00,2017-02-21 14:00:00,2017-02-24 14:00:00,2017-03-08 14:00:00
e991e1ad,cc6c975c,delivered,2018-07-20 21:00:00,2018-07-20 21:00:00,2018-07-22 21:00:00,2018-08-03 21:00:00,2018-08-06 21:00:00
aee0098a,31cd633a,delivered,2017-03-26 04:00:00,2017-03-26 07:00:00,2017-03-27 04:00:00,2017-04-04 04:00:00,2017-04-09 04:00:00
b3096b24,869f1738,delivered,2018-08-15 07:00:00,2018-08-15 07:00:00,2018-08-17 07:00:00,2018-08-18 07:00:00,2018-09-06 07:00:00
e3693577,00990a4e,delivered,2017-06-01 15:00:00,2017-06-01 17:00:00,2017-06-02 15:00:00,2017-06-14 15:00:00,2017-06-12 15:00:00
e8172243,7cf4f58f,delivered,2017-04-10 23:00:00,2017-04-11 01:00:00,2017-04-12 23:00:00,2017-04-24 23:00:00,2017-04-24 23:00:00
c4d4460d,f52723f5,delivered,2017-03-09 22:00:00,2017-03-09 23:00:00,2017-03-11 22:00:00,2017-03-15 22:00:00,2017-03-21 22:00:00
540ce225,1b0ba6da,delivered,2018-06-15 14:00:00,2018-06-15 14:00:00,2018-06-17 14:00:00,2018-06-18 14:00:00,2018-07-02 14:00:00
94266cdd,5b0f0546,delivered,2018-04-09 17:00:00,2018-04-09 18:00:00,2018-04-11 17:00:00,2018-04-13 17:00:00,2018-04-19 17:00:00
88ade773,3ecb1f4a,delivered,2017-01-02 14:00:00,2017-01-02 15:00:00,2017-01-04 14:00:00,2017-01-16 14:00:00,2017-01-22 14:00:00
b87b574b,4cafc933,delivered,2018-04-25 20:00:00,2018-04-25 23:00:00,2018-04-27 20:00:00,2018-05-05 20:00:00,2018-05-16 20:00:00
609613c7,bd7d0b96,delivered,2018-08-13 22:00:00,2018-08-14 02:00:00,2018-08-15 22:00:00,2018-08-23 22:00:00,2018-09-04 22:00:00
29d3e3e1,24d7d9f1,delivered,2018-02-08 15:00:00,2018-02-08 18:00:00,2018-02-10 15:00:00,2018-02-19 15:00:00,2018-02-26 15:00:00
1265f0a8,26c2c38c,delivered,2017-02-16 18:00:00,2017-02-16 21:00:00,2017-02-17 18:00:00,2017-02-26 18:00:00,2017-02-27 18:00:00
4bd9440a,d274a24d,delivered,2017-01-24 19:00:00,2017-01-24 23:00:00,2017-01-25 19:00:00,2017-02-06 19:00:00,2017-02-12 19:00:00
149487b3,6cc7be0e,delivered,2018-01-10 13:00:00,2018-01-10 17:00:00,2018-01-12 13:00:00,2018-01-20 13:00:00,2018-01-30 13:00:00
f8744b92,92da57bc,delivered,2017-01-07 21:00:00,2017-01-08 01:00:00,2017-01-08 21:00:00,2017-01-13 21:00:00,2017-01-25 21:00:00
4388e3eb,f5f8e767,delivered,2018-07-02 01:00:00,2018-07-02 05:00:00,2018-07-03 01:00:00,2018-07-13 01:00:00,2018-07-14 01:00:00
da2ec858,4788215a,delivered,2017-09-29 01:00:00,2017-09-29 03:00:00,2017-09-30 01:00:00,2017-10-02 01:00:00,2017-10-10 01:00:00
f5876b4f,183a3505,delivered,2018-08-01 14:00:00,2018-08-01 17:00:00,2018-08-02 14:00:00,2018-08-06 14:00:00,2018-08-24 14:00:00
ec8565fc,35406617,delivered,2017-01-30 10:00:00,2017-01-30 11:00:00,2017-01-31 10:00:00,2017-02-11 10:00:00,2017-02-22 10:00:00
97570f23,f7ebfb38,delivered,2017-08-02 22:00:00,2017-08-02 23:00:00,2017-08-04 22:00:00,2017-08-09 22:00:00,2017-08-26 22:00:00
368b8636,fa9cdca9,delivered,2017-03-20 01:00:00,2017-03-20 02:00:00,2017-03-22 01:00:00,2017-04-02 01:00:00,2017-03-30 01:00:00
06d22e0d,0d4dfb64,delivered,2018-04-06 22:00:00,2018-04-06 22:00:00,2018-04-07 22:00:00,2018-04-19 22:00:00,2018-04-18 22:00:00
90ca9ca4,84538466,shipped,2018-07-27 15:00:00,2018-07-27 15:00:00,2018-07-29 15:00:00,,2018-08-14 15:00:00
fad623e6,c6d78035,delivered,2018-01-05 10:00:00,2018-01-05 12:00:00,2018-01-06 10:00:00,2018-01-15 10:00:00,2018-01-29 10:00:00
c88ed723,895ab401,delivered,2017-01-19 17:00:00,2017-01-19 20:00:00,2017-01-20 17:00:00,2017-01-24 17:00:00,2017-02-04 17:00:00
d9b71a41,4e8fab24,delivered,2017-12-28 16:00:00,2017-12-28 18:00:00,2017-12-30 16:00:00,2017-12-31 16:00:00,2018-01-09 16:00:00
ed5f9bca,f5271411,delivered,2017-10-28 00:00:00,2017-10-28 04:00:00,2017-10-29 00:00:00,2017-11-10 00:00:00,2017-11-11 00:00:00
8a50db1e,b5562c6c,delivered,2017-07-02 16:00:00,2017-07-02 19:00:00,2017-07-04 16:00:00,2017-07-16 16:00:00,2017-07-20 16:00:00
f30ddeb1,7c983fce,delivered,2018-02-13 06:00:00,2018-02-13 07:00:00,2018-02-14 06:00:00,2018-02-21 06:00:00,2018-03-08 06:00:00
20f629fc,243ae7a9,delivered,2018-08-12 23:00:00,2018-08-13 02:00:00,2018-08-14 23:00:00,2018-08-23 23:00:00,2018-08-30 23:00:00
bff701df,2bce5b19,delivered,2017-03-24 00:00:00,2017-03-24 02:00:00,2017-03-26 00:00:00,2017-04-01 00:00:00,2017-04-03 00:00:00
6b3354c3,112064cf,delivered,2018-03-27 16:00:00,2018-03-27 17:00:00,2018-03-28 16:00:00,2018-04-04 16:00:00,2018-04-12 16:00:00
1730a577,c52c6f6f,delivered,2017-08-02 14:00:00,2017-08-02 16:00:00,2017-08-03 14:00:00,2017-08-09 14:00:00,2017-08-24 14:00:00
d2d87298,4cb37efe,delivered,2018-07-30 12:00:00,2018-07-30 16:00:00,2018-08-01 12:00:00,2018-08-03 12:00:00,2018-08-14 12:00:00
8b88d297,4a1b4ab9,delivered,2018-07-27 10:00:00,2018-07-27 13:00:00,2018-07-28 10:00:00,2018-08-03 10:00:00,2018-08-17 10:00:00
ecbe5634,5df621de,delivered,2018-03-31 01:00:00,2018-03-31 05:00:00,2018-04-02 01:00:00,2018-04-07 01:00:00,2018-04-22 01:00:00
a60296bc,eecbd42d,delivered,2017-07-24 06:00:00,2017-07-24 08:00:00,2017-07-26 06:00:00,2017-08-06 06:00:00,2017-08-10 06:00:00
4fb75965,97589b88,delivered,2018-06-04 13:00:00,2018-06-04 14:00:00,2018-06-05 13:00:00,2018-06-12 13:00:00,2018-06-23 13:00:00
f1ceb5ff,f2bfb336,delivered,2017-07-26 18:00:00,2017-07-26 21:00:00,2017-07-28 18:00:00,2017-08-09 18:00:00,2017-08-13 18:00:00
9bbf6fec,85bf77aa,delivered,2017-06-04 14:00:00,2017-06-04 18:00:00,2017-06-05 14:00:00,2017-06-13 14:00:00,2017-06-23 14:00:00
2bc9fe64,945461f2,delivered,2018-07-31 23:00:00,2018-07-31 23:00:00,2018-08-02 23:00:00,2018-08-12 23:00:00,2018-08-18 23:00:00
7046918d,a343e00c,delivered,2017-02-08 09:00:00,2017-02-08 11:00:00,2017-02-10 09:00:00,2017-02-19 09:00:00,2017-03-03 09:00:00
7649f12d,f0b79cf9,delivered,2018-01-15 12:00:00,2018-01-15 13:00:00,2018-01-17 12:00:00,2018-01-18 12:00:00,2018-01-25 12:00:00
d39aa454,2d701140,processing,2017-09-19 01:00:00,2017-09-19 02:00:00,2017-09-20 01:00:00,,2017-10-05 01:00:00
3cc4b05e,d9563509,delivered,2017-04-06 23:00:00,2017-04-07 02:00:00,2017-04-08 23:00:00,2017-04-16 23:00:00,2017-04-22 23:00:00
c705909d,a963caa3,delivered,2018-05-04 11:00:00,2018-05-04 11:00:00,2018-05-06 11:00:00,2018-05-11 11:00:00,2018-05-20 11:00:00
4fc91b3b,b6bf68b5,delivered,2017-05-15 07:00:00,2017-05-15 09:00:00,2017-05-16 07:00:00,2017-05-21 07:00:00,2017-06-05 07:00:00
6dea01e3,5bd5754d,delivered,2018-01-17 12:00:00,2018-01-17 15:00:00,2018-01-19 12:00:00,2018-01-30 12:00:00,2018-01-28 12:00:00
ed8c02d9,9f8fe607,delivered,2017-10-06 04:00:00,2017-10-06 08:00:00,2017-10-07 04:00:00,2017-10-10 04:00:00,2017-10-27 04:00:00
b64843c7,78c350ea,delivered,2017-12-27 12:00:00,2017-12-27 13:00:00,2017-12-29 12:00:00,2017-12-30 12:00:00,2018-01-06 12:00:00
32c1ace8,d7c77574,delivered,2017-06-04 11:00:00,2017-06-04 15:00:00,2017-06-06 11:00:00,2017-06-18 11:00:00,2017-06-20 11:00:00
0b43199d,ce84b976,delivered,2017-08-03 09:00:00,2017-08-03 10:00:00,2017-08-04 09:00:00,2017-08-07 09:00:00,2017-08-21 09:00:00
e242be25,0f998690,delivered,2018-04-24 07:00:00,2018-04-24 11:00:00,2018-04-25 07:00:00,2018-05-08 07:00:00,2018-05-12 07:00:00
b19137d1,12a48ba9,delivered,2017-06-17 02:00:00,2017-06-17 02:00:00,2017-06-18 02:00:00,2017-06-21 02:00:00,2017-07-03 02:00:00
63141d01,03c6eb58,delivered,2017-03-04 14:00:00,2017-03-04 14:00:00,2017-03-06 14:00:00,2017-03-12 14:00:00,2017-03-15 14:00:00
405bb909,ebebd698,delivered,2018-06-16 23:00:00,2018-06-16 23:00:00,2018-06-18 23:00:00,2018-06-22 23:00:00,2018-07-01 23:00:00
ba47eb7c,1c9244f3,delivered,2017-09-07 00:00:00,2017-09-07 04:00:00,2017-09-08 00:00:00,2017-09-20 00:00:00,2017-09-17 00:00:00
221034cd,25751f91,delivered,2018-05-26 14:00:00,2018-05-26 15:00:00,2018-05-28 14:00:00,2018-05-31 14:00:00,2018-06-05 14:00:00
9ad11f6a,c126054a,delivered,2018-04-20 03:00:00,2018-04-20 06:00:00,2018-04-21 03:00:00,2018-04-27 03:00:00,2018-04-30 03:00:00
11849c9e,13046eb3,delivered,2017-04-06 15:00:00,2017-04-06 19:00:00,2017-04-08 15:00:00,2017-04-20 15:00:00,2017-04-18 15:00:00
516307bf,6a0b1a7e,delivered,2018-06-03 14:00:00,2018-06-03 17:00:00,2018-06-04 14:00:00,2018-06-11 14:00:00,2018-06-18 14:00:00
1a82298f,fd77f453,delivered,2017-01-08 18:00:00,2017-01-08 18:00:00,2017-01-10 18:00:00,2017-01-13 18:00:00,2017-01-31 18:00:00
91104deb,aafc3ccd,delivered,2017-08-02 07:00:00,2017-08-02 07:00:00,2017-08-04 07:00:00,2017-08-06 07:00:00,2017-08-16 07:00:00
c00fd229,35b98e6d,delivered,2017-01-13 20:00:00,2017-01-13 23:00:00,2017-01-14 20:00:00,2017-01-27 20:00:00,2017-02-05 20:00:00
ccbcceee,04a4825f,delivered,2017-09-23 15:00:00,2017-09-23 17:00:00,2017-09-24 15:00:00,2017-10-05 15:00:00,2017-10-07 15:00:00
34c22f18,9123f1fb,delivered,2017-07-22 05:00:00,2017-07-22 09:00:00,2017-07-24 05:00:00,2017-08-04 05:00:00,2017-08-07 05:00:00
585c7fc5,dc69e87b,delivered,2018-05-17 02:00:00,2018-05-17 02:00:00,2018-05-18 02:00:00,2018-05-25 02:00:00,2018-06-07 02:00:00
bb5bbe50,b2dfe901,delivered,2017-11-27 05:00:00,2017-11-27 08:00:00,2017-11-29 05:00:00,2017-11-30 05:00:00,2017-12-12 05:00:00
138121a1,6e19266a,delivered,2018-08-02 15:00:00,2018-08-02 16:00:00,2018-08-04 15:00:00,2018-08-05 15:00:00,2018-08-14 15:00:00
9b8d07af,aacf684c,delivered,2018-01-03 23:00:00,2018-01-04 00:00:00,2018-01-05 23:00:00,2018-01-06 23:00:00,2018-01-21 23:00:00
cc560c52,a0fb5781,delivered,2018-02-17 12:00:00,2018-02-17 14:00:00,2018-02-19 12:00:00,2018-03-03 12:00:00,2018-03-06 12:00:00
d250ca7f,9549826c,delivered,2018-08-15 11:00:00,2018-08-15 14:00:00,2018-08-16 11:00:00,2018-08-25 11:00:00,2018-09-03 11:00:00
673d3a31,f96f25c2,delivered,2017-12-11 18:00:00,2017-12-11 19:00:00,2017-12-13 18:00:00,2017-12-17 18:00:00,2017-12-30 18:00:00
2203f58c,40d3de03,delivered,2017-01-23 04:00:00,2017-01-23 06:00:00,2017-01-25 04:00:00,2017-02-06 04:00:00,2017-02-09 04:00:00
10836541,3304645d,delivered,2017-10-12 01:00:00,2017-10-12 05:00:00,2017-10-13 01:00:00,2017-10-15 01:00:00,2017-11-05 01:00:00
4c53dacb,b11a4473,delivered,2017-01-02 10:00:00,2017-01-02 11:00:00,2017-01-04 10:00:00,2017-01-05 10:00:00,2017-01-24 10:00:00
59c1446e,b8b45e31,delivered,2018-04-27 21:00:00,2018-04-27 23:00:00,2018-04-28 21:00:00,2018-05-09 21:00:00,2018-05-18 21:00:00
65ade2b7,6a7c9f34,delivered,2017-10-07 02:00:00,2017-10-07 05:00:00,2017-10-09 02:00:00,2017-10-14 02:00:00,2017-10-22 02:00:00
d0421910,d2753644,delivered,2018-06-29 20:00:00,2018-06-29 20:00:00,2018-07-01 20:00:00,2018-07-11 20:00:00,2018-07-20 20:00:00
7031f0ec,d5d75abd,delivered,2018-08-12 22:00:00,2018-08-12 23:00:00,2018-08-13 22:00:00,2018-08-25 22:00:00,2018-08-25 22:00:00
e606177a,67a0d7fb,delivered,2018-05-30 14:00:00,2018-05-30 17:00:00,2018-06-01 14:00:00,2018-06-03 14:00:00,2018-06-18 14:00:00
57ff4454,dbe0205a,delivered,2017-01-01 10:00:00,2017-01-01 14:00:00,2017-01-03 10:00:00,2017-01-09 10:00:00,2017-01-13 10:00:00
9482fa40,7c1926c2,delivered,2017-03-14 18:00:00,2017-03-14 18:00:00,2017-03-15 18:00:00,2017-03-28 18:00:00,2017-04-04 18:00:00
3543a48c,78542da9,delivered,2018-02-11 10:00:00,2018-02-11 10:00:00,2018-02-12 10:00:00,2018-02-23 10:00:00,2018-03-01 10:00:00
82409d2c,ba504284,delivered,2017-08-07 22:00:00,2017-08-08 00:00:00,2017-08-09 22:00:00,2017-08-13 22:00:00,2017-08-20 22:00:00
a47ccb99,112cc38d,delivered,2017-01-18 15:00:00,2017-01-18 15:00:00,2017-01-19 15:00:00,2017-01-29 15:00:00,2017-02-08 15:00:00
7b07ea02,cd70939d,delivered,2018-06-10 19:00:00,2018-06-10 21:00:00,2018-06-11 19:00:00,2018-06-23 19:00:00,2018-06-26 19:00:00
c7fd5a51,011e871d,delivered,2018-03-21 05:00:00,2018-03-21 08:00:00,2018-03-23 05:00:00,2018-03-30 05:00:00,2018-04-07 05:00:00
8f32549f,55c67382,delivered,2017-11-15 01:00:00,2017-11-15 04:00:00,2017-11-17 01:00:00,2017-11-26 01:00:00,2017-11-26 01:00:00
93d72b7c,006e419b,delivered,2017-01-21 23:00:00,2017-01-22 03:00:00,2017-01-23 23:00:00,2017-01-29 23:00:00,2017-02-05 23:00:00
5fb416c7,d1d9067a,delivered,2018-01-21 13:00:00,2018-01-21 15:00:00,2018-01-23 13:00:00,2018-01-30 13:00:00,2018-02-08 13:00:00
7785b9b7,20b21d73,delivered,2018-03-11 16:00:00,2018-03-11 20:00:00,2018-03-13 16:00:00,2018-03-16 16:00:00,2018-03-21 16:00:00
550c9ad4,ceeba075,delivered,2018-08-23 23:00:00,2018-08-24 01:00:00,2018-08-25 23:00:00,2018-09-02 23:00:00,2018-09-05 23:00:00
476d6750,02bc0931,delivered,2018-02-21 07:00:00,2018-02-21 07:00:00,2018-02-23 07:00:00,2018-03-01 07:00:00,2018-03-14 07:00:00
b89ef72c,7e63f015,delivered,2017-09-07 19:00:00,2017-09-07 20:00:00,2017-09-08 19:00:00,2017-09-20 19:00:00,2017-09-23 19:00:00
f6d8ac2c,94f44c9f,delivered,2017-01-12 19:00:00,2017-01-12 20:00:00,2017-01-13 19:00:00,2017-01-24 19:00:00,2017-02-04 19:00:00
40d5810c,ddfe86c1,delivered,2018-07-26 10:00:00,2018-07-26 11:00:00,2018-07-28 10:00:00,2018-08-06 10:00:00,2018-08-15 10:00:00
982f395d,66b82d27,delivered,2017-08-31 17:00:00,2017-08-31 18:00:00,2017-09-01 17:00:00,2017-09-13 17:00:00,2017-09-15 17:00:00
0ee0364d,f7f42872,delivered,2017-06-02 07:00:00,2017-06-02 10:00:00,2017-06-03 07:00:00,2017-06-12 07:00:00,2017-06-16 07:00:00
3f67dae5,b991ca7f,delivered,2018-07-12 11:00:00,2018-07-12 12:00:00,2018-07-14 11:00:00,2018-07-17 11:00:00,2018-08-02 11:00:00
8f3e196b,a950fd90,delivered,2017-09-09 01:00:00,2017-09-09 05:00:00,2017-09-10 01:00:00,2017-09-22 01:00:00,2017-09-24 01:00:00
61a39816,63db1d21,delivered,2017-08-20 22:00:00,2017-08-21 00:00:00,2017-08-21 22:00:00,2017-08-26 22:00:00,2017-09-10 22:00:00
3422b589,48b03143,delivered,2018-02-01 15:00:00,2018-02-01 15:00:00,2018-02-02 15:00:00,2018-02-14 15:00:00,2018-02-22 15:00:00
d8e6a55c,111ad3ea,delivered,2018-06-20 08:00:00,2018-06-20 09:00:00,2018-06-21 08:00:00,2018-06-29 08:00:00,2018-07-11 08:00:00
a76512b1,4320064c,delivered,2018-06-15 01:00:00,2018-06-15 01:00:00,2018-06-17 01:00:00,2018-06-19 01:00:00,2018-06-29 01:00:00
228fd73a,bd88b940,delivered,2018-03-28 10:00:00,2018-03-28 13:00:00,2018-03-29 10:00:00,2018-03-31 10:00:00,2018-04-18 10:00:00
c753d736,5191af26,delivered,2018-02-04 03:00:00,2018-02-04 04:00:00,2018-02-06 03:00:00,2018-02-12 03:00:00,2018-02-25 03:00:00
06720e8e,f2efcabc,delivered,2017-01-27 22:00:00,2017-01-27 23:00:00,2017-01-28 22:00:00,2017-02-01 22:00:00,2017-02-11 22:00:00
818ed666,3ea46484,delivered,2018-06-13 09:00:00,2018-06-13 12:00:00,2018-06-14 09:00:00,2018-06-16 09:00:00,2018-07-03 09:00:00
42857350,dbb3afc2,delivered,2018-01-17 09:00:00,2018-01-17 12:00:00,2018-01-19 09:00:00,2018-01-28 09:00:00,2018-01-27 09:00:00
eeeb87f9,c16d63b6,delivered,2018-01-23 11:00:00,2018-01-23 15:00:00,2018-01-25 11:00:00,2018-01-29 11:00:00,2018-02-09 11:00:00
efb1e7f0,0d925003,delivered,2018-04-21 21:00:00,2018-04-22 00:00:00,2018-04-23 21:00:00,2018-05-02 21:00:00,2018-05-14 21:00:00
0d3ece4c,7a05ea2c,delivered,2017-08-22 01:00:00,2017-08-22 03:00:00,2017-08-23 01:00:00,2017-08-27 01:00:00,2017-09-09 01:00:00
b35e7ae6,a5e802a2,delivered,2017-11-25 02:00:00,2017-11-25 02:00:00,2017-11-26 02:00:00,2017-11-28 02:00:00,2017-12-17 02:00:00
74763a1e,7fd375cf,delivered,2017-05-09 21:00:00,2017-05-09 21:00:00,2017-05-10 21:00:00,2017-05-19 21:00:00,2017-05-23 21:00:00
2393ccaf,d763766d,delivered,2017-06-10 08:00:00,2017-06-10 10:00:00,2017-06-12 08:00:00,2017-06-16 08:00:00,2017-06-26 08:00:00
e9c3ec54,9b7efb71,delivered,2018-07-02 15:00:00,2018-07-02 16:00:00,2018-07-03 15:00:00,2018-07-08 15:00:00,2018-07-17 15:00:00
125022a8,e253080b,delivered,2018-01-14 21:00:00,2018-01-14 23:00:00,2018-01-16 21:00:00,2018-01-25 21:00:00,2018-01-24 21:00:00
50eca8b7,3386f42d,delivered,2017-06-12 13:00:00,2017-06-12 17:00:00,2017-06-13 13:00:00,2017-06-21 13:00:00,2017-07-05 13:00:00
7cab0508,af91317e,delivered,2017-01-15 19:00:00,2017-01-15 19:00:00,2017-01-16 19:00:00,2017-01-21 19:00:00,2017-01-31 19:00:00
2cd90dde,1fe87ee1,invoiced,2018-08-19 14:00:00,2018-08-19 14:00:00,2018-08-21 14:00:00,,2018-09-03 14:00:00
25c870a7,450a6383,delivered,2017-01-16 17:00:00,2017-01-16 20:00:00,2017-01-17 17:00:00,2017-01-20 17:00:00,2017-02-06 17:00:00
267b8eb6,fbe6cf4a,delivered,2017-05-01 10:00:00,2017-05-01 10:00:00,2017-05-03 10:00:00,2017-05-11 10:00:00,2017-05-21 10:00:00
18b94b9a,dcce0b4c,delivered,2018-01-22 20:00:00,2018-01-22 23:00:00,2018-01-24 20:00:00,2018-01-30 20:00:00,2018-02-03 20:00:00
d01add05,e8ddb1dc,delivered,2017-07-24 11:00:00,2017-07-24 15:00:00,2017-07-25 11:00:00,2017-08-03 11:00:00,2017-08-06 11:00:00
9caebccd,34a32d70,delivered,2018-06-03 13:00:00,2018-06-03 13:00:00,2018-06-04 13:00:00,2018-06-07 13:00:00,2018-06-19 13:00:00
5f64524c,ecbaab9a,delivered,2017-07-05 18:00:00,2017-07-05 20:00:00,2017-07-06 18:00:00,2017-07-09 18:00:00,2017-07-20 18:00:00
8ca0f34f,12a30ffc,delivered,2018-06-16 10:00:00,2018-06-16 13:00:00,2018-06-18 10:00:00,2018-06-24 10:00:00,2018-07-06 10:00:00
52c2b09b,d7b500f4,delivered,2018-08-11 20:00:00,2018-08-11 23:00:00,2018-08-12 20:00:00,2018-08-25 20:00:00,2018-08-24 20:00:00
aba371aa,96db2848,delivered,2017-03-31 15:00:00,2017-03-31 17:00:00,2017-04-02 15:00:00,2017-04-10 15:00:00,2017-04-14 15:00:00
c4898fcc,6a960d6b,delivered,2017-09-23 23:00:00,2017-09-24 02:00:00,2017-09-25 23:00:00,2017-10-07 23:00:00,2017-10-12 23:00:00
7f8f6a06,43328c90,delivered,2018-03-01 09:00:00,2018-03-01 11:00:00,2018-03-03 09:00:00,2018-03-13 09:00:00,2018-03-25 09:00:00
1fd5259d,de0196d4,delivered,2017-11-16 12:00:00,2017-11-16 14:00:00,2017-11-18 12:00:00,2017-11-30 12:00:00,2017-12-03 12:00:00
91f31cb7,bc7a9564,delivered,2018-03-23 20:00:00,2018-03-24 00:00:00,2018-03-25 20:00:00,2018-03-30 20:00:00,2018-04-10 20:00:00
b4c20561,d8d71ab9,delivered,2017-11-05 15:00:00,2017-11-05 18:00:00,2017-11-06 15:00:00,2017-11-18 15:00:00,2017-11-27 15:00:00
f126a5b5,d9f7e580,shipped,2018-03-26 08:00:00,2018-03-26 10:00:00,2018-03-27 08:00:00,,2018-04-13 08:00:00
b98d9863,4c57037c,delivered,2018-02-01 23:00:00,2018-02-02 03:00:00,2018-02-02 23:00:00,2018-02-08 23:00:00,2018-02-16 23:00:00
457d20c5,01b3ba55,delivered,2017-03-31 22:00:00,2017-03-31 22:00:00,2017-04-02 22:00:00,2017-04-13 22:00:00,2017-04-12 22:00:00
7dd66bb0,1f162098,delivered,2018-04-28 21:00:00,2018-04-28 23:00:00,2018-04-29 21:00:00,2018-05-02 21:00:00,2018-05-14 21:00:00
b7860e77,3cf8c5f2,delivered,2017-04-16 23:00:00,2017-04-17 00:00:00,2017-04-18 23:00:00,2017-04-27 23:00:00,2017-05-09 23:00:00
85321d43,ce020f46,delivered,2017-07-30 15:00:00,2017-07-30 16:00:00,2017-08-01 15:00:00,2017-08-13 15:00:00,2017-08-14 15:00:00
f1fccf9a,a4c639b9,delivered,2018-03-03 11:00:00,2018-03-03 15:00:00,2018-03-05 11:00:00,2018-03-12 11:00:00,2018-03-16 11:00:00
4bc8e8ea,887de5a5,delivered,2017-05-26 04:00:00,2017-05-26 07:00:00,2017-05-27 04:00:00,2017-06-02 04:00:00,2017-06-05 04:00:00
1d9c2a5e,97071933,delivered,2018-07-29 11:00:00,2018-07-29 15:00:00,2018-07-30 11:00:00,2018-08-04 11:00:00,2018-08-08 11:00:00
2166024c,b27ad3e8,delivered,2017-12-09 02:00:00,2017-12-09 03:00:00,2017-12-10 02:00:00,2017-12-13 02:00:00,2017-12-23 02:00:00
b04b6e6f,09fc91f8,delivered,2017-04-06 01:00:00,2017-04-06 02:00:00,2017-04-08 01:00:00,2017-04-15 01:00:00,2017-04-29 01:00:00
89809ab4,f278f595,delivered,2017-09-29 20:00:00,2017-09-30 00:00:00,2017-09-30 20:00:00,2017-10-09 20:00:00,2017-10-12 20:00:00
ceb8f24b,f797d9fd,delivered,2018-05-13 09:00:00,2018-05-13 09:00:00,2018-05-14 09:00:00,2018-05-27 09:00:00,2018-06-01 09:00:00
c3714099,d7d74ff9,delivered,2017-10-31 15:00:00,2017-10-31 16:00:00,2017-11-01 15:00:00,2017-11-13 15:00:00,2017-11-12 15:00:00
2c43538f,38370f4c,delivered,2017-10-22 08:00:00,2017-10-22 09:00:00,2017-10-23 08:00:00,2017-11-03 08:00:00,2017-11-10 08:00:00
fb8bc075,21802908,delivered,2017-09-05 01:00:00,2017-09-05 04:00:00,2017-09-06 01:00:00,2017-09-19 01:00:00,2017-09-18 01:00:00
08aa4d86,fd4c0587,delivered,2018-03-18 21:00:00,2018-03-18 23:00:00,2018-03-19 21:00:00,2018-03-25 21:00:00,2018-04-07 21:00:00
42956087,0b07aa27,delivered,2017-07-22 10:00:00,2017-07-22 11:00:00,2017-07-24 10:00:00,2017-07-26 10:00:00,2017-08-06 10:00:00
34e631af,a8e0e150,delivered,2018-04-13 22:00:00,2018-04-14 02:00:00,2018-04-15 22:00:00,2018-04-22 22:00:00,2018-05-07 22:00:00
f8c80a6b,1b2d546a,delivered,2018-02-21 02:00:00,2018-02-21 05:00:00,2018-02-23 02:00:00,2018-02-28 02:00:00,2018-03-07 02:00:00
c52cb9f6,64f2df60,delivered,2018-05-02 21:00:00,2018-05-02 23:00:00,2018-05-04 21:00:00,2018-05-15 21:00:00,2018-05-25 21:00:00
40e92531,cc6c975c,delivered,2018-04-03 13:00:00,2018-04-03 16:00:00,2018-04-05 13:00:00,2018-04-11 13:00:00,2018-04-13 13:00:00
e98cd315,1a98e7a9,delivered,2017-11-03 16:00:00,2017-11-03 19:00:00,2017-11-04 16:00:00,2017-11-09 16:00:00,2017-11-20 16:00:00
4337142c,ff6bd51a,delivered,2018-03-20 06:00:00,2018-03-20 06:00:00,2018-03-22 06:00:00,2018-04-02 06:00:00,2018-04-10 06:00:00
c5a54637,2de2f97c,delivered,2017-10-30 04:00:00,2017-10-30 08:00:00,2017-11-01 04:00:00,2017-11-04 04:00:00,2017-11-13 04:00:00
82408fb4,6c796e34,delivered,2018-06-13 18:00:00,2018-06-13 20:00:00,2018-06-14 18:00:00,2018-06-23 18:00:00,2018-06-26 18:00:00
77e6cb99,5c55827e,delivered,2017-09-03 05:00:00,2017-09-03 05:00:00,2017-09-04 05:00:00,2017-09-15 05:00:00,2017-09-17 05:00:00
b6fcef1a,5d816df2,shipped,2017-05-02 05:00:00,2017-05-02 05:00:00,2017-05-03 05:00:00,,2017-05-24 05:00:00
4970f76b,8892a2d9,delivered,2017-03-28 01:00:00,2017-03-28 01:00:00,2017-03-29 01:00:00,2017-04-02 01:00:00,2017-04-14 01:00:00
a40960cf,71c1856b,delivered,2018-05-16 09:00:00,2018-05-16 11:00:00,2018-05-17 09:00:00,2018-05-27 09:00:00,2018-06-01 09:00:00
22224625,49bab249,delivered,2017-08-15 18:00:00,2017-08-15 19:00:00,2017-08-16 18:00:00,2017-08-24 18:00:00,2017-08-31 18:00:00
7119bad4,27ad0a9b,delivered,2018-03-04 04:00:00,2018-03-04 05:00:00,2018-03-05 04:00:00,2018-03-13 04:00:00,2018-03-16 04:00:00
d98a9e8d,fa72d30c,delivered,2017-05-17 19:00:00,2017-05-17 22:00:00,2017-05-19 19:00:00,2017-05-31 19:00:00,2017-06-02 19:00:00
a204cbcf,3456303a,delivered,2018-04-03 10:00:00,2018-04-03 12:00:00,2018-04-05 10:00:00,2018-04-08 10:00:00,2018-04-26 10:00:00
c9d459d3,e1795994,delivered,2017-07-07 12:00:00,2017-07-07 12:00:00,2017-07-08 12:00:00,2017-07-12 12:00:00,2017-07-18 12:00:00
ea549ea9,a7d96f66,delivered,2017-06-16 13:00:00,2017-06-16 17:00:00,2017-06-17 13:00:00,2017-06-22 13:00:00,2017-06-26 13:00:00
7310ee0d,50165e2b,canceled,2017-05-19 18:00:00,2017-05-19 19:00:00,2017-05-20 18:00:00,,2017-06-08 18:00:00
85e7e52d,f278f595,delivered,2018-05-23 19:00:00,2018-05-23 19:00:00,2018-05-25 19:00:00,2018-05-26 19:00:00,2018-06-16 19:00:00
b6200f2f,37015cc3,invoiced,2017-05-30 18:00:00,2017-05-30 21:00:00,2017-05-31 18:00:00,,2017-06-16 18:00:00
93216355,eec60298,delivered,2017-08-09 01:00:00,2017-08-09 03:00:00,2017-08-11 01:00:00,2017-08-20 01:00:00,2017-08-28 01:00:00
5943d2e2,b7aca014,delivered,2017-03-30 13:00:00,2017-03-30 17:00:00,2017-04-01 13:00:00,2017-04-11 13:00:00,2017-04-20 13:00:00
51b89fed,55adce3f,delivered,2017-02-20 13:00:00,2017-02-20 13:00:00,2017-02-22 13:00:00,2017-02-24 13:00:00,2017-03-07 13:00:00
cf9d353b,e62dc24e,delivered,2018-02-23 01:00:00,2018-02-23 04:00:00,2018-02-25 01:00:00,2018-02-27 01:00:00,2018-03-15 01:00:00
1aae3365,b107a072,delivered,2017-04-27 07:00:00,2017-04-27 11:00:00,2017-04-28 07:00:00,2017-05-06 07:00:00,2017-05-11 07:00:00
99bb3ae1,afb934d2,delivered,2017-03-03 13:00:00,2017-03-03 15:00:00,2017-03-05 13:00:00,2017-03-08 13:00:00,2017-03-16 13:00:00
a41da027,c6209f5d,delivered,2018-07-11 15:00:00,2018-07-11 19:00:00,2018-07-13 15:00:00,2018-07-20 15:00:00,2018-08-04 15:00:00
62a43401,ff92e1c8,delivered,2017-09-18 14:00:00,2017-09-18 15:00:00,2017-09-20 14:00:00,2017-10-01 14:00:00,2017-10-01 14:00:00
c5af5757,922b7201,delivered,2018-02-18 09:00:00,2018-02-18 13:00:00,2018-02-20 09:00:00,2018-03-03 09:00:00,2018-03-04 09:00:00
0d4358d6,f66be501,delivered,2017-03-02 16:00:00,2017-03-02 20:00:00,2017-03-03 16:00:00,2017-03-05 16:00:00,2017-03-23 16:00:00
82b8e4f5,bce50058,delivered,2017-05-04 13:00:00,2017-05-04 15:00:00,2017-05-06 13:00:00,2017-05-07 13:00:00,2017-05-23 13:00:00
9fefccd7,3864f049,delivered,2017-12-28 14:00:00,2017-12-28 15:00:00,2017-12-29 14:00:00,2018-01-11 14:00:00,2018-01-09 14:00:00
19307617,495d6590,delivered,2018-06-18 00:00:00,2018-06-18 02:00:00,2018-06-20 00:00:00,2018-06-28 00:00:00,2018-07-04 00:00:00
72aade8e,c76b45c5,delivered,2017-01-24 08:00:00,2017-01-24 10:00:00,2017-01-25 08:00:00,2017-02-01 08:00:00,2017-02-04 08:00:00
020a19bb,59c4a25f,delivered,2018-08-04 23:00:00,2018-08-05 01:00:00,2018-08-05 23:00:00,2018-08-17 23:00:00,2018-08-21 23:00:00
2e84ce43,e1649157,delivered,2018-05-01 14:00:00,2018-05-01 16:00:00,2018-05-02 14:00:00,2018-05-09 14:00:00,2018-05-23 14:00:00
aaf523ae,10f83edd,delivered,2018-01-28 09:00:00,2018-01-28 09:00:00,2018-01-29 09:00:00,2018-01-31 09:00:00,2018-02-16 09:00:00
de75a5d1,4a1b4ab9,delivered,2017-05-19 05:00:00,2017-05-19 06:00:00,2017-05-21 05:00:00,2017-05-23 05:00:00,2017-05-29 05:00:00
8108c5ad,45dd7683,delivered,2017-09-04 21:00:00,2017-09-04 23:00:00,2017-09-06 21:00:00,2017-09-11 21:00:00,2017-09-15 21:00:00
db078f35,0de57290,delivered,2018-03-11 14:00:00,2018-03-11 14:00:00,2018-03-12 14:00:00,2018-03-22 14:00:00,2018-04-03 14:00:00
936d19af,8e23a7d1,delivered,2018-07-23 16:00:00,2018-07-23 20:00:00,2018-07-24 16:00:00,2018-08-03 16:00:00,2018-08-10 16:00:00
b5bc9017,cc536d7e,delivered,2018-06-24 13:00:00,2018-06-24 15:00:00,2018-06-25 13:00:00,2018-07-05 13:00:00,2018-07-08 13:00:00
5195f49a,ec1cdd5e,delivered,2018-03-02 00:00:00,2018-03-02 03:00:00,2018-03-04 00:00:00,2018-03-14 00:00:00,2018-03-25 00:00:00
0362595d,e2fa2770,delivered,2017-04-08 22:00:00,2017-04-09 00:00:00,2017-04-10 22:00:00,2017-04-17 22:00:00,2017-04-25 22:00:00
fb61985d,d9b7e009,delivered,2017-10-24 15:00:00,2017-10-24 18:00:00,2017-10-26 15:00:00,2017-11-05 15:00:00,2017-11-08 15:00:00
e10bb6b6,ac90baa4,delivered,2018-01-27 19:00:00,2018-01-27 21:00:00,2018-01-29 19:00:00,2018-02-04 19:00:00,2018-02-17 19:00:00
eea94a0a,7852219e,delivered,2017-01-22 00:00:00,2017-01-22 01:00:00,2017-01-24 00:00:00,2017-01-30 00:00:00,2017-02-08 00:00:00
89f55b27,d20d2103,delivered,2018-06-04 23:00:00,2018-06-05 03:00:00,2018-06-05 23:00:00,2018-06-09 23:00:00,2018-06-25 23:00:00
3e95ea5d,d42ee2da,delivered,2017-10-08 11:00:00,2017-10-08 15:00:00,2017-10-09 11:00:00,2017-10-18 11:00:00,2017-10-30 11:00:00
e207a1f4,93d5a0b4,delivered,2017-07-13 18:00:00,2017-07-13 20:00:00,2017-07-15 18:00:00,2017-07-21 18:00:00,2017-07-31 18:00:00
30eb514f,726a5867,delivered,2018-07-05 15:00:00,2018-07-05 16:00:00,2018-07-06 15:00:00,2018-07-12 15:00:00,2018-07-16 15:00:00
8770c045,fb754da0,delivered,2017-01-21 00:00:00,2017-01-21 01:00:00,2017-01-22 00:00:00,2017-02-04 00:00:00,2017-02-10 00:00:00
481e33cf,e82e071e,delivered,2017-11-25 14:00:00,2017-11-25 14:00:00,2017-11-27 14:00:00,2017-12-02 14:00:00,2017-12-06 14:00:00
cefd3764,f0cf4d82,delivered,2018-05-07 23:00:00,2018-05-08 02:00:00,2018-05-08 23:00:00,2018-05-18 23:00:00,2018-05-25 23:00:00
d523b1cc,dbb3afc2,shipped,2018-03-22 13:00:00,2018-03-22 14:00:00,2018-03-24 13:00:00,,2018-04-03 13:00:00
3804ed82,954c0a9b,delivered,2018-06-07 07:00:00,2018-06-07 09:00:00,2018-06-09 07:00:00,2018-06-19 07:00:00,2018-06-17 07:00:00
60271362,8fa2443f,delivered,2017-11-26 19:00:00,2017-11-26 23:00:00,2017-11-28 19:00:00,2017-12-05 19:00:00,2017-12-16 19:00:00
72f71cf7,7758ecd1,delivered,2017-07-09 18:00:00,2017-07-09 19:00:00,2017-07-10 18:00:00,2017-07-14 18:00:00,2017-07-31 18:00:00
a5412386,5dfeb96a,shipped,2017-11-07 11:00:00,2017-11-07 12:00:00,2017-11-09 11:00:00,,2017-11-17 11:00:00
8187a594,cb51316d,delivered,2017-12-05 22:00:00,2017-12-05 22:00:00,2017-12-07 22:00:00,2017-12-08 22:00:00,2017-12-16 22:00:00
171018c3,022c5122,delivered,2017-04-03 22:00:00,2017-04-04 02:00:00,2017-04-04 22:00:00,2017-04-17 22:00:00,2017-04-16 22:00:00
75628556,bef7d0f2,delivered,2017-06-26 06:00:00,2017-06-26 09:00:00,2017-06-27 06:00:00,2017-07-02 06:00:00,2017-07-09 06:00:00
451a95b6,730f27d0,delivered,2018-07-11 20:00:00,2018-07-11 22:00:00,2018-07-12 20:00:00,2018-07-22 20:00:00,2018-07-26 20:00:00
71f893bf,f254115f,delivered,2018-06-02 22:00:00,2018-06-03 01:00:00,2018-06-03 22:00:00,2018-06-08 22:00:00,2018-06-15 22:00:00
8f962cd0,9a8f2b0c,delivered,2018-03-14 16:00:00,2018-03-14 16:00:00,2018-03-15 16:00:00,2018-03-28 16:00:00,2018-03-27 16:00:00
f43b0544,f69bfe7f,delivered,2017-08-12 02:00:00,2017-08-12 03:00:00,2017-08-13 02:00:00,2017-08-25 02:00:00,2017-09-01 02:00:00
df8b018f,53d96512,delivered,2017-08-18 01:00:00,2017-08-18 01:00:00,2017-08-19 01:00:00,2017-08-25 01:00:00,2017-09-11 01:00:00
280709dd,7b82a846,delivered,2017-08-02 13:00:00,2017-08-02 17:00:00,2017-08-03 13:00:00,2017-08-10 13:00:00,2017-08-25 13:00:00
464114dd,ec6a5d2e,delivered,2017-06-15 08:00:00,2017-06-15 11:00:00,2017-06-17 08:00:00,2017-06-23 08:00:00,2017-06-25 08:00:00
ac3ead17,dc7c5727,delivered,2018-02-27 04:00:00,2018-02-27 05:00:00,2018-03-01 04:00:00,2018-03-04 04:00:00,2018-03-09 04:00:00
877fb25e,c1bca347,delivered,2017-09-01 22:00:00,2017-09-02 02:00:00,2017-09-02 22:00:00,2017-09-04 22:00:00,2017-09-11 22:00:00
b81b35b2,81d55959,delivered,2018-07-25 13:00:00,2018-07-25 17:00:00,2018-07-26 13:00:00,2018-07-29 13:00:00,2018-08-04 13:00:00
ca62692f,018e0cd2,invoiced,2018-07-21 07:00:00,2018-07-21 10:00:00,2018-07-22 07:00:00,,2018-08-12 07:00:00
ec08ff37,1fec1e73,delivered,2017-04-04 05:00:00,2017-04-04 06:00:00,2017-04-06 05:00:00,2017-04-10 05:00:00,2017-04-27 05:00:00
7675e5e9,16e36580,delivered,2017-07-26 07:00:00,2017-07-26 11:00:00,2017-07-27 07:00:00,2017-08-07 07:00:00,2017-08-07 07:00:00
abae6467,a7ea4ece,delivered,2018-01-30 13:00:00,2018-01-30 16:00:00,2018-01-31 13:00:00,2018-02-07 13:00:00,2018-02-12 13:00:00
b8b81db1,8a2e2a66,delivered,2017-06-02 14:00:00,2017-06-02 14:00:00,2017-06-03 14:00:00,2017-06-05 14:00:00,2017-06-22 14:00:00
f546cb73,48bc47b3,delivered,2017-07-09 15:00:00,2017-07-09 17:00:00,2017-07-11 15:00:00,2017-07-22 15:00:00,2017-08-01 15:00:00
0aa8c60e,49136800,delivered,2018-04-16 09:00:00,2018-04-16 09:00:00,2018-04-17 09:00:00,2018-04-19 09:00:00,2018-04-27 09:00:00
f522e24a,76ce61c6,delivered,2017-06-27 20:00:00,2017-06-27 22:00:00,2017-06-28 20:00:00,2017-07-04 20:00:00,2017-07-19 20:00:00
38458820,90d7c556,delivered,2017-08-10 04:00:00,2017-08-10 05:00:00,2017-08-11 04:00:00,2017-08-21 04:00:00,2017-09-02 04:00:00
46a9f810,3fa7db7b,delivered,2018-08-10 07:00:00,2018-08-10 08:00:00,2018-08-11 07:00:00,2018-08-16 07:00:00,2018-08-25 07:00:00
cc8ec128,3212c457,delivered,2017-08-22 04:00:00,2017-08-22 06:00:00,2017-08-24 04:00:00,2017-09-01 04:00:00,2017-09-03 04:00:00
f2f83cec,ab1fa04f,delivered,2018-04-04 02:00:00,2018-04-04 04:00:00,2018-04-06 02:00:00,2018-04-12 02:00:00,2018-04-19 02:00:00
0cdc502a,0d642b9b,delivered,2017-05-01 10:00:00,2017-05-01 14:00:00,2017-05-03 10:00:00,2017-05-10 10:00:00,2017-05-17 10:00:00
132c988a,d832510f,delivered,2018-02-23 07:00:00,2018-02-23 11:00:00,2018-02-24 07:00:00,2018-02-26 07:00:00,2018-03-14 07:00:00
e2c65085,f79d2627,delivered,2017-01-22 13:00:00,2017-01-22 13:00:00,2017-01-23 13:00:00,2017-02-05 13:00:00,2017-02-04 13:00:00
23b3f560,65f39b5a,delivered,2018-06-14 13:00:00,2018-06-14 15:00:00,2018-06-16 13:00:00,2018-06-25 13:00:00,2018-07-08 13:00:00
71a1121f,93f516fe,delivered,2018-01-14 06:00:00,2018-01-14 10:00:00,2018-01-16 06:00:00,2018-01-27 06:00:00,2018-02-03 06:00:00
f910d2ef,9355272c,delivered,2017-09-05 03:00:00,2017-09-05 07:00:00,2017-09-06 03:00:00,2017-09-17 03:00:00,2017-09-29 03:00:00
c68872f6,5df3d863,delivered,2017-10-02 04:00:00,2017-10-02 07:00:00,2017-10-03 04:00:00,2017-10-05 04:00:00,2017-10-26 04:00:00
5a9361ae,2885aee2,delivered,2017-03-20 18:00:00,2017-03-20 22:00:00,2017-03-21 18:00:00,2017-04-03 18:00:00,2017-04-13 18:00:00
44f5eb70,ce0faa13,shipped,2017-06-15 00:00:00,2017-06-15 03:00:00,2017-06-16 00:00:00,,2017-07-07 00:00:00
3f3e01d9,065ad2ab,delivered,2017-02-14 08:00:00,2017-02-14 08:00:00,2017-02-15 08:00:00,2017-02-27 08:00:00,2017-02-27 08:00:00
c8facfd9,f2825f8b,delivered,2018-04-16 00:00:00,2018-04-16 01:00:00,2018-04-17 00:00:00,2018-04-20 00:00:00,2018-04-26 00:00:00
08d7d91d,0e89885d,delivered,2018-08-06 05:00:00,2018-08-06 05:00:00,2018-08-07 05:00:00,2018-08-17 05:00:00,2018-08-24 05:00:00
9cc35c0b,6f49a73b,delivered,2018-08-08 16:00:00,2018-08-08 16:00:00,2018-08-09 16:00:00,2018-08-12 16:00:00,2018-08-28 16:00:00
3e951201,5b8ebf08,delivered,2017-11-06 18:00:00,2017-11-06 19:00:00,2017-11-07 18:00:00,2017-11-14 18:00:00,2017-11-28 18:00:00
a5f77386,b3097145,delivered,2017-06-23 15:00:00,2017-06-23 16:00:00,2017-06-25 15:00:00,2017-07-02 15:00:00,2017-07-13 15:00:00
8b86a0c5,732cec2b,delivered,2017-11-25 12:00:00,2017-11-25 15:00:00,2017-11-26 12:00:00,2017-12-05 12:00:00,2017-12-09 12:00:00
8b310c49,cdd97efd,delivered,2018-05-05 23:00:00,2018-05-05 23:00:00,2018-05-06 23:00:00,2018-05-18 23:00:00,2018-05-22 23:00:00
7266a8cf,aa1bdcb8,invoiced,2017-03-31 02:00:00,2017-03-31 03:00:00,2017-04-01 02:00:00,,2017-04-22 02:00:00
e902e81c,34187438,delivered,2017-08-31 05:00:00,2017-08-31 08:00:00,2017-09-02 05:00:00,2017-09-07 05:00:00,2017-09-15 05:00:00
f5ff6699,aa8ea2e1,delivered,2018-02-20 21:00:00,2018-02-20 21:00:00,2018-02-22 21:00:00,2018-03-01 21:00:00,2018-03-04 21:00:00
c962d9bc,fbd5bc15,delivered,2018-08-01 05:00:00,2018-08-01 08:00:00,2018-08-02 05:00:00,2018-08-13 05:00:00,2018-08-20 05:00:00
53282e04,4bed94b0,delivered,2017-11-09 22:00:00,2017-11-10 02:00:00,2017-11-11 22:00:00,2017-11-20 22:00:00,2017-12-03 22:00:00
b4c769bf,abdcf93c,canceled,2018-02-04 04:00:00,2018-02-04 07:00:00,2018-02-06 04:00:00,,2018-02-28 04:00:00
e679b4f1,d4fadbe8,delivered,2017-11-24 20:00:00,2017-11-24 21:00:00,2017-11-26 20:00:00,2017-11-28 20:00:00,2017-12-06 20:00:00
09f39e9d,94df4824,delivered,2017-03-25 08:00:00,2017-03-25 11:00:00,2017-03-26 08:00:00,2017-04-01 08:00:00,2017-04-17 08:00:00
740f69ae,4a1b4ab9,delivered,2017-07-03 12:00:00,2017-07-03 13:00:00,2017-07-04 12:00:00,2017-07-08 12:00:00,2017-07-17 12:00:00
b22d01e6,e302f2c3,canceled,2018-02-12 09:00:00,2018-02-12 11:00:00,2018-02-14 09:00:00,,2018-02-25 09:00:00
d6682e1f,51c4cec6,delivered,2017-02-06 21:00:00,2017-02-06 22:00:00,2017-02-08 21:00:00,2017-02-19 21:00:00,2017-02-25 21:00:00
e467586f,6a313f40,delivered,2017-05-19 14:00:00,2017-05-19 18:00:00,2017-05-20 14:00:00,2017-05-22 14:00:00,2017-06-07 14:00:00
bd306428,53d0c416,delivered,2018-01-23 23:00:00,2018-01-24 01:00:00,2018-01-25 23:00:00,2018-02-05 23:00:00,2018-02-15 23:00:00
638b845b,f0c1a7de,delivered,2017-12-31 00:00:00,2017-12-31 04:00:00,2018-01-01 00:00:00,2018-01-07 00:00:00,2018-01-15 00:00:00
b3f810e7,742eb681,delivered,2017-12-11 09:00:00,2017-12-11 13:00:00,2017-12-12 09:00:00,2017-12-15 09:00:00,2017-12-30 09:00:00
2a757dce,afe09295,delivered,2017-12-18 08:00:00,2017-12-18 08:00:00,2017-12-20 08:00:00,2017-12-25 08:00:00,2018-01-06 08:00:00
95870f5d,d61678e2,delivered,2018-01-26 00:00:00,2018-01-26 03:00:00,2018-01-28 00:00:00,2018-02-07 00:00:00,2018-02-13 00:00:00
6b856973,ce020f46,delivered,2017-12-06 18:00:00,2017-12-06 19:00:00,2017-12-08 18:00:00,2017-12-10 18:00:00,2017-12-20 18:00:00
d85bbade,f5518e60,delivered,2018-03-17 13:00:00,2018-03-17 15:00:00,2018-03-18 13:00:00,2018-03-21 13:00:00,2018-03-31 13:00:00
27beb888,79188f6a,delivered,2018-08-17 03:00:00,2018-08-17 05:00:00,2018-08-18 03:00:00,2018-08-25 03:00:00,2018-09-05 03:00:00
c2e6c579,96e460f6,delivered,2018-03-03 04:00:00,2018-03-03 08:00:00,2018-03-04 04:00:00,2018-03-07 04:00:00,2018-03-18 04:00:00
bb0023c2,53aed3b7,delivered,2017-06-24 03:00:00,2017-06-24 03:00:00,2017-06-25 03:00:00,2017-07-04 03:00:00,2017-07-06 03:00:00
1fa7b48a,178825ff,delivered,2018-03-22 11:00:00,2018-03-22 15:00:00,2018-03-23 11:00:00,2018-03-29 11:00:00,2018-04-09 11:00:00
26222fa8,7a018bab,delivered,2017-06-16 06:00:00,2017-06-16 09:00:00,2017-06-18 06:00:00,2017-06-27 06:00:00,2017-07-10 06:00:00
394cebb6,a3a42bca,delivered,2017-12-20 21:00:00,2017-12-20 21:00:00,2017-12-21 21:00:00,2018-01-01 21:00:00,2018-01-01 21:00:00
e40f729f,63cf9b1d,delivered,2017-08-18 04:00:00,2017-08-18 06:00:00,2017-08-20 04:00:00,2017-08-30 04:00:00,2017-09-09 04:00:00
87b080c0,3f83ed4c,delivered,2018-07-22 13:00:00,2018-07-22 17:00:00,2018-07-23 13:00:00,2018-08-03 13:00:00,2018-08-01 13:00:00
e6fe2363,e01ea267,delivered,2017-05-15 16:00:00,2017-05-15 18:00:00,2017-05-17 16:00:00,2017-05-29 16:00:00,2017-05-28 16:00:00
c7512e18,28c4088d,delivered,2018-04-13 13:00:00,2018-04-13 13:00:00,2018-04-15 13:00:00,2018-04-23 13:00:00,2018-05-06 13:00:00
ed2a6332,53f4c20e,delivered,2017-02-10 01:00:00,2017-02-10 05:00:00,2017-02-11 01:00:00,2017-02-16 01:00:00,2017-03-05 01:00:00
c316517a,5c55827e,delivered,2017-01-10 22:00:00,2017-01-11 01:00:00,2017-01-11 22:00:00,2017-01-21 22:00:00,2017-01-22 22:00:00
a733256e,09722b5d,delivered,2017-07-16 20:00:00,2017-07-16 21:00:00,2017-07-17 20:00:00,2017-07-23 20:00:00,2017-07-27 20:00:00
7dd23e95,74eea587,delivered,2017-04-17 16:00:00,2017-04-17 17:00:00,2017-04-18 16:00:00,2017-04-27 16:00:00,2017-05-04 16:00:00
b80e4993,142e30ad,delivered,2017-05-29 19:00:00,2017-05-29 22:00:00,2017-05-30 19:00:00,2017-06-06 19:00:00,2017-06-11 19:00:00
b1538c67,1c2472c4,delivered,2018-04-20 11:00:00,2018-04-20 12:00:00,2018-04-22 11:00:00,2018-04-23 11:00:00,2018-05-12 11:00:00
1a1b9581,d334520b,delivered,2018-01-22 12:00:00,2018-01-22 14:00:00,2018-01-24 12:00:00,2018-02-04 12:00:00,2018-02-06 12:00:00
4b12c1b2,597c8ba0,delivered,2018-01-02 08:00:00,2018-01-02 10:00:00,2018-01-03 08:00:00,2018-01-10 08:00:00,2018-01-19 08:00:00
033f4449,03c6eb58,delivered,2017-01-16 08:00:00,2017-01-16 11:00:00,2017-01-17 08:00:00,2017-01-24 08:00:00,2017-02-05 08:00:00
f0ee932b,f765405d,delivered,2018-02-16 17:00:00,2018-02-16 18:00:00,2018-02-18 17:00:00,2018-02-26 17:00:00,2018-03-07 17:00:00
ead21207,41b9274f,delivered,2018-05-19 03:00:00,2018-05-19 05:00:00,2018-05-21 03:00:00,2018-05-28 03:00:00,2018-05-31 03:00:00
e62bc57e,8eb8e8c4,delivered,2018-04-25 18:00:00,2018-04-25 21:00:00,2018-04-27 18:00:00,2018-05-09 18:00:00,2018-05-15 18:00:00
3beea6f7,5ac00539,delivered,2018-01-27 22:00:00,2018-01-27 22:00:00,2018-01-28 22:00:00,2018-01-31 22:00:00,2018-02-11 22:00:00
97341d1b,20468d25,delivered,2017-11-23 04:00:00,2017-11-23 04:00:00,2017-11-25 04:00:00,2017-12-07 04:00:00,2017-12-06 04:00:00
86b3819d,55203c8c,delivered,2017-03-16 19:00:00,2017-03-16 19:00:00,2017-03-17 19:00:00,2017-03-24 19:00:00,2017-04-09 19:00:00
95ee892e,edf2cc21,delivered,2017-03-16 21:00:00,2017-03-17 00:00:00,2017-03-18 21:00:00,2017-03-23 21:00:00,2017-04-03 21:00:00
b9cd906f,36ea4e86,delivered,2018-04-14 11:00:00,2018-04-14 12:00:00,2018-04-15 11:00:00,2018-04-23 11:00:00,2018-05-02 11:00:00
fd2dd295,f1c8b903,delivered,2018-03-22 19:00:00,2018-03-22 20:00:00,2018-03-23 19:00:00,2018-04-03 19:00:00,2018-04-12 19:00:00
7f13ca25,ec0934cc,delivered,2017-06-10 16:00:00,2017-06-10 16:00:00,2017-06-12 16:00:00,2017-06-18 16:00:00,2017-06-20 16:00:00
26843f40,36feb3f2,delivered,2018-06-10 03:00:00,2018-06-10 04:00:00,2018-06-12 03:00:00,2018-06-19 03:00:00,2018-06-24 03:00:00
a56f8f99,bde71009,delivered,2017-03-29 00:00:00,2017-03-29 01:00:00,2017-03-31 00:00:00,2017-04-11 00:00:00,2017-04-09 00:00:00
98cd7932,bc8ae46b,delivered,2018-02-13 23:00:00,2018-02-13 23:00:00,2018-02-15 23:00:00,2018-02-22 23:00:00,2018-03-02 23:00:00
86c90242,246d00d3,canceled,2018-01-21 02:00:00,2018-01-21 04:00:00,2018-01-22 02:00:00,,2018-02-05 02:00:00
e5f99cc8,89dec935,delivered,2017-02-21 20:00:00,2017-02-21 21:00:00,2017-02-23 20:00:00,2017-02-27 20:00:00,2017-03-08 20:00:00
85628c20,f7c14522,delivered,2017-09-27 00:00:00,2017-09-27 04:00:00,2017-09-29 00:00:00,2017-10-07 00:00:00,2017-10-16 00:00:00
8ceb3791,5dc670b1,delivered,2018-03-08 00:00:00,2018-03-08 01:00:00,2018-03-10 00:00:00,2018-03-17 00:00:00,2018-03-31 00:00:00
14eb0455,2f534edf,delivered,2018-03-28 13:00:00,2018-03-28 14:00:00,2018-03-30 13:00:00,2018-04-05 13:00:00,2018-04-21 13:00:00
58dae994,f5d7047b,delivered,2017-10-10 09:00:00,2017-10-10 12:00:00,2017-10-11 09:00:00,2017-10-18 09:00:00,2017-10-23 09:00:00
d4a16ae5,7242944f,delivered,2017-02-26 13:00:00,2017-02-26 14:00:00,2017-02-27 13:00:00,2017-03-04 13:00:00,2017-03-20 13:00:00
04c076e3,f35bab59,delivered,2017-05-17 09:00:00,2017-05-17 09:00:00,2017-05-19 09:00:00,2017-05-23 09:00:00,2017-06-08 09:00:00
00d8ec25,d04d6633,delivered,2018-03-24 00:00:00,2018-03-24 04:00:00,2018-03-25 00:00:00,2018-03-27 00:00:00,2018-04-14 00:00:00
a446ebdb,0bd7c4d8,delivered,2018-05-14 13:00:00,2018-05-14 17:00:00,2018-05-16 13:00:00,2018-05-18 13:00:00,2018-06-06 13:00:00
76dcc763,c805a1e4,delivered,2017-10-18 15:00:00,2017-10-18 19:00:00,2017-10-20 15:00:00,2017-10-22 15:00:00,2017-10-31 15:00:00
3ec3fe49,fc182d47,delivered,2018-08-14 02:00:00,2018-08-14 05:00:00,2018-08-16 02:00:00,2018-08-27 02:00:00,2018-09-06 02:00:00
8160527d,3f26c68e,delivered,2018-07-21 13:00:00,2018-07-21 14:00:00,2018-07-22 13:00:00,2018-08-02 13:00:00,2018-08-13 13:00:00
1c9067cf,d47e82e0,delivered,2017-04-13 18:00:00,2017-04-13 21:00:00,2017-04-15 18:00:00,2017-04-17 18:00:00,2017-05-03 18:00:00
8a68f5d0,60514cbc,delivered,2017-09-26 16:00:00,2017-09-26 16:00:00,2017-09-28 16:00:00,2017-10-03 16:00:00,2017-10-06 16:00:00
a1ee1938,89d5fe20,delivered,2018-01-07 04:00:00,2018-01-07 04:00:00,2018-01-08 04:00:00,2018-01-14 04:00:00,2018-01-23 04:00:00
67d6b21c,f287cf5f,delivered,2017-03-20 02:00:00,2017-03-20 06:00:00,2017-03-22 02:00:00,2017-03-25 02:00:00,2017-04-09 02:00:00
aaf4206a,99ae03f8,delivered,2017-08-06 08:00:00,2017-08-06 10:00:00,2017-08-07 08:00:00,2017-08-09 08:00:00,2017-08-20 08:00:00
096d6c7d,8a2b1a06,delivered,2017-04-15 10:00:00,2017-04-15 12:00:00,2017-04-17 10:00:00,2017-04-18 10:00:00,2017-04-25 10:00:00
34055124,86518967,delivered,2017-09-12 09:00:00,2017-09-12 12:00:00,2017-09-13 09:00:00,2017-09-25 09:00:00,2017-09-26 09:00:00
22b242a0,4cafc933,delivered,2017-03-14 06:00:00,2017-03-14 08:00:00,2017-03-15 06:00:00,2017-03-28 06:00:00,2017-03-30 06:00:00
fd164cf7,7efe45dd,delivered,2017-02-19 02:00:00,2017-02-19 06:00:00,2017-02-21 02:00:00,2017-02-23 02:00:00,2017-03-10 02:00:00
36929551,c4f58319,delivered,2018-01-06 21:00:00,2018-01-06 22:00:00,2018-01-07 21:00:00,2018-01-10 21:00:00,2018-01-30 21:00:00
a48c73ce,1634721c,delivered,2018-05-27 18:00:00,2018-05-27 22:00:00,2018-05-29 18:00:00,2018-05-31 18:00:00,2018-06-08 18:00:00
1f781493,d44aed65,delivered,2017-02-28 07:00:00,2017-02-28 07:00:00,2017-03-01 07:00:00,2017-03-03 07:00:00,2017-03-16 07:00:00
2d9ab752,c7cab217,delivered,2017-08-23 18:00:00,2017-08-23 19:00:00,2017-08-25 18:00:00,2017-08-29 18:00:00,2017-09-07 18:00:00
5e9893b4,87a6e4d1,delivered,2017-09-30 05:00:00,2017-09-30 08:00:00,2017-10-02 05:00:00,2017-10-11 05:00:00,2017-10-20 05:00:00
7c2fdc61,e62d8495,delivered,2017-08-03 15:00:00,2017-08-03 16:00:00,2017-08-05 15:00:00,2017-08-14 15:00:00,2017-08-16 15:00:00
232b48b6,2f26fc8f,delivered,2018-08-13 17:00:00,2018-08-13 20:00:00,2018-08-14 17:00:00,2018-08-18 17:00:00,2018-08-28 17:00:00
a3e028f6,ab53bdc3,delivered,2017-03-25 15:00:00,2017-03-25 19:00:00,2017-03-27 15:00:00,2017-04-08 15:00:00,2017-04-16 15:00:00
7f1972fa,8daae6ca,delivered,2018-05-18 21:00:00,2018-05-18 23:00:00,2018-05-19 21:00:00,2018-05-27 21:00:00,2018-05-31 21:00:00
7c288659,0ba1f4ec,delivered,2017-08-16 19:00:00,2017-08-16 20:00:00,2017-08-17 19:00:00,2017-08-29 19:00:00,2017-09-01 19:00:00
07d02383,4392aad9,delivered,2017-04-23 04:00:00,2017-04-23 08:00:00,2017-04-24 04:00:00,2017-05-04 04:00:00,2017-05-05 04:00:00
4b6b9fb9,eadb7367,delivered,2017-03-01 23:00:00,2017-03-02 02:00:00,2017-03-02 23:00:00,2017-03-12 23:00:00,2017-03-22 23:00:00
b4713a81,943fbd3b,delivered,2018-03-05 14:00:00,2018-03-05 15:00:00,2018-03-06 14:00:00,2018-03-09 14:00:00,2018-03-21 14:00:00
bd0711fe,a271c51b,delivered,2017-04-03 07:00:00,2017-04-03 11:00:00,2017-04-05 07:00:00,2017-04-16 07:00:00,2017-04-17 07:00:00
5ad9679b,1b2d546a,delivered,2018-01-11 09:00:00,2018-01-11 10:00:00,2018-01-13 09:00:00,2018-01-17 09:00:00,2018-01-26 09:00:00
5335a1ba,7c385d14,delivered,2017-10-20 15:00:00,2017-10-20 16:00:00,2017-10-22 15:00:00,2017-11-03 15:00:00,2017-10-31 15:00:00
cedeec1f,09bc672e,delivered,2018-05-21 08:00:00,2018-05-21 09:00:00,2018-05-23 08:00:00,2018-05-28 08:00:00,2018-06-02 08:00:00
6f7b82e4,65066405,delivered,2017-06-29 11:00:00,2017-06-29 12:00:00,2017-07-01 11:00:00,2017-07-07 11:00:00,2017-07-14 11:00:00
12f120ec,30f7dd48,delivered,2017-07-06 22:00:00,2017-07-07 00:00:00,2017-07-08 22:00:00,2017-07-18 22:00:00,2017-07-30 22:00:00
6a8d4f63,f14f215e,delivered,2017-08-11 15:00:00,2017-08-11 16:00:00,2017-08-12 15:00:00,2017-08-15 15:00:00,2017-08-25 15:00:00
fbc7d794,9b46b7f5,shipped,2017-02-15 09:00:00,2017-02-15 12:00:00,2017-02-16 09:00:00,,2017-02-26 09:00:00
4acf4154,10a07a58,delivered,2018-02-07 05:00:00,2018-02-07 06:00:00,2018-02-09 05:00:00,2018-02-11 05:00:00,2018-02-19 05:00:00
179f6031,621387b5,delivered,2017-07-18 16:00:00,2017-07-18 19:00:00,2017-07-20 16:00:00,2017-07-26 16:00:00,2017-08-11 16:00:00
bbf115f5,e64d7aea,delivered,2018-03-08 13:00:00,2018-03-08 15:00:00,2018-03-10 13:00:00,2018-03-19 13:00:00,2018-03-24 13:00:00
3fbcfa4d,8aa63391,delivered,2018-01-31 16:00:00,2018-01-31 19:00:00,2018-02-02 16:00:00,2018-02-14 16:00:00,2018-02-17 16:00:00
b6017d8a,ac297779,delivered,2018-04-05 04:00:00,2018-04-05 08:00:00,2018-04-07 04:00:00,2018-04-16 04:00:00,2018-04-29 04:00:00
6dc8b737,cc5e9e39,delivered,2017-02-05 03:00:00,2017-02-05 04:00:00,2017-02-07 03:00:00,2017-02-10 03:00:00,2017-02-22 03:00:00
312e06c0,040fbb10,delivered,2017-06-21 03:00:00,2017-06-21 07:00:00,2017-06-23 03:00:00,2017-06-29 03:00:00,2017-07-03 03:00:00
6997ab4b,1fb8e000,delivered,2017-04-07 07:00:00,2017-04-07 11:00:00,2017-04-08 07:00:00,2017-04-12 07:00:00,2017-04-28 07:00:00
8c73b7ab,b37fe000,processing,2017-07-29 02:00:00,2017-07-29 02:00:00,2017-07-30 02:00:00,,2017-08-10 02:00:00
a77fd795,00a1c67c,canceled,2018-02-11 21:00:00,2018-02-11 22:00:00,2018-02-13 21:00:00,,2018-03-06 21:00:00
04feeef6,6c04b2c9,delivered,2018-08-16 08:00:00,2018-08-16 10:00:00,2018-08-17 08:00:00,2018-08-27 08:00:00,2018-09-03 08:00:00
3e2fab2f,633cca30,delivered,2018-08-13 17:00:00,2018-08-13 21:00:00,2018-08-15 17:00:00,2018-08-17 17:00:00,2018-09-06 17:00:00
702c4d70,d390c267,delivered,2017-10-09 07:00:00,2017-10-09 07:00:00,2017-10-10 07:00:00,2017-10-19 07:00:00,2017-11-01 07:00:00
ad226f1b,09722b5d,delivered,2017-10-09 05:00:00,2017-10-09 09:00:00,2017-10-11 05:00:00,2017-10-20 05:00:00,2017-10-25 05:00:00
cf9ac3b3,d0a8e06a,delivered,2018-01-09 17:00:00,2018-01-09 18:00:00,2018-01-11 17:00:00,2018-01-21 17:00:00,2018-01-20 17:00:00
dd30a2bc,e2c99f94,delivered,2018-03-17 08:00:00,2018-03-17 09:00:00,2018-03-18 08:00:00,2018-03-21 08:00:00,2018-03-29 08:00:00
0e0c283d,4bca9e90,delivered,2017-05-19 09:00:00,2017-05-19 11:00:00,2017-05-20 09:00:00,2017-05-30 09:00:00,2017-06-09 09:00:00
872319f6,5903412c,delivered,2017-06-24 06:00:00,2017-06-24 08:00:00,2017-06-26 06:00:00,2017-07-01 06:00:00,2017-07-12 06:00:00
89ce3c30,115b55b5,delivered,2017-05-14 14:00:00,2017-05-14 17:00:00,2017-05-15 14:00:00,2017-05-28 14:00:00,2017-06-01 14:00:00
b0b0d568,9d50fc81,delivered,2018-02-06 15:00:00,2018-02-06 18:00:00,2018-02-08 15:00:00,2018-02-11 15:00:00,2018-03-02 15:00:00
817820e8,a094e18a,delivered,2017-11-10 14:00:00,2017-11-10 18:00:00,2017-11-11 14:00:00,2017-11-13 14:00:00,2017-11-26 14:00:00
956a41fd,ea0d30f6,delivered,2018-05-27 10:00:00,2018-05-27 13:00:00,2018-05-28 10:00:00,2018-05-31 10:00:00,2018-06-19 10:00:00
c05c9b6f,9e5442c0,delivered,2017-07-20 06:00:00,2017-07-20 08:00:00,2017-07-21 06:00:00,2017-08-02 06:00:00,2017-08-12 06:00:00
afc86e97,0dac39c2,delivered,2017-12-15 19:00:00,2017-12-15 21:00:00,2017-12-17 19:00:00,2017-12-29 19:00:00,2018-01-07 19:00:00
8f29e885,128dade3,delivered,2018-01-31 00:00:00,2018-01-31 01:00:00,2018-02-02 00:00:00,2018-02-09 00:00:00,2018-02-22 00:00:00
ae613513,b5a17d53,delivered,2017-07-29 08:00:00,2017-07-29 12:00:00,2017-07-31 08:00:00,2017-08-08 08:00:00,2017-08-14 08:00:00
c2231649,8303846d,processing,2018-02-01 15:00:00,2018-02-01 16:00:00,2018-02-03 15:00:00,,2018-02-22 15:00:00
e0b3cca1,d3686b60,shipped,2018-03-03 16:00:00,2018-03-03 18:00:00,2018-03-05 16:00:00,,2018-03-19 16:00:00
0a4bb6e8,7dbb4aff,delivered,2018-07-18 19:00:00,2018-07-18 23:00:00,2018-07-20 19:00:00,2018-07-26 19:00:00,2018-07-28 19:00:00
611827d6,d538291f,delivered,2017-02-03 21:00:00,2017-02-04 00:00:00,2017-02-05 21:00:00,2017-02-11 21:00:00,2017-02-27 21:00:00
17175e6f,3248040d,delivered,2017-02-13 06:00:00,2017-02-13 08:00:00,2017-02-14 06:00:00,2017-02-18 06:00:00,2017-03-09 06:00:00
4ea902a1,c9944135,delivered,2017-07-30 17:00:00,2017-07-30 21:00:00,2017-08-01 17:00:00,2017-08-04 17:00:00,2017-08-13 17:00:00
ef27a48e,18dc486c,invoiced,2017-08-04 17:00:00,2017-08-04 17:00:00,2017-08-06 17:00:00,,2017-08-21 17:00:00
018bdc3e,ee54d119,delivered,2017-02-07 03:00:00,2017-02-07 03:00:00,2017-02-08 03:00:00,2017-02-15 03:00:00,2017-03-01 03:00:00
8d42cf2d,0c84a909,delivered,2018-01-01 11:00:00,2018-01-01 13:00:00,2018-01-03 11:00:00,2018-01-04 11:00:00,2018-01-16 11:00:00
f8c84687,f46d5b12,delivered,2017-10-23 15:00:00,2017-10-23 16:00:00,2017-10-25 15:00:00,2017-11-04 15:00:00,2017-11-12 15:00:00
fcde08c8,bde71009,delivered,2017-07-12 01:00:00,2017-07-12 01:00:00,2017-07-14 01:00:00,2017-07-25 01:00:00,2017-07-24 01:00:00
af3b550c,3b2cee99,delivered,2017-05-15 02:00:00,2017-05-15 04:00:00,2017-05-16 02:00:00,2017-05-27 02:00:00,2017-06-01 02:00:00
9e16e737,d6d699c0,delivered,2017-12-07 18:00:00,2017-12-07 21:00:00,2017-12-08 18:00:00,2017-12-10 18:00:00,2017-12-21 18:00:00
2e00731b,785a7d2b,delivered,2017-01-29 10:00:00,2017-01-29 13:00:00,2017-01-30 10:00:00,2017-02-04 10:00:00,2017-02-08 10:00:00
271589f7,95db3a62,delivered,2017-10-20 05:00:00,2017-10-20 06:00:00,2017-10-22 05:00:00,2017-11-02 05:00:00,2017-11-11 05:00:00
509875aa,f3284f3b,delivered,2017-03-01 12:00:00,2017-03-01 12:00:00,2017-03-03 12:00:00,2017-03-07 12:00:00,2017-03-14 12:00:00
cf5dd97e,890a653d,delivered,2017-12-28 20:00:00,2017-12-29 00:00:00,2017-12-29 20:00:00,2018-01-08 20:00:00,2018-01-11 20:00:00
276efb20,2130c1ee,delivered,2018-03-25 18:00:00,2018-03-25 21:00:00,2018-03-26 18:00:00,2018-04-06 18:00:00,2018-04-08 18:00:00
28460638,2c4b9fd5,delivered,2018-05-29 20:00:00,2018-05-30 00:00:00,2018-05-30 20:00:00,2018-06-12 20:00:00,2018-06-19 20:00:00
64857baf,996d51db,shipped,2017-11-21 23:00:00,2017-11-21 23:00:00,2017-11-22 23:00:00,,2017-12-03 23:00:00
77c38575,8f37c4e3,delivered,2017-02-07 12:00:00,2017-02-07 14:00:00,2017-02-09 12:00:00,2017-02-18 12:00:00,2017-02-21 12:00:00
e68cc79f,cc792940,delivered,2017-08-22 10:00:00,2017-08-22 10:00:00,2017-08-24 10:00:00,2017-09-03 10:00:00,2017-09-13 10:00:00
f9d81a72,4198815b,delivered,2017-08-28 22:00:00,2017-08-28 22:00:00,2017-08-29 22:00:00,2017-09-05 22:00:00,2017-09-10 22:00:00
ad41cb29,2c03dd98,delivered,2018-04-05 15:00:00,2018-04-05 18:00:00,2018-04-07 15:00:00,2018-04-18 15:00:00,2018-04-19 15:00:00
a1f08858,cca2e643,delivered,2017-10-22 01:00:00,2017-10-22 04:00:00,2017-10-24 01:00:00,2017-11-05 01:00:00,2017-11-08 01:00:00
4dd53b79,a7ecf0fa,delivered,2017-08-30 21:00:00,2017-08-30 21:00:00,2017-08-31 21:00:00,2017-09-12 21:00:00,2017-09-19 21:00:00
61691959,64bb32a3,delivered,2017-08-08 07:00:00,2017-08-08 09:00:00,2017-08-10 07:00:00,2017-08-18 07:00:00,2017-08-20 07:00:00
aa4b0afc,a803d5f9,delivered,2018-04-29 22:00:00,2018-04-29 23:00:00,2018-04-30 22:00:00,2018-05-07 22:00:00,2018-05-18 22:00:00
bfe8d889,afe09295,delivered,2017-09-21 09:00:00,2017-09-21 12:00:00,2017-09-22 09:00:00,2017-09-26 09:00:00,2017-10-03 09:00:00
10c38408,ed0ca9db,delivered,2017-08-28 02:00:00,2017-08-28 06:00:00,2017-08-29 02:00:00,2017-09-05 02:00:00,2017-09-19 02:00:00
4818e5aa,c93e3076,delivered,2017-10-12 21:00:00,2017-10-13 01:00:00,2017-10-13 21:00:00,2017-10-18 21:00:00,2017-10-30 21:00:00
7d474b74,52cf3388,delivered,2017-12-03 07:00:00,2017-12-03 10:00:00,2017-12-04 07:00:00,2017-12-12 07:00:00,2017-12-20 07:00:00
7319ca6c,31cd633a,delivered,2018-07-02 05:00:00,2018-07-02 08:00:00,2018-07-04 05:00:00,2018-07-16 05:00:00,2018-07-21 05:00:00
159a2b15,1bafa8c8,delivered,2018-05-20 13:00:00,2018-05-20 17:00:00,2018-05-21 13:00:00,2018-05-31 13:00:00,2018-06-13 13:00:00
1537c836,4d5ed377,delivered,2018-02-25 12:00:00,2018-02-25 13:00:00,2018-02-26 12:00:00,2018-02-28 12:00:00,2018-03-12 12:00:00
5fe3f18e,64df1a23,delivered,2018-03-01 07:00:00,2018-03-01 07:00:00,2018-03-03 07:00:00,2018-03-15 07:00:00,2018-03-18 07:00:00
51e86e6f,57e4d654,delivered,2018-06-16 03:00:00,2018-06-16 07:00:00,2018-06-18 03:00:00,2018-06-20 03:00:00,2018-07-08 03:00:00
deefd6fa,b876bd4e,delivered,2017-12-13 14:00:00,2017-12-13 17:00:00,2017-12-14 14:00:00,2017-12-18 14:00:00,2018-01-03 14:00:00
673219f5,84600eff,delivered,2017-12-06 12:00:00,2017-12-06 12:00:00,2017-12-07 12:00:00,2017-12-20 12:00:00,2017-12-23 12:00:00
b9ea39cd,9c2c0e49,delivered,2018-03-25 01:00:00,2018-03-25 01:00:00,2018-03-26 01:00:00,2018-03-31 01:00:00,2018-04-05 01:00:00
0b29ec2a,1581c448,shipped,2017-05-29 02:00:00,2017-05-29 06:00:00,2017-05-30 02:00:00,,2017-06-15 02:00:00
e7b124e6,4aad71a0,delivered,2018-03-15 04:00:00,2018-03-15 06:00:00,2018-03-16 04:00:00,2018-03-22 04:00:00,2018-04-05 04:00:00
f1ea0011,5abfcff0,delivered,2017-03-19 10:00:00,2017-03-19 12:00:00,2017-03-20 10:00:00,2017-03-31 10:00:00,2017-04-10 10:00:00
20b02663,db382de2,delivered,2018-05-29 13:00:00,2018-05-29 16:00:00,2018-05-31 13:00:00,2018-06-08 13:00:00,2018-06-11 13:00:00
de56690e,c55d2394,delivered,2017-10-22 05:00:00,2017-10-22 05:00:00,2017-10-23 05:00:00,2017-10-27 05:00:00,2017-11-09 05:00:00
2e455b81,c4c01f49,delivered,2018-06-24 14:00:00,2018-06-24 14:00:00,2018-06-26 14:00:00,2018-07-05 14:00:00,2018-07-10 14:00:00
f6dbb604,8c4f1693,delivered,2017-01-23 03:00:00,2017-01-23 06:00:00,2017-01-25 03:00:00,2017-01-27 03:00:00,2017-02-05 03:00:00
d0bcaa4d,dd01e084,delivered,2017-06-07 03:00:00,2017-06-07 05:00:00,2017-06-09 03:00:00,2017-06-21 03:00:00,2017-06-26 03:00:00
5157df09,e7529b54,delivered,2018-07-21 18:00:00,2018-07-21 20:00:00,2018-07-23 18:00:00,2018-07-24 18:00:00,2018-08-11 18:00:00
17ae1cf1,a9f13eb9,delivered,2018-06-22 06:00:00,2018-06-22 06:00:00,2018-06-23 06:00:00,2018-07-05 06:00:00,2018-07-13 06:00:00
c6fa68e2,28eee3a1,delivered,2018-01-24 06:00:00,2018-01-24 07:00:00,2018-01-25 06:00:00,2018-02-03 06:00:00,2018-02-10 06:00:00
f0fd835c,72f5c2ea,delivered,2018-07-06 11:00:00,2018-07-06 13:00:00,2018-07-08 11:00:00,2018-07-14 11:00:00,2018-07-21 11:00:00
69deb5a9,0de6b0d4,delivered,2017-07-16 13:00:00,2017-07-16 16:00:00,2017-07-18 13:00:00,2017-07-23 13:00:00,2017-07-31 13:00:00
058a3dbe,b5290b5a,delivered,2017-04-20 10:00:00,2017-04-20 14:00:00,2017-04-21 10:00:00,2017-04-26 10:00:00,2017-05-06 10:00:00
de731c69,6280f1aa,delivered,2018-04-17 14:00:00,2018-04-17 16:00:00,2018-04-19 14:00:00,2018-04-29 14:00:00,2018-04-29 14:00:00
e1cb0b1a,f09b20fb,delivered,2017-01-17 15:00:00,2017-01-17 16:00:00,2017-01-18 15:00:00,2017-01-23 15:00:00,2017-02-03 15:00:00
a2ddad4f,ab600572,processing,2017-08-05 05:00:00,2017-08-05 07:00:00,2017-08-07 05:00:00,,2017-08-25 05:00:00
ab9b70a8,69fc377b,delivered,2018-07-12 18:00:00,2018-07-12 22:00:00,2018-07-14 18:00:00,2018-07-25 18:00:00,2018-08-02 18:00:00
2c9729c5,05bedc0e,delivered,2018-05-20 18:00:00,2018-05-20 19:00:00,2018-05-22 18:00:00,2018-05-30 18:00:00,2018-06-02 18:00:00
fa34e216,8191bf49,delivered,2018-06-10 12:00:00,2018-06-10 12:00:00,2018-06-11 12:00:00,2018-06-24 12:00:00,2018-07-03 12:00:00
fbb51082,6550f02e,delivered,2017-12-25 09:00:00,2017-12-25 10:00:00,2017-12-26 09:00:00,2017-12-28 09:00:00,2018-01-05 09:00:00
53f980b8,0673865d,delivered,2018-01-14 02:00:00,2018-01-14 03:00:00,2018-01-15 02:00:00,2018-01-21 02:00:00,2018-01-24 02:00:00
200006c6,1583b7ae,delivered,2017-03-25 22:00:00,2017-03-26 00:00:00,2017-03-26 22:00:00,2017-04-03 22:00:00,2017-04-05 22:00:00
3dbdeb17,27ad0a9b,invoiced,2017-06-25 07:00:00,2017-06-25 08:00:00,2017-06-27 07:00:00,,2017-07-11 07:00:00
474af753,838fcd8d,delivered,2018-07-25 03:00:00,2018-07-25 06:00:00,2018-07-27 03:00:00,2018-08-01 03:00:00,2018-08-10 03:00:00
67778916,ec0934cc,delivered,2018-02-02 19:00:00,2018-02-02 23:00:00,2018-02-03 19:00:00,2018-02-12 19:00:00,2018-02-22 19:00:00
b3bdbfd6,fee93848,delivered,2017-01-21 15:00:00,2017-01-21 18:00:00,2017-01-22 15:00:00,2017-02-04 15:00:00,2017-02-06 15:00:00
e9e762f5,29704258,canceled,2017-01-08 21:00:00,2017-01-09 01:00:00,2017-01-09 21:00:00,,2017-01-20 21:00:00
9c7ae1a6,e15f9ac3,delivered,2017-03-21 09:00:00,2017-03-21 10:00:00,2017-03-23 09:00:00,2017-04-02 09:00:00,2017-04-13 09:00:00
4abc93be,9b46b7f5,delivered,2017-03-10 08:00:00,2017-03-10 12:00:00,2017-03-11 08:00:00,2017-03-19 08:00:00,2017-03-20 08:00:00
f173643b,44da03d4,delivered,2017-08-03 06:00:00,2017-08-03 07:00:00,2017-08-05 06:00:00,2017-08-12 06:00:00,2017-08-14 06:00:00
d0716130,9d46e6dc,delivered,2017-10-01 20:00:00,2017-10-01 22:00:00,2017-10-03 20:00:00,2017-10-12 20:00:00,2017-10-20 20:00:00
7529de86,68f4a585,delivered,2018-03-15 09:00:00,2018-03-15 09:00:00,2018-03-17 09:00:00,2018-03-20 09:00:00,2018-04-03 09:00:00
5f4bb2c8,7e83c881,delivered,2017-09-03 13:00:00,2017-09-03 16:00:00,2017-09-04 13:00:00,2017-09-07 13:00:00,2017-09-16 13:00:00
4dcab292,b2ee7fe5,delivered,2017-05-01 12:00:00,2017-05-01 16:00:00,2017-05-02 12:00:00,2017-05-10 12:00:00,2017-05-11 12:00:00
ee4f0a83,71cc3b36,shipped,2017-01-14 17:00:00,2017-01-14 21:00:00,2017-01-16 17:00:00,,2017-02-07 17:00:00
280a2d9e,f46d5b12,delivered,2018-07-14 14:00:00,2018-07-14 15:00:00,2018-07-16 14:00:00,2018-07-23 14:00:00,2018-07-31 14:00:00
d2127964,5e86adf4,delivered,2018-06-08 02:00:00,2018-06-08 03:00:00,2018-06-10 02:00:00,2018-06-15 02:00:00,2018-06-23 02:00:00
bc9e3e9f,61e37970,delivered,2018-01-28 11:00:00,2018-01-28 11:00:00,2018-01-29 11:00:00,2018-02-07 11:00:00,2018-02-21 11:00:00
bcbf2d17,09d00d3e,delivered,2018-08-11 09:00:00,2018-08-11 13:00:00,2018-08-12 09:00:00,2018-08-25 09:00:00,2018-08-31 09:00:00
d4f84c2c,18094b8c,processing,2017-01-22 01:00:00,2017-01-22 04:00:00,2017-01-24 01:00:00,,2017-02-07 01:00:00
0064f7ce,9319e71c,delivered,2018-05-13 11:00:00,2018-05-13 13:00:00,2018-05-15 11:00:00,2018-05-16 11:00:00,2018-06-03 11:00:00
58f87681,09abd2b0,delivered,2017-04-05 01:00:00,2017-04-05 03:00:00,2017-04-06 01:00:00,2017-04-13 01:00:00,2017-04-17 01:00:00
83634f85,21e9fc91,delivered,2017-11-16 16:00:00,2017-11-16 20:00:00,2017-11-17 16:00:00,2017-11-24 16:00:00,2017-12-04 16:00:00
2a40caf2,33c73e96,delivered,2017-01-23 04:00:00,2017-01-23 05:00:00,2017-01-25 04:00:00,2017-02-04 04:00:00,2017-02-05 04:00:00
2b7ce3c1,c4581007,delivered,2017-05-07 17:00:00,2017-05-07 19:00:00,2017-05-08 17:00:00,2017-05-13 17:00:00,2017-05-25 17:00:00
7de9255d,06830826,delivered,2017-06-18 11:00:00,2017-06-18 11:00:00,2017-06-19 11:00:00,2017-06-30 11:00:00,2017-07-06 11:00:00
a0fbb09d,db8cd792,delivered,2018-05-21 13:00:00,2018-05-21 14:00:00,2018-05-22 13:00:00,2018-05-31 13:00:00,2018-06-06 13:00:00
7e968dde,d1fdb8a4,delivered,2017-04-02 19:00:00,2017-04-02 21:00:00,2017-04-03 19:00:00,2017-04-16 19:00:00,2017-04-22 19:00:00
c3eab19d,927efc3a,delivered,2017-09-04 03:00:00,2017-09-04 07:00:00,2017-09-06 03:00:00,2017-09-12 03:00:00,2017-09-22 03:00:00
077b0cf1,ceeba075,delivered,2017-07-01 03:00:00,2017-07-01 05:00:00,2017-07-03 03:00:00,2017-07-12 03:00:00,2017-07-24 03:00:00
d453ed6e,49bab249,delivered,2018-02-15 22:00:00,2018-02-16 02:00:00,2018-02-16 22:00:00,2018-03-01 22:00:00,2018-03-03 22:00:00
4d7bdf61,a40fd3f9,delivered,2017-05-13 19:00:00,2017-05-13 21:00:00,2017-05-15 19:00:00,2017-05-16 19:00:00,2017-05-29 19:00:00
27160f8b,8aa63391,delivered,2017-07-27 11:00:00,2017-07-27 11:00:00,2017-07-29 11:00:00,2017-08-10 11:00:00,2017-08-15 11:00:00
4949095f,3456303a,delivered,2018-07-10 03:00:00,2018-07-10 05:00:00,2018-07-11 03:00:00,2018-07-21 03:00:00,2018-07-24 03:00:00
3b2a6574,85f3db1e,delivered,2017-06-07 17:00:00,2017-06-07 20:00:00,2017-06-09 17:00:00,2017-06-18 17:00:00,2017-06-28 17:00:00
2631e16c,c6d78035,delivered,2017-01-31 12:00:00,2017-01-31 13:00:00,2017-02-02 12:00:00,2017-02-09 12:00:00,2017-02-23 12:00:00
3ae936d0,cd71e5b4,delivered,2017-05-08 23:00:00,2017-05-09 00:00:00,2017-05-09 23:00:00,2017-05-15 23:00:00,2017-05-30 23:00:00
40c60f5f,1c1c365a,delivered,2018-04-06 12:00:00,2018-04-06 15:00:00,2018-04-07 12:00:00,2018-04-10 12:00:00,2018-04-26 12:00:00
dfdb5f6a,8477adca,delivered,2017-05-13 06:00:00,2017-05-13 06:00:00,2017-05-14 06:00:00,2017-05-23 06:00:00,2017-05-24 06:00:00
f5e9058e,5a875dcd,delivered,2018-03-12 19:00:00,2018-03-12 20:00:00,2018-03-14 19:00:00,2018-03-18 19:00:00,2018-03-26 19:00:00
1430a58c,15f1922d,delivered,2018-03-19 13:00:00,2018-03-19 17:00:00,2018-03-20 13:00:00,2018-04-02 13:00:00,2018-04-07 13:00:00
04f07b06,5195a175,delivered,2018-07-16 05:00:00,2018-07-16 08:00:00,2018-07-17 05:00:00,2018-07-24 05:00:00,2018-08-06 05:00:00
5447cf3b,33c20183,delivered,2018-02-27 11:00:00,2018-02-27 14:00:00,2018-02-28 11:00:00,2018-03-10 11:00:00,2018-03-12 11:00:00
9ade71f9,339d672f,delivered,2017-01-22 03:00:00,2017-01-22 07:00:00,2017-01-23 03:00:00,2017-02-01 03:00:00,2017-02-03 03:00:00
6f2471de,6c796e34,delivered,2018-03-11 14:00:00,2018-03-11 18:00:00,2018-03-13 14:00:00,2018-03-23 14:00:00,2018-03-27 14:00:00
9a6c8108,4f7c7ce0,delivered,2018-04-28 15:00:00,2018-04-28 16:00:00,2018-04-30 15:00:00,2018-05-03 15:00:00,2018-05-21 15:00:00
b7cb82ae,4173503e,delivered,2017-06-25 11:00:00,2017-06-25 11:00:00,2017-06-27 11:00:00,2017-06-29 11:00:00,2017-07-10 11:00:00
2ff7db59,5916306b,delivered,2017-03-26 08:00:00,2017-03-26 12:00:00,2017-03-28 08:00:00,2017-04-04 08:00:00,2017-04-15 08:00:00
5ea1af47,e26e8eee,delivered,2018-01-02 20:00:00,2018-01-02 22:00:00,2018-01-04 20:00:00,2018-01-10 20:00:00,2018-01-20 20:00:00
3c353e36,951251b9,delivered,2018-05-04 09:00:00,2018-05-04 12:00:00,2018-05-05 09:00:00,2018-05-14 09:00:00,2018-05-23 09:00:00
37b304a1,65745730,delivered,2017-12-27 08:00:00,2017-12-27 08:00:00,2017-12-28 08:00:00,2017-12-31 08:00:00,2018-01-12 08:00:00
96e4ee30,db8cd792,delivered,2018-07-16 11:00:00,2018-07-16 13:00:00,2018-07-18 11:00:00,2018-07-28 11:00:00,2018-08-07 11:00:00
5759c6ec,1444b0b6,delivered,2018-08-03 09:00:00,2018-08-03 10:00:00,2018-08-04 09:00:00,2018-08-17 09:00:00,2018-08-23 09:00:00
b81d6e9a,ede11a52,delivered,2017-08-24 01:00:00,2017-08-24 02:00:00,2017-08-26 01:00:00,2017-08-27 01:00:00,2017-09-06 01:00:00
4c24bfaa,fd953544,delivered,2017-12-06 00:00:00,2017-12-06 03:00:00,2017-12-08 00:00:00,2017-12-09 00:00:00,2017-12-22 00:00:00
9f89f5d4,d353c375,delivered,2017-12-30 14:00:00,2017-12-30 15:00:00,2017-12-31 14:00:00,2018-01-02 14:00:00,2018-01-09 14:00:00
74b26b90,573e5bb3,delivered,2017-10-29 22:00:00,2017-10-29 22:00:00,2017-10-31 22:00:00,2017-11-04 22:00:00,2017-11-16 22:00:00
ce069b95,9573b1be,delivered,2017-12-15 22:00:00,2017-12-15 23:00:00,2017-12-17 22:00:00,2017-12-27 22:00:00,2018-01-07 22:00:00
28dfe404,0089e89b,delivered,2018-08-18 22:00:00,2018-08-18 23:00:00,2018-08-19 22:00:00,2018-08-21 22:00:00,2018-09-02 22:00:00
000f1d84,ac1f10f9,shipped,2018-03-23 13:00:00,2018-03-23 16:00:00,2018-03-25 13:00:00,,2018-04-08 13:00:00
c849d8ab,8dda584a,delivered,2018-05-23 05:00:00,2018-05-23 08:00:00,2018-05-25 05:00:00,2018-05-31 05:00:00,2018-06-08 05:00:00
674be61d,666de2fe,delivered,2017-06-17 01:00:00,2017-06-17 04:00:00,2017-06-19 01:00:00,2017-06-24 01:00:00,2017-07-02 01:00:00
f90f7d96,e62d8495,delivered,2017-07-14 03:00:00,2017-07-14 05:00:00,2017-07-15 03:00:00,2017-07-27 03:00:00,2017-08-04 03:00:00
88235b42,8477adca,delivered,2017-04-04 10:00:00,2017-04-04 10:00:00,2017-04-06 10:00:00,2017-04-07 10:00:00,2017-04-19 10:00:00
c9e65c68,b991ca7f,delivered,2018-08-01 13:00:00,2018-08-01 14:00:00,2018-08-02 13:00:00,2018-08-05 13:00:00,2018-08-11 13:00:00
27e72f04,e35bc33a,delivered,2017-08-10 14:00:00,2017-08-10 14:00:00,2017-08-12 14:00:00,2017-08-21 14:00:00,2017-08-23 14:00:00
4b6b0374,d0b3b972,delivered,2017-02-21 13:00:00,2017-02-21 13:00:00,2017-02-23 13:00:00,2017-03-06 13:00:00,2017-03-10 13:00:00
f22c7b59,749b8eff,shipped,2017-01-28 15:00:00,2017-01-28 18:00:00,2017-01-30 15:00:00,,2017-02-10 15:00:00
7256e65c,e790d0bb,delivered,2018-06-30 05:00:00,2018-06-30 05:00:00,2018-07-01 05:00:00,2018-07-08 05:00:00,2018-07-17 05:00:00
008a49d3,45408e24,delivered,2017-02-16 18:00:00,2017-02-16 22:00:00,2017-02-17 18:00:00,2017-02-21 18:00:00,2017-02-26 18:00:00
4add1915,384d29e6,delivered,2018-02-01 01:00:00,2018-02-01 01:00:00,2018-02-03 01:00:00,2018-02-12 01:00:00,2018-02-22 01:00:00
228ef171,bc8ae46b,delivered,2017-04-09 22:00:00,2017-04-09 22:00:00,2017-04-11 22:00:00,2017-04-13 22:00:00,2017-05-02 22:00:00
a252bb32,823fdef9,delivered,2018-01-28 11:00:00,2018-01-28 13:00:00,2018-01-29 11:00:00,2018-02-02 11:00:00,2018-02-08 11:00:00
4dc28839,41232bc1,delivered,2017-11-25 12:00:00,2017-11-25 13:00:00,2017-11-26 12:00:00,2017-12-09 12:00:00,2017-12-07 12:00:00
f5836018,b98aecaa,delivered,2017-04-20 14:00:00,2017-04-20 14:00:00,2017-04-21 14:00:00,2017-05-01 14:00:00,2017-05-12 14:00:00
a7327a50,3f12f636,delivered,2017-03-11 10:00:00,2017-03-11 11:00:00,2017-03-12 10:00:00,2017-03-14 10:00:00,2017-03-28 10:00:00
b56c55b3,b64d02f7,delivered,2017-10-08 09:00:00,2017-10-08 13:00:00,2017-10-10 09:00:00,2017-10-11 09:00:00,2017-10-20 09:00:00
bb3bee12,1f34d225,delivered,2017-07-05 19:00:00,2017-07-05 22:00:00,2017-07-07 19:00:00,2017-07-11 19:00:00,2017-07-22 19:00:00
46997636,a9f13eb9,delivered,2018-05-21 08:00:00,2018-05-21 11:00:00,2018-05-23 08:00:00,2018-05-31 08:00:00,2018-06-07 08:00:00
d0962fff,74e27807,delivered,2018-07-13 13:00:00,2018-07-13 17:00:00,2018-07-15 13:00:00,2018-07-24 13:00:00,2018-07-25 13:00:00
b5f3d421,90333281,delivered,2018-07-06 03:00:00,2018-07-06 05:00:00,2018-07-07 03:00:00,2018-07-09 03:00:00,2018-07-25 03:00:00
06a0f800,de1ffdf2,delivered,2018-05-11 21:00:00,2018-05-12 01:00:00,2018-05-13 21:00:00,2018-05-22 21:00:00,2018-05-31 21:00:00
e5995ee0,c0c853ae,delivered,2017-03-25 14:00:00,2017-03-25 14:00:00,2017-03-26 14:00:00,2017-03-31 14:00:00,2017-04-08 14:00:00
cc6df1f0,eb950575,delivered,2017-08-05 23:00:00,2017-08-06 03:00:00,2017-08-06 23:00:00,2017-08-19 23:00:00,2017-08-28 23:00:00
e317fc9a,a57ad3c8,delivered,2017-03-22 03:00:00,2017-03-22 03:00:00,2017-03-24 03:00:00,2017-03-28 03:00:00,2017-04-13 03:00:00
0ad5b2b1,d09a23e2,shipped,2018-07-28 19:00:00,2018-07-28 22:00:00,2018-07-29 19:00:00,,2018-08-14 19:00:00
384ef1ea,f91719a4,delivered,2017-03-03 16:00:00,2017-03-03 16:00:00,2017-03-05 16:00:00,2017-03-16 16:00:00,2017-03-22 16:00:00
86cdddce,c1ea40f8,delivered,2018-06-24 11:00:00,2018-06-24 14:00:00,2018-06-25 11:00:00,2018-07-08 11:00:00,2018-07-04 11:00:00
c9375fab,830874cc,delivered,2017-09-13 16:00:00,2017-09-13 20:00:00,2017-09-15 16:00:00,2017-09-21 16:00:00,2017-10-06 16:00:00
bd926e0d,7e83c881,delivered,2018-06-16 05:00:00,2018-06-16 07:00:00,2018-06-18 05:00:00,2018-06-22 05:00:00,2018-06-26 05:00:00
fb992ac0,f11a0412,delivered,2017-09-20 01:00:00,2017-09-20 05:00:00,2017-09-21 01:00:00,2017-09-27 01:00:00,2017-10-13 01:00:00
0ff33359,657650a5,delivered,2018-05-06 17:00:00,2018-05-06 17:00:00,2018-05-08 17:00:00,2018-05-20 17:00:00,2018-05-28 17:00:00
5d691717,33029319,delivered,2018-05-21 09:00:00,2018-05-21 11:00:00,2018-05-22 09:00:00,2018-05-25 09:00:00,2018-05-31 09:00:00
98f6fc5f,9ec53356,processing,2017-03-02 18:00:00,2017-03-02 20:00:00,2017-03-04 18:00:00,,2017-03-24 18:00:00
d6a0aa2e,a343e00c,delivered,2017-09-01 15:00:00,2017-09-01 16:00:00,2017-09-02 15:00:00,2017-09-14 15:00:00,2017-09-18 15:00:00
28543ff7,cfe58399,canceled,2017-06-25 15:00:00,2017-06-25 18:00:00,2017-06-27 15:00:00,,2017-07-05 15:00:00
d81b2eaf,bda98dc7,delivered,2018-04-08 14:00:00,2018-04-08 17:00:00,2018-04-09 14:00:00,2018-04-15 14:00:00,2018-05-02 14:00:00
dccb1f2b,99dd0677,delivered,2017-07-22 22:00:00,2017-07-23 01:00:00,2017-07-23 22:00:00,2017-08-02 22:00:00,2017-08-02 22:00:00
150d5f93,3a994132,delivered,2018-02-28 15:00:00,2018-02-28 17:00:00,2018-03-01 15:00:00,2018-03-05 15:00:00,2018-03-23 15:00:00
d8165bce,93de9c82,delivered,2018-03-04 11:00:00,2018-03-04 14:00:00,2018-03-05 11:00:00,2018-03-09 11:00:00,2018-03-14 11:00:00
8eeccb21,b1bbaeb5,delivered,2017-04-05 12:00:00,2017-04-05 13:00:00,2017-04-07 12:00:00,2017-04-12 12:00:00,2017-04-21 12:00:00
e2607958,c84d2986,delivered,2017-05-14 20:00:00,2017-05-14 20:00:00,2017-05-15 20:00:00,2017-05-22 20:00:00,2017-05-25 20:00:00
4a1b04f2,c40c9eba,delivered,2018-06-10 22:00:00,2018-06-11 00:00:00,2018-06-12 22:00:00,2018-06-22 22:00:00,2018-06-24 22:00:00
04e63a6d,3d6c35c1,delivered,2017-10-08 20:00:00,2017-10-08 23:00:00,2017-10-09 20:00:00,2017-10-13 20:00:00,2017-10-24 20:00:00
860ed070,7ff04e47,delivered,2017-01-09 22:00:00,2017-01-09 23:00:00,2017-01-10 22:00:00,2017-01-17 22:00:00,2017-01-24 22:00:00
17cc0184,04da8145,delivered,2017-08-06 12:00:00,2017-08-06 14:00:00,2017-08-08 12:00:00,2017-08-19 12:00:00,2017-08-26 12:00:00
f5230909,3a52b140,delivered,2017-02-11 00:00:00,2017-02-11 04:00:00,2017-02-12 00:00:00,2017-02-21 00:00:00,2017-02-24 00:00:00
1b8d62dc,eed52727,delivered,2017-05-16 06:00:00,2017-05-16 10:00:00,2017-05-17 06:00:00,2017-05-25 06:00:00,2017-05-28 06:00:00
44f426f2,2e577762,delivered,2017-02-27 07:00:00,2017-02-27 10:00:00,2017-03-01 07:00:00,2017-03-13 07:00:00,2017-03-20 07:00:00
c9bf84b2,6062d2a0,delivered,2018-03-18 17:00:00,2018-03-18 21:00:00,2018-03-20 17:00:00,2018-03-23 17:00:00,2018-04-06 17:00:00
d5e1824e,41232bc1,delivered,2018-04-30 04:00:00,2018-04-30 06:00:00,2018-05-02 04:00:00,2018-05-11 04:00:00,2018-05-15 04:00:00
ff5f3885,a35b34be,delivered,2017-10-05 00:00:00,2017-10-05 00:00:00,2017-10-07 00:00:00,2017-10-13 00:00:00,2017-10-18 00:00:00
499f3b18,cff9d421,delivered,2017-05-30 17:00:00,2017-05-30 18:00:00,2017-06-01 17:00:00,2017-06-05 17:00:00,2017-06-20 17:00:00
996e0d62,b7e179ff,delivered,2018-01-24 03:00:00,2018-01-24 07:00:00,2018-01-25 03:00:00,2018-01-31 03:00:00,2018-02-12 03:00:00
d7d2f6a9,355c9107,delivered,2017-06-16 21:00:00,2017-06-17 00:00:00,2017-06-18 21:00:00,2017-06-28 21:00:00,2017-07-09 21:00:00
3fdc98c2,309525e6,delivered,2017-11-09 10:00:00,2017-11-09 14:00:00,2017-11-10 10:00:00,2017-11-23 10:00:00,2017-11-22 10:00:00
c081cafd,f1ca511e,delivered,2017-07-11 12:00:00,2017-07-11 15:00:00,2017-07-12 12:00:00,2017-07-16 12:00:00,2017-07-30 12:00:00
5e05cab7,3ef524eb,delivered,2017-12-22 05:00:00,2017-12-22 08:00:00,2017-12-24 05:00:00,2017-12-28 05:00:00,2018-01-06 05:00:00
5b0bb886,f6fc6253,delivered,2017-11-28 07:00:00,2017-11-28 10:00:00,2017-11-30 07:00:00,2017-12-07 07:00:00,2017-12-13 07:00:00
a16805e8,76c46a8f,delivered,2017-05-19 01:00:00,2017-05-19 01:00:00,2017-05-20 01:00:00,2017-05-26 01:00:00,2017-06-06 01:00:00
bf48e04c,89c98b6c,delivered,2018-01-24 13:00:00,2018-01-24 14:00:00,2018-01-25 13:00:00,2018-01-31 13:00:00,2018-02-13 13:00:00
a11a8129,adcf9540,delivered,2017-07-26 01:00:00,2017-07-26 05:00:00,2017-07-27 01:00:00,2017-08-02 01:00:00,2017-08-14 01:00:00
858f3cb4,76694eed,delivered,2017-03-06 00:00:00,2017-03-06 04:00:00,2017-03-08 00:00:00,2017-03-19 00:00:00,2017-03-18 00:00:00
456d7cb0,bbbef968,delivered,2018-05-31 19:00:00,2018-05-31 22:00:00,2018-06-02 19:00:00,2018-06-04 19:00:00,2018-06-18 19:00:00
0339a50a,d1c6b5b6,delivered,2017-11-04 16:00:00,2017-11-04 16:00:00,2017-11-05 16:00:00,2017-11-13 16:00:00,2017-11-19 16:00:00
ff77747c,f5dba3ab,delivered,2017-09-06 03:00:00,2017-09-06 06:00:00,2017-09-07 03:00:00,2017-09-19 03:00:00,2017-09-28 03:00:00
f31e01c4,39cc7c21,delivered,2018-06-17 07:00:00,2018-06-17 11:00:00,2018-06-19 07:00:00,2018-06-26 07:00:00,2018-07-09 07:00:00
57209df2,96d4dd0d,delivered,2017-04-03 12:00:00,2017-04-03 13:00:00,2017-04-05 12:00:00,2017-04-16 12:00:00,2017-04-26 12:00:00
009352b7,47a251e7,delivered,2018-02-19 05:00:00,2018-02-19 06:00:00,2018-02-21 05:00:00,2018-02-24 05:00:00,2018-03-12 05:00:00
e1752f0f,ad3d7c67,delivered,2018-03-15 02:00:00,2018-03-15 06:00:00,2018-03-16 02:00:00,2018-03-23 02:00:00,2018-03-25 02:00:00
a30397b3,81c1d87d,delivered,2017-04-09 02:00:00,2017-04-09 03:00:00,2017-04-11 02:00:00,2017-04-17 02:00:00,2017-04-29 02:00:00
026842aa,485ff5af,delivered,2018-08-04 21:00:00,2018-08-05 00:00:00,2018-08-06 21:00:00,2018-08-07 21:00:00,2018-08-17 21:00:00
09359beb,3c727144,delivered,2017-10-03 16:00:00,2017-10-03 18:00:00,2017-10-04 16:00:00,2017-10-09 16:00:00,2017-10-14 16:00:00
8e011901,f7a10ec6,delivered,2017-05-05 04:00:00,2017-05-05 06:00:00,2017-05-07 04:00:00,2017-05-11 04:00:00,2017-05-17 04:00:00
dc567466,6a8f6566,delivered,2017-07-22 08:00:00,2017-07-22 12:00:00,2017-07-23 08:00:00,2017-07-27 08:00:00,2017-08-07 08:00:00
97fb647c,7c344d36,delivered,2017-12-17 09:00:00,2017-12-17 09:00:00,2017-12-19 09:00:00,2017-12-28 09:00:00,2018-01-07 09:00:00
d8b4ff94,4d51e9e9,delivered,2017-12-14 04:00:00,2017-12-14 05:00:00,2017-12-15 04:00:00,2017-12-17 04:00:00,2017-12-24 04:00:00
f29cb6f5,0ab322b0,delivered,2017-08-03 18:00:00,2017-08-03 22:00:00,2017-08-04 18:00:00,2017-08-12 18:00:00,2017-08-27 18:00:00
cb5d0c7b,d6ca5b1b,delivered,2017-03-09 12:00:00,2017-03-09 12:00:00,2017-03-10 12:00:00,2017-03-20 12:00:00,2017-04-02 12:00:00
c3277b5e,6f49a73b,delivered,2017-05-13 04:00:00,2017-05-13 05:00:00,2017-05-15 04:00:00,2017-05-20 04:00:00,2017-05-27 04:00:00
82c8dfe4,c5cf72b4,delivered,2017-07-25 14:00:00,2017-07-25 18:00:00,2017-07-26 14:00:00,2017-08-06 14:00:00,2017-08-09 14:00:00
95023927,50525d86,delivered,2018-04-07 06:00:00,2018-04-07 06:00:00,2018-04-08 06:00:00,2018-04-11 06:00:00,2018-04-25 06:00:00
3fc003e6,c8f9440c,delivered,2017-01-20 10:00:00,2017-01-20 10:00:00,2017-01-22 10:00:00,2017-01-23 10:00:00,2017-02-03 10:00:00
a3fb3b31,c093dd89,delivered,2017-06-02 15:00:00,2017-06-02 16:00:00,2017-06-04 15:00:00,2017-06-07 15:00:00,2017-06-24 15:00:00
39aef4e0,112cc38d,delivered,2017-10-06 08:00:00,2017-10-06 09:00:00,2017-10-07 08:00:00,2017-10-10 08:00:00,2017-10-20 08:00:00
7975e064,1c4cc6e9,delivered,2018-07-10 14:00:00,2018-07-10 14:00:00,2018-07-11 14:00:00,2018-07-21 14:00:00,2018-07-26 14:00:00
e40c9891,38116a3a,delivered,2018-08-06 12:00:00,2018-08-06 16:00:00,2018-08-08 12:00:00,2018-08-10 12:00:00,2018-08-16 12:00:00
caf535af,5df621de,delivered,2018-01-28 15:00:00,2018-01-28 15:00:00,2018-01-29 15:00:00,2018-01-31 15:00:00,2018-02-08 15:00:00
ec6384dc,98642014,delivered,2018-03-20 00:00:00,2018-03-20 04:00:00,2018-03-21 00:00:00,2018-04-01 00:00:00,2018-04-02 00:00:00
47bcdf84,0a4c8b6c,delivered,2017-09-06 07:00:00,2017-09-06 07:00:00,2017-09-08 07:00:00,2017-09-15 07:00:00,2017-09-20 07:00:00
c241b179,d538291f,delivered,2017-03-11 09:00:00,2017-03-11 09:00:00,2017-03-12 09:00:00,2017-03-23 09:00:00,2017-03-24 09:00:00
3d9f2956,b88277c3,delivered,2017-09-08 12:00:00,2017-09-08 16:00:00,2017-09-10 12:00:00,2017-09-19 12:00:00,2017-09-29 12:00:00
02586e3f,04e56336,delivered,2017-08-18 08:00:00,2017-08-18 09:00:00,2017-08-19 08:00:00,2017-08-25 08:00:00,2017-08-28 08:00:00
92c07c4e,887896f4,delivered,2017-10-20 01:00:00,2017-10-20 01:00:00,2017-10-21 01:00:00,2017-11-01 01:00:00,2017-11-06 01:00:00
84d7ca03,7c3d1144,delivered,2017-07-29 19:00:00,2017-07-29 22:00:00,2017-07-31 19:00:00,2017-08-12 19:00:00,2017-08-15 19:00:00
4e653710,35667951,delivered,2017-08-16 08:00:00,2017-08-16 10:00:00,2017-08-18 08:00:00,2017-08-21 08:00:00,2017-08-31 08:00:00
11fecf51,713e5bcc,delivered,2017-09-11 00:00:00,2017-09-11 00:00:00,2017-09-13 00:00:00,2017-09-20 00:00:00,2017-09-30 00:00:00
677bdd35,902f6f41,delivered,2018-07-12 14:00:00,2018-07-12 15:00:00,2018-07-14 14:00:00,2018-07-19 14:00:00,2018-07-29 14:00:00
a7f10ebc,355c9c17,delivered,2018-07-01 03:00:00,2018-07-01 04:00:00,2018-07-02 03:00:00,2018-07-14 03:00:00,2018-07-19 03:00:00
fcfd7b12,4e26cfcb,delivered,2017-08-18 19:00:00,2017-08-18 22:00:00,2017-08-20 19:00:00,2017-08-24 19:00:00,2017-08-30 19:00:00
cad66dd4,0de57290,delivered,2017-04-08 06:00:00,2017-04-08 06:00:00,2017-04-10 06:00:00,2017-04-21 06:00:00,2017-04-18 06:00:00
660210ae,d9e36416,delivered,2017-07-07 19:00:00,2017-07-07 19:00:00,2017-07-09 19:00:00,2017-07-16 19:00:00,2017-07-20 19:00:00
330b4405,d0d1d272,delivered,2018-07-30 04:00:00,2018-07-30 05:00:00,2018-08-01 04:00:00,2018-08-07 04:00:00,2018-08-15 04:00:00
cfe89987,9cc498ef,delivered,2017-02-24 02:00:00,2017-02-24 06:00:00,2017-02-25 02:00:00,2017-03-02 02:00:00,2017-03-14 02:00:00
d2d95f41,a683a444,delivered,2018-04-18 22:00:00,2018-04-18 22:00:00,2018-04-20 22:00:00,2018-05-01 22:00:00,2018-05-02 22:00:00
440b77cc,785ddb88,delivered,2017-01-24 21:00:00,2017-01-24 23:00:00,2017-01-25 21:00:00,2017-01-31 21:00:00,2017-02-06 21:00:00
822287e5,e35bc33a,delivered,2017-09-19 18:00:00,2017-09-19 18:00:00,2017-09-21 18:00:00,2017-10-02 18:00:00,2017-10-10 18:00:00
64777170,d94010ae,delivered,2017-11-23 20:00:00,2017-11-23 21:00:00,2017-11-25 20:00:00,2017-12-01 20:00:00,2017-12-06 20:00:00
d3824c39,270504fb,delivered,2017-03-01 12:00:00,2017-03-01 16:00:00,2017-03-02 12:00:00,2017-03-15 12:00:00,2017-03-18 12:00:00
45da0fd5,7f8cf762,delivered,2017-04-19 14:00:00,2017-04-19 17:00:00,2017-04-20 14:00:00,2017-05-02 14:00:00,2017-04-30 14:00:00
2deb1274,1cf8d4f0,delivered,2018-03-30 03:00:00,2018-03-30 04:00:00,2018-03-31 03:00:00,2018-04-08 03:00:00,2018-04-10 03:00:00
528176ed,715e7903,delivered,2017-08-09 22:00:00,2017-08-10 02:00:00,2017-08-10 22:00:00,2017-08-14 22:00:00,2017-08-28 22:00:00
3b01c776,eab26c1f,processing,2018-02-28 10:00:00,2018-02-28 10:00:00,2018-03-02 10:00:00,,2018-03-12 10:00:00
e9b54e3d,2db44c60,delivered,2017-09-01 07:00:00,2017-09-01 09:00:00,2017-09-03 07:00:00,2017-09-11 07:00:00,2017-09-24 07:00:00
ff218e35,4560f6b0,delivered,2017-03-20 04:00:00,2017-03-20 07:00:00,2017-03-22 04:00:00,2017-04-01 04:00:00,2017-04-07 04:00:00
d331aa9e,ca1c01b4,delivered,2017-03-13 16:00:00,2017-03-13 18:00:00,2017-03-14 16:00:00,2017-03-17 16:00:00,2017-04-02 16:00:00
140209aa,91b1cee2,delivered,2017-07-20 06:00:00,2017-07-20 09:00:00,2017-07-22 06:00:00,2017-07-30 06:00:00,2017-08-04 06:00:00
0ec9b4c6,07442bbc,delivered,2017-12-15 15:00:00,2017-12-15 17:00:00,2017-12-16 15:00:00,2017-12-29 15:00:00,2017-12-27 15:00:00
355e8f68,75ed94de,delivered,2017-06-07 15:00:00,2017-06-07 16:00:00,2017-06-08 15:00:00,2017-06-17 15:00:00,2017-06-27 15:00:00
c53f00ca,00996ef3,delivered,2018-06-06 03:00:00,2018-06-06 07:00:00,2018-06-07 03:00:00,2018-06-14 03:00:00,2018-06-30 03:00:00
0259942b,abf143a2,delivered,2018-05-26 18:00:00,2018-05-26 22:00:00,2018-05-27 18:00:00,2018-05-29 18:00:00,2018-06-18 18:00:00
3a2977ec,f295f01b,delivered,2017-12-17 11:00:00,2017-12-17 15:00:00,2017-12-18 11:00:00,2017-12-27 11:00:00,2017-12-29 11:00:00
289ddbed,57c8a7d4,delivered,2017-09-26 03:00:00,2017-09-26 06:00:00,2017-09-28 03:00:00,2017-10-07 03:00:00,2017-10-15 03:00:00
8e40478f,00a83735,delivered,2017-05-15 14:00:00,2017-05-15 16:00:00,2017-05-16 14:00:00,2017-05-26 14:00:00,2017-05-26 14:00:00
be0530c6,4d97e546,delivered,2017-11-21 15:00:00,2017-11-21 17:00:00,2017-11-22 15:00:00,2017-12-05 15:00:00,2017-12-07 15:00:00
af6b3bfa,48bc47b3,delivered,2018-04-15 10:00:00,2018-04-15 10:00:00,2018-04-17 10:00:00,2018-04-27 10:00:00,2018-05-05 10:00:00
e0fb1c63,a4c639b9,delivered,2017-07-26 14:00:00,2017-07-26 17:00:00,2017-07-27 14:00:00,2017-08-06 14:00:00,2017-08-16 14:00:00
c9576490,1176d8ce,delivered,2018-07-26 05:00:00,2018-07-26 05:00:00,2018-07-28 05:00:00,2018-07-31 05:00:00,2018-08-10 05:00:00
afd75596,10d8c7d5,delivered,2017-11-21 00:00:00,2017-11-21 04:00:00,2017-11-23 00:00:00,2017-11-26 00:00:00,2017-12-12 00:00:00
3f41f493,5b48ed9c,delivered,2017-04-17 07:00:00,2017-04-17 11:00:00,2017-04-19 07:00:00,2017-04-28 07:00:00,2017-05-08 07:00:00
9bf2ec44,d4713c5d,delivered,2017-05-23 18:00:00,2017-05-23 18:00:00,2017-05-25 18:00:00,2017-05-26 18:00:00,2017-06-10 18:00:00
193b7304,deff3865,delivered,2017-05-21 16:00:00,2017-05-21 19:00:00,2017-05-23 16:00:00,2017-05-29 16:00:00,2017-06-13 16:00:00
5fdcbd92,a9ff11be,delivered,2018-01-15 08:00:00,2018-01-15 10:00:00,2018-01-17 08:00:00,2018-01-19 08:00:00,2018-02-07 08:00:00
f266697f,ca392082,delivered,2017-04-07 17:00:00,2017-04-07 17:00:00,2017-04-09 17:00:00,2017-04-13 17:00:00,2017-04-21 17:00:00
2a640f16,3679df89,delivered,2018-01-06 08:00:00,2018-01-06 11:00:00,2018-01-08 08:00:00,2018-01-16 08:00:00,2018-01-23 08:00:00
c074ff9e,f0755cc6,delivered,2018-03-08 20:00:00,2018-03-08 23:00:00,2018-03-09 20:00:00,2018-03-12 20:00:00,2018-03-24 20:00:00
b0e96c3a,6ebc7aea,delivered,2017-01-06 05:00:00,2017-01-06 07:00:00,2017-01-08 05:00:00,2017-01-10 05:00:00,2017-01-24 05:00:00
d3c9c7e2,21802908,delivered,2018-05-23 15:00:00,2018-05-23 18:00:00,2018-05-25 15:00:00,2018-05-29 15:00:00,2018-06-16 15:00:00
ca302679,85bf77aa,delivered,2018-07-26 10:00:00,2018-07-26 14:00:00,2018-07-27 10:00:00,2018-07-30 10:00:00,2018-08-06 10:00:00
3072e13c,4a5d207b,delivered,2018-07-10 13:00:00,2018-07-10 17:00:00,2018-07-11 13:00:00,2018-07-19 13:00:00,2018-07-26 13:00:00
6f0eb5d2,dbd91b11,delivered,2017-02-13 15:00:00,2017-02-13 15:00:00,2017-02-15 15:00:00,2017-02-23 15:00:00,2017-02-23 15:00:00
b224175f,ff039049,delivered,2018-07-16 06:00:00,2018-07-16 06:00:00,2018-07-17 06:00:00,2018-07-19 06:00:00,2018-08-06 06:00:00
8df886c8,87c478a0,delivered,2017-10-11 22:00:00,2017-10-11 22:00:00,2017-10-12 22:00:00,2017-10-14 22:00:00,2017-10-27 22:00:00
4cb5f6a1,d3572b6a,delivered,2017-05-28 14:00:00,2017-05-28 17:00:00,2017-05-29 14:00:00,2017-06-04 14:00:00,2017-06-13 14:00:00
1838edf0,12fb32ff,delivered,2017-11-13 10:00:00,2017-11-13 11:00:00,2017-11-15 10:00:00,2017-11-19 10:00:00,2017-12-02 10:00:00
4d7ff1fc,0aedbdf4,delivered,2017-08-15 08:00:00,2017-08-15 11:00:00,2017-08-16 08:00:00,2017-08-23 08:00:00,2017-08-26 08:00:00
391aceba,70b0762d,delivered,2018-06-05 01:00:00,2018-06-05 05:00:00,2018-06-06 01:00:00,2018-06-14 01:00:00,2018-06-29 01:00:00
bcabbb69,8e20912d,delivered,2017-09-16 19:00:00,2017-09-16 19:00:00,2017-09-18 19:00:00,2017-09-24 19:00:00,2017-10-10 19:00:00
80e7e933,1c296cc3,delivered,2017-05-29 13:00:00,2017-05-29 16:00:00,2017-05-31 13:00:00,2017-06-10 13:00:00,2017-06-18 13:00:00
49de9046,e486e13e,delivered,2017-12-22 19:00:00,2017-12-22 23:00:00,2017-12-24 19:00:00,2017-12-26 19:00:00,2018-01-13 19:00:00
6cebef35,967a66e5,delivered,2017-03-05 07:00:00,2017-03-05 09:00:00,2017-03-07 07:00:00,2017-03-12 07:00:00,2017-03-19 07:00:00
d03845b0,1f0b0a4a,delivered,2018-08-09 02:00:00,2018-08-09 05:00:00,2018-08-10 02:00:00,2018-08-12 02:00:00,2018-09-02 02:00:00
1ae219d0,86235e44,delivered,2017-03-29 09:00:00,2017-03-29 10:00:00,2017-03-31 09:00:00,2017-04-03 09:00:00,2017-04-17 09:00:00
230bc909,8fa2443f,delivered,2017-01-08 04:00:00,2017-01-08 08:00:00,2017-01-09 04:00:00,2017-01-19 04:00:00,2017-01-30 04:00:00
8fc0e466,5e064615,delivered,2017-12-08 14:00:00,2017-12-08 18:00:00,2017-12-09 14:00:00,2017-12-21 14:00:00,2017-12-31 14:00:00
fec201a8,726a5867,delivered,2018-01-07 23:00:00,2018-01-08 02:00:00,2018-01-08 23:00:00,2018-01-12 23:00:00,2018-01-30 23:00:00
a3fb6ca5,ae568c82,delivered,2017-10-29 01:00:00,2017-10-29 02:00:00,2017-10-31 01:00:00,2017-11-04 01:00:00,2017-11-08 01:00:00
ec55622e,6004af70,delivered,2017-02-26 16:00:00,2017-02-26 16:00:00,2017-02-28 16:00:00,2017-03-07 16:00:00,2017-03-08 16:00:00
27072f6e,da2c75a0,delivered,2018-02-14 05:00:00,2018-02-14 08:00:00,2018-02-16 05:00:00,2018-02-23 05:00:00,2018-02-26 05:00:00
135d700b,8fa846cd,delivered,2017-07-31 23:00:00,2017-07-31 23:00:00,2017-08-01 23:00:00,2017-08-10 23:00:00,2017-08-18 23:00:00
19c4a725,4492e45b,delivered,2018-04-15 04:00:00,2018-04-15 07:00:00,2018-04-17 04:00:00,2018-04-23 04:00:00,2018-05-07 04:00:00
92a6fcaf,e463b662,delivered,2017-03-22 23:00:00,2017-03-23 02:00:00,2017-03-23 23:00:00,2017-04-05 23:00:00,2017-04-13 23:00:00
11a119a7,1176d8ce,delivered,2018-07-05 18:00:00,2018-07-05 19:00:00,2018-07-06 18:00:00,2018-07-12 18:00:00,2018-07-19 18:00:00
f14d1da9,b1cee4b1,delivered,2017-09-29 04:00:00,2017-09-29 04:00:00,2017-09-30 04:00:00,2017-10-11 04:00:00,2017-10-23 04:00:00
8aba632a,cd08bfdc,delivered,2017-12-14 06:00:00,2017-12-14 10:00:00,2017-12-15 06:00:00,2017-12-25 06:00:00,2018-01-01 06:00:00
b9dcab89,78ca5c3d,delivered,2017-03-02 06:00:00,2017-03-02 06:00:00,2017-03-04 06:00:00,2017-03-07 06:00:00,2017-03-22 06:00:00
60bc83bc,883ef10c,delivered,2018-04-14 12:00:00,2018-04-14 14:00:00,2018-04-16 12:00:00,2018-04-17 12:00:00,2018-05-07 12:00:00
9860a573,30e7ad6f,delivered,2017-02-28 08:00:00,2017-02-28 09:00:00,2017-03-01 08:00:00,2017-03-08 08:00:00,2017-03-24 08:00:00
5d507ca8,9b5b521e,shipped,2017-05-06 06:00:00,2017-05-06 06:00:00,2017-05-08 06:00:00,,2017-05-20 06:00:00
fbc764f6,0165d889,delivered,2017-07-27 20:00:00,2017-07-27 20:00:00,2017-07-28 20:00:00,2017-07-30 20:00:00,2017-08-19 20:00:00
052c84df,63732244,delivered,2018-01-27 08:00:00,2018-01-27 09:00:00,2018-01-28 08:00:00,2018-01-30 08:00:00,2018-02-11 08:00:00
f672141b,3d6c35c1,delivered,2017-09-13 04:00:00,2017-09-13 08:00:00,2017-09-15 04:00:00,2017-09-26 04:00:00,2017-09-23 04:00:00
c444a5a8,55b5d1c4,delivered,2018-08-18 12:00:00,2018-08-18 13:00:00,2018-08-20 12:00:00,2018-08-29 12:00:00,2018-09-07 12:00:00
40bdcbed,f40c6ade,delivered,2017-08-26 09:00:00,2017-08-26 09:00:00,2017-08-28 09:00:00,2017-09-07 09:00:00,2017-09-12 09:00:00
f409e6ad,7794dd22,delivered,2017-05-30 10:00:00,2017-05-30 13:00:00,2017-05-31 10:00:00,2017-06-07 10:00:00,2017-06-22 10:00:00
25297848,6a96d119,delivered,2018-01-20 09:00:00,2018-01-20 09:00:00,2018-01-22 09:00:00,2018-01-29 09:00:00,2018-02-10 09:00:00
6c883239,59d76739,delivered,2017-05-28 03:00:00,2017-05-28 05:00:00,2017-05-30 03:00:00,2017-05-31 03:00:00,2017-06-11 03:00:00
9a1997ec,e63a48f6,shipped,2017-08-28 20:00:00,2017-08-28 20:00:00,2017-08-29 20:00:00,,2017-09-14 20:00:00
ef95622e,965edcc3,delivered,2018-07-08 06:00:00,2018-07-08 08:00:00,2018-07-09 06:00:00,2018-07-12 06:00:00,2018-07-29 06:00:00
ab0a6c00,ca5554d5,delivered,2018-02-06 06:00:00,2018-02-06 08:00:00,2018-02-07 06:00:00,2018-02-20 06:00:00,2018-02-25 06:00:00
365f6407,41f5ae01,delivered,2018-05-15 14:00:00,2018-05-15 14:00:00,2018-05-17 14:00:00,2018-05-23 14:00:00,2018-05-27 14:00:00
a52fdf06,fc88770b,delivered,2018-03-24 01:00:00,2018-03-24 01:00:00,2018-03-25 01:00:00,2018-03-29 01:00:00,2018-04-08 01:00:00
70b8e804,d44aed65,delivered,2017-03-17 04:00:00,2017-03-17 07:00:00,2017-03-19 04:00:00,2017-03-30 04:00:00,2017-04-02 04:00:00
7a06d160,77731cc6,delivered,2017-03-24 05:00:00,2017-03-24 06:00:00,2017-03-25 05:00:00,2017-04-04 05:00:00,2017-04-06 05:00:00
8ac3b67d,ebebd698,delivered,2018-01-05 19:00:00,2018-01-05 20:00:00,2018-01-06 19:00:00,2018-01-11 19:00:00,2018-01-29 19:00:00
eaa2bd2a,1d8a64bd,delivered,2017-03-08 22:00:00,2017-03-09 00:00:00,2017-03-10 22:00:00,2017-03-18 22:00:00,2017-03-21 22:00:00
41027039,2bce5b19,delivered,2017-02-16 12:00:00,2017-02-16 12:00:00,2017-02-18 12:00:00,2017-02-21 12:00:00,2017-03-06 12:00:00
873fb999,28dfc012,delivered,2017-10-12 11:00:00,2017-10-12 13:00:00,2017-10-13 11:00:00,2017-10-17 11:00:00,2017-10-23 11:00:00
e3459407,9f179239,delivered,2018-03-21 06:00:00,2018-03-21 07:00:00,2018-03-23 06:00:00,2018-03-25 06:00:00,2018-04-12 06:00:00
b5bc3d49,7ec3c39b,delivered,2018-07-26 05:00:00,2018-07-26 05:00:00,2018-07-28 05:00:00,2018-08-02 05:00:00,2018-08-09 05:00:00
a4445f3e,ee54d119,delivered,2017-09-07 15:00:00,2017-09-07 17:00:00,2017-09-08 15:00:00,2017-09-17 15:00:00,2017-09-17 15:00:00
e6f6ea90,89dec935,delivered,2018-02-01 05:00:00,2018-02-01 09:00:00,2018-02-02 05:00:00,2018-02-13 05:00:00,2018-02-22 05:00:00
287da997,d3d5f7b0,delivered,2017-09-15 18:00:00,2017-09-15 22:00:00,2017-09-16 18:00:00,2017-09-26 18:00:00,2017-10-07 18:00:00
0ab703b3,483eb7a1,delivered,2017-04-08 23:00:00,2017-04-08 23:00:00,2017-04-10 23:00:00,2017-04-14 23:00:00,2017-04-24 23:00:00
0fbc1a9e,b107a072,delivered,2017-08-30 18:00:00,2017-08-30 22:00:00,2017-08-31 18:00:00,2017-09-08 18:00:00,2017-09-14 18:00:00
1c8396e4,e04a136e,delivered,2018-03-12 00:00:00,2018-03-12 03:00:00,2018-03-14 00:00:00,2018-03-16 00:00:00,2018-04-01 00:00:00
7e9aeac8,eea5483f,delivered,2017-01-06 15:00:00,2017-01-06 18:00:00,2017-01-07 15:00:00,2017-01-10 15:00:00,2017-01-23 15:00:00
4efba0e3,e24d168e,shipped,2017-09-20 15:00:00,2017-09-20 18:00:00,2017-09-21 15:00:00,,2017-10-08 15:00:00
a01db53d,352b5da1,delivered,2017-01-15 07:00:00,2017-01-15 10:00:00,2017-01-16 07:00:00,2017-01-22 07:00:00,2017-02-02 07:00:00
c5c6f2f1,5106a5ec,delivered,2017-09-20 11:00:00,2017-09-20 13:00:00,2017-09-22 11:00:00,2017-09-25 11:00:00,2017-10-11 11:00:00
31310434,17989028,delivered,2017-03-14 01:00:00,2017-03-14 03:00:00,2017-03-16 01:00:00,2017-03-19 01:00:00,2017-04-07 01:00:00
8026836f,42f3f2ee,delivered,2017-09-12 20:00:00,2017-09-12 21:00:00,2017-09-14 20:00:00,2017-09-25 20:00:00,2017-10-04 20:00:00
dcaa15e8,6f5529fa,delivered,2018-01-09 19:00:00,2018-01-09 22:00:00,2018-01-11 19:00:00,2018-01-16 19:00:00,2018-01-26 19:00:00
e79d4a0d,c5a055f0,delivered,2017-12-09 23:00:00,2017-12-10 02:00:00,2017-12-11 23:00:00,2017-12-19 23:00:00,2018-01-01 23:00:00
370097e3,7c4df75c,delivered,2017-01-11 14:00:00,2017-01-11 14:00:00,2017-01-12 14:00:00,2017-01-15 14:00:00,2017-01-22 14:00:00
631a64e4,e0e48b4b,delivered,2017-10-13 11:00:00,2017-10-13 11:00:00,2017-10-14 11:00:00,2017-10-23 11:00:00,2017-10-25 11:00:00
0f2df847,05cb1414,delivered,2018-07-15 02:00:00,2018-07-15 03:00:00,2018-07-17 02:00:00,2018-07-23 02:00:00,2018-08-06 02:00:00
ca03aa93,e436a002,delivered,2017-09-27 18:00:00,2017-09-27 19:00:00,2017-09-29 18:00:00,2017-10-11 18:00:00,2017-10-08 18:00:00
52a129ab,e2fa2770,delivered,2018-08-07 22:00:00,2018-08-07 22:00:00,2018-08-09 22:00:00,2018-08-13 22:00:00,2018-08-18 22:00:00
4bfc11a9,fbf65d0e,delivered,2018-06-28 03:00:00,2018-06-28 06:00:00,2018-06-30 03:00:00,2018-07-10 03:00:00,2018-07-13 03:00:00
947e28b3,1c381805,delivered,2017-09-02 16:00:00,2017-09-02 18:00:00,2017-09-04 16:00:00,2017-09-07 16:00:00,2017-09-17 16:00:00
f52d39ec,36feb3f2,delivered,2018-04-24 18:00:00,2018-04-24 20:00:00,2018-04-25 18:00:00,2018-05-03 18:00:00,2018-05-07 18:00:00
a194b112,f894c456,delivered,2017-06-19 23:00:00,2017-06-20 03:00:00,2017-06-21 23:00:00,2017-06-23 23:00:00,2017-07-02 23:00:00
23cff6cd,38a92744,delivered,2017-06-29 23:00:00,2017-06-29 23:00:00,2017-07-01 23:00:00,2017-07-03 23:00:00,2017-07-12 23:00:00
b03cbc98,ffb410f1,delivered,2018-01-20 20:00:00,2018-01-20 21:00:00,2018-01-21 20:00:00,2018-01-23 20:00:00,2018-02-12 20:00:00
dbf3ff02,a9f13eb9,delivered,2017-10-12 02:00:00,2017-10-12 04:00:00,2017-10-13 02:00:00,2017-10-17 02:00:00,2017-10-22 02:00:00
cc784b2f,e965a0b2,delivered,2017-04-05 04:00:00,2017-04-05 08:00:00,2017-04-06 04:00:00,2017-04-16 04:00:00,2017-04-28 04:00:00
bb81eb7e,b2a3ce3f,delivered,2018-05-05 05:00:00,2018-05-05 08:00:00,2018-05-06 05:00:00,2018-05-11 05:00:00,2018-05-18 05:00:00
bb508682,5369a96d,delivered,2018-06-29 17:00:00,2018-06-29 20:00:00,2018-06-30 17:00:00,2018-07-13 17:00:00,2018-07-20 17:00:00
477d0588,436acc54,delivered,2018-07-24 01:00:00,2018-07-24 01:00:00,2018-07-26 01:00:00,2018-08-01 01:00:00,2018-08-06 01:00:00
5023c715,49945270,delivered,2018-07-03 09:00:00,2018-07-03 10:00:00,2018-07-04 09:00:00,2018-07-13 09:00:00,2018-07-15 09:00:00
9c735ddd,f6c062a3,delivered,2017-03-28 03:00:00,2017-03-28 06:00:00,2017-03-30 03:00:00,2017-04-09 03:00:00,2017-04-07 03:00:00
43db12a7,156446d3,delivered,2017-01-13 19:00:00,2017-01-13 20:00:00,2017-01-15 19:00:00,2017-01-17 19:00:00,2017-01-27 19:00:00
e638aad5,fd600907,delivered,2018-02-22 16:00:00,2018-02-22 20:00:00,2018-02-23 16:00:00,2018-03-08 16:00:00,2018-03-13 16:00:00
c1860593,71cc3b36,delivered,2017-06-24 05:00:00,2017-06-24 07:00:00,2017-06-26 05:00:00,2017-07-02 05:00:00,2017-07-16 05:00:00
47f970da,b4e47359,delivered,2017-05-10 04:00:00,2017-05-10 05:00:00,2017-05-11 04:00:00,2017-05-23 04:00:00,2017-05-24 04:00:00
ad2e69b9,ddb016a3,delivered,2017-01-24 21:00:00,2017-01-24 21:00:00,2017-01-26 21:00:00,2017-02-06 21:00:00,2017-02-06 21:00:00
534c5771,c719154b,delivered,2017-03-13 23:00:00,2017-03-14 02:00:00,2017-03-14 23:00:00,2017-03-26 23:00:00,2017-03-24 23:00:00
2eafb3b6,b507ba36,delivered,2017-03-25 18:00:00,2017-03-25 18:00:00,2017-03-26 18:00:00,2017-03-30 18:00:00,2017-04-05 18:00:00
7d1c7e5a,2e0be7ca,delivered,2018-06-24 04:00:00,2018-06-24 08:00:00,2018-06-26 04:00:00,2018-06-30 04:00:00,2018-07-08 04:00:00
a1cba94c,dbb5237d,delivered,2018-06-25 05:00:00,2018-06-25 06:00:00,2018-06-27 05:00:00,2018-06-29 05:00:00,2018-07-13 05:00:00
7aa5b2a2,27dc4b07,delivered,2018-05-07 20:00:00,2018-05-07 20:00:00,2018-05-08 20:00:00,2018-05-10 20:00:00,2018-05-19 20:00:00
10695e55,69ad4d0b,delivered,2017-03-29 05:00:00,2017-03-29 07:00:00,2017-03-30 05:00:00,2017-04-10 05:00:00,2017-04-12 05:00:00
609f2a07,4d2b95dd,delivered,2017-12-01 17:00:00,2017-12-01 20:00:00,2017-12-02 17:00:00,2017-12-15 17:00:00,2017-12-14 17:00:00
291480bc,5d3af240,delivered,2017-06-28 22:00:00,2017-06-29 02:00:00,2017-06-30 22:00:00,2017-07-02 22:00:00,2017-07-10 22:00:00
8f62ff5f,63c3dd95,delivered,2017-03-17 13:00:00,2017-03-17 13:00:00,2017-03-18 13:00:00,2017-03-31 13:00:00,2017-04-03 13:00:00
00c6bb9d,15c02e07,delivered,2018-02-17 22:00:00,2018-02-18 01:00:00,2018-02-19 22:00:00,2018-03-03 22:00:00,2018-03-06 22:00:00
a090f2f9,2f3d30dd,delivered,2017-08-05 05:00:00,2017-08-05 05:00:00,2017-08-07 05:00:00,2017-08-14 05:00:00,2017-08-19 05:00:00
290db5ff,d1e37d3e,delivered,2017-04-04 11:00:00,2017-04-04 14:00:00,2017-04-06 11:00:00,2017-04-08 11:00:00,2017-04-21 11:00:00
0d1382b6,f678bf6c,delivered,2018-02-23 21:00:00,2018-02-24 01:00:00,2018-02-24 21:00:00,2018-03-04 21:00:00,2018-03-11 21:00:00
08f292e8,221328e7,delivered,2018-05-13 06:00:00,2018-05-13 09:00:00,2018-05-14 06:00:00,2018-05-23 06:00:00,2018-05-24 06:00:00
712d0604,57256261,delivered,2017-07-09 08:00:00,2017-07-09 09:00:00,2017-07-10 08:00:00,2017-07-23 08:00:00,2017-08-01 08:00:00
9f303958,7332297d,delivered,2017-11-01 10:00:00,2017-11-01 10:00:00,2017-11-03 10:00:00,2017-11-12 10:00:00,2017-11-12 10:00:00
986f08b0,0f7cfe66,delivered,2018-04-22 09:00:00,2018-04-22 10:00:00,2018-04-23 09:00:00,2018-05-01 09:00:00,2018-05-14 09:00:00
bfcb8ff7,a9034164,delivered,2017-09-18 02:00:00,2017-09-18 03:00:00,2017-09-20 02:00:00,2017-10-01 02:00:00,2017-10-09 02:00:00
f9058184,e6bbb09c,delivered,2018-08-04 04:00:00,2018-08-04 07:00:00,2018-08-06 04:00:00,2018-08-13 04:00:00,2018-08-14 04:00:00
6b69b23d,b4e47359,delivered,2017-10-26 20:00:00,2017-10-26 22:00:00,2017-10-27 20:00:00,2017-11-01 20:00:00,2017-11-15 20:00:00
46ae8bd2,99627311,delivered,2017-01-24 17:00:00,2017-01-24 18:00:00,2017-01-25 17:00:00,2017-02-05 17:00:00,2017-02-07 17:00:00
66a017d0,192f771a,delivered,2018-03-10 21:00:00,2018-03-11 00:00:00,2018-03-11 21:00:00,2018-03-23 21:00:00,2018-03-30 21:00:00
94800ceb,0c97ba94,delivered,2017-03-09 00:00:00,2017-03-09 01:00:00,2017-03-11 00:00:00,2017-03-23 00:00:00,2017-03-28 00:00:00
3d3be939,6cda33b9,delivered,2018-07-28 02:00:00,2018-07-28 06:00:00,2018-07-30 02:00:00,2018-08-08 02:00:00,2018-08-10 02:00:00
b7f3b3a4,5c5d8d35,delivered,2018-02-14 08:00:00,2018-02-14 09:00:00,2018-02-15 08:00:00,2018-02-17 08:00:00,2018-03-03 08:00:00
a5cde84e,f427a492,delivered,2017-06-10 15:00:00,2017-06-10 15:00:00,2017-06-12 15:00:00,2017-06-16 15:00:00,2017-06-27 15:00:00
1a3b0df5,515f1b41,delivered,2017-06-10 06:00:00,2017-06-10 06:00:00,2017-06-11 06:00:00,2017-06-23 06:00:00,2017-06-20 06:00:00
497628a8,1cf55291,delivered,2017-07-04 08:00:00,2017-07-04 09:00:00,2017-07-06 08:00:00,2017-07-18 08:00:00,2017-07-26 08:00:00
c7f6539d,eeac31bd,delivered,2018-01-13 08:00:00,2018-01-13 12:00:00,2018-01-15 08:00:00,2018-01-25 08:00:00,2018-02-03 08:00:00
19c11833,fb1aadcb,delivered,2018-08-11 21:00:00,2018-08-11 22:00:00,2018-08-13 21:00:00,2018-08-21 21:00:00,2018-08-27 21:00:00
d9f0b643,8a12193a,delivered,2017-06-19 05:00:00,2017-06-19 07:00:00,2017-06-20 05:00:00,2017-06-26 05:00:00,2017-07-02 05:00:00
7766a600,d5774fe1,delivered,2018-06-21 01:00:00,2018-06-21 02:00:00,2018-06-22 01:00:00,2018-07-04 01:00:00,2018-07-09 01:00:00
7a72503d,bcfee3d0,delivered,2017-02-01 20:00:00,2017-02-01 23:00:00,2017-02-03 20:00:00,2017-02-09 20:00:00,2017-02-25 20:00:00
cc5de76b,72297bb1,delivered,2017-08-13 09:00:00,2017-08-13 11:00:00,2017-08-15 09:00:00,2017-08-25 09:00:00,2017-08-25 09:00:00
8e7b5e59,a623414f,delivered,2018-02-28 00:00:00,2018-02-28 04:00:00,2018-03-02 00:00:00,2018-03-07 00:00:00,2018-03-11 00:00:00
b6f4bf99,fbf65d0e,delivered,2018-03-18 06:00:00,2018-03-18 08:00:00,2018-03-19 06:00:00,2018-03-26 06:00:00,2018-04-06 06:00:00
1fb57489,81d4dfbe,delivered,2017-12-01 15:00:00,2017-12-01 15:00:00,2017-12-02 15:00:00,2017-12-06 15:00:00,2017-12-21 15:00:00
da584ea7,914bf55c,delivered,2017-05-04 05:00:00,2017-05-04 08:00:00,2017-05-06 05:00:00,2017-05-08 05:00:00,2017-05-25 05:00:00
a964cd4f,fe90edd3,delivered,2017-11-20 09:00:00,2017-11-20 13:00:00,2017-11-22 09:00:00,2017-11-27 09:00:00,2017-12-11 09:00:00
e2166b56,e463b662,delivered,2018-01-13 14:00:00,2018-01-13 18:00:00,2018-01-15 14:00:00,2018-01-24 14:00:00,2018-01-29 14:00:00
51f1b020,fade1f1e,delivered,2018-03-06 07:00:00,2018-03-06 09:00:00,2018-03-07 07:00:00,2018-03-13 07:00:00,2018-03-22 07:00:00
ca725e5c,fa89edbb,delivered,2017-03-04 23:00:00,2017-03-04 23:00:00,2017-03-06 23:00:00,2017-03-17 23:00:00,2017-03-14 23:00:00
dc164161,fb1aadcb,delivered,2017-12-24 22:00:00,2017-12-24 23:00:00,2017-12-26 22:00:00,2017-12-29 22:00:00,2018-01-07 22:00:00
e73cca83,2db44c60,delivered,2018-06-03 01:00:00,2018-06-03 02:00:00,2018-06-05 01:00:00,2018-06-09 01:00:00,2018-06-24 01:00:00
2ebf240b,90d7c556,delivered,2017-05-10 08:00:00,2017-05-10 08:00:00,2017-05-12 08:00:00,2017-05-16 08:00:00,2017-05-28 08:00:00
bd82fc0a,6c4d502a,delivered,2017-06-16 08:00:00,2017-06-16 09:00:00,2017-06-17 08:00:00,2017-06-23 08:00:00,2017-07-07 08:00:00
c0ba91a9,88ca448b,delivered,2017-02-25 08:00:00,2017-02-25 10:00:00,2017-02-26 08:00:00,2017-03-03 08:00:00,2017-03-19 08:00:00
9d064fd1,6472009d,delivered,2018-07-29 03:00:00,2018-07-29 04:00:00,2018-07-31 03:00:00,2018-08-03 03:00:00,2018-08-08 03:00:00
a12a12b2,3ef524eb,delivered,2017-10-26 12:00:00,2017-10-26 16:00:00,2017-10-28 12:00:00,2017-11-03 12:00:00,2017-11-19 12:00:00
04952d5f,fb97c2cf,delivered,2017-06-18 08:00:00,2017-06-18 08:00:00,2017-06-20 08:00:00,2017-06-23 08:00:00,2017-07-01 08:00:00
b535b29d,074fc9ee,delivered,2017-12-16 02:00:00,2017-12-16 04:00:00,2017-12-17 02:00:00,2017-12-19 02:00:00,2018-01-09 02:00:00
1f6f293e,5b9277fd,delivered,2018-02-23 03:00:00,2018-02-23 06:00:00,2018-02-24 03:00:00,2018-03-03 03:00:00,2018-03-15 03:00:00
67cebe56,648c72f0,delivered,2017-07-09 02:00:00,2017-07-09 03:00:00,2017-07-11 02:00:00,2017-07-18 02:00:00,2017-07-28 02:00:00
69df21a7,5b471bc7,delivered,2018-05-01 22:00:00,2018-05-02 00:00:00,2018-05-03 22:00:00,2018-05-13 22:00:00,2018-05-18 22:00:00
0b582f7e,8b5e455c,delivered,2017-05-23 02:00:00,2017-05-23 06:00:00,2017-05-24 02:00:00,2017-05-30 02:00:00,2017-06-06 02:00:00
fae781c8,fb634c0a,delivered,2018-03-23 07:00:00,2018-03-23 09:00:00,2018-03-24 07:00:00,2018-03-27 07:00:00,2018-04-11 07:00:00
107691f6,99faf0d5,delivered,2017-09-01 22:00:00,2017-09-01 22:00:00,2017-09-03 22:00:00,2017-09-04 22:00:00,2017-09-11 22:00:00
cb4b2e98,556b45cc,delivered,2017-09-26 20:00:00,2017-09-26 23:00:00,2017-09-28 20:00:00,2017-10-06 20:00:00,2017-10-10 20:00:00
e0f1bdc1,d95ad37b,delivered,2017-05-16 12:00:00,2017-05-16 16:00:00,2017-05-17 12:00:00,2017-05-26 12:00:00,2017-05-31 12:00:00
c5800432,de462af8,delivered,2018-06-06 04:00:00,2018-06-06 06:00:00,2018-06-08 04:00:00,2018-06-18 04:00:00,2018-06-20 04:00:00
1bc0f808,a0c39bae,delivered,2017-10-17 04:00:00,2017-10-17 04:00:00,2017-10-18 04:00:00,2017-10-24 04:00:00,2017-11-05 04:00:00
fa19b517,3ecb1f4a,delivered,2018-06-21 03:00:00,2018-06-21 03:00:00,2018-06-22 03:00:00,2018-06-25 03:00:00,2018-07-09 03:00:00
419327b1,9bce61cc,delivered,2017-06-12 05:00:00,2017-06-12 07:00:00,2017-06-13 05:00:00,2017-06-17 05:00:00,2017-06-26 05:00:00
786ec6f9,2ab558ec,delivered,2017-10-11 23:00:00,2017-10-12 00:00:00,2017-10-12 23:00:00,2017-10-22 23:00:00,2017-10-26 23:00:00
5de7e20d,342d841b,delivered,2017-12-21 02:00:00,2017-12-21 03:00:00,2017-12-23 02:00:00,2017-12-24 02:00:00,2018-01-13 02:00:00
9ea39a25,138d2575,delivered,2017-04-11 21:00:00,2017-04-11 21:00:00,2017-04-13 21:00:00,2017-04-25 21:00:00,2017-04-29 21:00:00
eed7effe,c5fa1b05,delivered,2018-03-15 00:00:00,2018-03-15 00:00:00,2018-03-16 00:00:00,2018-03-24 00:00:00,2018-03-26 00:00:00
189a504a,fe5862c7,delivered,2017-03-06 10:00:00,2017-03-06 11:00:00,2017-03-08 10:00:00,2017-03-13 10:00:00,2017-03-17 10:00:00
6a4f7866,43635664,delivered,2017-07-24 07:00:00,2017-07-24 11:00:00,2017-07-26 07:00:00,2017-07-30 07:00:00,2017-08-04 07:00:00
fa7a0ec4,8877c8e6,delivered,2018-04-20 12:00:00,2018-04-20 12:00:00,2018-04-21 12:00:00,2018-04-30 12:00:00,2018-05-14 12:00:00
60a820fb,c3845858,delivered,2018-06-03 11:00:00,2018-06-03 11:00:00,2018-06-05 11:00:00,2018-06-15 11:00:00,2018-06-19 11:00:00
fcd03a34,0546e4d4,delivered,2017-02-03 21:00:00,2017-02-04 00:00:00,2017-02-04 21:00:00,2017-02-17 21:00:00,2017-02-14 21:00:00
88aef706,45e80c72,delivered,2017-03-21 21:00:00,2017-03-22 00:00:00,2017-03-23 21:00:00,2017-03-26 21:00:00,2017-04-03 21:00:00
ce4af244,e24d168e,delivered,2018-04-26 12:00:00,2018-04-26 12:00:00,2018-04-28 12:00:00,2018-05-04 12:00:00,2018-05-14 12:00:00
f6f4672d,f57df1ae,delivered,2017-02-10 13:00:00,2017-02-10 13:00:00,2017-02-12 13:00:00,2017-02-21 13:00:00,2017-02-27 13:00:00
da77bec9,e7fe88e6,delivered,2017-08-31 02:00:00,2017-08-31 02:00:00,2017-09-02 02:00:00,2017-09-14 02:00:00,2017-09-15 02:00:00
f7de7853,f46d5b12,delivered,2017-08-20 16:00:00,2017-08-20 16:00:00,2017-08-21 16:00:00,2017-09-02 16:00:00,2017-09-05 16:00:00
392d210a,ec6a5d2e,delivered,2017-02-04 00:00:00,2017-02-04 04:00:00,2017-02-05 00:00:00,2017-02-08 00:00:00,2017-02-27 00:00:00
5a6a03a9,22ed2214,delivered,2017-03-15 15:00:00,2017-03-15 17:00:00,2017-03-17 15:00:00,2017-03-19 15:00:00,2017-03-26 15:00:00
a046ed98,1d11581c,delivered,2017-01-31 13:00:00,2017-01-31 13:00:00,2017-02-01 13:00:00,2017-02-04 13:00:00,2017-02-22 13:00:00
353c9ac2,fe0ec296,delivered,2017-06-21 11:00:00,2017-06-21 13:00:00,2017-06-22 11:00:00,2017-06-27 11:00:00,2017-07-05 11:00:00
abacc2ca,729aa7fb,delivered,2018-04-14 22:00:00,2018-04-15 00:00:00,2018-04-15 22:00:00,2018-04-27 22:00:00,2018-05-06 22:00:00
9cc1aca8,a7657eda,delivered,2018-02-24 12:00:00,2018-02-24 15:00:00,2018-02-25 12:00:00,2018-03-07 12:00:00,2018-03-08 12:00:00
cea32e34,b2a80d7b,delivered,2017-06-23 18:00:00,2017-06-23 18:00:00,2017-06-24 18:00:00,2017-07-03 18:00:00,2017-07-16 18:00:00
1130332a,9f5c34ca,delivered,2018-06-12 08:00:00,2018-06-12 11:00:00,2018-06-14 08:00:00,2018-06-26 08:00:00,2018-06-29 08:00:00
1bcce1e9,21e9c148,delivered,2017-02-07 01:00:00,2017-02-07 02:00:00,2017-02-08 01:00:00,2017-02-11 01:00:00,2017-02-22 01:00:00
496679ff,e15a24e3,canceled,2017-03-15 09:00:00,2017-03-15 12:00:00,2017-03-17 09:00:00,,2017-04-06 09:00:00
2bdf1831,91685332,delivered,2017-12-22 19:00:00,2017-12-22 21:00:00,2017-12-23 19:00:00,2017-12-30 19:00:00,2018-01-09 19:00:00
92bd28f5,8f2b6c3a,delivered,2017-09-12 16:00:00,2017-09-12 17:00:00,2017-09-13 16:00:00,2017-09-23 16:00:00,2017-10-01 16:00:00
46eda229,89798678,delivered,2018-02-14 02:00:00,2018-02-14 05:00:00,2018-02-16 02:00:00,2018-02-18 02:00:00,2018-03-01 02:00:00
226cbd6f,10b1d537,delivered,2017-12-11 04:00:00,2017-12-11 08:00:00,2017-12-13 04:00:00,2017-12-25 04:00:00,2017-12-29 04:00:00
263a4fb7,e603f3fe,delivered,2017-03-31 22:00:00,2017-04-01 01:00:00,2017-04-02 22:00:00,2017-04-14 22:00:00,2017-04-15 22:00:00
cf06d43f,fb6fb285,delivered,2017-02-26 14:00:00,2017-02-26 17:00:00,2017-02-28 14:00:00,2017-03-11 14:00:00,2017-03-19 14:00:00
e61b6019,aed5eb1b,delivered,2017-06-26 06:00:00,2017-06-26 06:00:00,2017-06-28 06:00:00,2017-07-03 06:00:00,2017-07-20 06:00:00
2a79b504,ca7b0d4b,delivered,2018-01-23 01:00:00,2018-01-23 02:00:00,2018-01-24 01:00:00,2018-01-26 01:00:00,2018-02-11 01:00:00
1dfe1b22,959574e0,delivered,2017-10-04 15:00:00,2017-10-04 16:00:00,2017-10-05 15:00:00,2017-10-13 15:00:00,2017-10-23 15:00:00
09bf29d2,be7ca773,delivered,2017-04-24 05:00:00,2017-04-24 09:00:00,2017-04-25 05:00:00,2017-04-28 05:00:00,2017-05-12 05:00:00
914270f4,4a8956c2,invoiced,2017-03-13 23:00:00,2017-03-13 23:00:00,2017-03-14 23:00:00,,2017-03-28 23:00:00
40b2f623,2e317308,processing,2017-09-20 09:00:00,2017-09-20 13:00:00,2017-09-22 09:00:00,,2017-10-12 09:00:00
06474fb6,6642aa15,delivered,2017-07-26 11:00:00,2017-07-26 15:00:00,2017-07-28 11:00:00,2017-08-08 11:00:00,2017-08-12 11:00:00
689cb432,45408e24,delivered,2017-09-28 05:00:00,2017-09-28 06:00:00,2017-09-29 05:00:00,2017-10-07 05:00:00,2017-10-10 05:00:00
35c4923f,02a72299,delivered,2017-04-25 23:00:00,2017-04-26 02:00:00,2017-04-26 23:00:00,2017-05-07 23:00:00,2017-05-16 23:00:00
3709f8ea,6062d2a0,delivered,2017-12-29 09:00:00,2017-12-29 10:00:00,2017-12-30 09:00:00,2018-01-04 09:00:00,2018-01-13 09:00:00
18667458,2a811d02,delivered,2017-08-25 12:00:00,2017-08-25 14:00:00,2017-08-27 12:00:00,2017-08-31 12:00:00,2017-09-05 12:00:00
20b28d84,50342086,delivered,2018-03-10 14:00:00,2018-03-10 16:00:00,2018-03-12 14:00:00,2018-03-13 14:00:00,2018-04-01 14:00:00
001d5e91,5c2549fd,delivered,2018-03-12 01:00:00,2018-03-12 02:00:00,2018-03-13 01:00:00,2018-03-16 01:00:00,2018-03-22 01:00:00
1516dda0,1796e270,delivered,2017-08-05 04:00:00,2017-08-05 08:00:00,2017-08-07 04:00:00,2017-08-15 04:00:00,2017-08-21 04:00:00
4a6ddf93,40b25f9e,delivered,2017-12-18 03:00:00,2017-12-18 07:00:00,2017-12-20 03:00:00,2017-12-23 03:00:00,2018-01-02 03:00:00
3a9c4698,a7657eda,delivered,2018-06-07 09:00:00,2018-06-07 11:00:00,2018-06-09 09:00:00,2018-06-18 09:00:00,2018-06-30 09:00:00
165db97a,f0ed8532,delivered,2017-03-01 03:00:00,2017-03-01 07:00:00,2017-03-03 03:00:00,2017-03-13 03:00:00,2017-03-11 03:00:00
18ca28bf,cc536d7e,delivered,2017-08-13 07:00:00,2017-08-13 09:00:00,2017-08-15 07:00:00,2017-08-17 07:00:00,2017-08-30 07:00:00
7f8e5e75,3ad270e0,delivered,2018-05-25 20:00:00,2018-05-26 00:00:00,2018-05-26 20:00:00,2018-05-29 20:00:00,2018-06-04 20:00:00
97dbbc27,0632de92,delivered,2017-07-24 08:00:00,2017-07-24 12:00:00,2017-07-25 08:00:00,2017-08-06 08:00:00,2017-08-04 08:00:00
9739f063,018e0cd2,delivered,2018-04-15 09:00:00,2018-04-15 10:00:00,2018-04-16 09:00:00,2018-04-25 09:00:00,2018-05-07 09:00:00
1e3d0bd7,fefa6b66,delivered,2017-01-05 05:00:00,2017-01-05 08:00:00,2017-01-06 05:00:00,2017-01-19 05:00:00,2017-01-15 05:00:00
a85649ab,7db01537,delivered,2018-05-25 03:00:00,2018-05-25 03:00:00,2018-05-26 03:00:00,2018-05-30 03:00:00,2018-06-07 03:00:00
72656976,5b188e23,delivered,2018-01-30 15:00:00,2018-01-30 16:00:00,2018-01-31 15:00:00,2018-02-10 15:00:00,2018-02-17 15:00:00
104d9c76,76462790,delivered,2017-05-09 01:00:00,2017-05-09 03:00:00,2017-05-11 01:00:00,2017-05-16 01:00:00,2017-05-29 01:00:00
e84b5490,6ce6ca5d,delivered,2017-04-03 05:00:00,2017-04-03 08:00:00,2017-04-05 05:00:00,2017-04-10 05:00:00,2017-04-15 05:00:00
c41970c5,2d0aacf5,delivered,2018-02-25 11:00:00,2018-02-25 13:00:00,2018-02-27 11:00:00,2018-03-01 11:00:00,2018-03-18 11:00:00
39432a4a,8357ba4e,delivered,2018-03-28 14:00:00,2018-03-28 15:00:00,2018-03-30 14:00:00,2018-04-01 14:00:00,2018-04-08 14:00:00
76235298,115f5621,delivered,2017-07-17 01:00:00,2017-07-17 04:00:00,2017-07-19 01:00:00,2017-07-27 01:00:00,2017-08-05 01:00:00
fd6268c5,5e69eb98,delivered,2017-02-12 17:00:00,2017-02-12 18:00:00,2017-02-13 17:00:00,2017-02-19 17:00:00,2017-02-28 17:00:00
cf263d3f,12255ae4,delivered,2018-04-06 19:00:00,2018-04-06 22:00:00,2018-04-08 19:00:00,2018-04-20 19:00:00,2018-04-29 19:00:00
635e5181,d9ebcd13,delivered,2017-12-19 22:00:00,2017-12-19 23:00:00,2017-12-20 22:00:00,2018-01-01 22:00:00,2018-01-10 22:00:00
9d69ba78,7b249b3c,delivered,2018-03-06 23:00:00,2018-03-07 02:00:00,2018-03-07 23:00:00,2018-03-09 23:00:00,2018-03-18 23:00:00
2452ec9d,4ffc1339,delivered,2017-04-28 03:00:00,2017-04-28 07:00:00,2017-04-30 03:00:00,2017-05-01 03:00:00,2017-05-22 03:00:00
4f0d44ee,90358977,delivered,2017-10-19 16:00:00,2017-10-19 18:00:00,2017-10-20 16:00:00,2017-10-31 16:00:00,2017-11-10 16:00:00
a6838fdb,93401c5f,delivered,2017-01-11 04:00:00,2017-01-11 07:00:00,2017-01-13 04:00:00,2017-01-17 04:00:00,2017-01-30 04:00:00
90258011,9adcbbee,delivered,2017-12-04 14:00:00,2017-12-04 14:00:00,2017-12-05 14:00:00,2017-12-08 14:00:00,2017-12-16 14:00:00
e655a034,46fabd19,delivered,2017-02-11 05:00:00,2017-02-11 08:00:00,2017-02-12 05:00:00,2017-02-24 05:00:00,2017-03-06 05:00:00
b147f962,1fc3e345,delivered,2018-03-18 20:00:00,2018-03-18 21:00:00,2018-03-19 20:00:00,2018-03-24 20:00:00,2018-04-02 20:00:00
9bc26d04,d65a87a8,delivered,2017-08-30 08:00:00,2017-08-30 10:00:00,2017-08-31 08:00:00,2017-09-12 08:00:00,2017-09-22 08:00:00
9e49999d,b0597625,delivered,2017-10-25 22:00:00,2017-10-25 23:00:00,2017-10-27 22:00:00,2017-10-30 22:00:00,2017-11-05 22:00:00
8389e550,bf409648,delivered,2018-06-17 03:00:00,2018-06-17 06:00:00,2018-06-19 03:00:00,2018-06-30 03:00:00,2018-07-11 03:00:00
d6bbda30,2ea618b5,delivered,2017-10-04 01:00:00,2017-10-04 04:00:00,2017-10-05 01:00:00,2017-10-16 01:00:00,2017-10-23 01:00:00
b36a5a31,7eaecaa7,invoiced,2017-12-12 12:00:00,2017-12-12 15:00:00,2017-12-14 12:00:00,,2018-01-04 12:00:00
8f21bb8b,c869a4ae,delivered,2017-03-18 22:00:00,2017-03-19 02:00:00,2017-03-20 22:00:00,2017-04-01 22:00:00,2017-03-28 22:00:00
d298fc83,20468d25,invoiced,2018-06-28 21:00:00,2018-06-28 23:00:00,2018-06-29 21:00:00,,2018-07-09 21:00:00
a2d3ef43,52ebcef1,delivered,2017-10-15 14:00:00,2017-10-15 16:00:00,2017-10-17 14:00:00,2017-10-26 14:00:00,2017-11-08 14:00:00
218dbe65,f3f02093,delivered,2017-09-04 05:00:00,2017-09-04 06:00:00,2017-09-05 05:00:00,2017-09-08 05:00:00,2017-09-14 05:00:00
75b8c8e1,8f3291fb,delivered,2017-01-18 19:00:00,2017-01-18 23:00:00,2017-01-20 19:00:00,2017-01-24 19:00:00,2017-02-04 19:00:00
822396aa,ff69d0f1,delivered,2018-06-18 10:00:00,2018-06-18 12:00:00,2018-06-19 10:00:00,2018-06-26 10:00:00,2018-07-08 10:00:00
2a8f6f7a,0f998690,delivered,2017-09-07 10:00:00,2017-09-07 10:00:00,2017-09-09 10:00:00,2017-09-20 10:00:00,2017-09-26 10:00:00
f5ae8b42,10b1d537,delivered,2017-07-18 12:00:00,2017-07-18 13:00:00,2017-07-20 12:00:00,2017-07-31 12:00:00,2017-08-05 12:00:00
9a9b0e41,e336c06c,delivered,2017-01-04 04:00:00,2017-01-04 08:00:00,2017-01-05 04:00:00,2017-01-18 04:00:00,2017-01-15 04:00:00
f8957f42,4d7d894c,delivered,2017-10-09 16:00:00,2017-10-09 17:00:00,2017-10-10 16:00:00,2017-10-15 16:00:00,2017-11-01 16:00:00
6ea2acc7,45b8230c,delivered,2018-01-09 05:00:00,2018-01-09 06:00:00,2018-01-11 05:00:00,2018-01-14 05:00:00,2018-01-28 05:00:00
034635e3,3c52c7d3,delivered,2017-02-25 03:00:00,2017-02-25 04:00:00,2017-02-27 03:00:00,2017-03-09 03:00:00,2017-03-09 03:00:00
baa66814,ac3d5fd3,processing,2017-09-22 13:00:00,2017-09-22 13:00:00,2017-09-23 13:00:00,,2017-10-09 13:00:00
20bfc963,0e20b5ea,delivered,2017-03-03 02:00:00,2017-03-03 03:00:00,2017-03-05 02:00:00,2017-03-11 02:00:00,2017-03-25 02:00:00
c5e242ae,9045ca74,delivered,2017-05-23 05:00:00,2017-05-23 08:00:00,2017-05-25 05:00:00,2017-05-28 05:00:00,2017-06-08 05:00:00
e97c3492,044eee0d,delivered,2017-08-30 01:00:00,2017-08-30 03:00:00,2017-08-31 01:00:00,2017-09-13 01:00:00,2017-09-16 01:00:00
7e5dd072,d6aabdb9,delivered,2018-01-03 08:00:00,2018-01-03 09:00:00,2018-01-05 08:00:00,2018-01-06 08:00:00,2018-01-22 08:00:00
60164459,ff8ab155,delivered,2017-01-02 00:00:00,2017-01-02 02:00:00,2017-01-04 00:00:00,2017-01-15 00:00:00,2017-01-19 00:00:00
d2b6ccca,ea2cb243,delivered,2018-05-26 05:00:00,2018-05-26 05:00:00,2018-05-27 05:00:00,2018-06-08 05:00:00,2018-06-14 05:00:00
f7c6f9bc,bde73501,delivered,2017-03-12 20:00:00,2017-03-12 21:00:00,2017-03-13 20:00:00,2017-03-23 20:00:00,2017-03-23 20:00:00
c8f975f2,9f3eeeb4,delivered,2018-02-19 00:00:00,2018-02-19 01:00:00,2018-02-20 00:00:00,2018-02-27 00:00:00,2018-03-06 00:00:00
91563854,c884a56c,delivered,2017-07-15 07:00:00,2017-07-15 09:00:00,2017-07-16 07:00:00,2017-07-21 07:00:00,2017-07-25 07:00:00
14472add,e336c06c,delivered,2017-05-29 19:00:00,2017-05-29 21:00:00,2017-05-31 19:00:00,2017-06-02 19:00:00,2017-06-10 19:00:00
780417d6,9abd305f,delivered,2017-03-20 06:00:00,2017-03-20 09:00:00,2017-03-21 06:00:00,2017-04-01 06:00:00,2017-04-07 06:00:00
ed4f7fad,7a9d6d95,delivered,2017-08-13 15:00:00,2017-08-13 19:00:00,2017-08-14 15:00:00,2017-08-16 15:00:00,2017-08-28 15:00:00
7b8ae15b,72cafc56,delivered,2017-05-16 08:00:00,2017-05-16 09:00:00,2017-05-18 08:00:00,2017-05-20 08:00:00,2017-05-27 08:00:00
950290b8,0b3a48fd,canceled,2018-01-05 16:00:00,2018-01-05 17:00:00,2018-01-06 16:00:00,,2018-01-27 16:00:00
a3ad01f2,410364b9,delivered,2017-12-14 20:00:00,2017-12-15 00:00:00,2017-12-15 20:00:00,2017-12-21 20:00:00,2017-12-24 20:00:00
b975434a,76c754c3,delivered,2017-04-28 07:00:00,2017-04-28 09:00:00,2017-04-29 07:00:00,2017-05-03 07:00:00,2017-05-14 07:00:00
2b92ea1e,e098a96c,delivered,2018-02-16 04:00:00,2018-02-16 08:00:00,2018-02-17 04:00:00,2018-02-25 04:00:00,2018-03-11 04:00:00
5692487a,55adce3f,delivered,2018-07-23 09:00:00,2018-07-23 11:00:00,2018-07-24 09:00:00,2018-08-03 09:00:00,2018-08-08 09:00:00
b8c9de32,65d1db2c,delivered,2017-01-27 21:00:00,2017-01-27 22:00:00,2017-01-29 21:00:00,2017-02-07 21:00:00,2017-02-13 21:00:00
e90b5a73,1b969f94,delivered,2017-08-04 03:00:00,2017-08-04 03:00:00,2017-08-06 03:00:00,2017-08-08 03:00:00,2017-08-23 03:00:00
ca400272,030bfb49,delivered,2018-01-10 12:00:00,2018-01-10 13:00:00,2018-01-12 12:00:00,2018-01-22 12:00:00,2018-02-01 12:00:00
a7ab20d2,5c3233ac,delivered,2018-03-31 08:00:00,2018-03-31 10:00:00,2018-04-02 08:00:00,2018-04-03 08:00:00,2018-04-13 08:00:00
aa25efa5,1e072b5e,delivered,2017-05-13 11:00:00,2017-05-13 11:00:00,2017-05-15 11:00:00,2017-05-24 11:00:00,2017-06-04 11:00:00
4c17480d,7ef08233,delivered,2017-05-16 11:00:00,2017-05-16 12:00:00,2017-05-18 11:00:00,2017-05-21 11:00:00,2017-06-04 11:00:00
bec472ee,fe0ec296,delivered,2017-04-14 13:00:00,2017-04-14 13:00:00,2017-04-16 13:00:00,2017-04-25 13:00:00,2017-05-06 13:00:00
c9db0884,c38ff81c,delivered,2017-11-29 15:00:00,2017-11-29 15:00:00,2017-11-30 15:00:00,2017-12-02 15:00:00,2017-12-16 15:00:00
80629052,f232731e,invoiced,2017-09-12 12:00:00,2017-09-12 12:00:00,2017-09-13 12:00:00,,2017-09-27 12:00:00
ee64e5e8,e07c2e5a,shipped,2017-12-09 19:00:00,2017-12-09 20:00:00,2017-12-10 19:00:00,,2017-12-23 19:00:00
40a2af3f,6c53f5d6,delivered,2018-04-27 08:00:00,2018-04-27 08:00:00,2018-04-28 08:00:00,2018-05-10 08:00:00,2018-05-18 08:00:00
486fa33f,b6a9fe08,delivered,2017-03-12 08:00:00,2017-03-12 12:00:00,2017-03-13 08:00:00,2017-03-20 08:00:00,2017-04-02 08:00:00
13aa32fb,911c1f4f,delivered,2017-12-21 10:00:00,2017-12-21 10:00:00,2017-12-22 10:00:00,2017-12-31 10:00:00,2018-01-06 10:00:00
1c0d8ca2,c93e3076,delivered,2017-05-04 02:00:00,2017-05-04 06:00:00,2017-05-06 02:00:00,2017-05-12 02:00:00,2017-05-24 02:00:00
0ad06531,982014b4,delivered,2017-11-01 02:00:00,2017-11-01 03:00:00,2017-11-03 02:00:00,2017-11-07 02:00:00,2017-11-19 02:00:00
56f8cd89,8236c82c,delivered,2017-07-31 20:00:00,2017-07-31 21:00:00,2017-08-01 20:00:00,2017-08-14 20:00:00,2017-08-16 20:00:00
5d63f799,6c4d502a,delivered,2017-01-26 07:00:00,2017-01-26 07:00:00,2017-01-27 07:00:00,2017-02-05 07:00:00,2017-02-14 07:00:00
971fdeff,8f6b3a07,delivered,2018-04-13 19:00:00,2018-04-13 20:00:00,2018-04-15 19:00:00,2018-04-23 19:00:00,2018-04-28 19:00:00
c22e21c0,08f97979,delivered,2017-01-10 18:00:00,2017-01-10 19:00:00,2017-01-12 18:00:00,2017-01-15 18:00:00,2017-01-20 18:00:00
eff17702,ffcc2de0,delivered,2017-10-14 15:00:00,2017-10-14 16:00:00,2017-10-16 15:00:00,2017-10-28 15:00:00,2017-11-04 15:00:00
ca2bd7c3,2215ea54,delivered,2018-05-31 05:00:00,2018-05-31 08:00:00,2018-06-02 05:00:00,2018-06-14 05:00:00,2018-06-22 05:00:00
8e008412,4cab0aca,delivered,2018-01-24 03:00:00,2018-01-24 04:00:00,2018-01-26 03:00:00,2018-02-01 03:00:00,2018-02-13 03:00:00
a9c49200,ea39f666,delivered,2017-05-18 15:00:00,2017-05-18 18:00:00,2017-05-19 15:00:00,2017-05-31 15:00:00,2017-06-04 15:00:00
e000199a,90727b02,delivered,2017-12-16 18:00:00,2017-12-16 19:00:00,2017-12-17 18:00:00,2017-12-28 18:00:00,2018-01-04 18:00:00
15ba79f0,823a5c5d,delivered,2017-12-10 11:00:00,2017-12-10 13:00:00,2017-12-12 11:00:00,2017-12-14 11:00:00,2017-12-23 11:00:00
f4e1ac5e,1b969f94,delivered,2017-02-08 14:00:00,2017-02-08 18:00:00,2017-02-10 14:00:00,2017-02-21 14:00:00,2017-02-23 14:00:00
423b0999,c92d541f,delivered,2017-08-24 08:00:00,2017-08-24 08:00:00,2017-08-26 08:00:00,2017-08-30 08:00:00,2017-09-14 08:00:00
31dbbfe5,05848530,delivered,2017-11-03 10:00:00,2017-11-03 13:00:00,2017-11-04 10:00:00,2017-11-07 10:00:00,2017-11-18 10:00:00
b5aeb415,e42a53ed,delivered,2018-01-24 06:00:00,2018-01-24 09:00:00,2018-01-25 06:00:00,2018-02-04 06:00:00,2018-02-11 06:00:00
12e49d77,1776a9cb,delivered,2017-01-23 23:00:00,2017-01-24 02:00:00,2017-01-25 23:00:00,2017-02-04 23:00:00,2017-02-05 23:00:00
e56fe817,cc4a73e1,delivered,2017-10-08 06:00:00,2017-10-08 07:00:00,2017-10-10 06:00:00,2017-10-13 06:00:00,2017-10-29 06:00:00
38b8e8fb,d475cb2f,shipped,2018-01-25 20:00:00,2018-01-25 21:00:00,2018-01-27 20:00:00,,2018-02-14 20:00:00
05e8e892,6a8f6566,delivered,2018-08-08 02:00:00,2018-08-08 06:00:00,2018-08-10 02:00:00,2018-08-14 02:00:00,2018-08-24 02:00:00
b1104773,edb60bf6,delivered,2017-08-24 23:00:00,2017-08-25 02:00:00,2017-08-26 23:00:00,2017-08-29 23:00:00,2017-09-09 23:00:00
29d38a6d,a40bfe5b,shipped,2017-02-05 06:00:00,2017-02-05 10:00:00,2017-02-07 06:00:00,,2017-02-19 06:00:00
3391cdb8,4bca9e90,delivered,2017-01-09 06:00:00,2017-01-09 07:00:00,2017-01-10 06:00:00,2017-01-22 06:00:00,2017-01-31 06:00:00
2e4f0fcc,11541e6b,delivered,2018-08-17 01:00:00,2018-08-17 01:00:00,2018-08-19 01:00:00,2018-08-26 01:00:00,2018-08-28 01:00:00
82a5e0dd,671d1698,delivered,2017-02-17 03:00:00,2017-02-17 06:00:00,2017-02-18 03:00:00,2017-02-21 03:00:00,2017-03-03 03:00:00
2709b20b,774b20ba,delivered,2017-06-13 23:00:00,2017-06-13 23:00:00,2017-06-15 23:00:00,2017-06-16 23:00:00,2017-07-06 23:00:00
98658814,81111e26,delivered,2018-01-06 18:00:00,2018-01-06 19:00:00,2018-01-07 18:00:00,2018-01-15 18:00:00,2018-01-16 18:00:00
5ff75dda,fc1e6b87,delivered,2018-05-25 04:00:00,2018-05-25 08:00:00,2018-05-26 04:00:00,2018-05-30 04:00:00,2018-06-16 04:00:00
e554d427,8868de5d,delivered,2017-01-29 08:00:00,2017-01-29 09:00:00,2017-01-30 08:00:00,2017-02-04 08:00:00,2017-02-17 08:00:00
f4f9a6f6,a2bde03e,delivered,2017-07-08 01:00:00,2017-07-08 01:00:00,2017-07-10 01:00:00,2017-07-15 01:00:00,2017-07-18 01:00:00
13e41a33,e6b5d792,delivered,2017-01-25 15:00:00,2017-01-25 17:00:00,2017-01-27 15:00:00,2017-02-04 15:00:00,2017-02-04 15:00:00
da444c89,4471cc4e,delivered,2018-05-05 15:00:00,2018-05-05 17:00:00,2018-05-07 15:00:00,2018-05-12 15:00:00,2018-05-16 15:00:00
9cca15ff,9407a0ab,delivered,2018-07-11 05:00:00,2018-07-11 06:00:00,2018-07-13 05:00:00,2018-07-20 05:00:00,2018-07-22 05:00:00
94edcc29,e7529b54,delivered,2017-01-08 02:00:00,2017-01-08 02:00:00,2017-01-09 02:00:00,2017-01-12 02:00:00,2017-01-29 02:00:00
a08cb457,c1221fcb,delivered,2017-04-18 22:00:00,2017-04-19 00:00:00,2017-04-19 22:00:00,2017-04-29 22:00:00,2017-05-10 22:00:00
d729a0f8,53b0a879,delivered,2017-04-13 16:00:00,2017-04-13 18:00:00,2017-04-14 16:00:00,2017-04-19 16:00:00,2017-04-25 16:00:00
3c17f024,8d0bc55f,delivered,2018-06-25 22:00:00,2018-06-26 00:00:00,2018-06-27 22:00:00,2018-07-08 22:00:00,2018-07-05 22:00:00
0ac83fe9,ad908fe6,delivered,2018-05-26 12:00:00,2018-05-26 12:00:00,2018-05-28 12:00:00,2018-06-06 12:00:00,2018-06-17 12:00:00
4813a267,d2a5c3c8,delivered,2018-04-02 10:00:00,2018-04-02 12:00:00,2018-04-04 10:00:00,2018-04-06 10:00:00,2018-04-25 10:00:00
ceb30dbc,75635fcc,delivered,2017-04-14 22:00:00,2017-04-14 23:00:00,2017-04-15 22:00:00,2017-04-25 22:00:00,2017-05-02 22:00:00
c701b58a,b14b3f4a,delivered,2018-03-01 18:00:00,2018-03-01 20:00:00,2018-03-03 18:00:00,2018-03-11 18:00:00,2018-03-12 18:00:00
305fe0ba,9993d65c,delivered,2017-04-18 14:00:00,2017-04-18 15:00:00,2017-04-19 14:00:00,2017-05-02 14:00:00,2017-05-03 14:00:00
f47246b0,dbb3afc2,delivered,2017-09-02 12:00:00,2017-09-02 12:00:00,2017-09-03 12:00:00,2017-09-06 12:00:00,2017-09-18 12:00:00
963abcba,c0c853ae,delivered,2018-07-02 14:00:00,2018-07-02 17:00:00,2018-07-03 14:00:00,2018-07-09 14:00:00,2018-07-13 14:00:00
920cc397,39e8da6e,delivered,2018-06-12 14:00:00,2018-06-12 17:00:00,2018-06-13 14:00:00,2018-06-22 14:00:00,2018-07-04 14:00:00
43e8f0dd,7758ecd1,delivered,2018-06-08 17:00:00,2018-06-08 21:00:00,2018-06-10 17:00:00,2018-06-22 17:00:00,2018-06-21 17:00:00
93188792,4198815b,delivered,2018-04-29 11:00:00,2018-04-29 14:00:00,2018-04-30 11:00:00,2018-05-07 11:00:00,2018-05-18 11:00:00
16149044,49945270,delivered,2017-04-08 06:00:00,2017-04-08 08:00:00,2017-04-10 06:00:00,2017-04-17 06:00:00,2017-04-29 06:00:00
9973fa64,2696c20c,delivered,2018-07-22 15:00:00,2018-07-22 16:00:00,2018-07-23 15:00:00,2018-07-27 15:00:00,2018-08-06 15:00:00
ebd7665d,d5b4ac41,delivered,2017-02-11 20:00:00,2017-02-11 23:00:00,2017-02-13 20:00:00,2017-02-17 20:00:00,2017-03-03 20:00:00
9248b6f2,34b8f09e,delivered,2018-08-02 15:00:00,2018-08-02 19:00:00,2018-08-03 15:00:00,2018-08-07 15:00:00,2018-08-23 15:00:00
9a5c1db7,a7dc52b8,delivered,2017-08-09 12:00:00,2017-08-09 14:00:00,2017-08-10 12:00:00,2017-08-14 12:00:00,2017-08-24 12:00:00
359c1e03,8b0f126a,delivered,2018-05-21 00:00:00,2018-05-21 00:00:00,2018-05-22 00:00:00,2018-05-27 00:00:00,2018-06-06 00:00:00
ceea405c,cd549ddc,delivered,2017-11-26 12:00:00,2017-11-26 12:00:00,2017-11-27 12:00:00,2017-12-05 12:00:00,2017-12-15 12:00:00
cc9a74f0,8eff7783,shipped,2017-08-19 14:00:00,2017-08-19 18:00:00,2017-08-21 14:00:00,,2017-09-07 14:00:00
dcbba0ff,1bafa8c8,processing,2017-10-01 09:00:00,2017-10-01 09:00:00,2017-10-03 09:00:00,,2017-10-23 09:00:00
aeb9be3f,ab53bdc3,delivered,2018-01-08 20:00:00,2018-01-08 20:00:00,2018-01-10 20:00:00,2018-01-11 20:00:00,2018-01-20 20:00:00
160a8cf1,b348c553,delivered,2018-05-05 22:00:00,2018-05-06 02:00:00,2018-05-07 22:00:00,2018-05-12 22:00:00,2018-05-15 22:00:00
1781a433,ec553eb2,delivered,2017-04-25 13:00:00,2017-04-25 15:00:00,2017-04-26 13:00:00,2017-05-08 13:00:00,2017-05-05 13:00:00
5c3ed871,ac297779,delivered,2017-01-22 18:00:00,2017-01-22 18:00:00,2017-01-24 18:00:00,2017-01-29 18:00:00,2017-02-09 18:00:00
581716b5,85bf77aa,delivered,2017-10-11 14:00:00,2017-10-11 16:00:00,2017-10-13 14:00:00,2017-10-16 14:00:00,2017-10-27 14:00:00
28cdd8e2,fcc0776b,delivered,2017-01-08 04:00:00,2017-01-08 08:00:00,2017-01-09 04:00:00,2017-01-16 04:00:00,2017-01-27 04:00:00
81a4b142,b85bcf64,delivered,2017-03-05 03:00:00,2017-03-05 07:00:00,2017-03-06 03:00:00,2017-03-13 03:00:00,2017-03-25 03:00:00
c192cf8e,67c378cf,delivered,2017-01-24 12:00:00,2017-01-24 15:00:00,2017-01-25 12:00:00,2017-01-28 12:00:00,2017-02-06 12:00:00
25959d43,89d5fe20,delivered,2018-03-09 08:00:00,2018-03-09 11:00:00,2018-03-10 08:00:00,2018-03-16 08:00:00,2018-03-22 08:00:00
2b304556,791ac53a,delivered,2018-04-24 12:00:00,2018-04-24 15:00:00,2018-04-26 12:00:00,2018-05-05 12:00:00,2018-05-16 12:00:00
aafed61a,fefa6b66,delivered,2017-02-21 15:00:00,2017-02-21 19:00:00,2017-02-22 15:00:00,2017-02-24 15:00:00,2017-03-13 15:00:00
e27eca9c,16815c72,delivered,2017-12-10 05:00:00,2017-12-10 08:00:00,2017-12-12 05:00:00,2017-12-14 05:00:00,2017-12-23 05:00:00
780c6d80,646a2ae7,delivered,2017-01-29 17:00:00,2017-01-29 17:00:00,2017-01-30 17:00:00,2017-02-09 17:00:00,2017-02-15 17:00:00
19103bed,7ec3c39b,delivered,2017-08-20 13:00:00,2017-08-20 13:00:00,2017-08-22 13:00:00,2017-08-30 13:00:00,2017-09-12 13:00:00
55e70f31,113d8594,delivered,2017-04-11 13:00:00,2017-04-11 15:00:00,2017-04-12 13:00:00,2017-04-16 13:00:00,2017-05-02 13:00:00
ea3936c5,975e2188,delivered,2017-07-19 20:00:00,2017-07-19 22:00:00,2017-07-21 20:00:00,2017-07-25 20:00:00,2017-07-31 20:00:00
6b706abd,8a54eda9,delivered,2017-09-27 21:00:00,2017-09-28 01:00:00,2017-09-28 21:00:00,2017-10-04 21:00:00,2017-10-17 21:00:00
9ef7c6ba,cea8824d,delivered,2017-04-16 20:00:00,2017-04-16 22:00:00,2017-04-17 20:00:00,2017-04-23 20:00:00,2017-04-28 20:00:00
53783b2d,3ccfa180,delivered,2018-03-17 01:00:00,2018-03-17 01:00:00,2018-03-19 01:00:00,2018-03-31 01:00:00,2018-04-02 01:00:00
16b6bc6f,485ff5af,delivered,2018-03-09 23:00:00,2018-03-10 01:00:00,2018-03-11 23:00:00,2018-03-17 23:00:00,2018-04-02 23:00:00
72c05ca7,86156a9a,delivered,2017-12-09 20:00:00,2017-12-09 20:00:00,2017-12-10 20:00:00,2017-12-16 20:00:00,2017-12-19 20:00:00
4bc68ebe,5df3d863,invoiced,2017-06-11 02:00:00,2017-06-11 03:00:00,2017-06-13 02:00:00,,2017-07-01 02:00:00
8bcc4575,f327c507,delivered,2017-09-15 13:00:00,2017-09-15 13:00:00,2017-09-16 13:00:00,2017-09-28 13:00:00,2017-09-29 13:00:00
42393f18,0cd44350,delivered,2018-07-04 00:00:00,2018-07-04 01:00:00,2018-07-06 00:00:00,2018-07-11 00:00:00,2018-07-17 00:00:00
ac79a2e6,1745ee1e,delivered,2017-12-06 11:00:00,2017-12-06 11:00:00,2017-12-08 11:00:00,2017-12-12 11:00:00,2017-12-18 11:00:00
79346636,8d91e02d,delivered,2017-07-13 00:00:00,2017-07-13 01:00:00,2017-07-14 00:00:00,2017-07-20 00:00:00,2017-08-02 00:00:00
aab1b964,4e512446,delivered,2017-10-26 15:00:00,2017-10-26 18:00:00,2017-10-28 15:00:00,2017-11-07 15:00:00,2017-11-10 15:00:00
881177d0,c1d7441f,delivered,2018-01-21 08:00:00,2018-01-21 08:00:00,2018-01-23 08:00:00,2018-01-25 08:00:00,2018-02-02 08:00:00
b0e7ef8a,d07acbdb,delivered,2018-05-11 05:00:00,2018-05-11 06:00:00,2018-05-12 05:00:00,2018-05-25 05:00:00,2018-05-26 05:00:00
3ddd0acd,5dad7d78,delivered,2018-03-15 03:00:00,2018-03-15 04:00:00,2018-03-16 03:00:00,2018-03-27 03:00:00,2018-03-27 03:00:00
dc670358,e09c3fe0,delivered,2017-07-01 10:00:00,2017-07-01 10:00:00,2017-07-03 10:00:00,2017-07-14 10:00:00,2017-07-18 10:00:00
0b8c9c2a,2843d67d,delivered,2017-01-22 16:00:00,2017-01-22 19:00:00,2017-01-23 16:00:00,2017-02-03 16:00:00,2017-02-10 16:00:00
031f2388,ac1f10f9,delivered,2017-10-28 16:00:00,2017-10-28 17:00:00,2017-10-29 16:00:00,2017-11-04 16:00:00,2017-11-10 16:00:00
b744c9ea,fb1aa323,delivered,2017-04-03 20:00:00,2017-04-03 20:00:00,2017-04-04 20:00:00,2017-04-13 20:00:00,2017-04-19 20:00:00
b642b816,de2dafa8,delivered,2017-05-18 06:00:00,2017-05-18 06:00:00,2017-05-19 06:00:00,2017-06-01 06:00:00,2017-06-10 06:00:00
75b5e487,2ef02148,delivered,2017-01-05 00:00:00,2017-01-05 02:00:00,2017-01-07 00:00:00,2017-01-19 00:00:00,2017-01-20 00:00:00
a1e616c1,70983f2f,delivered,2018-06-06 17:00:00,2018-06-06 19:00:00,2018-06-07 17:00:00,2018-06-20 17:00:00,2018-06-19 17:00:00
5e6801c4,487e5f6f,delivered,2018-05-29 10:00:00,2018-05-29 11:00:00,2018-05-30 10:00:00,2018-06-11 10:00:00,2018-06-16 10:00:00
620b880f,c1bca347,delivered,2017-09-05 23:00:00,2017-09-06 01:00:00,2017-09-06 23:00:00,2017-09-11 23:00:00,2017-09-29 23:00:00
a1040a87,156446d3,delivered,2017-04-20 19:00:00,2017-04-20 22:00:00,2017-04-22 19:00:00,2017-04-26 19:00:00,2017-05-04 19:00:00
816eac61,30d37880,delivered,2018-07-06 03:00:00,2018-07-06 03:00:00,2018-07-07 03:00:00,2018-07-09 03:00:00,2018-07-17 03:00:00
4cb2cda3,76964a09,delivered,2017-06-23 16:00:00,2017-06-23 17:00:00,2017-06-24 16:00:00,2017-07-05 16:00:00,2017-07-05 16:00:00
3097ebb1,887de5a5,delivered,2017-01-30 02:00:00,2017-01-30 03:00:00,2017-02-01 02:00:00,2017-02-05 02:00:00,2017-02-12 02:00:00
24d879e7,a693da9e,delivered,2018-03-23 21:00:00,2018-03-23 21:00:00,2018-03-24 21:00:00,2018-04-04 21:00:00,2018-04-10 21:00:00
4e5b2bca,339d672f,delivered,2018-03-31 18:00:00,2018-03-31 20:00:00,2018-04-01 18:00:00,2018-04-10 18:00:00,2018-04-10 18:00:00
368253ba,56085f5d,delivered,2017-12-27 19:00:00,2017-12-27 23:00:00,2017-12-29 19:00:00,2018-01-07 19:00:00,2018-01-08 19:00:00
0c4ff26f,b5f31c68,delivered,2018-05-14 04:00:00,2018-05-14 06:00:00,2018-05-15 04:00:00,2018-05-20 04:00:00,2018-06-04 04:00:00
2995d817,81b3f8f9,delivered,2017-06-30 18:00:00,2017-06-30 20:00:00,2017-07-01 18:00:00,2017-07-06 18:00:00,2017-07-13 18:00:00
9d484ea0,55468d8b,delivered,2017-05-02 12:00:00,2017-05-02 15:00:00,2017-05-04 12:00:00,2017-05-15 12:00:00,2017-05-18 12:00:00
eb8cd663,c7b972cb,delivered,2017-05-21 08:00:00,2017-05-21 08:00:00,2017-05-23 08:00:00,2017-05-26 08:00:00,2017-06-04 08:00:00
f918f0ac,2c4b9fd5,delivered,2018-02-02 20:00:00,2018-02-02 23:00:00,2018-02-03 20:00:00,2018-02-05 20:00:00,2018-02-25 20:00:00
f011e38a,0e9f4d6d,delivered,2017-11-30 18:00:00,2017-11-30 21:00:00,2017-12-02 18:00:00,2017-12-06 18:00:00,2017-12-13 18:00:00
079e48bd,66c50a25,delivered,2017-05-21 11:00:00,2017-05-21 15:00:00,2017-05-22 11:00:00,2017-05-24 11:00:00,2017-06-14 11:00:00
4fd335d0,fbe0db7c,delivered,2018-04-22 09:00:00,2018-04-22 09:00:00,2018-04-24 09:00:00,2018-04-27 09:00:00,2018-05-06 09:00:00
a5a1ba49,cc07a7f3,delivered,2017-01-31 01:00:00,2017-01-31 04:00:00,2017-02-02 01:00:00,2017-02-03 01:00:00,2017-02-18 01:00:00
ed657dc0,fc9bfb34,delivered,2017-05-29 02:00:00,2017-05-29 03:00:00,2017-05-31 02:00:00,2017-06-02 02:00:00,2017-06-15 02:00:00
6a9e58f7,ac1f10f9,delivered,2017-08-28 16:00:00,2017-08-28 16:00:00,2017-08-29 16:00:00,2017-09-01 16:00:00,2017-09-16 16:00:00
11d48d38,9b054caf,delivered,2018-04-21 03:00:00,2018-04-21 07:00:00,2018-04-23 03:00:00,2018-05-04 03:00:00,2018-05-10 03:00:00
343cedad,fd6ee0ca,delivered,2017-10-15 04:00:00,2017-10-15 07:00:00,2017-10-17 04:00:00,2017-10-28 04:00:00,2017-11-02 04:00:00
b98908c7,3f3538e8,delivered,2017-06-25 10:00:00,2017-06-25 12:00:00,2017-06-27 10:00:00,2017-07-05 10:00:00,2017-07-09 10:00:00
9440a501,b2ee7fe5,delivered,2018-01-28 16:00:00,2018-01-28 17:00:00,2018-01-30 16:00:00,2018-02-10 16:00:00,2018-02-11 16:00:00
ae664c6e,12fb32ff,delivered,2017-08-31 13:00:00,2017-08-31 17:00:00,2017-09-02 13:00:00,2017-09-07 13:00:00,2017-09-16 13:00:00
07154b1b,96ff2edd,processing,2018-06-09 10:00:00,2018-06-09 10:00:00,2018-06-11 10:00:00,,2018-06-24 10:00:00
31839cce,39ac39a4,delivered,2018-08-06 16:00:00,2018-08-06 18:00:00,2018-08-08 16:00:00,2018-08-14 16:00:00,2018-08-26 16:00:00
b96c3f82,01ce364d,delivered,2017-12-11 10:00:00,2017-12-11 10:00:00,2017-12-12 10:00:00,2017-12-23 10:00:00,2017-12-30 10:00:00
2efb2fb1,9abd305f,delivered,2017-04-17 00:00:00,2017-04-17 04:00:00,2017-04-18 00:00:00,2017-04-22 00:00:00,2017-05-07 00:00:00
cd0eb920,d451138a,delivered,2017-02-28 15:00:00,2017-02-28 18:00:00,2017-03-02 15:00:00,2017-03-12 15:00:00,2017-03-11 15:00:00
28386084,155b63c5,delivered,2018-06-02 10:00:00,2018-06-02 10:00:00,2018-06-04 10:00:00,2018-06-10 10:00:00,2018-06-15 10:00:00
97ef732f,0b07aa27,delivered,2017-10-12 17:00:00,2017-10-12 21:00:00,2017-10-14 17:00:00,2017-10-16 17:00:00,2017-10-27 17:00:00
49f35f0d,f7a10ec6,delivered,2017-09-22 11:00:00,2017-09-22 13:00:00,2017-09-24 11:00:00,2017-09-29 11:00:00,2017-10-11 11:00:00
f176f411,7e235edb,delivered,2018-04-03 10:00:00,2018-04-03 11:00:00,2018-04-05 10:00:00,2018-04-09 10:00:00,2018-04-17 10:00:00
45ac69e9,4a414217,delivered,2017-09-02 16:00:00,2017-09-02 16:00:00,2017-09-04 16:00:00,2017-09-13 16:00:00,2017-09-13 16:00:00
39b5ffca,0dac39c2,delivered,2017-01-26 03:00:00,2017-01-26 06:00:00,2017-01-28 03:00:00,2017-02-09 03:00:00,2017-02-16 03:00:00
f7db9906,66451f34,delivered,2017-05-31 07:00:00,2017-05-31 10:00:00,2017-06-01 07:00:00,2017-06-05 07:00:00,2017-06-11 07:00:00
26a12404,a3d96feb,delivered,2018-03-04 08:00:00,2018-03-04 12:00:00,2018-03-05 08:00:00,2018-03-14 08:00:00,2018-03-20 08:00:00
14fdce28,583ad289,delivered,2017-11-23 17:00:00,2017-11-23 17:00:00,2017-11-24 17:00:00,2017-12-02 17:00:00,2017-12-07 17:00:00
9195ea9b,db9d7e5d,delivered,2017-01-27 07:00:00,2017-01-27 10:00:00,2017-01-29 07:00:00,2017-02-01 07:00:00,2017-02-09 07:00:00
b2736595,f3d42a4f,delivered,2017-11-03 07:00:00,2017-11-03 09:00:00,2017-11-04 07:00:00,2017-11-15 07:00:00,2017-11-24 07:00:00
55d1cf7e,796a37aa,delivered,2017-01-14 11:00:00,2017-01-14 11:00:00,2017-01-15 11:00:00,2017-01-28 11:00:00,2017-02-01 11:00:00
da27aaf0,492bbba4,delivered,2017-04-20 00:00:00,2017-04-20 04:00:00,2017-04-22 00:00:00,2017-04-28 00:00:00,2017-05-09 00:00:00
7e26e56c,86699ad7,delivered,2017-05-17 14:00:00,2017-05-17 14:00:00,2017-05-18 14:00:00,2017-05-20 14:00:00,2017-05-29 14:00:00
1c334165,46a02683,delivered,2017-02-16 13:00:00,2017-02-16 13:00:00,2017-02-17 13:00:00,2017-02-21 13:00:00,2017-02-27 13:00:00
35343375,c180cd89,delivered,2017-03-18 16:00:00,2017-03-18 20:00:00,2017-03-20 16:00:00,2017-03-30 16:00:00,2017-04-08 16:00:00
3594b69d,b57bf843,delivered,2018-03-23 10:00:00,2018-03-23 14:00:00,2018-03-25 10:00:00,2018-03-28 10:00:00,2018-04-15 10:00:00
74d7260f,cfe3a69d,shipped,2018-08-22 09:00:00,2018-08-22 12:00:00,2018-08-24 09:00:00,,2018-09-07 09:00:00
3d7f2ec1,9abb6d84,delivered,2018-01-19 23:00:00,2018-01-20 01:00:00,2018-01-21 23:00:00,2018-01-25 23:00:00,2018-02-10 23:00:00
ba6a5932,d9e6c2ea,delivered,2017-03-11 22:00:00,2017-03-12 01:00:00,2017-03-13 22:00:00,2017-03-19 22:00:00,2017-03-31 22:00:00
a4a0c044,ceeba075,delivered,2017-07-26 21:00:00,2017-07-26 21:00:00,2017-07-28 21:00:00,2017-08-09 21:00:00,2017-08-06 21:00:00
ac4ef416,45408e24,delivered,2017-05-27 04:00:00,2017-05-27 05:00:00,2017-05-29 04:00:00,2017-05-31 04:00:00,2017-06-13 04:00:00
1dec48b4,4f311ea7,delivered,2017-11-27 15:00:00,2017-11-27 19:00:00,2017-11-28 15:00:00,2017-12-03 15:00:00,2017-12-11 15:00:00
43cdb534,5c5342f1,delivered,2017-03-25 07:00:00,2017-03-25 10:00:00,2017-03-26 07:00:00,2017-04-05 07:00:00,2017-04-05 07:00:00
ec2938bb,58abe39b,delivered,2017-09-04 17:00:00,2017-09-04 19:00:00,2017-09-06 17:00:00,2017-09-14 17:00:00,2017-09-15 17:00:00
6b5fe770,859eed0e,delivered,2017-10-05 14:00:00,2017-10-05 16:00:00,2017-10-07 14:00:00,2017-10-11 14:00:00,2017-10-26 14:00:00
fb5bc783,b14b3f4a,delivered,2017-04-13 19:00:00,2017-04-13 22:00:00,2017-04-15 19:00:00,2017-04-17 19:00:00,2017-04-26 19:00:00
8de7f0a2,0c84a909,delivered,2017-02-22 16:00:00,2017-02-22 16:00:00,2017-02-24 16:00:00,2017-03-04 16:00:00,2017-03-11 16:00:00
4ab9c3aa,f727e1da,delivered,2017-03-25 19:00:00,2017-03-25 22:00:00,2017-03-27 19:00:00,2017-04-07 19:00:00,2017-04-13 19:00:00
c620c4f4,6a7d6cd1,delivered,2017-07-27 17:00:00,2017-07-27 21:00:00,2017-07-29 17:00:00,2017-08-02 17:00:00,2017-08-20 17:00:00
4418e16b,b3e708ad,delivered,2017-04-30 06:00:00,2017-04-30 10:00:00,2017-05-01 06:00:00,2017-05-07 06:00:00,2017-05-20 06:00:00
0bd715ff,afbcebd8,canceled,2017-08-06 03:00:00,2017-08-06 07:00:00,2017-08-08 03:00:00,,2017-08-16 03:00:00
f895a06d,142e30ad,delivered,2017-10-17 03:00:00,2017-10-17 06:00:00,2017-10-19 03:00:00,2017-10-21 03:00:00,2017-10-28 03:00:00
09eb029d,acf9757f,delivered,2017-12-20 19:00:00,2017-12-20 23:00:00,2017-12-21 19:00:00,2018-01-01 19:00:00,2018-01-02 19:00:00
33b6bc76,cd70939d,delivered,2017-06-16 20:00:00,2017-06-17 00:00:00,2017-06-17 20:00:00,2017-06-28 20:00:00,2017-07-05 20:00:00
abe8001a,d1cdf172,delivered,2018-03-04 07:00:00,2018-03-04 11:00:00,2018-03-06 07:00:00,2018-03-08 07:00:00,2018-03-21 07:00:00
9d86f624,b7690764,delivered,2017-07-12 01:00:00,2017-07-12 03:00:00,2017-07-14 01:00:00,2017-07-25 01:00:00,2017-07-25 01:00:00
2d450640,18b95074,delivered,2017-05-11 22:00:00,2017-05-11 23:00:00,2017-05-13 22:00:00,2017-05-23 22:00:00,2017-06-01 22:00:00
a307270c,0e482c0d,delivered,2018-04-07 11:00:00,2018-04-07 14:00:00,2018-04-08 11:00:00,2018-04-17 11:00:00,2018-04-24 11:00:00
354dd928,f9463015,delivered,2018-03-05 14:00:00,2018-03-05 14:00:00,2018-03-07 14:00:00,2018-03-15 14:00:00,2018-03-16 14:00:00
df54eda1,abf143a2,delivered,2017-01-27 02:00:00,2017-01-27 03:00:00,2017-01-28 02:00:00,2017-02-01 02:00:00,2017-02-13 02:00:00
2ff02a85,e0ca9a8e,delivered,2017-04-26 01:00:00,2017-04-26 02:00:00,2017-04-27 01:00:00,2017-05-10 01:00:00,2017-05-06 01:00:00
466556cb,f18189ac,delivered,2018-01-22 08:00:00,2018-01-22 10:00:00,2018-01-23 08:00:00,2018-02-02 08:00:00,2018-02-02 08:00:00
194b779b,5cd17bcf,delivered,2018-05-20 11:00:00,2018-05-20 14:00:00,2018-05-22 11:00:00,2018-05-31 11:00:00,2018-06-05 11:00:00
598d65f2,ce128599,delivered,2017-01-29 20:00:00,2017-01-29 23:00:00,2017-01-31 20:00:00,2017-02-10 20:00:00,2017-02-13 20:00:00
18d4317f,741d826e,delivered,2017-03-01 10:00:00,2017-03-01 14:00:00,2017-03-03 10:00:00,2017-03-14 10:00:00,2017-03-25 10:00:00
97109b28,adcf9540,delivered,2017-06-27 00:00:00,2017-06-27 00:00:00,2017-06-29 00:00:00,2017-07-10 00:00:00,2017-07-10 00:00:00
1f449d7c,fb8392dd,processing,2017-06-16 22:00:00,2017-06-17 00:00:00,2017-06-18 22:00:00,,2017-07-01 22:00:00
9e9bbaaa,4b20cebe,delivered,2018-04-16 02:00:00,2018-04-16 06:00:00,2018-04-18 02:00:00,2018-04-25 02:00:00,2018-05-07 02:00:00
6071ddf0,823fdef9,delivered,2018-03-11 21:00:00,2018-03-11 23:00:00,2018-03-13 21:00:00,2018-03-23 21:00:00,2018-04-02 21:00:00
db04a8ec,e8e65a32,delivered,2017-08-28 23:00:00,2017-08-29 00:00:00,2017-08-30 23:00:00,2017-09-11 23:00:00,2017-09-14 23:00:00
a5d9e84b,7a8863ad,delivered,2018-01-04 17:00:00,2018-01-04 21:00:00,2018-01-05 17:00:00,2018-01-15 17:00:00,2018-01-23 17:00:00
0fc0fe3b,6280f1aa,delivered,2017-12-15 03:00:00,2017-12-15 07:00:00,2017-12-16 03:00:00,2017-12-21 03:00:00,2017-12-31 03:00:00
9db81371,c06d0af0,delivered,2018-07-31 09:00:00,2018-07-31 12:00:00,2018-08-02 09:00:00,2018-08-10 09:00:00,2018-08-11 09:00:00
50d43c76,762656ae,delivered,2018-06-25 21:00:00,2018-06-26 01:00:00,2018-06-27 21:00:00,2018-07-07 21:00:00,2018-07-07 21:00:00
39cb1273,ff2ea679,delivered,2017-12-25 11:00:00,2017-12-25 11:00:00,2017-12-26 11:00:00,2018-01-07 11:00:00,2018-01-14 11:00:00
2401e29c,35a839c3,delivered,2017-01-20 12:00:00,2017-01-20 15:00:00,2017-01-22 12:00:00,2017-01-27 12:00:00,2017-02-03 12:00:00
bee6f3d8,52fe39f6,delivered,2017-01-12 08:00:00,2017-01-12 10:00:00,2017-01-13 08:00:00,2017-01-17 08:00:00,2017-01-27 08:00:00
ca23b32b,af0e59e8,delivered,2018-05-15 09:00:00,2018-05-15 11:00:00,2018-05-16 09:00:00,2018-05-29 09:00:00,2018-06-06 09:00:00
f74ea28a,9f7192bc,delivered,2017-03-22 20:00:00,2017-03-22 21:00:00,2017-03-23 20:00:00,2017-03-28 20:00:00,2017-04-15 20:00:00
a00ecd04,e676eb65,delivered,2018-05-18 14:00:00,2018-05-18 18:00:00,2018-05-20 14:00:00,2018-05-31 14:00:00,2018-06-04 14:00:00
de33e938,09883ba6,delivered,2018-03-02 21:00:00,2018-03-03 01:00:00,2018-03-03 21:00:00,2018-03-10 21:00:00,2018-03-23 21:00:00
9533cf43,de8b89d2,delivered,2017-06-30 16:00:00,2017-06-30 18:00:00,2017-07-02 16:00:00,2017-07-12 16:00:00,2017-07-19 16:00:00
31b79072,f14f215e,delivered,2018-08-14 08:00:00,2018-08-14 08:00:00,2018-08-16 08:00:00,2018-08-23 08:00:00,2018-08-29 08:00:00
b41523d7,1c9244f3,delivered,2017-10-20 15:00:00,2017-10-20 19:00:00,2017-10-21 15:00:00,2017-10-30 15:00:00,2017-11-01 15:00:00
d35cab7e,3b77ab36,delivered,2017-05-25 18:00:00,2017-05-25 22:00:00,2017-05-26 18:00:00,2017-06-05 18:00:00,2017-06-15 18:00:00
6e83b15e,33c20183,delivered,2018-06-17 06:00:00,2018-06-17 09:00:00,2018-06-19 06:00:00,2018-06-28 06:00:00,2018-07-11 06:00:00
99dcfff2,a95015a1,delivered,2018-08-20 15:00:00,2018-08-20 18:00:00,2018-08-22 15:00:00,2018-09-01 15:00:00,2018-09-13 15:00:00
746ae82e,9cb18941,delivered,2017-02-04 00:00:00,2017-02-04 04:00:00,2017-02-05 00:00:00,2017-02-18 00:00:00,2017-02-15 00:00:00
bcd6c85f,df5f548f,delivered,2017-04-30 04:00:00,2017-04-30 05:00:00,2017-05-02 04:00:00,2017-05-03 04:00:00,2017-05-11 04:00:00
338fed29,f2245137,delivered,2018-08-13 18:00:00,2018-08-13 22:00:00,2018-08-14 18:00:00,2018-08-16 18:00:00,2018-08-29 18:00:00
a8084307,b11a4473,delivered,2018-01-23 04:00:00,2018-01-23 08:00:00,2018-01-25 04:00:00,2018-02-06 04:00:00,2018-02-05 04:00:00
7c58a323,52cf3388,delivered,2017-07-22 14:00:00,2017-07-22 14:00:00,2017-07-23 14:00:00,2017-07-26 14:00:00,2017-08-04 14:00:00
ea73c10b,9aea08a8,delivered,2017-08-09 23:00:00,2017-08-10 00:00:00,2017-08-11 23:00:00,2017-08-17 23:00:00,2017-08-23 23:00:00
fcace159,dbe652d5,delivered,2017-11-20 03:00:00,2017-11-20 05:00:00,2017-11-22 03:00:00,2017-11-23 03:00:00,2017-12-08 03:00:00
5fb32294,48b03143,delivered,2017-06-24 08:00:00,2017-06-24 08:00:00,2017-06-26 08:00:00,2017-06-30 08:00:00,2017-07-15 08:00:00
22cbce4e,d9791a72,delivered,2017-05-13 20:00:00,2017-05-13 22:00:00,2017-05-15 20:00:00,2017-05-16 20:00:00,2017-05-25 20:00:00
9c1d6aa6,060c052d,delivered,2017-08-24 06:00:00,2017-08-24 06:00:00,2017-08-25 06:00:00,2017-09-05 06:00:00,2017-09-07 06:00:00
3eddbdd6,ddce10f6,delivered,2018-08-11 18:00:00,2018-08-11 18:00:00,2018-08-12 18:00:00,2018-08-20 18:00:00,2018-08-25 18:00:00
0d645a64,666de2fe,delivered,2017-11-08 05:00:00,2017-11-08 06:00:00,2017-11-09 05:00:00,2017-11-14 05:00:00,2017-11-21 05:00:00
bd654709,57c0eceb,delivered,2018-08-20 21:00:00,2018-08-20 22:00:00,2018-08-22 21:00:00,2018-09-02 21:00:00,2018-09-06 21:00:00
6c3937f0,cb51316d,delivered,2017-03-20 07:00:00,2017-03-20 09:00:00,2017-03-22 07:00:00,2017-03-24 07:00:00,2017-04-08 07:00:00
82d388d4,fefc39f6,delivered,2017-11-19 19:00:00,2017-11-19 22:00:00,2017-11-21 19:00:00,2017-12-03 19:00:00,2017-12-04 19:00:00
3b173537,95d414b4,delivered,2017-03-15 18:00:00,2017-03-15 21:00:00,2017-03-16 18:00:00,2017-03-21 18:00:00,2017-04-07 18:00:00
454caa94,666cd174,delivered,2017-11-11 01:00:00,2017-11-11 02:00:00,2017-11-13 01:00:00,2017-11-15 01:00:00,2017-11-22 01:00:00
82fdfa57,f614e965,delivered,2017-02-11 09:00:00,2017-02-11 10:00:00,2017-02-12 09:00:00,2017-02-16 09:00:00,2017-02-25 09:00:00
257a3ade,015d608d,delivered,2017-01-22 22:00:00,2017-01-22 22:00:00,2017-01-23 22:00:00,2017-02-01 22:00:00,2017-02-11 22:00:00
bcfe037d,b3405248,delivered,2017-08-28 18:00:00,2017-08-28 19:00:00,2017-08-30 18:00:00,2017-09-02 18:00:00,2017-09-11 18:00:00
274a0d59,39690cae,delivered,2018-06-09 06:00:00,2018-06-09 09:00:00,2018-06-11 06:00:00,2018-06-21 06:00:00,2018-06-24 06:00:00
3b160b04,3f26c68e,delivered,2017-03-16 23:00:00,2017-03-17 02:00:00,2017-03-18 23:00:00,2017-03-20 23:00:00,2017-03-26 23:00:00
4d4e21cd,f9940be5,delivered,2017-04-18 02:00:00,2017-04-18 04:00:00,2017-04-20 02:00:00,2017-04-26 02:00:00,2017-05-01 02:00:00
111a24f6,a8f8a15b,delivered,2018-08-02 07:00:00,2018-08-02 09:00:00,2018-08-03 07:00:00,2018-08-11 07:00:00,2018-08-18 07:00:00
2e9ff67b,fe0ec296,delivered,2018-01-13 09:00:00,2018-01-13 11:00:00,2018-01-15 09:00:00,2018-01-23 09:00:00,2018-02-02 09:00:00
648e0061,b97483ed,delivered,2018-03-29 10:00:00,2018-03-29 10:00:00,2018-03-30 10:00:00,2018-04-01 10:00:00,2018-04-19 10:00:00
e7fd26cc,d8d71ab9,delivered,2017-11-30 23:00:00,2017-11-30 23:00:00,2017-12-02 23:00:00,2017-12-05 23:00:00,2017-12-13 23:00:00
52887b8d,fdf017ff,delivered,2017-03-20 20:00:00,2017-03-20 20:00:00,2017-03-22 20:00:00,2017-03-27 20:00:00,2017-04-13 20:00:00
a8c56fee,10cc1a97,delivered,2018-01-25 19:00:00,2018-01-25 19:00:00,2018-01-27 19:00:00,2018-02-08 19:00:00,2018-02-16 19:00:00
8b6db6fe,3b12320b,delivered,2017-01-10 18:00:00,2017-01-10 18:00:00,2017-01-11 18:00:00,2017-01-22 18:00:00,2017-01-24 18:00:00
6e125ba8,c1480d4f,delivered,2017-01-21 15:00:00,2017-01-21 19:00:00,2017-01-22 15:00:00,2017-01-26 15:00:00,2017-02-05 15:00:00
1aa41a61,3ecb1f4a,delivered,2017-02-09 19:00:00,2017-02-09 22:00:00,2017-02-10 19:00:00,2017-02-22 19:00:00,2017-03-01 19:00:00
ba0b4139,02d84074,delivered,2018-06-17 20:00:00,2018-06-17 20:00:00,2018-06-19 20:00:00,2018-06-26 20:00:00,2018-07-07 20:00:00
ba1c272a,08dd885e,delivered,2017-02-14 14:00:00,2017-02-14 18:00:00,2017-02-16 14:00:00,2017-02-23 14:00:00,2017-02-26 14:00:00
6cc058e7,e62d8495,delivered,2017-07-12 02:00:00,2017-07-12 04:00:00,2017-07-13 02:00:00,2017-07-16 02:00:00,2017-08-04 02:00:00
76905844,6ec6e981,delivered,2018-06-25 21:00:00,2018-06-25 21:00:00,2018-06-26 21:00:00,2018-07-03 21:00:00,2018-07-06 21:00:00
58a0cbea,ef27f67e,delivered,2017-09-15 11:00:00,2017-09-15 15:00:00,2017-09-17 11:00:00,2017-09-21 11:00:00,2017-10-03 11:00:00
2e685d20,a79ce5bf,delivered,2018-04-26 19:00:00,2018-04-26 21:00:00,2018-04-27 19:00:00,2018-05-04 19:00:00,2018-05-10 19:00:00
c91e53e6,1d46c518,delivered,2017-12-20 14:00:00,2017-12-20 17:00:00,2017-12-21 14:00:00,2018-01-03 14:00:00,2018-01-10 14:00:00
b81cd084,a47192ae,delivered,2018-05-29 12:00:00,2018-05-29 12:00:00,2018-05-30 12:00:00,2018-06-12 12:00:00,2018-06-17 12:00:00
70373e5b,76546fca,delivered,2017-05-29 02:00:00,2017-05-29 06:00:00,2017-05-30 02:00:00,2017-06-11 02:00:00,2017-06-10 02:00:00
bfd4e93c,044c42ed,delivered,2017-10-01 16:00:00,2017-10-01 17:00:00,2017-10-03 16:00:00,2017-10-11 16:00:00,2017-10-14 16:00:00
7b3a7c89,0014f1a0,delivered,2017-02-20 07:00:00,2017-02-20 11:00:00,2017-02-21 07:00:00,2017-03-02 07:00:00,2017-03-11 07:00:00
7cb54765,0ab322b0,delivered,2018-01-25 09:00:00,2018-01-25 11:00:00,2018-01-26 09:00:00,2018-02-01 09:00:00,2018-02-08 09:00:00
0f0c8f01,e7d56030,delivered,2018-02-16 14:00:00,2018-02-16 17:00:00,2018-02-17 14:00:00,2018-03-01 14:00:00,2018-03-12 14:00:00
b411ea8e,5c2549fd,delivered,2017-08-02 12:00:00,2017-08-02 15:00:00,2017-08-04 12:00:00,2017-08-11 12:00:00,2017-08-17 12:00:00
4c8972d9,8d91e02d,delivered,2017-04-29 14:00:00,2017-04-29 18:00:00,2017-04-30 14:00:00,2017-05-02 14:00:00,2017-05-18 14:00:00
b8dd61e5,c722d13f,delivered,2017-12-13 12:00:00,2017-12-13 12:00:00,2017-12-15 12:00:00,2017-12-20 12:00:00,2017-12-29 12:00:00
7ac8c3ce,824c2270,delivered,2017-01-12 23:00:00,2017-01-13 03:00:00,2017-01-13 23:00:00,2017-01-19 23:00:00,2017-01-24 23:00:00
a04d7ffd,85cead9e,delivered,2017-06-13 07:00:00,2017-06-13 10:00:00,2017-06-15 07:00:00,2017-06-21 07:00:00,2017-06-28 07:00:00
cd3ca334,5bd5754d,delivered,2017-03-04 02:00:00,2017-03-04 03:00:00,2017-03-05 02:00:00,2017-03-12 02:00:00,2017-03-15 02:00:00
17bff8f1,b7528830,delivered,2018-06-12 19:00:00,2018-06-12 22:00:00,2018-06-14 19:00:00,2018-06-26 19:00:00,2018-07-02 19:00:00
0db26522,602a77d8,shipped,2018-07-17 09:00:00,2018-07-17 12:00:00,2018-07-19 09:00:00,,2018-07-28 09:00:00
fb528fb4,a45ea02c,delivered,2017-03-14 09:00:00,2017-03-14 11:00:00,2017-03-16 09:00:00,2017-03-17 09:00:00,2017-04-07 09:00:00
fd897fb2,356b1534,delivered,2018-07-10 22:00:00,2018-07-11 01:00:00,2018-07-11 22:00:00,2018-07-14 22:00:00,2018-07-22 22:00:00
ca04b90c,ce84b976,delivered,2017-06-28 17:00:00,2017-06-28 21:00:00,2017-06-30 17:00:00,2017-07-11 17:00:00,2017-07-10 17:00:00
0e2d8046,8346d131,processing,2018-04-09 09:00:00,2018-04-09 10:00:00,2018-04-10 09:00:00,,2018-04-21 09:00:00
ed0a6acc,b04659af,delivered,2017-06-01 12:00:00,2017-06-01 14:00:00,2017-06-03 12:00:00,2017-06-14 12:00:00,2017-06-17 12:00:00
5c9c116d,b5fbd093,delivered,2017-09-13 17:00:00,2017-09-13 20:00:00,2017-09-14 17:00:00,2017-09-16 17:00:00,2017-09-25 17:00:00
114654b9,743a6793,delivered,2018-06-24 01:00:00,2018-06-24 03:00:00,2018-06-26 01:00:00,2018-07-05 01:00:00,2018-07-09 01:00:00
7658bad8,581fa8bd,delivered,2017-12-13 08:00:00,2017-12-13 09:00:00,2017-12-14 08:00:00,2017-12-21 08:00:00,2017-12-28 08:00:00
b0d49fef,5a958571,delivered,2018-08-16 04:00:00,2018-08-16 06:00:00,2018-08-17 04:00:00,2018-08-21 04:00:00,2018-08-28 04:00:00
0d2a3ef3,1e2a753d,delivered,2017-11-17 23:00:00,2017-11-18 01:00:00,2017-11-19 23:00:00,2017-11-29 23:00:00,2017-12-06 23:00:00
b67fbc65,329e303d,delivered,2018-07-17 10:00:00,2018-07-17 14:00:00,2018-07-19 10:00:00,2018-07-31 10:00:00,2018-07-28 10:00:00
191c9b61,fe4c2418,delivered,2017-10-31 11:00:00,2017-10-31 12:00:00,2017-11-01 11:00:00,2017-11-14 11:00:00,2017-11-17 11:00:00
af1e0644,c1ea40f8,delivered,2018-04-04 23:00:00,2018-04-05 02:00:00,2018-04-06 23:00:00,2018-04-13 23:00:00,2018-04-19 23:00:00
b5fded8f,c944a86b,delivered,2018-04-29 19:00:00,2018-04-29 19:00:00,2018-04-30 19:00:00,2018-05-11 19:00:00,2018-05-16 19:00:00
498e696c,ee9c6464,delivered,2017-12-31 05:00:00,2017-12-31 07:00:00,2018-01-02 05:00:00,2018-01-11 05:00:00,2018-01-12 05:00:00
08b31eb6,1d08a826,delivered,2018-04-27 08:00:00,2018-04-27 11:00:00,2018-04-29 08:00:00,2018-05-01 08:00:00,2018-05-18 08:00:00
e8759f24,b6d5501f,delivered,2017-05-31 06:00:00,2017-05-31 07:00:00,2017-06-01 06:00:00,2017-06-13 06:00:00,2017-06-16 06:00:00
e5de2894,00a995df,delivered,2017-08-21 01:00:00,2017-08-21 03:00:00,2017-08-23 01:00:00,2017-09-01 01:00:00,2017-09-11 01:00:00
955a44d2,f52723f5,delivered,2018-06-10 14:00:00,2018-06-10 17:00:00,2018-06-12 14:00:00,2018-06-22 14:00:00,2018-06-27 14:00:00
47008606,277908c3,delivered,2017-06-15 10:00:00,2017-06-15 11:00:00,2017-06-16 10:00:00,2017-06-25 10:00:00,2017-07-06 10:00:00
7d9dd332,0316de16,delivered,2018-04-14 02:00:00,2018-04-14 04:00:00,2018-04-15 02:00:00,2018-04-22 02:00:00,2018-05-05 02:00:00
d1c81135,b5a17d53,canceled,2018-01-14 03:00:00,2018-01-14 06:00:00,2018-01-16 03:00:00,,2018-02-03 03:00:00
26c57596,6320c18a,delivered,2018-06-06 16:00:00,2018-06-06 16:00:00,2018-06-08 16:00:00,2018-06-14 16:00:00,2018-06-23 16:00:00
740e5720,8346d131,delivered,2017-04-07 12:00:00,2017-04-07 13:00:00,2017-04-08 12:00:00,2017-04-16 12:00:00,2017-04-26 12:00:00
fb41d5b0,bc6be732,delivered,2018-02-21 04:00:00,2018-02-21 06:00:00,2018-02-22 04:00:00,2018-02-25 04:00:00,2018-03-16 04:00:00
f6ad007d,61e37970,delivered,2017-07-20 01:00:00,2017-07-20 04:00:00,2017-07-21 01:00:00,2017-08-02 01:00:00,2017-08-05 01:00:00
a16f07a8,5e73c689,delivered,2018-05-26 21:00:00,2018-05-26 21:00:00,2018-05-28 21:00:00,2018-06-05 21:00:00,2018-06-15 21:00:00
74d03edc,9f8e1adb,delivered,2017-03-30 21:00:00,2017-03-31 01:00:00,2017-03-31 21:00:00,2017-04-06 21:00:00,2017-04-15 21:00:00
153b5dd1,a7d96f66,delivered,2017-03-11 20:00:00,2017-03-11 20:00:00,2017-03-12 20:00:00,2017-03-21 20:00:00,2017-04-01 20:00:00
976c6e83,26940f57,delivered,2017-10-28 08:00:00,2017-10-28 10:00:00,2017-10-30 08:00:00,2017-11-09 08:00:00,2017-11-16 08:00:00
5a758a23,9a319eeb,delivered,2017-08-28 18:00:00,2017-08-28 22:00:00,2017-08-29 18:00:00,2017-09-02 18:00:00,2017-09-08 18:00:00
11cbc2e9,6f71c290,delivered,2017-05-18 21:00:00,2017-05-19 01:00:00,2017-05-19 21:00:00,2017-05-28 21:00:00,2017-06-02 21:00:00
57444785,577a2df3,delivered,2018-05-30 17:00:00,2018-05-30 21:00:00,2018-06-01 17:00:00,2018-06-07 17:00:00,2018-06-15 17:00:00
fdc4889b,c2731b2e,delivered,2017-11-07 10:00:00,2017-11-07 14:00:00,2017-11-08 10:00:00,2017-11-21 10:00:00,2017-11-23 10:00:00
99b390b6,220c89fd,delivered,2018-06-29 05:00:00,2018-06-29 09:00:00,2018-07-01 05:00:00,2018-07-04 05:00:00,2018-07-22 05:00:00
7092f7f3,edaec46e,delivered,2017-08-03 06:00:00,2017-08-03 09:00:00,2017-08-04 06:00:00,2017-08-11 06:00:00,2017-08-16 06:00:00
c03b351d,daf7da96,delivered,2017-12-09 06:00:00,2017-12-09 09:00:00,2017-12-10 06:00:00,2017-12-16 06:00:00,2017-12-29 06:00:00
239d7ff1,2ccefcbc,delivered,2018-02-13 22:00:00,2018-02-14 01:00:00,2018-02-15 22:00:00,2018-02-21 22:00:00,2018-02-28 22:00:00
b1469a19,5c55827e,delivered,2017-10-05 02:00:00,2017-10-05 06:00:00,2017-10-07 02:00:00,2017-10-08 02:00:00,2017-10-19 02:00:00
6a23852e,6a5dfad3,delivered,2018-07-22 02:00:00,2018-07-22 03:00:00,2018-07-24 02:00:00,2018-08-01 02:00:00,2018-08-09 02:00:00
6cf4d726,074fc9ee,delivered,2017-04-06 22:00:00,2017-04-07 02:00:00,2017-04-07 22:00:00,2017-04-16 22:00:00,2017-04-30 22:00:00
ba20766d,d4ef7d38,delivered,2017-01-07 09:00:00,2017-01-07 09:00:00,2017-01-09 09:00:00,2017-01-18 09:00:00,2017-01-18 09:00:00
fcdcaa76,c78de6ad,delivered,2017-01-19 08:00:00,2017-01-19 08:00:00,2017-01-21 08:00:00,2017-01-27 08:00:00,2017-01-31 08:00:00
a8067fde,b3405248,delivered,2017-05-29 23:00:00,2017-05-29 23:00:00,2017-05-31 23:00:00,2017-06-12 23:00:00,2017-06-14 23:00:00
178faa1e,c1a9a8c4,delivered,2017-07-07 07:00:00,2017-07-07 07:00:00,2017-07-09 07:00:00,2017-07-12 07:00:00,2017-07-21 07:00:00
4f937e69,96d4dd0d,delivered,2017-06-05 15:00:00,2017-06-05 17:00:00,2017-06-06 15:00:00,2017-06-14 15:00:00,2017-06-22 15:00:00
6c5decf4,b20fd29b,delivered,2018-07-30 12:00:00,2018-07-30 16:00:00,2018-07-31 12:00:00,2018-08-03 12:00:00,2018-08-13 12:00:00
d158b7b1,7e7a2ed1,delivered,2017-08-14 01:00:00,2017-08-14 05:00:00,2017-08-15 01:00:00,2017-08-28 01:00:00,2017-08-24 01:00:00
0b6110cc,5e8b6d1b,shipped,2018-02-19 09:00:00,2018-02-19 12:00:00,2018-02-20 09:00:00,,2018-03-15 09:00:00
845c4b05,b1a0a44b,delivered,2017-03-26 07:00:00,2017-03-26 11:00:00,2017-03-27 07:00:00,2017-04-01 07:00:00,2017-04-10 07:00:00
b4d47335,2f4d7867,delivered,2017-03-06 14:00:00,2017-03-06 14:00:00,2017-03-07 14:00:00,2017-03-13 14:00:00,2017-03-25 14:00:00
428eaec5,df5f548f,delivered,2017-12-12 18:00:00,2017-12-12 18:00:00,2017-12-13 18:00:00,2017-12-19 18:00:00,2017-12-31 18:00:00
d5d4963c,e07049ae,delivered,2017-09-20 21:00:00,2017-09-20 22:00:00,2017-09-22 21:00:00,2017-09-26 21:00:00,2017-09-30 21:00:00
cda0d4b7,86fdd3e0,delivered,2018-04-27 02:00:00,2018-04-27 05:00:00,2018-04-28 02:00:00,2018-04-30 02:00:00,2018-05-16 02:00:00
a6ddd255,28c4285a,delivered,2018-04-22 00:00:00,2018-04-22 04:00:00,2018-04-24 00:00:00,2018-05-01 00:00:00,2018-05-08 00:00:00
a5a5c216,fe59006a,delivered,2017-06-09 11:00:00,2017-06-09 14:00:00,2017-06-11 11:00:00,2017-06-12 11:00:00,2017-06-27 11:00:00
eaed92eb,7bb36217,delivered,2017-03-14 11:00:00,2017-03-14 15:00:00,2017-03-16 11:00:00,2017-03-25 11:00:00,2017-03-27 11:00:00
22826057,d0a8e06a,delivered,2017-08-30 02:00:00,2017-08-30 06:00:00,2017-08-31 02:00:00,2017-09-08 02:00:00,2017-09-10 02:00:00
8746e31d,e38a0fd3,delivered,2018-07-06 18:00:00,2018-07-06 18:00:00,2018-07-08 18:00:00,2018-07-17 18:00:00,2018-07-19 18:00:00
48a4ad4b,18338036,delivered,2017-01-23 08:00:00,2017-01-23 12:00:00,2017-01-25 08:00:00,2017-01-29 08:00:00,2017-02-04 08:00:00
2bfb5f53,8dd13a80,delivered,2017-04-30 16:00:00,2017-04-30 20:00:00,2017-05-01 16:00:00,2017-05-12 16:00:00,2017-05-17 16:00:00
463cedf9,9377d242,delivered,2017-09-03 21:00:00,2017-09-03 21:00:00,2017-09-04 21:00:00,2017-09-10 21:00:00,2017-09-14 21:00:00
166b8d22,44d02ff1,delivered,2017-10-03 04:00:00,2017-10-03 05:00:00,2017-10-05 04:00:00,2017-10-09 04:00:00,2017-10-27 04:00:00
211761be,0b4d0f3d,delivered,2017-02-19 15:00:00,2017-02-19 19:00:00,2017-02-21 15:00:00,2017-03-05 15:00:00,2017-03-02 15:00:00
40f6d13d,375eec33,delivered,2017-03-21 16:00:00,2017-03-21 19:00:00,2017-03-22 16:00:00,2017-03-28 16:00:00,2017-04-05 16:00:00
f380aad1,d8608f2b,delivered,2017-07-13 03:00:00,2017-07-13 03:00:00,2017-07-14 03:00:00,2017-07-16 03:00:00,2017-07-30 03:00:00
193f10a6,8146f596,delivered,2018-08-13 22:00:00,2018-08-14 00:00:00,2018-08-15 22:00:00,2018-08-20 22:00:00,2018-09-01 22:00:00
bd96d038,0ab322b0,delivered,2017-03-30 03:00:00,2017-03-30 04:00:00,2017-03-31 03:00:00,2017-04-12 03:00:00,2017-04-11 03:00:00
356d2d1b,ff301d63,delivered,2018-04-29 02:00:00,2018-04-29 04:00:00,2018-05-01 02:00:00,2018-05-11 02:00:00,2018-05-14 02:00:00
ea851f58,3cb745d5,delivered,2017-05-18 21:00:00,2017-05-18 22:00:00,2017-05-20 21:00:00,2017-05-27 21:00:00,2017-05-30 21:00:00
cfa8e681,d838b16d,delivered,2018-06-09 07:00:00,2018-06-09 10:00:00,2018-06-11 07:00:00,2018-06-20 07:00:00,2018-06-30 07:00:00
4d79fea6,d2a5c3c8,delivered,2018-06-24 22:00:00,2018-06-24 23:00:00,2018-06-26 22:00:00,2018-06-29 22:00:00,2018-07-15 22:00:00
87c0cc42,2d262d73,delivered,2017-11-10 06:00:00,2017-11-10 07:00:00,2017-11-11 06:00:00,2017-11-16 06:00:00,2017-11-25 06:00:00
8b18e10b,ae154278,delivered,2017-10-18 14:00:00,2017-10-18 15:00:00,2017-10-20 14:00:00,2017-10-28 14:00:00,2017-11-08 14:00:00
b324a67b,3b45cc51,delivered,2017-07-26 07:00:00,2017-07-26 11:00:00,2017-07-27 07:00:00,2017-08-03 07:00:00,2017-08-15 07:00:00
e4325a42,2696c20c,delivered,2018-06-18 00:00:00,2018-06-18 01:00:00,2018-06-20 00:00:00,2018-06-25 00:00:00,2018-07-03 00:00:00
5c14e42a,621387b5,delivered,2018-07-04 02:00:00,2018-07-04 02:00:00,2018-07-06 02:00:00,2018-07-14 02:00:00,2018-07-27 02:00:00
46420ce4,89dec935,delivered,2018-01-18 17:00:00,2018-01-18 20:00:00,2018-01-19 17:00:00,2018-02-01 17:00:00,2018-02-05 17:00:00
38a494ed,e9097d0b,delivered,2017-04-17 04:00:00,2017-04-17 06:00:00,2017-04-19 04:00:00,2017-04-26 04:00:00,2017-05-02 04:00:00
0b7cd337,c023d722,delivered,2017-05-12 13:00:00,2017-05-12 13:00:00,2017-05-14 13:00:00,2017-05-19 13:00:00,2017-05-31 13:00:00
ea40bbe8,03f65d07,delivered,2018-04-09 11:00:00,2018-04-09 11:00:00,2018-04-10 11:00:00,2018-04-12 11:00:00,2018-05-02 11:00:00
662f1c2d,dfd4bffc,delivered,2018-02-26 13:00:00,2018-02-26 17:00:00,2018-02-28 13:00:00,2018-03-01 13:00:00,2018-03-20 13:00:00
657286f9,d7c77574,delivered,2018-03-21 03:00:00,2018-03-21 05:00:00,2018-03-22 03:00:00,2018-04-01 03:00:00,2018-04-06 03:00:00
fc7f461d,000ec338,delivered,2017-01-08 11:00:00,2017-01-08 11:00:00,2017-01-10 11:00:00,2017-01-18 11:00:00,2017-01-31 11:00:00
0d7a9f51,dd134b69,delivered,2018-01-09 03:00:00,2018-01-09 03:00:00,2018-01-10 03:00:00,2018-01-13 03:00:00,2018-01-28 03:00:00
a6381d46,704d015e,delivered,2017-07-28 12:00:00,2017-07-28 13:00:00,2017-07-29 12:00:00,2017-08-02 12:00:00,2017-08-18 12:00:00
8b17b37a,51d40cd2,delivered,2017-07-25 06:00:00,2017-07-25 10:00:00,2017-07-27 06:00:00,2017-08-08 06:00:00,2017-08-16 06:00:00
8aafc1b0,c55c9c41,delivered,2018-05-02 02:00:00,2018-05-02 03:00:00,2018-05-03 02:00:00,2018-05-13 02:00:00,2018-05-16 02:00:00
9d1b666d,9b7efb71,delivered,2017-05-29 19:00:00,2017-05-29 21:00:00,2017-05-31 19:00:00,2017-06-04 19:00:00,2017-06-09 19:00:00
3b4d4914,3a92bc53,delivered,2017-03-08 22:00:00,2017-03-09 02:00:00,2017-03-10 22:00:00,2017-03-12 22:00:00,2017-03-28 22:00:00
cfa32015,26c2c38c,invoiced,2018-01-30 10:00:00,2018-01-30 12:00:00,2018-01-31 10:00:00,,2018-02-15 10:00:00
0b5a82bc,89f01cfb,delivered,2017-05-10 02:00:00,2017-05-10 05:00:00,2017-05-11 02:00:00,2017-05-16 02:00:00,2017-05-27 02:00:00
701d477a,1e358309,delivered,2018-05-18 12:00:00,2018-05-18 13:00:00,2018-05-19 12:00:00,2018-05-21 12:00:00,2018-06-09 12:00:00
8c652b13,d71d5207,delivered,2017-05-10 09:00:00,2017-05-10 10:00:00,2017-05-11 09:00:00,2017-05-23 09:00:00,2017-05-29 09:00:00
261a6351,30f7dd48,delivered,2018-03-08 01:00:00,2018-03-08 02:00:00,2018-03-09 01:00:00,2018-03-14 01:00:00,2018-03-28 01:00:00
900ea366,f0c1a7de,delivered,2017-12-15 05:00:00,2017-12-15 06:00:00,2017-12-16 05:00:00,2017-12-25 05:00:00,2018-01-04 05:00:00
37d72e58,c9b014bd,delivered,2017-12-13 23:00:00,2017-12-14 03:00:00,2017-12-15 23:00:00,2017-12-21 23:00:00,2017-12-28 23:00:00
75dea473,0719c5c0,delivered,2018-06-22 12:00:00,2018-06-22 13:00:00,2018-06-24 12:00:00,2018-06-26 12:00:00,2018-07-04 12:00:00
61f46684,ecbaab9a,delivered,2017-01-13 23:00:00,2017-01-14 01:00:00,2017-01-14 23:00:00,2017-01-26 23:00:00,2017-02-06 23:00:00
a7eff667,b8b45e31,delivered,2017-03-16 20:00:00,2017-03-16 23:00:00,2017-03-17 20:00:00,2017-03-23 20:00:00,2017-04-07 20:00:00
0e705b9c,ceeba075,delivered,2017-08-23 00:00:00,2017-08-23 00:00:00,2017-08-25 00:00:00,2017-08-28 00:00:00,2017-09-08 00:00:00
2bdb56c5,7fb0d79c,delivered,2017-08-03 15:00:00,2017-08-03 18:00:00,2017-08-04 15:00:00,2017-08-10 15:00:00,2017-08-25 15:00:00
d68bc7c5,3f03bd2d,delivered,2017-07-06 02:00:00,2017-07-06 03:00:00,2017-07-07 02:00:00,2017-07-15 02:00:00,2017-07-18 02:00:00
c455c7cb,b98a9118,delivered,2018-07-08 08:00:00,2018-07-08 09:00:00,2018-07-10 08:00:00,2018-07-12 08:00:00,2018-07-22 08:00:00
e384bfb2,64133ea2,delivered,2017-08-01 06:00:00,2017-08-01 07:00:00,2017-08-03 06:00:00,2017-08-15 06:00:00,2017-08-25 06:00:00
88c6fb1d,0bdb3e7f,delivered,2017-12-03 10:00:00,2017-12-03 11:00:00,2017-12-04 10:00:00,2017-12-17 10:00:00,2017-12-15 10:00:00
182ba203,fbe3747c,delivered,2018-01-03 12:00:00,2018-01-03 14:00:00,2018-01-04 12:00:00,2018-01-10 12:00:00,2018-01-17 12:00:00
46207898,78542da9,delivered,2018-03-25 06:00:00,2018-03-25 08:00:00,2018-03-26 06:00:00,2018-03-30 06:00:00,2018-04-18 06:00:00
dabf142b,5df621de,delivered,2018-08-14 03:00:00,2018-08-14 07:00:00,2018-08-16 03:00:00,2018-08-19 03:00:00,2018-09-01 03:00:00
210ecbe8,a88ff43a,delivered,2017-07-20 21:00:00,2017-07-20 22:00:00,2017-07-22 21:00:00,2017-08-02 21:00:00,2017-08-05 21:00:00
1cf24ee5,c180cd89,delivered,2017-09-18 22:00:00,2017-09-18 23:00:00,2017-09-20 22:00:00,2017-10-01 22:00:00,2017-10-08 22:00:00
69048f9c,9cf61efd,delivered,2018-03-18 02:00:00,2018-03-18 06:00:00,2018-03-19 02:00:00,2018-03-30 02:00:00,2018-03-29 02:00:00
1c823814,a5afe1bf,delivered,2018-02-01 05:00:00,2018-02-01 07:00:00,2018-02-03 05:00:00,2018-02-13 05:00:00,2018-02-15 05:00:00
929604dc,235ac97d,delivered,2018-05-31 12:00:00,2018-05-31 13:00:00,2018-06-02 12:00:00,2018-06-13 12:00:00,2018-06-11 12:00:00
0d25f6ca,3bcd2d27,delivered,2018-01-31 16:00:00,2018-01-31 16:00:00,2018-02-01 16:00:00,2018-02-06 16:00:00,2018-02-22 16:00:00
b2ab662d,f278f595,delivered,2017-02-13 10:00:00,2017-02-13 13:00:00,2017-02-14 10:00:00,2017-02-23 10:00:00,2017-03-08 10:00:00
b73e5f78,aeaca0f3,canceled,2017-11-24 05:00:00,2017-11-24 07:00:00,2017-11-25 05:00:00,,2017-12-04 05:00:00
167555c4,15a3d4a6,delivered,2018-04-02 01:00:00,2018-04-02 02:00:00,2018-04-03 01:00:00,2018-04-10 01:00:00,2018-04-19 01:00:00
4d83496f,3f12f636,delivered,2017-09-30 23:00:00,2017-10-01 00:00:00,2017-10-01 23:00:00,2017-10-04 23:00:00,2017-10-15 23:00:00
80d563c7,30085ae2,delivered,2017-01-12 13:00:00,2017-01-12 16:00:00,2017-01-14 13:00:00,2017-01-21 13:00:00,2017-01-24 13:00:00
f9a8c09b,2d9321d1,delivered,2018-06-23 03:00:00,2018-06-23 04:00:00,2018-06-24 03:00:00,2018-07-05 03:00:00,2018-07-12 03:00:00
2adc7bb5,4d4bd54b,delivered,2017-10-23 13:00:00,2017-10-23 13:00:00,2017-10-24 13:00:00,2017-11-05 13:00:00,2017-11-16 13:00:00
666cd1fd,c50c8895,delivered,2017-04-16 09:00:00,2017-04-16 12:00:00,2017-04-17 09:00:00,2017-04-19 09:00:00,2017-05-08 09:00:00
1d489830,5dc9c9cd,delivered,2017-12-23 22:00:00,2017-12-23 22:00:00,2017-12-24 22:00:00,2018-01-01 22:00:00,2018-01-09 22:00:00
1b3f6101,a67a7049,delivered,2017-10-09 09:00:00,2017-10-09 09:00:00,2017-10-10 09:00:00,2017-10-12 09:00:00,2017-10-27 09:00:00
4dacd195,548cd922,delivered,2018-07-29 22:00:00,2018-07-29 23:00:00,2018-07-30 22:00:00,2018-08-02 22:00:00,2018-08-19 22:00:00
2ae4a0b9,7e9cfd08,delivered,2017-11-23 10:00:00,2017-11-23 12:00:00,2017-11-24 10:00:00,2017-12-03 10:00:00,2017-12-09 10:00:00
e073022f,595abbf0,delivered,2018-03-16 09:00:00,2018-03-16 13:00:00,2018-03-18 09:00:00,2018-03-26 09:00:00,2018-03-26 09:00:00
5d3393e7,0de57290,delivered,2017-03-15 09:00:00,2017-03-15 13:00:00,2017-03-16 09:00:00,2017-03-19 09:00:00,2017-04-01 09:00:00
6393ffa4,2bce5b19,delivered,2018-04-01 07:00:00,2018-04-01 09:00:00,2018-04-02 07:00:00,2018-04-14 07:00:00,2018-04-13 07:00:00
24e7a63c,83d1be55,delivered,2018-05-28 20:00:00,2018-05-28 23:00:00,2018-05-30 20:00:00,2018-06-08 20:00:00,2018-06-07 20:00:00
664b52f2,824c2270,delivered,2017-07-09 07:00:00,2017-07-09 09:00:00,2017-07-11 07:00:00,2017-07-14 07:00:00,2017-07-30 07:00:00
27331968,b8268ab7,shipped,2017-05-19 04:00:00,2017-05-19 05:00:00,2017-05-21 04:00:00,,2017-05-31 04:00:00
5f664430,97393479,delivered,2017-09-13 20:00:00,2017-09-14 00:00:00,2017-09-15 20:00:00,2017-09-26 20:00:00,2017-09-23 20:00:00
c29f95c2,11414498,delivered,2018-06-02 20:00:00,2018-06-02 22:00:00,2018-06-04 20:00:00,2018-06-07 20:00:00,2018-06-23 20:00:00
eb947ece,75cfd666,delivered,2017-03-13 10:00:00,2017-03-13 14:00:00,2017-03-15 10:00:00,2017-03-25 10:00:00,2017-04-06 10:00:00
58e94342,9915fbcf,delivered,2018-07-10 16:00:00,2018-07-10 18:00:00,2018-07-11 16:00:00,2018-07-16 16:00:00,2018-07-24 16:00:00
833baef0,6200212a,delivered,2017-08-14 12:00:00,2017-08-14 13:00:00,2017-08-16 12:00:00,2017-08-24 12:00:00,2017-08-26 12:00:00
97495d30,047d7abb,delivered,2017-11-03 21:00:00,2017-11-03 22:00:00,2017-11-05 21:00:00,2017-11-14 21:00:00,2017-11-24 21:00:00
e90becea,8b256491,delivered,2018-01-27 04:00:00,2018-01-27 08:00:00,2018-01-29 04:00:00,2018-01-30 04:00:00,2018-02-19 04:00:00
96dde1c2,33355c90,delivered,2017-07-05 02:00:00,2017-07-05 02:00:00,2017-07-07 02:00:00,2017-07-13 02:00:00,2017-07-25 02:00:00
6d00aa88,785ddb88,delivered,2017-08-07 11:00:00,2017-08-07 13:00:00,2017-08-09 11:00:00,2017-08-17 11:00:00,2017-08-31 11:00:00
39eede93,afe6b6f5,delivered,2018-01-08 16:00:00,2018-01-08 18:00:00,2018-01-09 16:00:00,2018-01-21 16:00:00,2018-01-19 16:00:00
47b0bd75,957304ca,shipped,2017-03-22 10:00:00,2017-03-22 12:00:00,2017-03-24 10:00:00,,2017-04-10 10:00:00
eb4bcfbc,7a91d550,delivered,2017-06-23 13:00:00,2017-06-23 14:00:00,2017-06-25 13:00:00,2017-07-01 13:00:00,2017-07-08 13:00:00
d9f47dab,dcb1cb04,delivered,2017-08-20 11:00:00,2017-08-20 14:00:00,2017-08-21 11:00:00,2017-09-01 11:00:00,2017-09-11 11:00:00
4cc70fd0,7758ecd1,delivered,2018-06-28 22:00:00,2018-06-29 02:00:00,2018-06-30 22:00:00,2018-07-05 22:00:00,2018-07-14 22:00:00
62baad1e,70df9d2d,delivered,2017-03-20 01:00:00,2017-03-20 05:00:00,2017-03-22 01:00:00,2017-03-24 01:00:00,2017-03-31 01:00:00
a170c4fe,183a3505,delivered,2018-07-26 07:00:00,2018-07-26 09:00:00,2018-07-28 07:00:00,2018-07-29 07:00:00,2018-08-13 07:00:00
787fff55,3e3ac1c0,delivered,2018-06-04 19:00:00,2018-06-04 23:00:00,2018-06-06 19:00:00,2018-06-11 19:00:00,2018-06-24 19:00:00
7679a198,17f92891,delivered,2017-09-03 10:00:00,2017-09-03 10:00:00,2017-09-05 10:00:00,2017-09-15 10:00:00,2017-09-13 10:00:00
752c7e66,0ba142f6,delivered,2017-10-19 20:00:00,2017-10-19 23:00:00,2017-10-21 20:00:00,2017-10-29 20:00:00,2017-11-08 20:00:00
53aa867c,a95015a1,delivered,2018-08-16 02:00:00,2018-08-16 05:00:00,2018-08-17 02:00:00,2018-08-19 02:00:00,2018-09-05 02:00:00
bd73904e,4343210c,delivered,2018-03-09 22:00:00,2018-03-09 22:00:00,2018-03-10 22:00:00,2018-03-14 22:00:00,2018-03-22 22:00:00
0363bf51,666de2fe,delivered,2018-01-23 13:00:00,2018-01-23 13:00:00,2018-01-25 13:00:00,2018-01-30 13:00:00,2018-02-09 13:00:00
53a73c83,a2be2332,delivered,2017-10-17 22:00:00,2017-10-17 22:00:00,2017-10-19 22:00:00,2017-10-30 22:00:00,2017-11-07 22:00:00
ffc56237,85f3db1e,delivered,2017-12-31 23:00:00,2018-01-01 02:00:00,2018-01-02 23:00:00,2018-01-13 23:00:00,2018-01-19 23:00:00
9641b499,45b9a3c4,delivered,2018-01-10 07:00:00,2018-01-10 10:00:00,2018-01-11 07:00:00,2018-01-21 07:00:00,2018-02-01 07:00:00
e920da8c,21aaa979,delivered,2017-10-16 01:00:00,2017-10-16 04:00:00,2017-10-18 01:00:00,2017-10-29 01:00:00,2017-11-08 01:00:00
081144a0,3c0ab9da,delivered,2018-07-13 15:00:00,2018-07-13 16:00:00,2018-07-14 15:00:00,2018-07-20 15:00:00,2018-07-30 15:00:00
0c5f2d2f,9c9a2b25,delivered,2017-07-05 03:00:00,2017-07-05 03:00:00,2017-07-06 03:00:00,2017-07-09 03:00:00,2017-07-28 03:00:00
9836a6df,29777ab8,canceled,2017-12-21 09:00:00,2017-12-21 13:00:00,2017-12-22 09:00:00,,2018-01-01 09:00:00
cb6f0c61,5e86adf4,delivered,2018-01-17 08:00:00,2018-01-17 09:00:00,2018-01-18 08:00:00,2018-01-26 08:00:00,2018-02-10 08:00:00
73fe8ae5,a332e2aa,delivered,2018-07-26 13:00:00,2018-07-26 13:00:00,2018-07-28 13:00:00,2018-08-06 13:00:00,2018-08-07 13:00:00
295b8a61,5409cc5d,delivered,2017-02-18 07:00:00,2017-02-18 07:00:00,2017-02-20 07:00:00,2017-02-25 07:00:00,2017-03-07 07:00:00
90d15f2b,2ca259c9,delivered,2018-03-02 04:00:00,2018-03-02 05:00:00,2018-03-04 04:00:00,2018-03-05 04:00:00,2018-03-17 04:00:00
bab88cec,bce42f65,delivered,2017-11-10 18:00:00,2017-11-10 21:00:00,2017-11-11 18:00:00,2017-11-15 18:00:00,2017-11-22 18:00:00
dde67cf7,54364084,delivered,2017-09-10 07:00:00,2017-09-10 07:00:00,2017-09-11 07:00:00,2017-09-20 07:00:00,2017-09-27 07:00:00
5fe79701,3fc10ca0,delivered,2017-11-25 22:00:00,2017-11-26 02:00:00,2017-11-26 22:00:00,2017-11-30 22:00:00,2017-12-18 22:00:00
5035f8bd,cc6c975c,delivered,2018-06-20 11:00:00,2018-06-20 11:00:00,2018-06-22 11:00:00,2018-06-25 11:00:00,2018-07-13 11:00:00
b0927fa9,ba1bef84,delivered,2018-07-18 11:00:00,2018-07-18 12:00:00,2018-07-20 11:00:00,2018-07-23 11:00:00,2018-07-28 11:00:00
fa5d3400,8c4f1693,delivered,2017-12-23 16:00:00,2017-12-23 16:00:00,2017-12-25 16:00:00,2018-01-01 16:00:00,2018-01-12 16:00:00
9894e3b9,89ec4fb2,delivered,2018-03-27 22:00:00,2018-03-28 01:00:00,2018-03-28 22:00:00,2018-04-05 22:00:00,2018-04-17 22:00:00
c0d10c29,fe340715,delivered,2018-05-17 17:00:00,2018-05-17 18:00:00,2018-05-19 17:00:00,2018-05-24 17:00:00,2018-05-30 17:00:00
b2f3ac33,9f8e1adb,delivered,2018-01-12 01:00:00,2018-01-12 03:00:00,2018-01-13 01:00:00,2018-01-17 01:00:00,2018-01-23 01:00:00
3ee702f9,a7134fc1,delivered,2017-12-29 10:00:00,2017-12-29 10:00:00,2017-12-31 10:00:00,2018-01-05 10:00:00,2018-01-19 10:00:00
89015c20,33acc6e2,delivered,2017-03-03 16:00:00,2017-03-03 17:00:00,2017-03-05 16:00:00,2017-03-07 16:00:00,2017-03-13 16:00:00
929ce0ac,914bf55c,delivered,2017-12-28 11:00:00,2017-12-28 11:00:00,2017-12-29 11:00:00,2018-01-02 11:00:00,2018-01-07 11:00:00
a772c066,4394a4e9,delivered,2017-04-01 12:00:00,2017-04-01 16:00:00,2017-04-02 12:00:00,2017-04-11 12:00:00,2017-04-13 12:00:00
a4d2a0c2,eab26c1f,delivered,2017-01-06 03:00:00,2017-01-06 05:00:00,2017-01-07 03:00:00,2017-01-17 03:00:00,2017-01-16 03:00:00
7b625cf9,2c5d01a6,delivered,2017-09-14 16:00:00,2017-09-14 16:00:00,2017-09-16 16:00:00,2017-09-25 16:00:00,2017-09-30 16:00:00
298074c3,f1579acf,delivered,2017-04-09 17:00:00,2017-04-09 17:00:00,2017-04-11 17:00:00,2017-04-18 17:00:00,2017-04-19 17:00:00
8edca20d,2eebff47,delivered,2018-02-13 05:00:00,2018-02-13 05:00:00,2018-02-15 05:00:00,2018-02-21 05:00:00,2018-02-27 05:00:00
49def18b,462a76ef,delivered,2018-05-05 00:00:00,2018-05-05 00:00:00,2018-05-07 00:00:00,2018-05-11 00:00:00,2018-05-22 00:00:00
1bef0f9a,000ec338,delivered,2018-06-10 23:00:00,2018-06-10 23:00:00,2018-06-11 23:00:00,2018-06-21 23:00:00,2018-07-02 23:00:00
fd18d44a,39d62698,delivered,2018-08-22 08:00:00,2018-08-22 12:00:00,2018-08-23 08:00:00,2018-09-01 08:00:00,2018-09-14 08:00:00
5e9a03f6,578bc6e4,delivered,2018-05-03 22:00:00,2018-05-04 00:00:00,2018-05-05 22:00:00,2018-05-06 22:00:00,2018-05-23 22:00:00
040af677,2bab9b96,delivered,2018-03-28 20:00:00,2018-03-28 23:00:00,2018-03-30 20:00:00,2018-04-09 20:00:00,2018-04-09 20:00:00
98b340f1,43f94ec4,delivered,2017-09-18 21:00:00,2017-09-18 22:00:00,2017-09-19 21:00:00,2017-09-29 21:00:00,2017-10-05 21:00:00
5d649478,2bce5b19,delivered,2017-04-27 14:00:00,2017-04-27 17:00:00,2017-04-28 14:00:00,2017-05-10 14:00:00,2017-05-08 14:00:00
09c7df6a,a135ad5a,delivered,2017-02-27 15:00:00,2017-02-27 16:00:00,2017-03-01 15:00:00,2017-03-11 15:00:00,2017-03-12 15:00:00
2cff6fe4,306eadf4,delivered,2017-11-20 13:00:00,2017-11-20 13:00:00,2017-11-21 13:00:00,2017-12-02 13:00:00,2017-12-02 13:00:00
8d962266,b95b4d43,delivered,2017-06-15 08:00:00,2017-06-15 11:00:00,2017-06-17 08:00:00,2017-06-24 08:00:00,2017-07-07 08:00:00
69910960,6032f02c,delivered,2018-07-20 05:00:00,2018-07-20 08:00:00,2018-07-21 05:00:00,2018-07-26 05:00:00,2018-08-08 05:00:00
90bb93b9,dbd91b11,delivered,2017-08-09 13:00:00,2017-08-09 14:00:00,2017-08-11 13:00:00,2017-08-20 13:00:00,2017-08-25 13:00:00
4a313fb7,21833043,delivered,2018-06-10 04:00:00,2018-06-10 07:00:00,2018-06-12 04:00:00,2018-06-23 04:00:00,2018-07-02 04:00:00
0f3d9368,d3804c43,delivered,2017-05-26 10:00:00,2017-05-26 13:00:00,2017-05-27 10:00:00,2017-05-31 10:00:00,2017-06-11 10:00:00
e52de65b,f3d9379a,delivered,2017-10-13 20:00:00,2017-10-13 23:00:00,2017-10-15 20:00:00,2017-10-25 20:00:00,2017-11-05 20:00:00
19e5eb7c,da8f3728,delivered,2017-01-26 05:00:00,2017-01-26 07:00:00,2017-01-28 05:00:00,2017-02-02 05:00:00,2017-02-19 05:00:00
e052b088,6cfb8f0f,delivered,2017-08-03 03:00:00,2017-08-03 06:00:00,2017-08-05 03:00:00,2017-08-10 03:00:00,2017-08-22 03:00:00
75b2f3c3,d4c5dfad,delivered,2018-03-20 14:00:00,2018-03-20 16:00:00,2018-03-21 14:00:00,2018-03-30 14:00:00,2018-04-02 14:00:00
127230f4,edb60bf6,delivered,2018-05-10 02:00:00,2018-05-10 04:00:00,2018-05-12 02:00:00,2018-05-24 02:00:00,2018-05-26 02:00:00
d4c5321e,f1a01ce3,delivered,2017-07-18 10:00:00,2017-07-18 12:00:00,2017-07-20 10:00:00,2017-07-29 10:00:00,2017-07-29 10:00:00
487d3ca7,c2453cb2,shipped,2017-12-02 01:00:00,2017-12-02 03:00:00,2017-12-04 01:00:00,,2017-12-12 01:00:00
3971522d,1a93c6fa,delivered,2017-07-31 17:00:00,2017-07-31 21:00:00,2017-08-02 17:00:00,2017-08-14 17:00:00,2017-08-20 17:00:00
0a694686,1f9225ec,delivered,2017-09-01 04:00:00,2017-09-01 06:00:00,2017-09-03 04:00:00,2017-09-08 04:00:00,2017-09-20 04:00:00
3919b36a,8c7920ea,delivered,2018-03-10 15:00:00,2018-03-10 19:00:00,2018-03-11 15:00:00,2018-03-18 15:00:00,2018-03-30 15:00:00
5508fcc4,87a6e4d1,delivered,2017-11-14 20:00:00,2017-11-14 23:00:00,2017-11-16 20:00:00,2017-11-21 20:00:00,2017-11-24 20:00:00
207e0084,24662480,delivered,2017-04-09 06:00:00,2017-04-09 08:00:00,2017-04-10 06:00:00,2017-04-19 06:00:00,2017-05-03 06:00:00
ce6839ce,f8d65ae8,shipped,2017-01-22 01:00:00,2017-01-22 02:00:00,2017-01-23 01:00:00,,2017-02-04 01:00:00
0c396ff0,85cead9e,delivered,2017-05-23 02:00:00,2017-05-23 05:00:00,2017-05-25 02:00:00,2017-05-31 02:00:00,2017-06-12 02:00:00
90c050fc,918e615e,delivered,2018-01-19 20:00:00,2018-01-19 21:00:00,2018-01-21 20:00:00,2018-01-25 20:00:00,2018-02-04 20:00:00
516f37b7,863ddf89,delivered,2017-08-14 16:00:00,2017-08-14 20:00:00,2017-08-15 16:00:00,2017-08-18 16:00:00,2017-09-03 16:00:00
f5dab63e,eb6534c2,delivered,2017-01-18 10:00:00,2017-01-18 11:00:00,2017-01-20 10:00:00,2017-01-22 10:00:00,2017-02-02 10:00:00
ffe1c31c,efa88e77,delivered,2017-06-15 00:00:00,2017-06-15 03:00:00,2017-06-16 00:00:00,2017-06-29 00:00:00,2017-07-02 00:00:00
9148e2fc,800ee091,delivered,2018-03-12 07:00:00,2018-03-12 10:00:00,2018-03-13 07:00:00,2018-03-16 07:00:00,2018-03-24 07:00:00
0279bba4,39e8da6e,delivered,2018-08-12 05:00:00,2018-08-12 08:00:00,2018-08-13 05:00:00,2018-08-24 05:00:00,2018-09-03 05:00:00
e1e6601d,88aae577,shipped,2017-12-03 23:00:00,2017-12-04 02:00:00,2017-12-04 23:00:00,,2017-12-23 23:00:00
3e8a9f7b,44ac5921,delivered,2018-01-20 01:00:00,2018-01-20 04:00:00,2018-01-21 01:00:00,2018-01-24 01:00:00,2018-02-11 01:00:00
0ac654cd,cee6a734,delivered,2018-08-15 02:00:00,2018-08-15 06:00:00,2018-08-17 02:00:00,2018-08-27 02:00:00,2018-08-31 02:00:00
9766e946,0aeb9903,delivered,2018-07-22 02:00:00,2018-07-22 05:00:00,2018-07-24 02:00:00,2018-07-27 02:00:00,2018-08-06 02:00:00
4f7d0c00,728c8195,delivered,2017-04-15 14:00:00,2017-04-15 16:00:00,2017-04-16 14:00:00,2017-04-22 14:00:00,2017-04-29 14:00:00
b3d22a74,33355c90,delivered,2017-11-01 02:00:00,2017-11-01 05:00:00,2017-11-03 02:00:00,2017-11-08 02:00:00,2017-11-16 02:00:00
58a145ab,e436a002,delivered,2018-04-08 05:00:00,2018-04-08 06:00:00,2018-04-10 05:00:00,2018-04-15 05:00:00,2018-04-29 05:00:00
94a6b6b5,3b45cc51,delivered,2017-11-19 18:00:00,2017-11-19 21:00:00,2017-11-21 18:00:00,2017-11-22 18:00:00,2017-11-29 18:00:00
6b1ff77a,403d8a3e,delivered,2017-09-19 13:00:00,2017-09-19 13:00:00,2017-09-20 13:00:00,2017-09-25 13:00:00,2017-10-02 13:00:00
18b950cd,a623414f,delivered,2018-03-08 07:00:00,2018-03-08 11:00:00,2018-03-09 07:00:00,2018-03-12 07:00:00,2018-03-29 07:00:00
2afd69a8,1534c9bd,delivered,2018-06-19 19:00:00,2018-06-19 23:00:00,2018-06-21 19:00:00,2018-06-29 19:00:00,2018-07-09 19:00:00
e79cdf2d,458a3c36,delivered,2017-11-12 05:00:00,2017-11-12 09:00:00,2017-11-13 05:00:00,2017-11-24 05:00:00,2017-11-27 05:00:00
37fff371,ecbaab9a,delivered,2017-03-26 00:00:00,2017-03-26 04:00:00,2017-03-27 00:00:00,2017-03-30 00:00:00,2017-04-11 00:00:00
df8c3dd3,53281cb1,delivered,2017-06-16 23:00:00,2017-06-16 23:00:00,2017-06-18 23:00:00,2017-06-28 23:00:00,2017-07-10 23:00:00
4bc9253f,9f5c34ca,delivered,2018-08-21 10:00:00,2018-08-21 12:00:00,2018-08-22 10:00:00,2018-09-02 10:00:00,2018-09-14 10:00:00
a4331ba2,df5f548f,delivered,2017-08-23 21:00:00,2017-08-24 01:00:00,2017-08-24 21:00:00,2017-09-02 21:00:00,2017-09-11 21:00:00
929befe6,b8268ab7,delivered,2017-07-16 05:00:00,2017-07-16 06:00:00,2017-07-18 05:00:00,2017-07-27 05:00:00,2017-08-07 05:00:00
b598f2e6,ef27f67e,delivered,2018-04-09 08:00:00,2018-04-09 08:00:00,2018-04-11 08:00:00,2018-04-13 08:00:00,2018-04-22 08:00:00
8a949dd9,f26e0735,delivered,2017-08-17 05:00:00,2017-08-17 09:00:00,2017-08-18 05:00:00,2017-08-21 05:00:00,2017-08-29 05:00:00
ac3bdd3e,c4a4231f,invoiced,2017-09-07 02:00:00,2017-09-07 06:00:00,2017-09-09 02:00:00,,2017-09-27 02:00:00
e903ef91,7f05677c,delivered,2017-03-20 06:00:00,2017-03-20 06:00:00,2017-03-21 06:00:00,2017-03-25 06:00:00,2017-04-05 06:00:00
a3e126db,5adddaac,delivered,2017-09-10 02:00:00,2017-09-10 05:00:00,2017-09-11 02:00:00,2017-09-15 02:00:00,2017-09-22 02:00:00
05a73cd2,de1ffdf2,delivered,2018-06-09 01:00:00,2018-06-09 04:00:00,2018-06-11 01:00:00,2018-06-21 01:00:00,2018-06-29 01:00:00
4a1f35ca,4e0f82bc,delivered,2018-07-13 02:00:00,2018-07-13 04:00:00,2018-07-14 02:00:00,2018-07-18 02:00:00,2018-07-25 02:00:00
f810d452,d0ada462,delivered,2017-05-28 07:00:00,2017-05-28 10:00:00,2017-05-29 07:00:00,2017-05-31 07:00:00,2017-06-12 07:00:00
c5e3f6ff,6c7b8fcf,delivered,2017-02-02 12:00:00,2017-02-02 16:00:00,2017-02-04 12:00:00,2017-02-09 12:00:00,2017-02-17 12:00:00
6ddb2e37,2000743e,delivered,2018-04-05 08:00:00,2018-04-05 12:00:00,2018-04-07 08:00:00,2018-04-14 08:00:00,2018-04-18 08:00:00
e8636cea,70b0762d,delivered,2017-06-04 23:00:00,2017-06-05 00:00:00,2017-06-06 23:00:00,2017-06-07 23:00:00,2017-06-14 23:00:00
13b2a802,e790d0bb,delivered,2017-04-15 04:00:00,2017-04-15 07:00:00,2017-04-16 04:00:00,2017-04-27 04:00:00,2017-04-26 04:00:00
d55474b4,d138d1ce,delivered,2018-01-12 11:00:00,2018-01-12 15:00:00,2018-01-14 11:00:00,2018-01-22 11:00:00,2018-01-22 11:00:00
fd2caf47,ac499f29,delivered,2018-07-29 16:00:00,2018-07-29 19:00:00,2018-07-30 16:00:00,2018-08-12 16:00:00,2018-08-08 16:00:00
4efd2f10,f1a01ce3,processing,2017-01-25 21:00:00,2017-01-25 21:00:00,2017-01-27 21:00:00,,2017-02-05 21:00:00
35855154,89f01cfb,delivered,2017-12-15 19:00:00,2017-12-15 22:00:00,2017-12-17 19:00:00,2017-12-27 19:00:00,2017-12-26 19:00:00
b0104de7,55d1fbcb,delivered,2017-10-14 18:00:00,2017-10-14 20:00:00,2017-10-15 18:00:00,2017-10-24 18:00:00,2017-10-28 18:00:00
204f840f,0a6d32ce,delivered,2017-09-05 22:00:00,2017-09-06 00:00:00,2017-09-07 22:00:00,2017-09-08 22:00:00,2017-09-17 22:00:00
f3337d44,1b5e60b0,delivered,2017-08-18 18:00:00,2017-08-18 21:00:00,2017-08-19 18:00:00,2017-08-24 18:00:00,2017-08-30 18:00:00
4e5c6612,5aad2d98,delivered,2017-03-19 06:00:00,2017-03-19 10:00:00,2017-03-20 06:00:00,2017-03-27 06:00:00,2017-04-06 06:00:00
1f20ba62,dc1ed1c5,delivered,2017-12-01 11:00:00,2017-12-01 15:00:00,2017-12-02 11:00:00,2017-12-04 11:00:00,2017-12-18 11:00:00
72f7f0ba,8b2938c8,delivered,2017-05-18 11:00:00,2017-05-18 14:00:00,2017-05-20 11:00:00,2017-05-29 11:00:00,2017-06-01 11:00:00
fbd1355e,3e49434f,delivered,2017-05-23 19:00:00,2017-05-23 20:00:00,2017-05-24 19:00:00,2017-05-29 19:00:00,2017-06-12 19:00:00
4ac01bd0,47101d0d,delivered,2018-07-14 23:00:00,2018-07-15 03:00:00,2018-07-15 23:00:00,2018-07-20 23:00:00,2018-07-31 23:00:00
3985578a,c77306c8,delivered,2017-02-01 21:00:00,2017-02-02 01:00:00,2017-02-02 21:00:00,2017-02-13 21:00:00,2017-02-22 21:00:00
ca308584,687e09dc,shipped,2017-04-20 14:00:00,2017-04-20 16:00:00,2017-04-21 14:00:00,,2017-05-02 14:00:00
42f92990,d9447a49,delivered,2017-05-30 02:00:00,2017-05-30 04:00:00,2017-05-31 02:00:00,2017-06-03 02:00:00,2017-06-13 02:00:00
b935bde5,940d073c,delivered,2017-01-12 01:00:00,2017-01-12 03:00:00,2017-01-14 01:00:00,2017-01-24 01:00:00,2017-01-25 01:00:00
7ea9fed2,13ff119e,delivered,2017-12-19 20:00:00,2017-12-20 00:00:00,2017-12-21 20:00:00,2017-12-28 20:00:00,2018-01-07 20:00:00
6a03a2f4,234301ce,delivered,2017-07-27 07:00:00,2017-07-27 09:00:00,2017-07-28 07:00:00,2017-08-08 07:00:00,2017-08-19 07:00:00
cc8e7832,863ddf89,delivered,2017-03-19 22:00:00,2017-03-20 01:00:00,2017-03-21 22:00:00,2017-03-30 22:00:00,2017-04-06 22:00:00
d44031d0,3c83b6bf,delivered,2018-01-08 02:00:00,2018-01-08 02:00:00,2018-01-10 02:00:00,2018-01-15 02:00:00,2018-01-24 02:00:00
da524425,b6a9fe08,delivered,2017-04-09 21:00:00,2017-04-09 21:00:00,2017-04-10 21:00:00,2017-04-23 21:00:00,2017-04-28 21:00:00
15edc21a,cab8d53f,delivered,2017-03-24 00:00:00,2017-03-24 01:00:00,2017-03-26 00:00:00,2017-04-05 00:00:00,2017-04-12 00:00:00
f960b2f2,dbf672b3,delivered,2017-03-25 09:00:00,2017-03-25 11:00:00,2017-03-27 09:00:00,2017-04-08 09:00:00,2017-04-15 09:00:00
cc6f0785,f57df1ae,delivered,2017-10-09 22:00:00,2017-10-10 00:00:00,2017-10-11 22:00:00,2017-10-15 22:00:00,2017-10-27 22:00:00
75e11cb0,f31336f4,delivered,2018-04-23 23:00:00,2018-04-24 00:00:00,2018-04-24 23:00:00,2018-05-03 23:00:00,2018-05-15 23:00:00
8a5a0b88,5a5bb563,delivered,2017-11-23 02:00:00,2017-11-23 03:00:00,2017-11-25 02:00:00,2017-12-06 02:00:00,2017-12-04 02:00:00
67cf503c,3cf8c5f2,delivered,2018-03-23 01:00:00,2018-03-23 05:00:00,2018-03-25 01:00:00,2018-04-01 01:00:00,2018-04-16 01:00:00
3fdffb84,2d60a201,delivered,2018-06-14 10:00:00,2018-06-14 12:00:00,2018-06-16 10:00:00,2018-06-28 10:00:00,2018-06-25 10:00:00
91d80eb7,99627311,delivered,2017-05-02 03:00:00,2017-05-02 05:00:00,2017-05-04 03:00:00,2017-05-15 03:00:00,2017-05-12 03:00:00
0baeab91,4560f6b0,invoiced,2018-06-29 02:00:00,2018-06-29 05:00:00,2018-07-01 02:00:00,,2018-07-13 02:00:00
5480340d,a466477d,delivered,2017-04-26 12:00:00,2017-04-26 13:00:00,2017-04-27 12:00:00,2017-05-02 12:00:00,2017-05-09 12:00:00
7f2d26bf,b9c10fc5,delivered,2018-08-12 19:00:00,2018-08-12 22:00:00,2018-08-13 19:00:00,2018-08-21 19:00:00,2018-08-22 19:00:00
67c3fd54,7b4d4bcd,delivered,2018-07-21 21:00:00,2018-07-21 21:00:00,2018-07-23 21:00:00,2018-07-25 21:00:00,2018-08-05 21:00:00
1c0e8178,4a72387c,delivered,2018-04-09 04:00:00,2018-04-09 06:00:00,2018-04-10 04:00:00,2018-04-23 04:00:00,2018-04-19 04:00:00
4484b4d6,34b459f0,delivered,2018-05-10 17:00:00,2018-05-10 19:00:00,2018-05-11 17:00:00,2018-05-24 17:00:00,2018-05-31 17:00:00
7e7a3b7a,ddce10f6,delivered,2017-05-31 09:00:00,2017-05-31 10:00:00,2017-06-01 09:00:00,2017-06-09 09:00:00,2017-06-20 09:00:00
a663ad62,db382de2,delivered,2018-05-15 03:00:00,2018-05-15 06:00:00,2018-05-16 03:00:00,2018-05-27 03:00:00,2018-05-29 03:00:00
b802627e,a2d7f1f7,delivered,2018-08-16 14:00:00,2018-08-16 15:00:00,2018-08-17 14:00:00,2018-08-30 14:00:00,2018-08-28 14:00:00
72932856,fab3cc5a,delivered,2017-03-28 16:00:00,2017-03-28 18:00:00,2017-03-30 16:00:00,2017-04-07 16:00:00,2017-04-12 16:00:00
9f4541f0,0144e65b,delivered,2017-01-08 13:00:00,2017-01-08 16:00:00,2017-01-09 13:00:00,2017-01-22 13:00:00,2017-01-23 13:00:00
f1ffee06,ae6ea3bc,delivered,2018-02-10 08:00:00,2018-02-10 08:00:00,2018-02-12 08:00:00,2018-02-19 08:00:00,2018-02-24 08:00:00
97bb3ecd,2883a975,delivered,2018-08-04 22:00:00,2018-08-05 01:00:00,2018-08-06 22:00:00,2018-08-14 22:00:00,2018-08-20 22:00:00
1e7ecbce,74e27807,delivered,2017-05-29 03:00:00,2017-05-29 05:00:00,2017-05-30 03:00:00,2017-06-12 03:00:00,2017-06-18 03:00:00
6e4e984e,d9447a49,delivered,2017-03-24 07:00:00,2017-03-24 07:00:00,2017-03-26 07:00:00,2017-04-06 07:00:00,2017-04-15 07:00:00
c7dd97b6,d95ad37b,delivered,2017-06-29 08:00:00,2017-06-29 11:00:00,2017-07-01 08:00:00,2017-07-06 08:00:00,2017-07-23 08:00:00
07ce92a3,c25d05c1,delivered,2017-02-17 21:00:00,2017-02-17 23:00:00,2017-02-18 21:00:00,2017-02-27 21:00:00,2017-03-03 21:00:00
3f681c2e,8967f5a8,delivered,2018-05-21 01:00:00,2018-05-21 03:00:00,2018-05-22 01:00:00,2018-05-27 01:00:00,2018-06-05 01:00:00
d5a07726,6ec6e981,delivered,2017-05-01 09:00:00,2017-05-01 13:00:00,2017-05-02 09:00:00,2017-05-07 09:00:00,2017-05-17 09:00:00
a8c97485,1745ee1e,shipped,2018-05-13 18:00:00,2018-05-13 20:00:00,2018-05-14 18:00:00,,2018-05-24 18:00:00
14dce3d1,21bc0cc9,delivered,2017-12-05 23:00:00,2017-12-06 00:00:00,2017-12-07 23:00:00,2017-12-18 23:00:00,2017-12-22 23:00:00
074c7811,00996ef3,delivered,2018-03-21 08:00:00,2018-03-21 08:00:00,2018-03-23 08:00:00,2018-03-25 08:00:00,2018-04-08 08:00:00
b89b5ce0,cf29a066,delivered,2018-04-23 01:00:00,2018-04-23 01:00:00,2018-04-24 01:00:00,2018-04-29 01:00:00,2018-05-04 01:00:00
0fcada70,7dc3c578,delivered,2017-12-22 19:00:00,2017-12-22 23:00:00,2017-12-23 19:00:00,2018-01-05 19:00:00,2018-01-08 19:00:00
d117a392,c125d366,delivered,2017-04-29 11:00:00,2017-04-29 12:00:00,2017-04-30 11:00:00,2017-05-10 11:00:00,2017-05-09 11:00:00
aaa606e2,eb03106d,delivered,2017-06-05 02:00:00,2017-06-05 05:00:00,2017-06-07 02:00:00,2017-06-13 02:00:00,2017-06-18 02:00:00
2b39bd28,c830284c,processing,2018-03-29 22:00:00,2018-03-30 01:00:00,2018-03-31 22:00:00,,2018-04-20 22:00:00
31d28c67,9a4537b6,delivered,2018-03-30 10:00:00,2018-03-30 13:00:00,2018-03-31 10:00:00,2018-04-12 10:00:00,2018-04-11 10:00:00
f665571a,a158dfd5,delivered,2017-01-07 10:00:00,2017-01-07 14:00:00,2017-01-08 10:00:00,2017-01-13 10:00:00,2017-01-22 10:00:00
66aaaf51,7a318820,delivered,2017-09-19 05:00:00,2017-09-19 05:00:00,2017-09-20 05:00:00,2017-09-23 05:00:00,2017-10-13 05:00:00
5e6e0c48,a2b88233,delivered,2018-01-01 20:00:00,2018-01-02 00:00:00,2018-01-03 20:00:00,2018-01-14 20:00:00,2018-01-15 20:00:00
c60329e8,7f78753f,delivered,2017-01-24 02:00:00,2017-01-24 04:00:00,2017-01-25 02:00:00,2017-02-01 02:00:00,2017-02-06 02:00:00
ad21c39a,1fec1e73,delivered,2018-03-06 09:00:00,2018-03-06 09:00:00,2018-03-08 09:00:00,2018-03-13 09:00:00,2018-03-27 09:00:00
12e2d0b7,bba5163c,delivered,2018-05-07 17:00:00,2018-05-07 20:00:00,2018-05-09 17:00:00,2018-05-17 17:00:00,2018-05-28 17:00:00
42b1f8d9,9417b804,delivered,2017-05-13 21:00:00,2017-05-14 01:00:00,2017-05-15 21:00:00,2017-05-21 21:00:00,2017-05-25 21:00:00
5ecbb4ca,85dd7b8e,shipped,2018-08-13 06:00:00,2018-08-13 09:00:00,2018-08-15 06:00:00,,2018-08-25 06:00:00
1b954fd3,2fe923db,delivered,2018-02-13 09:00:00,2018-02-13 11:00:00,2018-02-14 09:00:00,2018-02-25 09:00:00,2018-02-23 09:00:00
97c267f6,ec68b635,delivered,2017-06-29 17:00:00,2017-06-29 21:00:00,2017-06-30 17:00:00,2017-07-06 17:00:00,2017-07-22 17:00:00
fe8210de,c112a403,delivered,2017-08-01 23:00:00,2017-08-02 02:00:00,2017-08-03 23:00:00,2017-08-12 23:00:00,2017-08-18 23:00:00
139761f2,0c618cc7,delivered,2017-07-03 02:00:00,2017-07-03 02:00:00,2017-07-04 02:00:00,2017-07-12 02:00:00,2017-07-13 02:00:00
6bc186c5,20b21d73,delivered,2018-04-24 16:00:00,2018-04-24 20:00:00,2018-04-26 16:00:00,2018-05-07 16:00:00,2018-05-08 16:00:00
65c75724,329e303d,delivered,2017-08-23 21:00:00,2017-08-23 22:00:00,2017-08-24 21:00:00,2017-08-26 21:00:00,2017-09-04 21:00:00
dd0e4086,e1e06d24,delivered,2018-04-23 00:00:00,2018-04-23 01:00:00,2018-04-25 00:00:00,2018-04-30 00:00:00,2018-05-14 00:00:00
c2725d91,304aaeb7,delivered,2017-11-24 23:00:00,2017-11-25 02:00:00,2017-11-26 23:00:00,2017-11-28 23:00:00,2017-12-10 23:00:00
88c511c0,b9ec79e0,delivered,2017-07-15 13:00:00,2017-07-15 17:00:00,2017-07-17 13:00:00,2017-07-23 13:00:00,2017-08-05 13:00:00
4c73a57a,274c6bf9,delivered,2017-04-10 16:00:00,2017-04-10 19:00:00,2017-04-11 16:00:00,2017-04-22 16:00:00,2017-04-20 16:00:00
11c75786,7f81ec9d,delivered,2017-05-06 21:00:00,2017-05-06 21:00:00,2017-05-08 21:00:00,2017-05-09 21:00:00,2017-05-22 21:00:00
8bb9a8e3,9f8fe607,delivered,2018-04-07 09:00:00,2018-04-07 11:00:00,2018-04-09 09:00:00,2018-04-15 09:00:00,2018-04-18 09:00:00
97c1701b,8cab7b33,delivered,2017-05-23 06:00:00,2017-05-23 10:00:00,2017-05-25 06:00:00,2017-05-30 06:00:00,2017-06-02 06:00:00
28e258a2,8102a173,delivered,2017-09-21 18:00:00,2017-09-21 21:00:00,2017-09-23 18:00:00,2017-10-01 18:00:00,2017-10-08 18:00:00
ea09aa67,3ed81873,delivered,2017-08-21 01:00:00,2017-08-21 03:00:00,2017-08-22 01:00:00,2017-09-03 01:00:00,2017-09-14 01:00:00
d5b841ce,3f3f27c0,delivered,2018-05-15 18:00:00,2018-05-15 19:00:00,2018-05-17 18:00:00,2018-05-23 18:00:00,2018-06-02 18:00:00
a38246a7,e1fab092,delivered,2017-12-04 04:00:00,2017-12-04 08:00:00,2017-12-06 04:00:00,2017-12-12 04:00:00,2017-12-15 04:00:00
5cd2c2e0,436acc54,delivered,2018-02-05 18:00:00,2018-02-05 20:00:00,2018-02-07 18:00:00,2018-02-09 18:00:00,2018-02-26 18:00:00
1827485f,3b66ee5a,delivered,2018-06-08 02:00:00,2018-06-08 03:00:00,2018-06-10 02:00:00,2018-06-17 02:00:00,2018-06-18 02:00:00
9cfb58c7,e82e071e,delivered,2017-07-05 21:00:00,2017-07-05 23:00:00,2017-07-07 21:00:00,2017-07-11 21:00:00,2017-07-18 21:00:00
2d8f0c1a,dbab24ca,delivered,2017-03-03 19:00:00,2017-03-03 22:00:00,2017-03-04 19:00:00,2017-03-12 19:00:00,2017-03-19 19:00:00
35aae577,762656ae,delivered,2017-02-16 08:00:00,2017-02-16 11:00:00,2017-02-18 08:00:00,2017-02-22 08:00:00,2017-03-07 08:00:00
093147e6,9993d65c,delivered,2017-02-04 07:00:00,2017-02-04 07:00:00,2017-02-05 07:00:00,2017-02-18 07:00:00,2017-02-15 07:00:00
5a9091fc,d5be3cf7,delivered,2017-11-20 14:00:00,2017-11-20 16:00:00,2017-11-22 14:00:00,2017-12-02 14:00:00,2017-12-13 14:00:00
0852f046,3fc10ca0,delivered,2018-02-15 12:00:00,2018-02-15 13:00:00,2018-02-16 12:00:00,2018-02-21 12:00:00,2018-02-25 12:00:00
b557fa6b,5df3d863,delivered,2017-11-11 11:00:00,2017-11-11 12:00:00,2017-11-12 11:00:00,2017-11-20 11:00:00,2017-11-26 11:00:00
079a8dfc,8b838525,delivered,2018-04-19 15:00:00,2018-04-19 17:00:00,2018-04-21 15:00:00,2018-04-25 15:00:00,2018-05-09 15:00:00
c9d85832,aa992448,delivered,2018-08-09 11:00:00,2018-08-09 15:00:00,2018-08-11 11:00:00,2018-08-15 11:00:00,2018-08-29 11:00:00
f8edc51b,8d334e0c,delivered,2017-08-16 18:00:00,2017-08-16 22:00:00,2017-08-17 18:00:00,2017-08-23 18:00:00,2017-09-06 18:00:00
87b0fcda,2fd0ee7e,delivered,2017-01-30 21:00:00,2017-01-30 21:00:00,2017-01-31 21:00:00,2017-02-10 21:00:00,2017-02-13 21:00:00
b5f32d34,5ac00539,delivered,2017-07-29 02:00:00,2017-07-29 05:00:00,2017-07-31 02:00:00,2017-08-06 02:00:00,2017-08-12 02:00:00
1ded9b32,d2253e2a,shipped,2017-04-10 20:00:00,2017-04-10 21:00:00,2017-04-11 20:00:00,,2017-04-26 20:00:00
ca40d4f9,417b9d5b,delivered,2017-09-10 09:00:00,2017-09-10 10:00:00,2017-09-11 09:00:00,2017-09-21 09:00:00,2017-09-26 09:00:00
7c87529b,c2edc825,delivered,2017-07-07 04:00:00,2017-07-07 07:00:00,2017-07-08 04:00:00,2017-07-19 04:00:00,2017-07-27 04:00:00
3a9191e9,a3717fd7,delivered,2017-09-14 10:00:00,2017-09-14 11:00:00,2017-09-16 10:00:00,2017-09-23 10:00:00,2017-10-01 10:00:00
4a11daf6,a5def80d,delivered,2017-10-11 22:00:00,2017-10-12 00:00:00,2017-10-13 22:00:00,2017-10-17 22:00:00,2017-10-27 22:00:00
82efcdef,5dad7d78,delivered,2018-04-17 05:00:00,2018-04-17 09:00:00,2018-04-19 05:00:00,2018-04-29 05:00:00,2018-05-02 05:00:00
5d7b3e9f,57256261,delivered,2017-11-11 08:00:00,2017-11-11 08:00:00,2017-11-12 08:00:00,2017-11-24 08:00:00,2017-12-02 08:00:00
34da8b13,e098a96c,delivered,2017-02-07 23:00:00,2017-02-08 00:00:00,2017-02-09 23:00:00,2017-02-20 23:00:00,2017-02-27 23:00:00
cd49fa89,9554f4b4,delivered,2017-07-16 13:00:00,2017-07-16 14:00:00,2017-07-18 13:00:00,2017-07-28 13:00:00,2017-08-04 13:00:00
a58797cf,5fe99ccd,delivered,2017-12-07 01:00:00,2017-12-07 04:00:00,2017-12-08 01:00:00,2017-12-10 01:00:00,2017-12-23 01:00:00
fe2d1f19,0d73defe,delivered,2018-03-13 23:00:00,2018-03-14 03:00:00,2018-03-14 23:00:00,2018-03-19 23:00:00,2018-03-23 23:00:00
f04b6eb0,aaf07599,delivered,2017-07-24 02:00:00,2017-07-24 05:00:00,2017-07-26 02:00:00,2017-08-01 02:00:00,2017-08-09 02:00:00
4c1202ef,a1e71d1a,delivered,2017-08-28 04:00:00,2017-08-28 04:00:00,2017-08-30 04:00:00,2017-09-09 04:00:00,2017-09-07 04:00:00
99bd9ac1,76546fca,delivered,2018-07-17 03:00:00,2018-07-17 03:00:00,2018-07-18 03:00:00,2018-07-24 03:00:00,2018-07-30 03:00:00
0a26d6ed,de5f59b2,delivered,2018-06-05 10:00:00,2018-06-05 11:00:00,2018-06-07 10:00:00,2018-06-12 10:00:00,2018-06-16 10:00:00
025ed8b0,02cd0770,delivered,2018-04-06 04:00:00,2018-04-06 07:00:00,2018-04-07 04:00:00,2018-04-20 04:00:00,2018-04-27 04:00:00
d50fd0ea,0f7cfe66,delivered,2017-10-22 09:00:00,2017-10-22 12:00:00,2017-10-23 09:00:00,2017-10-26 09:00:00,2017-11-15 09:00:00
afed4c68,cd9fd16c,delivered,2018-01-20 03:00:00,2018-01-20 07:00:00,2018-01-22 03:00:00,2018-01-28 03:00:00,2018-02-04 03:00:00
bec0edc3,e2e279ee,delivered,2017-01-07 03:00:00,2017-01-07 06:00:00,2017-01-08 03:00:00,2017-01-20 03:00:00,2017-01-29 03:00:00
bb6217b8,7406a29c,canceled,2017-10-15 11:00:00,2017-10-15 13:00:00,2017-10-16 11:00:00,,2017-11-08 11:00:00
ec77cba8,65d1db2c,delivered,2017-11-17 10:00:00,2017-11-17 10:00:00,2017-11-19 10:00:00,2017-11-22 10:00:00,2017-12-07 10:00:00
4ab22eff,05334e4b,delivered,2017-10-28 07:00:00,2017-10-28 08:00:00,2017-10-29 07:00:00,2017-11-10 07:00:00,2017-11-19 07:00:00
8dfb407a,92da57bc,delivered,2018-04-30 00:00:00,2018-04-30 01:00:00,2018-05-01 00:00:00,2018-05-12 00:00:00,2018-05-23 00:00:00
2829d931,e5e8d43c,delivered,2017-01-11 23:00:00,2017-01-12 03:00:00,2017-01-12 23:00:00,2017-01-14 23:00:00,2017-01-26 23:00:00
79ccab01,3456303a,delivered,2017-01-16 01:00:00,2017-01-16 02:00:00,2017-01-17 01:00:00,2017-01-23 01:00:00,2017-01-29 01:00:00
b1bb88a5,4bca9e90,invoiced,2018-05-27 09:00:00,2018-05-27 13:00:00,2018-05-28 09:00:00,,2018-06-16 09:00:00
a4211682,8d9621fb,delivered,2017-11-21 17:00:00,2017-11-21 17:00:00,2017-11-23 17:00:00,2017-11-27 17:00:00,2017-12-14 17:00:00
a2273d58,2ddc94de,delivered,2017-09-06 22:00:00,2017-09-06 22:00:00,2017-09-07 22:00:00,2017-09-17 22:00:00,2017-09-17 22:00:00
fe43ab52,c4a4231f,delivered,2018-07-30 09:00:00,2018-07-30 10:00:00,2018-07-31 09:00:00,2018-08-08 09:00:00,2018-08-15 09:00:00
1b3a9dd1,e24d168e,delivered,2017-12-06 09:00:00,2017-12-06 12:00:00,2017-12-08 09:00:00,2017-12-09 09:00:00,2017-12-22 09:00:00
987fc5b0,f5e3cd32,delivered,2017-12-08 10:00:00,2017-12-08 13:00:00,2017-12-09 10:00:00,2017-12-20 10:00:00,2017-12-25 10:00:00
fbe7078a,2d9321d1,delivered,2018-02-19 04:00:00,2018-02-19 07:00:00,2018-02-20 04:00:00,2018-02-27 04:00:00,2018-03-10 04:00:00
42c50ff1,6032f02c,delivered,2018-06-24 02:00:00,2018-06-24 03:00:00,2018-06-26 02:00:00,2018-07-04 02:00:00,2018-07-04 02:00:00
06c3a4fc,6ab56bce,delivered,2017-12-18 18:00:00,2017-12-18 18:00:00,2017-12-19 18:00:00,2017-12-22 18:00:00,2018-01-06 18:00:00
e118030a,3864f049,delivered,2017-12-26 00:00:00,2017-12-26 01:00:00,2017-12-28 00:00:00,2017-12-29 00:00:00,2018-01-06 00:00:00
e3c204a7,425c98cd,delivered,2017-04-23 03:00:00,2017-04-23 05:00:00,2017-04-25 03:00:00,2017-05-07 03:00:00,2017-05-11 03:00:00
ffb8818c,c6d78035,delivered,2018-06-01 17:00:00,2018-06-01 21:00:00,2018-06-03 17:00:00,2018-06-13 17:00:00,2018-06-11 17:00:00
0989bd02,6a7d6cd1,delivered,2017-03-19 08:00:00,2017-03-19 09:00:00,2017-03-21 08:00:00,2017-03-22 08:00:00,2017-04-05 08:00:00
40c8e4de,863ddf89,delivered,2017-04-10 20:00:00,2017-04-10 22:00:00,2017-04-12 20:00:00,2017-04-15 20:00:00,2017-04-30 20:00:00
e91f558d,155b63c5,delivered,2017-04-02 22:00:00,2017-04-03 00:00:00,2017-04-04 22:00:00,2017-04-09 22:00:00,2017-04-19 22:00:00
21fd2dad,bce50058,delivered,2018-06-22 12:00:00,2018-06-22 15:00:00,2018-06-23 12:00:00,2018-07-04 12:00:00,2018-07-04 12:00:00
414066b0,0b478dec,delivered,2017-03-22 02:00:00,2017-03-22 06:00:00,2017-03-24 02:00:00,2017-03-31 02:00:00,2017-04-07 02:00:00
db090930,3eb95d92,delivered,2017-06-05 11:00:00,2017-06-05 12:00:00,2017-06-06 11:00:00,2017-06-12 11:00:00,2017-06-23 11:00:00
addb0811,76146d2e,delivered,2017-01-21 22:00:00,2017-01-22 02:00:00,2017-01-22 22:00:00,2017-01-29 22:00:00,2017-02-05 22:00:00
15bb497a,115b55b5,delivered,2017-01-21 21:00:00,2017-01-21 21:00:00,2017-01-22 21:00:00,2017-01-28 21:00:00,2017-02-14 21:00:00
7fa68ff7,af91317e,delivered,2017-12-02 07:00:00,2017-12-02 08:00:00,2017-12-03 07:00:00,2017-12-11 07:00:00,2017-12-15 07:00:00
808582cf,3c0ab9da,shipped,2018-06-22 09:00:00,2018-06-22 10:00:00,2018-06-24 09:00:00,,2018-07-09 09:00:00
90f7b399,39ac39a4,delivered,2017-03-09 02:00:00,2017-03-09 03:00:00,2017-03-11 02:00:00,2017-03-16 02:00:00,2017-04-02 02:00:00
326231d5,13747f25,delivered,2018-08-05 20:00:00,2018-08-05 21:00:00,2018-08-07 20:00:00,2018-08-09 20:00:00,2018-08-26 20:00:00
84982093,fbedc82e,delivered,2017-11-25 22:00:00,2017-11-25 22:00:00,2017-11-26 22:00:00,2017-12-03 22:00:00,2017-12-09 22:00:00
18529c69,eb105ad7,canceled,2017-06-12 17:00:00,2017-06-12 17:00:00,2017-06-13 17:00:00,,2017-07-04 17:00:00
b51700a9,13b016ce,delivered,2018-05-08 04:00:00,2018-05-08 06:00:00,2018-05-09 04:00:00,2018-05-21 04:00:00,2018-05-28 04:00:00
14266b96,0798c38b,delivered,2017-06-16 01:00:00,2017-06-16 03:00:00,2017-06-17 01:00:00,2017-06-28 01:00:00,2017-07-09 01:00:00
e6a46876,e66fa75f,delivered,2017-02-11 11:00:00,2017-02-11 11:00:00,2017-02-12 11:00:00,2017-02-24 11:00:00,2017-03-05 11:00:00
6eef588c,f66e3187,delivered,2017-10-12 07:00:00,2017-10-12 10:00:00,2017-10-13 07:00:00,2017-10-21 07:00:00,2017-10-25 07:00:00
6cfdc697,511039a4,delivered,2018-02-11 12:00:00,2018-02-11 16:00:00,2018-02-12 12:00:00,2018-02-25 12:00:00,2018-03-02 12:00:00
5972f669,d9336974,delivered,2017-09-08 22:00:00,2017-09-09 00:00:00,2017-09-09 22:00:00,2017-09-20 22:00:00,2017-09-30 22:00:00
f605a96c,1581c448,delivered,2018-05-05 12:00:00,2018-05-05 15:00:00,2018-05-07 12:00:00,2018-05-10 12:00:00,2018-05-18 12:00:00
882e53a2,9d53c2ac,delivered,2018-03-08 09:00:00,2018-03-08 09:00:00,2018-03-09 09:00:00,2018-03-18 09:00:00,2018-03-21 09:00:00
02820e7b,cce33c5e,delivered,2018-02-27 03:00:00,2018-02-27 04:00:00,2018-03-01 03:00:00,2018-03-11 03:00:00,2018-03-10 03:00:00
777e38cd,29777ab8,invoiced,2018-07-21 22:00:00,2018-07-22 01:00:00,2018-07-23 22:00:00,,2018-08-10 22:00:00
8fdd7167,c7bb887c,delivered,2017-10-19 21:00:00,2017-10-19 23:00:00,2017-10-20 21:00:00,2017-10-30 21:00:00,2017-11-03 21:00:00
2e10bd53,e06a324a,delivered,2017-09-05 20:00:00,2017-09-05 20:00:00,2017-09-06 20:00:00,2017-09-18 20:00:00,2017-09-15 20:00:00
794f949b,3c782555,delivered,2017-03-13 15:00:00,2017-03-13 18:00:00,2017-03-14 15:00:00,2017-03-24 15:00:00,2017-03-24 15:00:00
86ad0798,8d9621fb,delivered,2018-02-07 16:00:00,2018-02-07 18:00:00,2018-02-09 16:00:00,2018-02-11 16:00:00,2018-02-17 16:00:00
046b3037,91b1cee2,delivered,2017-11-11 22:00:00,2017-11-11 22:00:00,2017-11-13 22:00:00,2017-11-18 22:00:00,2017-12-04 22:00:00
b3f1cfea,111ad3ea,delivered,2018-06-02 12:00:00,2018-06-02 16:00:00,2018-06-04 12:00:00,2018-06-10 12:00:00,2018-06-25 12:00:00
0bde2c92,77efb681,delivered,2017-04-16 20:00:00,2017-04-16 22:00:00,2017-04-17 20:00:00,2017-04-25 20:00:00,2017-05-10 20:00:00
fc050bdd,58a5fd04,shipped,2017-08-08 21:00:00,2017-08-09 01:00:00,2017-08-10 21:00:00,,2017-08-27 21:00:00
4e53e4ee,d1a2e429,delivered,2017-03-05 08:00:00,2017-03-05 10:00:00,2017-03-07 08:00:00,2017-03-19 08:00:00,2017-03-28 08:00:00
461e04ba,0e34a100,delivered,2017-10-06 06:00:00,2017-10-06 08:00:00,2017-10-08 06:00:00,2017-10-16 06:00:00,2017-10-21 06:00:00
50f306ac,4198815b,delivered,2017-04-02 03:00:00,2017-04-02 03:00:00,2017-04-04 03:00:00,2017-04-09 03:00:00,2017-04-15 03:00:00
bbfbabe3,3f279d6e,delivered,2017-12-16 09:00:00,2017-12-16 13:00:00,2017-12-18 09:00:00,2017-12-23 09:00:00,2017-12-31 09:00:00
ec12843d,4029deb4,delivered,2017-10-14 18:00:00,2017-10-14 21:00:00,2017-10-16 18:00:00,2017-10-27 18:00:00,2017-10-29 18:00:00
93052d01,becd3305,delivered,2017-05-12 03:00:00,2017-05-12 06:00:00,2017-05-14 03:00:00,2017-05-20 03:00:00,2017-05-23 03:00:00
ed23d3da,541d25c7,delivered,2018-05-15 06:00:00,2018-05-15 07:00:00,2018-05-17 06:00:00,2018-05-27 06:00:00,2018-06-04 06:00:00
fb37651b,28c4088d,delivered,2018-04-16 00:00:00,2018-04-16 03:00:00,2018-04-17 00:00:00,2018-04-20 00:00:00,2018-04-30 00:00:00
779b62d9,7c1926c2,delivered,2018-02-23 11:00:00,2018-02-23 14:00:00,2018-02-24 11:00:00,2018-02-28 11:00:00,2018-03-11 11:00:00
ba27464d,2f26fc8f,delivered,2017-01-27 07:00:00,2017-01-27 07:00:00,2017-01-28 07:00:00,2017-02-02 07:00:00,2017-02-20 07:00:00
86c7557e,b13b419c,delivered,2017-11-15 20:00:00,2017-11-15 20:00:00,2017-11-17 20:00:00,2017-11-27 20:00:00,2017-11-26 20:00:00
b087e04c,8218ac8e,delivered,2018-08-05 22:00:00,2018-08-06 02:00:00,2018-08-06 22:00:00,2018-08-13 22:00:00,2018-08-20 22:00:00
e1844f94,2d0aacf5,delivered,2017-05-13 06:00:00,2017-05-13 07:00:00,2017-05-14 06:00:00,2017-05-21 06:00:00,2017-06-06 06:00:00
f7882629,b376b66b,delivered,2017-10-30 17:00:00,2017-10-30 19:00:00,2017-11-01 17:00:00,2017-11-10 17:00:00,2017-11-11 17:00:00
569c9597,33ad2e28,delivered,2018-05-04 09:00:00,2018-05-04 13:00:00,2018-05-05 09:00:00,2018-05-07 09:00:00,2018-05-17 09:00:00
7dac71ba,4c692cb7,delivered,2017-01-23 04:00:00,2017-01-23 08:00:00,2017-01-25 04:00:00,2017-01-30 04:00:00,2017-02-06 04:00:00
921152a5,e3646224,delivered,2018-03-07 23:00:00,2018-03-08 03:00:00,2018-03-08 23:00:00,2018-03-17 23:00:00,2018-03-31 23:00:00
77bd6e7f,12ad9e3f,delivered,2017-08-31 07:00:00,2017-08-31 08:00:00,2017-09-01 07:00:00,2017-09-05 07:00:00,2017-09-12 07:00:00
8ccd276f,193d4d92,delivered,2018-08-16 00:00:00,2018-08-16 00:00:00,2018-08-17 00:00:00,2018-08-30 00:00:00,2018-08-31 00:00:00
3b0dfbff,7e144f7d,delivered,2017-08-19 13:00:00,2017-08-19 15:00:00,2017-08-20 13:00:00,2017-08-23 13:00:00,2017-09-05 13:00:00
942e2680,e5f64267,delivered,2017-08-22 17:00:00,2017-08-22 19:00:00,2017-08-23 17:00:00,2017-08-31 17:00:00,2017-09-01 17:00:00
2723ff22,7fc9f6b4,delivered,2017-11-14 05:00:00,2017-11-14 05:00:00,2017-11-15 05:00:00,2017-11-23 05:00:00,2017-12-02 05:00:00
a2599b5b,ecbf7b15,delivered,2017-11-14 13:00:00,2017-11-14 13:00:00,2017-11-15 13:00:00,2017-11-17 13:00:00,2017-12-04 13:00:00
c3c31534,7f404593,delivered,2018-06-11 15:00:00,2018-06-11 16:00:00,2018-06-13 15:00:00,2018-06-24 15:00:00,2018-07-02 15:00:00
f243b6c9,afb934d2,invoiced,2017-10-21 23:00:00,2017-10-22 01:00:00,2017-10-23 23:00:00,,2017-11-04 23:00:00
6e8b5b43,31d64465,delivered,2018-01-07 13:00:00,2018-01-07 15:00:00,2018-01-09 13:00:00,2018-01-10 13:00:00,2018-01-22 13:00:00
e95acd53,293e5314,delivered,2017-11-23 12:00:00,2017-11-23 14:00:00,2017-11-25 12:00:00,2017-12-02 12:00:00,2017-12-07 12:00:00
ec873033,38a617c1,delivered,2018-01-18 11:00:00,2018-01-18 15:00:00,2018-01-20 11:00:00,2018-01-26 11:00:00,2018-01-29 11:00:00
ba831274,f5518e60,canceled,2017-09-12 16:00:00,2017-09-12 18:00:00,2017-09-14 16:00:00,,2017-09-27 16:00:00
ed372e00,a46a5ef3,delivered,2018-05-28 16:00:00,2018-05-28 20:00:00,2018-05-30 16:00:00,2018-06-06 16:00:00,2018-06-07 16:00:00
a76898bd,90e8f872,delivered,2018-07-09 11:00:00,2018-07-09 15:00:00,2018-07-10 11:00:00,2018-07-13 11:00:00,2018-07-20 11:00:00
b6350cd6,006e419b,delivered,2017-05-16 17:00:00,2017-05-16 19:00:00,2017-05-18 17:00:00,2017-05-25 17:00:00,2017-05-30 17:00:00
d021622e,d312f196,delivered,2017-05-20 19:00:00,2017-05-20 22:00:00,2017-05-21 19:00:00,2017-06-01 19:00:00,2017-06-12 19:00:00
90f13aa8,d89be66b,delivered,2018-06-03 19:00:00,2018-06-03 22:00:00,2018-06-04 19:00:00,2018-06-15 19:00:00,2018-06-16 19:00:00
ea628e1b,82d10648,delivered,2017-12-07 13:00:00,2017-12-07 16:00:00,2017-12-09 13:00:00,2017-12-10 13:00:00,2017-12-18 13:00:00
1212f02d,434e0c10,delivered,2018-08-18 19:00:00,2018-08-18 19:00:00,2018-08-19 19:00:00,2018-08-21 19:00:00,2018-09-01 19:00:00
5532c836,7143f205,delivered,2017-10-10 20:00:00,2017-10-10 20:00:00,2017-10-11 20:00:00,2017-10-24 20:00:00,2017-10-26 20:00:00
e6544d1f,91a42ba2,delivered,2017-02-12 07:00:00,2017-02-12 08:00:00,2017-02-14 07:00:00,2017-02-18 07:00:00,2017-03-08 07:00:00
3223a4b7,3b77c2e5,delivered,2017-02-24 07:00:00,2017-02-24 11:00:00,2017-02-25 07:00:00,2017-03-02 07:00:00,2017-03-18 07:00:00
446688c6,523c53ae,delivered,2018-05-07 09:00:00,2018-05-07 10:00:00,2018-05-09 09:00:00,2018-05-19 09:00:00,2018-05-27 09:00:00
883219f9,5412d1f4,delivered,2017-12-09 11:00:00,2017-12-09 14:00:00,2017-12-10 11:00:00,2017-12-12 11:00:00,2017-12-23 11:00:00
7b5400dc,91ef42bd,delivered,2018-03-23 06:00:00,2018-03-23 10:00:00,2018-03-24 06:00:00,2018-04-03 06:00:00,2018-04-14 06:00:00
d76c6844,a74de7aa,delivered,2017-04-08 13:00:00,2017-04-08 16:00:00,2017-04-10 13:00:00,2017-04-14 13:00:00,2017-04-19 13:00:00
47623ac0,82ff5cfd,delivered,2017-11-21 11:00:00,2017-11-21 12:00:00,2017-11-23 11:00:00,2017-11-28 11:00:00,2017-12-13 11:00:00
892be314,eda2c581,delivered,2018-06-12 06:00:00,2018-06-12 07:00:00,2018-06-13 06:00:00,2018-06-24 06:00:00,2018-07-03 06:00:00
85d28bc4,741d826e,delivered,2017-07-19 03:00:00,2017-07-19 05:00:00,2017-07-20 03:00:00,2017-07-23 03:00:00,2017-08-06 03:00:00
90e0f751,fa7b834e,delivered,2018-05-09 09:00:00,2018-05-09 09:00:00,2018-05-10 09:00:00,2018-05-17 09:00:00,2018-05-27 09:00:00
e08e0119,2b72d167,delivered,2017-02-11 03:00:00,2017-02-11 03:00:00,2017-02-13 03:00:00,2017-02-15 03:00:00,2017-03-02 03:00:00
2626b355,7cb76305,delivered,2017-09-16 05:00:00,2017-09-16 05:00:00,2017-09-18 05:00:00,2017-09-29 05:00:00,2017-09-26 05:00:00
0d278ae5,b9feecca,invoiced,2017-05-04 05:00:00,2017-05-04 09:00:00,2017-05-05 05:00:00,,2017-05-24 05:00:00
ef970325,b16aa3ec,delivered,2018-07-05 13:00:00,2018-07-05 13:00:00,2018-07-06 13:00:00,2018-07-11 13:00:00,2018-07-22 13:00:00
10f4919c,71c1856b,delivered,2017-08-30 06:00:00,2017-08-30 06:00:00,2017-09-01 06:00:00,2017-09-07 06:00:00,2017-09-16 06:00:00
6cac81c7,f321e9bd,delivered,2018-04-23 18:00:00,2018-04-23 19:00:00,2018-04-25 18:00:00,2018-05-01 18:00:00,2018-05-16 18:00:00
8a327ff8,376b038c,delivered,2017-01-13 21:00:00,2017-01-14 01:00:00,2017-01-14 21:00:00,2017-01-21 21:00:00,2017-02-06 21:00:00
7f5f6090,bc845f79,delivered,2018-07-03 06:00:00,2018-07-03 06:00:00,2018-07-05 06:00:00,2018-07-14 06:00:00,2018-07-18 06:00:00
79e8a55c,5ec4a4b2,delivered,2018-07-18 12:00:00,2018-07-18 16:00:00,2018-07-19 12:00:00,2018-07-21 12:00:00,2018-08-01 12:00:00
f4087721,5f9eaa75,delivered,2018-07-25 18:00:00,2018-07-25 21:00:00,2018-07-27 18:00:00,2018-08-08 18:00:00,2018-08-13 18:00:00
89abc226,b64d02f7,delivered,2018-08-09 08:00:00,2018-08-09 11:00:00,2018-08-11 08:00:00,2018-08-13 08:00:00,2018-08-24 08:00:00
5d986d4e,c6d78035,delivered,2017-09-25 07:00:00,2017-09-25 07:00:00,2017-09-26 07:00:00,2017-10-05 07:00:00,2017-10-14 07:00:00
8218bc81,fa4f914c,delivered,2018-06-01 18:00:00,2018-06-01 18:00:00,2018-06-02 18:00:00,2018-06-11 18:00:00,2018-06-19 18:00:00
5bacba95,4fdf6616,delivered,2017-12-17 02:00:00,2017-12-17 03:00:00,2017-12-18 02:00:00,2017-12-23 02:00:00,2017-12-31 02:00:00
3ac027bb,a4cee0d6,delivered,2017-03-04 16:00:00,2017-03-04 16:00:00,2017-03-06 16:00:00,2017-03-13 16:00:00,2017-03-28 16:00:00
6146fe47,8daae6ca,delivered,2018-05-10 17:00:00,2018-05-10 19:00:00,2018-05-12 17:00:00,2018-05-24 17:00:00,2018-05-28 17:00:00
2053915b,7332297d,shipped,2017-08-26 07:00:00,2017-08-26 10:00:00,2017-08-28 07:00:00,,2017-09-11 07:00:00
94cb72a6,c0505b6a,delivered,2018-08-15 13:00:00,2018-08-15 16:00:00,2018-08-16 13:00:00,2018-08-27 13:00:00,2018-09-06 13:00:00
aba3eb38,ba389df6,delivered,2017-01-22 19:00:00,2017-01-22 20:00:00,2017-01-23 19:00:00,2017-02-04 19:00:00,2017-02-14 19:00:00
5915ef15,fc2390c1,delivered,2017-01-30 20:00:00,2017-01-30 21:00:00,2017-01-31 20:00:00,2017-02-04 20:00:00,2017-02-12 20:00:00
d3bfe3a5,80b2e0df,delivered,2017-06-25 06:00:00,2017-06-25 08:00:00,2017-06-26 06:00:00,2017-07-07 06:00:00,2017-07-07 06:00:00
4c0b1691,ad905151,delivered,2017-01-21 04:00:00,2017-01-21 07:00:00,2017-01-23 04:00:00,2017-01-25 04:00:00,2017-01-31 04:00:00
a5749a6f,51d40cd2,delivered,2017-09-24 17:00:00,2017-09-24 18:00:00,2017-09-26 17:00:00,2017-10-08 17:00:00,2017-10-14 17:00:00
e44e8a8b,1fb8e000,delivered,2018-01-29 09:00:00,2018-01-29 10:00:00,2018-01-31 09:00:00,2018-02-10 09:00:00,2018-02-16 09:00:00
9ff46711,d3602335,delivered,2018-05-30 00:00:00,2018-05-30 00:00:00,2018-06-01 00:00:00,2018-06-12 00:00:00,2018-06-16 00:00:00
a8e2ac85,6e7e9401,delivered,2017-11-04 02:00:00,2017-11-04 04:00:00,2017-11-05 02:00:00,2017-11-17 02:00:00,2017-11-25 02:00:00
1b07e981,15cd343e,delivered,2018-04-25 18:00:00,2018-04-25 21:00:00,2018-04-26 18:00:00,2018-04-29 18:00:00,2018-05-14 18:00:00
5ce86114,11069807,delivered,2017-05-31 15:00:00,2017-05-31 19:00:00,2017-06-02 15:00:00,2017-06-14 15:00:00,2017-06-24 15:00:00
70987a77,0071c82c,delivered,2018-08-09 18:00:00,2018-08-09 21:00:00,2018-08-10 18:00:00,2018-08-17 18:00:00,2018-09-02 18:00:00
8d799336,bde71009,delivered,2017-06-03 16:00:00,2017-06-03 16:00:00,2017-06-04 16:00:00,2017-06-12 16:00:00,2017-06-13 16:00:00
3f7b801d,b5f31c68,delivered,2018-05-22 03:00:00,2018-05-22 05:00:00,2018-05-23 03:00:00,2018-05-27 03:00:00,2018-06-04 03:00:00
8ee56db9,7c0e6894,delivered,2018-08-23 13:00:00,2018-08-23 17:00:00,2018-08-25 13:00:00,2018-08-28 13:00:00,2018-09-16 13:00:00
369461fe,c25e05e0,delivered,2017-01-01 18:00:00,2017-01-01 19:00:00,2017-01-03 18:00:00,2017-01-05 18:00:00,2017-01-22 18:00:00
95aaf777,83006fb6,delivered,2018-08-02 06:00:00,2018-08-02 06:00:00,2018-08-04 06:00:00,2018-08-10 06:00:00,2018-08-22 06:00:00
de949e66,e246a76e,delivered,2018-04-03 10:00:00,2018-04-03 14:00:00,2018-04-05 10:00:00,2018-04-11 10:00:00,2018-04-14 10:00:00
6d789c01,91ef42bd,delivered,2018-01-21 19:00:00,2018-01-21 22:00:00,2018-01-22 19:00:00,2018-01-31 19:00:00,2018-02-05 19:00:00
103104f8,515168ea,delivered,2017-06-16 15:00:00,2017-06-16 17:00:00,2017-06-18 15:00:00,2017-06-19 15:00:00,2017-07-06 15:00:00
a88b7b98,9fc52f78,delivered,2018-02-11 07:00:00,2018-02-11 08:00:00,2018-02-12 07:00:00,2018-02-18 07:00:00,2018-02-23 07:00:00
093465e2,43a44e06,delivered,2017-04-22 23:00:00,2017-04-23 03:00:00,2017-04-23 23:00:00,2017-04-27 23:00:00,2017-05-03 23:00:00
4616f16a,5633e5f8,delivered,2018-07-24 02:00:00,2018-07-24 04:00:00,2018-07-26 02:00:00,2018-07-28 02:00:00,2018-08-11 02:00:00
532e177d,e5e8d43c,delivered,2018-04-17 07:00:00,2018-04-17 10:00:00,2018-04-19 07:00:00,2018-04-27 07:00:00,2018-04-28 07:00:00
00584e8f,3555ade0,delivered,2017-04-14 01:00:00,2017-04-14 02:00:00,2017-04-16 01:00:00,2017-04-19 01:00:00,2017-05-01 01:00:00
94274d0d,f68bd296,shipped,2018-01-04 13:00:00,2018-01-04 13:00:00,2018-01-06 13:00:00,,2018-01-19 13:00:00
b6c78d2d,24a4131d,delivered,2017-12-10 17:00:00,2017-12-10 20:00:00,2017-12-11 17:00:00,2017-12-19 17:00:00,2018-01-01 17:00:00
7fee56f0,9db93843,delivered,2018-08-18 05:00:00,2018-08-18 07:00:00,2018-08-19 05:00:00,2018-08-29 05:00:00,2018-08-28 05:00:00
b9776fba,41ca1313,delivered,2018-08-02 23:00:00,2018-08-03 01:00:00,2018-08-03 23:00:00,2018-08-06 23:00:00,2018-08-12 23:00:00
742ecd1a,74b3e785,delivered,2018-03-01 16:00:00,2018-03-01 20:00:00,2018-03-03 16:00:00,2018-03-09 16:00:00,2018-03-15 16:00:00
b72cd780,4198815b,delivered,2017-07-29 11:00:00,2017-07-29 14:00:00,2017-07-31 11:00:00,2017-08-04 11:00:00,2017-08-12 11:00:00
0af61512,f6fc6253,delivered,2017-07-02 22:00:00,2017-07-02 23:00:00,2017-07-04 22:00:00,2017-07-10 22:00:00,2017-07-12 22:00:00
89ff47ad,0cfe46f4,delivered,2017-10-18 23:00:00,2017-10-19 00:00:00,2017-10-20 23:00:00,2017-10-29 23:00:00,2017-11-07 23:00:00
650e028a,6f858623,delivered,2017-03-12 00:00:00,2017-03-12 01:00:00,2017-03-13 00:00:00,2017-03-22 00:00:00,2017-03-31 00:00:00
675ddef8,9fd7e264,delivered,2017-06-25 17:00:00,2017-06-25 20:00:00,2017-06-26 17:00:00,2017-07-04 17:00:00,2017-07-17 17:00:00
04c277ed,d5f85366,delivered,2017-02-02 20:00:00,2017-02-02 21:00:00,2017-02-03 20:00:00,2017-02-16 20:00:00,2017-02-18 20:00:00
fd24430d,6bce5414,delivered,2017-05-12 07:00:00,2017-05-12 10:00:00,2017-05-14 07:00:00,2017-05-16 07:00:00,2017-05-28 07:00:00
dbc4fe8b,624826cc,delivered,2018-05-23 15:00:00,2018-05-23 15:00:00,2018-05-25 15:00:00,2018-06-02 15:00:00,2018-06-13 15:00:00
735cfd1f,1b12b67a,delivered,2017-02-06 12:00:00,2017-02-06 15:00:00,2017-02-08 12:00:00,2017-02-14 12:00:00,2017-03-01 12:00:00
337a8d27,856fb5f2,delivered,2018-05-13 06:00:00,2018-05-13 10:00:00,2018-05-14 06:00:00,2018-05-25 06:00:00,2018-05-23 06:00:00
a7a6f49c,1b7ee927,delivered,2017-09-24 00:00:00,2017-09-24 00:00:00,2017-09-25 00:00:00,2017-09-30 00:00:00,2017-10-18 00:00:00
96485982,158d39f3,delivered,2017-08-13 17:00:00,2017-08-13 19:00:00,2017-08-15 17:00:00,2017-08-24 17:00:00,2017-09-01 17:00:00
75131d9f,ff2fb3f4,delivered,2018-06-25 08:00:00,2018-06-25 10:00:00,2018-06-27 08:00:00,2018-07-07 08:00:00,2018-07-09 08:00:00
d3c156dd,90e8f872,delivered,2018-06-06 07:00:00,2018-06-06 11:00:00,2018-06-07 07:00:00,2018-06-12 07:00:00,2018-06-28 07:00:00
0c040e3b,0df27db3,shipped,2017-09-12 18:00:00,2017-09-12 21:00:00,2017-09-14 18:00:00,,2017-10-06 18:00:00
cd982004,0062d09f,delivered,2018-01-25 16:00:00,2018-01-25 17:00:00,2018-01-27 16:00:00,2018-02-06 16:00:00,2018-02-17 16:00:00
c277e35c,dca4f051,delivered,2018-05-24 15:00:00,2018-05-24 15:00:00,2018-05-25 15:00:00,2018-06-05 15:00:00,2018-06-07 15:00:00
9911957f,ab402eef,delivered,2017-09-10 18:00:00,2017-09-10 22:00:00,2017-09-12 18:00:00,2017-09-21 18:00:00,2017-09-23 18:00:00
88c3917d,1d214a89,delivered,2017-03-13 12:00:00,2017-03-13 15:00:00,2017-03-14 12:00:00,2017-03-19 12:00:00,2017-03-25 12:00:00
245286de,6c53f5d6,delivered,2017-12-31 22:00:00,2017-12-31 23:00:00,2018-01-01 22:00:00,2018-01-13 22:00:00,2018-01-20 22:00:00
10a0f590,54d86e06,delivered,2017-09-06 12:00:00,2017-09-06 14:00:00,2017-09-08 12:00:00,2017-09-11 12:00:00,2017-09-18 12:00:00
66538cdd,abdcf93c,shipped,2017-04-05 15:00:00,2017-04-05 15:00:00,2017-04-06 15:00:00,,2017-04-24 15:00:00
375332f6,31705837,delivered,2017-10-16 13:00:00,2017-10-16 16:00:00,2017-10-17 13:00:00,2017-10-29 13:00:00,2017-10-27 13:00:00
4cb080d8,1b7f76fe,delivered,2018-01-17 23:00:00,2018-01-18 02:00:00,2018-01-19 23:00:00,2018-01-23 23:00:00,2018-01-27 23:00:00
503f2d1c,77da982f,delivered,2017-11-16 14:00:00,2017-11-16 18:00:00,2017-11-17 14:00:00,2017-11-29 14:00:00,2017-12-03 14:00:00
a0881619,16dd2977,delivered,2018-06-25 17:00:00,2018-06-25 18:00:00,2018-06-27 17:00:00,2018-07-09 17:00:00,2018-07-09 17:00:00
c6f1ba6e,460d5d81,delivered,2018-01-02 21:00:00,2018-01-03 01:00:00,2018-01-04 21:00:00,2018-01-14 21:00:00,2018-01-14 21:00:00
8c69ce6a,cdd97efd,delivered,2017-11-26 03:00:00,2017-11-26 03:00:00,2017-11-27 03:00:00,2017-12-05 03:00:00,2017-12-06 03:00:00
d284e7ec,d4ab020f,delivered,2017-07-07 21:00:00,2017-07-08 00:00:00,2017-07-09 21:00:00,2017-07-11 21:00:00,2017-07-23 21:00:00
7514a8c4,66b82d27,delivered,2018-04-06 23:00:00,2018-04-07 02:00:00,2018-04-08 23:00:00,2018-04-13 23:00:00,2018-04-25 23:00:00
58114e2e,7572555b,delivered,2017-07-01 07:00:00,2017-07-01 09:00:00,2017-07-02 07:00:00,2017-07-10 07:00:00,2017-07-12 07:00:00
75f22f8c,a969c7f0,delivered,2017-11-06 21:00:00,2017-11-06 22:00:00,2017-11-07 21:00:00,2017-11-17 21:00:00,2017-11-16 21:00:00
4dc863aa,5bb61db8,invoiced,2018-05-10 06:00:00,2018-05-10 09:00:00,2018-05-11 06:00:00,,2018-06-01 06:00:00
265eded8,d2753644,delivered,2017-12-08 06:00:00,2017-12-08 08:00:00,2017-12-10 06:00:00,2017-12-20 06:00:00,2017-12-30 06:00:00
1a5cc3c3,4b153534,delivered,2017-01-17 19:00:00,2017-01-17 22:00:00,2017-01-19 19:00:00,2017-01-26 19:00:00,2017-01-30 19:00:00
3a5d9489,7a05ea2c,delivered,2017-12-06 07:00:00,2017-12-06 07:00:00,2017-12-07 07:00:00,2017-12-10 07:00:00,2017-12-22 07:00:00
d590a344,8a3c8a16,delivered,2017-10-08 16:00:00,2017-10-08 19:00:00,2017-10-10 16:00:00,2017-10-21 16:00:00,2017-10-31 16:00:00
97c447dc,e7be1f40,delivered,2017-02-14 08:00:00,2017-02-14 08:00:00,2017-02-15 08:00:00,2017-02-24 08:00:00,2017-03-09 08:00:00
24848547,fa4f914c,delivered,2018-07-25 10:00:00,2018-07-25 10:00:00,2018-07-27 10:00:00,2018-08-03 10:00:00,2018-08-09 10:00:00
daf5e54f,c55d2394,delivered,2018-02-07 12:00:00,2018-02-07 15:00:00,2018-02-09 12:00:00,2018-02-11 12:00:00,2018-02-17 12:00:00
f96bcbcf,d8098233,delivered,2018-01-21 23:00:00,2018-01-21 23:00:00,2018-01-23 23:00:00,2018-01-28 23:00:00,2018-02-11 23:00:00
4322f893,b9c10fc5,delivered,2018-07-11 16:00:00,2018-07-11 16:00:00,2018-07-13 16:00:00,2018-07-22 16:00:00,2018-07-30 16:00:00
be14542c,f4cc142a,delivered,2017-12-14 08:00:00,2017-12-14 10:00:00,2017-12-15 08:00:00,2017-12-22 08:00:00,2018-01-07 08:00:00
050cbb5c,2843d67d,delivered,2017-09-14 20:00:00,2017-09-14 21:00:00,2017-09-16 20:00:00,2017-09-27 20:00:00,2017-09-28 20:00:00
8cd16e25,80d31b97,delivered,2017-09-12 05:00:00,2017-09-12 09:00:00,2017-09-13 05:00:00,2017-09-16 05:00:00,2017-10-06 05:00:00
d4767611,49bf91af,delivered,2017-05-09 02:00:00,2017-05-09 06:00:00,2017-05-11 02:00:00,2017-05-12 02:00:00,2017-05-27 02:00:00
ab8c49f4,b2ee7fe5,delivered,2018-02-08 07:00:00,2018-02-08 08:00:00,2018-02-10 07:00:00,2018-02-16 07:00:00,2018-02-23 07:00:00
8bf0bfcd,cad1c79f,delivered,2018-05-05 08:00:00,2018-05-05 08:00:00,2018-05-07 08:00:00,2018-05-09 08:00:00,2018-05-18 08:00:00
c6d4c646,010e6e0e,delivered,2017-12-16 05:00:00,2017-12-16 09:00:00,2017-12-18 05:00:00,2017-12-29 05:00:00,2018-01-03 05:00:00
6608c594,3a8bc1ff,delivered,2017-01-30 10:00:00,2017-01-30 12:00:00,2017-01-31 10:00:00,2017-02-05 10:00:00,2017-02-12 10:00:00
570435a9,dcfd87de,delivered,2018-05-13 11:00:00,2018-05-13 14:00:00,2018-05-14 11:00:00,2018-05-23 11:00:00,2018-05-29 11:00:00
8c80e2a7,951251b9,delivered,2018-05-29 22:00:00,2018-05-29 23:00:00,2018-05-30 22:00:00,2018-06-06 22:00:00,2018-06-14 22:00:00
bddde84b,1c296cc3,delivered,2017-01-09 20:00:00,2017-01-10 00:00:00,2017-01-11 20:00:00,2017-01-14 20:00:00,2017-01-22 20:00:00
b17f5657,057351e7,delivered,2017-05-20 22:00:00,2017-05-21 01:00:00,2017-05-21 22:00:00,2017-05-30 22:00:00,2017-06-06 22:00:00
c8518a7e,ff69d0f1,delivered,2017-07-20 03:00:00,2017-07-20 04:00:00,2017-07-22 03:00:00,2017-07-26 03:00:00,2017-07-30 03:00:00
2368722d,6cd42993,delivered,2017-11-15 14:00:00,2017-11-15 17:00:00,2017-11-16 14:00:00,2017-11-26 14:00:00,2017-11-30 14:00:00
89d55751,1112d8cb,delivered,2018-08-01 01:00:00,2018-08-01 05:00:00,2018-08-02 01:00:00,2018-08-09 01:00:00,2018-08-12 01:00:00
6b8bc4ed,a7d31715,delivered,2018-03-16 05:00:00,2018-03-16 09:00:00,2018-03-18 05:00:00,2018-03-21 05:00:00,2018-04-03 05:00:00
f82bcb39,4d2b95dd,delivered,2017-11-04 18:00:00,2017-11-04 22:00:00,2017-11-06 18:00:00,2017-11-11 18:00:00,2017-11-25 18:00:00
43b40a7e,d3a2d2a8,delivered,2017-03-20 05:00:00,2017-03-20 05:00:00,2017-03-21 05:00:00,2017-03-25 05:00:00,2017-04-04 05:00:00
999317df,ba815ad8,delivered,2018-02-18 16:00:00,2018-02-18 16:00:00,2018-02-20 16:00:00,2018-02-22 16:00:00,2018-03-11 16:00:00
9efe017c,44569e60,delivered,2017-06-01 22:00:00,2017-06-02 01:00:00,2017-06-02 22:00:00,2017-06-14 22:00:00,2017-06-17 22:00:00
ba60c0eb,5dad7d78,delivered,2017-03-14 11:00:00,2017-03-14 11:00:00,2017-03-16 11:00:00,2017-03-19 11:00:00,2017-04-04 11:00:00
5bdf0529,22556787,delivered,2018-05-06 01:00:00,2018-05-06 04:00:00,2018-05-07 01:00:00,2018-05-19 01:00:00,2018-05-30 01:00:00
782211f1,e07049ae,delivered,2017-01-20 22:00:00,2017-01-20 23:00:00,2017-01-22 22:00:00,2017-02-01 22:00:00,2017-01-31 22:00:00
d06237b6,bf7060a9,delivered,2017-12-22 12:00:00,2017-12-22 14:00:00,2017-12-23 12:00:00,2018-01-04 12:00:00,2018-01-07 12:00:00
48def4f8,da8f3728,delivered,2017-05-06 06:00:00,2017-05-06 09:00:00,2017-05-07 06:00:00,2017-05-10 06:00:00,2017-05-18 06:00:00
f3ad649b,85651f8f,delivered,2017-09-21 18:00:00,2017-09-21 21:00:00,2017-09-22 18:00:00,2017-10-02 18:00:00,2017-10-10 18:00:00
7947b0c5,191c1336,delivered,2018-02-08 03:00:00,2018-02-08 05:00:00,2018-02-09 03:00:00,2018-02-17 03:00:00,2018-02-22 03:00:00
db7b800f,88cbc040,delivered,2017-10-08 00:00:00,2017-10-08 00:00:00,2017-10-09 00:00:00,2017-10-14 00:00:00,2017-10-28 00:00:00
187d968f,c5a055f0,delivered,2017-02-26 06:00:00,2017-02-26 08:00:00,2017-02-28 06:00:00,2017-03-06 06:00:00,2017-03-10 06:00:00
758d3049,0268b29f,delivered,2017-01-02 19:00:00,2017-01-02 20:00:00,2017-01-03 19:00:00,2017-01-06 19:00:00,2017-01-22 19:00:00
47f0ac16,4cab0aca,delivered,2018-03-02 09:00:00,2018-03-02 09:00:00,2018-03-03 09:00:00,2018-03-11 09:00:00,2018-03-15 09:00:00
5341585e,2fac84cc,invoiced,2017-01-30 17:00:00,2017-01-30 21:00:00,2017-02-01 17:00:00,,2017-02-11 17:00:00
d918afdb,ccba11ff,delivered,2018-08-23 03:00:00,2018-08-23 06:00:00,2018-08-24 03:00:00,2018-09-03 03:00:00,2018-09-04 03:00:00
37b83761,de0c52ef,delivered,2018-03-11 02:00:00,2018-03-11 03:00:00,2018-03-13 02:00:00,2018-03-25 02:00:00,2018-04-04 02:00:00
10f3c55a,8395e0dc,invoiced,2018-02-06 00:00:00,2018-02-06 04:00:00,2018-02-07 00:00:00,,2018-02-19 00:00:00
3606fa15,12a48ba9,delivered,2017-05-27 06:00:00,2017-05-27 09:00:00,2017-05-28 06:00:00,2017-06-06 06:00:00,2017-06-19 06:00:00
68cc157d,1f5c94ff,delivered,2018-04-15 19:00:00,2018-04-15 23:00:00,2018-04-16 19:00:00,2018-04-18 19:00:00,2018-04-25 19:00:00
bec0777a,cc1b43bf,delivered,2017-10-10 23:00:00,2017-10-11 02:00:00,2017-10-11 23:00:00,2017-10-15 23:00:00,2017-10-27 23:00:00
cac46aa2,c5a90899,delivered,2018-07-23 13:00:00,2018-07-23 17:00:00,2018-07-24 13:00:00,2018-07-30 13:00:00,2018-08-10 13:00:00
610c81b6,dcb1cb04,delivered,2018-04-25 05:00:00,2018-04-25 06:00:00,2018-04-26 05:00:00,2018-05-01 05:00:00,2018-05-05 05:00:00
bfc8423d,28b9a37c,delivered,2017-09-19 15:00:00,2017-09-19 16:00:00,2017-09-20 15:00:00,2017-10-03 15:00:00,2017-10-01 15:00:00
6daef43b,d1c6b5b6,delivered,2017-10-02 23:00:00,2017-10-03 00:00:00,2017-10-03 23:00:00,2017-10-12 23:00:00,2017-10-25 23:00:00
ce910d86,4198815b,delivered,2018-03-02 20:00:00,2018-03-02 23:00:00,2018-03-03 20:00:00,2018-03-10 20:00:00,2018-03-13 20:00:00
27961ed5,7100ff24,delivered,2018-01-04 23:00:00,2018-01-04 23:00:00,2018-01-05 23:00:00,2018-01-18 23:00:00,2018-01-19 23:00:00
476b4ef8,abfec41d,delivered,2017-12-27 00:00:00,2017-12-27 01:00:00,2017-12-29 00:00:00,2018-01-01 00:00:00,2018-01-14 00:00:00
f10d4c6c,b5290b5a,delivered,2018-07-05 07:00:00,2018-07-05 07:00:00,2018-07-06 07:00:00,2018-07-12 07:00:00,2018-07-22 07:00:00
14d5da2b,3b7c021a,delivered,2017-08-09 16:00:00,2017-08-09 16:00:00,2017-08-10 16:00:00,2017-08-23 16:00:00,2017-08-19 16:00:00
9008ceb2,1ea918c7,delivered,2018-08-04 13:00:00,2018-08-04 15:00:00,2018-08-05 13:00:00,2018-08-13 13:00:00,2018-08-27 13:00:00
23083403,7d42e167,delivered,2017-07-15 08:00:00,2017-07-15 12:00:00,2017-07-16 08:00:00,2017-07-19 08:00:00,2017-08-02 08:00:00
0a16a338,319af185,delivered,2018-04-30 07:00:00,2018-04-30 07:00:00,2018-05-01 07:00:00,2018-05-07 07:00:00,2018-05-14 07:00:00
a97ade19,bdbda297,delivered,2018-06-01 18:00:00,2018-06-01 18:00:00,2018-06-03 18:00:00,2018-06-15 18:00:00,2018-06-25 18:00:00
3728d52e,ce0faa13,delivered,2018-04-05 12:00:00,2018-04-05 13:00:00,2018-04-07 12:00:00,2018-04-16 12:00:00,2018-04-24 12:00:00
6fe19c1e,5c5d8d35,delivered,2017-07-25 12:00:00,2017-07-25 13:00:00,2017-07-27 12:00:00,2017-08-04 12:00:00,2017-08-06 12:00:00
510df245,f07c79a6,delivered,2018-04-16 01:00:00,2018-04-16 02:00:00,2018-04-18 01:00:00,2018-04-26 01:00:00,2018-05-10 01:00:00
b3d79805,0700b147,delivered,2017-02-20 03:00:00,2017-02-20 07:00:00,2017-02-22 03:00:00,2017-02-25 03:00:00,2017-03-04 03:00:00
05c4a9b4,75970ec3,delivered,2017-01-14 19:00:00,2017-01-14 19:00:00,2017-01-15 19:00:00,2017-01-24 19:00:00,2017-01-31 19:00:00
95eb6adf,e1462be4,delivered,2018-07-21 20:00:00,2018-07-21 23:00:00,2018-07-22 20:00:00,2018-08-01 20:00:00,2018-08-02 20:00:00
bd0fc83a,f8ff1467,delivered,2017-01-15 12:00:00,2017-01-15 16:00:00,2017-01-16 12:00:00,2017-01-29 12:00:00,2017-01-26 12:00:00
cf1f4241,ce128599,delivered,2018-06-01 18:00:00,2018-06-01 22:00:00,2018-06-03 18:00:00,2018-06-12 18:00:00,2018-06-11 18:00:00
c65a2c88,5e73c689,delivered,2017-05-17 10:00:00,2017-05-17 11:00:00,2017-05-18 10:00:00,2017-05-20 10:00:00,2017-06-03 10:00:00
a1e0e778,6e39708c,delivered,2017-09-02 16:00:00,2017-09-02 18:00:00,2017-09-03 16:00:00,2017-09-16 16:00:00,2017-09-12 16:00:00
879ca9e5,3e233380,delivered,2017-10-09 13:00:00,2017-10-09 15:00:00,2017-10-11 13:00:00,2017-10-17 13:00:00,2017-10-31 13:00:00
36074023,b403a054,delivered,2017-05-21 01:00:00,2017-05-21 01:00:00,2017-05-22 01:00:00,2017-06-01 01:00:00,2017-06-07 01:00:00
65d6dd33,1f1eeb0a,delivered,2018-04-17 16:00:00,2018-04-17 17:00:00,2018-04-18 16:00:00,2018-04-25 16:00:00,2018-05-11 16:00:00
df078275,7e8db413,delivered,2017-09-24 14:00:00,2017-09-24 18:00:00,2017-09-26 14:00:00,2017-10-05 14:00:00,2017-10-10 14:00:00
223f9913,fcc38acd,delivered,2017-08-14 07:00:00,2017-08-14 11:00:00,2017-08-15 07:00:00,2017-08-21 07:00:00,2017-08-25 07:00:00
209a3272,ee6e58d2,delivered,2018-07-28 04:00:00,2018-07-28 07:00:00,2018-07-30 04:00:00,2018-08-09 04:00:00,2018-08-14 04:00:00
38df4ef5,81e9bcd8,delivered,2017-11-13 15:00:00,2017-11-13 19:00:00,2017-11-14 15:00:00,2017-11-17 15:00:00,2017-12-06 15:00:00
2c52bc02,87b743f1,delivered,2017-02-07 21:00:00,2017-02-07 23:00:00,2017-02-08 21:00:00,2017-02-20 21:00:00,2017-02-20 21:00:00
0a75af49,3f350c02,delivered,2018-03-23 22:00:00,2018-03-24 02:00:00,2018-03-25 22:00:00,2018-04-04 22:00:00,2018-04-15 22:00:00
802a9984,bea5aa18,delivered,2017-01-10 19:00:00,2017-01-10 20:00:00,2017-01-12 19:00:00,2017-01-17 19:00:00,2017-02-01 19:00:00
26c1d4b7,f9d2aaa0,delivered,2017-10-28 13:00:00,2017-10-28 17:00:00,2017-10-29 13:00:00,2017-11-03 13:00:00,2017-11-13 13:00:00
8eb47cfd,14e0c965,delivered,2018-01-12 11:00:00,2018-01-12 11:00:00,2018-01-14 11:00:00,2018-01-18 11:00:00,2018-01-24 11:00:00
2e803765,69ad4d0b,delivered,2018-02-28 15:00:00,2018-02-28 18:00:00,2018-03-02 15:00:00,2018-03-05 15:00:00,2018-03-24 15:00:00
e6f79946,eb3878e8,delivered,2017-01-11 19:00:00,2017-01-11 21:00:00,2017-01-13 19:00:00,2017-01-16 19:00:00,2017-01-21 19:00:00
7e76dc6e,7e63f015,delivered,2017-02-23 00:00:00,2017-02-23 04:00:00,2017-02-25 00:00:00,2017-03-06 00:00:00,2017-03-13 00:00:00
3dd043f8,daff50df,delivered,2017-10-21 03:00:00,2017-10-21 07:00:00,2017-10-23 03:00:00,2017-11-04 03:00:00,2017-11-06 03:00:00
3e9932bc,a3937cbc,delivered,2017-05-04 14:00:00,2017-05-04 14:00:00,2017-05-05 14:00:00,2017-05-17 14:00:00,2017-05-15 14:00:00
3e4cf873,57ffa468,delivered,2018-04-27 19:00:00,2018-04-27 23:00:00,2018-04-29 19:00:00,2018-05-10 19:00:00,2018-05-14 19:00:00
ba56ea6a,2cf15382,delivered,2017-08-17 03:00:00,2017-08-17 04:00:00,2017-08-19 03:00:00,2017-08-29 03:00:00,2017-09-06 03:00:00
07d2f118,ecbf164b,delivered,2017-07-06 00:00:00,2017-07-06 04:00:00,2017-07-07 00:00:00,2017-07-14 00:00:00,2017-07-21 00:00:00
e6106cb4,1822bca9,delivered,2018-02-18 07:00:00,2018-02-18 09:00:00,2018-02-19 07:00:00,2018-02-25 07:00:00,2018-03-09 07:00:00
9bfb6065,232bc734,delivered,2017-07-31 05:00:00,2017-07-31 09:00:00,2017-08-01 05:00:00,2017-08-04 05:00:00,2017-08-22 05:00:00
68064272,d07acbdb,delivered,2017-04-09 05:00:00,2017-04-09 06:00:00,2017-04-10 05:00:00,2017-04-21 05:00:00,2017-04-28 05:00:00
24b1d7ce,44ab3b5c,delivered,2017-01-20 02:00:00,2017-01-20 05:00:00,2017-01-21 02:00:00,2017-01-30 02:00:00,2017-02-06 02:00:00
82b99738,bf408823,delivered,2017-03-20 09:00:00,2017-03-20 10:00:00,2017-03-21 09:00:00,2017-03-25 09:00:00,2017-04-06 09:00:00
42f97920,f0755cc6,delivered,2017-04-19 08:00:00,2017-04-19 11:00:00,2017-04-21 08:00:00,2017-04-23 08:00:00,2017-05-12 08:00:00
333f2086,f454cd99,delivered,2018-02-04 07:00:00,2018-02-04 08:00:00,2018-02-06 07:00:00,2018-02-08 07:00:00,2018-02-19 07:00:00
a561802f,39690cae,delivered,2018-06-17 02:00:00,2018-06-17 05:00:00,2018-06-19 02:00:00,2018-06-25 02:00:00,2018-07-06 02:00:00
720f625e,9417b804,delivered,2017-10-27 20:00:00,2017-10-27 20:00:00,2017-10-28 20:00:00,2017-11-08 20:00:00,2017-11-14 20:00:00
6e018364,c4c01f49,delivered,2017-07-04 02:00:00,2017-07-04 04:00:00,2017-07-06 02:00:00,2017-07-12 02:00:00,2017-07-24 02:00:00
952bb506,330112d1,delivered,2017-08-19 02:00:00,2017-08-19 05:00:00,2017-08-20 02:00:00,2017-08-26 02:00:00,2017-08-31 02:00:00
59c395d0,0632de92,delivered,2017-01-17 23:00:00,2017-01-18 03:00:00,2017-01-18 23:00:00,2017-01-24 23:00:00,2017-01-27 23:00:00
30ca6a78,0071c82c,delivered,2018-03-03 21:00:00,2018-03-04 01:00:00,2018-03-05 21:00:00,2018-03-07 21:00:00,2018-03-26 21:00:00
0d28ed21,36ee1269,delivered,2017-08-31 12:00:00,2017-08-31 12:00:00,2017-09-01 12:00:00,2017-09-13 12:00:00,2017-09-24 12:00:00
c52a0175,b2ba1bd0,delivered,2017-10-06 00:00:00,2017-10-06 03:00:00,2017-10-07 00:00:00,2017-10-19 00:00:00,2017-10-18 00:00:00
161e9d4b,5b68e8da,delivered,2018-06-12 20:00:00,2018-06-12 22:00:00,2018-06-14 20:00:00,2018-06-26 20:00:00,2018-07-01 20:00:00
b05754bf,0911ca63,canceled,2018-06-01 19:00:00,2018-06-01 19:00:00,2018-06-03 19:00:00,,2018-06-22 19:00:00
6fadf75f,8b0f126a,delivered,2017-05-24 14:00:00,2017-05-24 16:00:00,2017-05-25 14:00:00,2017-06-05 14:00:00,2017-06-04 14:00:00
3a5ce456,7b4d4bcd,delivered,2017-01-31 03:00:00,2017-01-31 07:00:00,2017-02-02 03:00:00,2017-02-14 03:00:00,2017-02-10 03:00:00
8c27183a,b09e1177,delivered,2017-06-13 07:00:00,2017-06-13 11:00:00,2017-06-14 07:00:00,2017-06-18 07:00:00,2017-07-03 07:00:00
6f235d9d,e854928a,delivered,2018-05-03 22:00:00,2018-05-03 23:00:00,2018-05-05 22:00:00,2018-05-09 22:00:00,2018-05-14 22:00:00
331c75e5,e3646224,delivered,2018-05-17 06:00:00,2018-05-17 06:00:00,2018-05-19 06:00:00,2018-05-25 06:00:00,2018-06-09 06:00:00
a16d1868,ee9c6464,processing,2018-03-25 15:00:00,2018-03-25 15:00:00,2018-03-26 15:00:00,,2018-04-13 15:00:00
5991c0c3,feb3a383,delivered,2017-06-19 05:00:00,2017-06-19 08:00:00,2017-06-20 05:00:00,2017-07-03 05:00:00,2017-07-10 05:00:00
40de23a6,1e94e69b,delivered,2017-06-04 01:00:00,2017-06-04 05:00:00,2017-06-05 01:00:00,2017-06-18 01:00:00,2017-06-22 01:00:00
38a7123c,293b092f,delivered,2017-05-09 23:00:00,2017-05-10 02:00:00,2017-05-10 23:00:00,2017-05-20 23:00:00,2017-05-26 23:00:00
7a83786c,5777f990,delivered,2018-07-21 03:00:00,2018-07-21 07:00:00,2018-07-23 03:00:00,2018-08-04 03:00:00,2018-08-07 03:00:00
c92e8d30,7b714f7b,invoiced,2018-05-15 04:00:00,2018-05-15 07:00:00,2018-05-17 04:00:00,,2018-05-28 04:00:00
8a072829,1e004640,delivered,2018-05-25 22:00:00,2018-05-25 22:00:00,2018-05-26 22:00:00,2018-06-03 22:00:00,2018-06-05 22:00:00
0fb92447,e5f64267,delivered,2017-06-27 09:00:00,2017-06-27 09:00:00,2017-06-28 09:00:00,2017-06-30 09:00:00,2017-07-21 09:00:00
5d3e5c76,b9feecca,delivered,2018-08-18 15:00:00,2018-08-18 17:00:00,2018-08-19 15:00:00,2018-08-30 15:00:00,2018-09-11 15:00:00
b47889f9,5bb61db8,delivered,2017-04-17 02:00:00,2017-04-17 06:00:00,2017-04-18 02:00:00,2017-04-29 02:00:00,2017-04-29 02:00:00
0627430f,13b94a6e,delivered,2017-10-19 16:00:00,2017-10-19 16:00:00,2017-10-20 16:00:00,2017-11-02 16:00:00,2017-11-07 16:00:00
1db92e4c,51c276cc,delivered,2018-05-21 19:00:00,2018-05-21 21:00:00,2018-05-23 19:00:00,2018-06-02 19:00:00,2018-06-06 19:00:00
3a3e5148,e246a76e,delivered,2017-06-29 21:00:00,2017-06-30 01:00:00,2017-06-30 21:00:00,2017-07-04 21:00:00,2017-07-20 21:00:00
bf5980ec,74aa3f7e,delivered,2018-06-07 08:00:00,2018-06-07 08:00:00,2018-06-08 08:00:00,2018-06-17 08:00:00,2018-06-26 08:00:00
01f4cb3c,1ffad93c,delivered,2018-01-17 08:00:00,2018-01-17 12:00:00,2018-01-18 08:00:00,2018-01-20 08:00:00,2018-02-05 08:00:00
97878999,c7b16684,delivered,2017-06-06 23:00:00,2017-06-06 23:00:00,2017-06-08 23:00:00,2017-06-18 23:00:00,2017-06-19 23:00:00
3ab7c529,0ba142f6,delivered,2017-12-01 02:00:00,2017-12-01 06:00:00,2017-12-03 02:00:00,2017-12-14 02:00:00,2017-12-18 02:00:00
0092831f,af0acaec,delivered,2017-09-19 09:00:00,2017-09-19 12:00:00,2017-09-20 09:00:00,2017-09-25 09:00:00,2017-10-07 09:00:00
9256f34b,8fa2443f,delivered,2017-11-10 00:00:00,2017-11-10 03:00:00,2017-11-11 00:00:00,2017-11-15 00:00:00,2017-11-28 00:00:00
79e6e90d,0c618cc7,delivered,2018-04-29 03:00:00,2018-04-29 03:00:00,2018-05-01 03:00:00,2018-05-06 03:00:00,2018-05-09 03:00:00
1f4bb319,8b22610c,delivered,2018-05-09 09:00:00,2018-05-09 09:00:00,2018-05-10 09:00:00,2018-05-18 09:00:00,2018-05-22 09:00:00
87a999a8,178825ff,delivered,2017-01-14 00:00:00,2017-01-14 03:00:00,2017-01-15 00:00:00,2017-01-25 00:00:00,2017-01-28 00:00:00
8c5ed5ec,fc53c7ca,delivered,2018-08-05 19:00:00,2018-08-05 20:00:00,2018-08-06 19:00:00,2018-08-10 19:00:00,2018-08-19 19:00:00
19833548,2501b210,delivered,2018-07-16 20:00:00,2018-07-17 00:00:00,2018-07-17 20:00:00,2018-07-25 20:00:00,2018-08-06 20:00:00
27fbcae4,7fb0d79c,delivered,2017-10-02 03:00:00,2017-10-02 05:00:00,2017-10-04 03:00:00,2017-10-15 03:00:00,2017-10-23 03:00:00
477d133e,20cc9c32,delivered,2018-01-16 23:00:00,2018-01-17 01:00:00,2018-01-17 23:00:00,2018-01-26 23:00:00,2018-02-04 23:00:00
64e04094,9b6b7fd8,delivered,2018-08-23 12:00:00,2018-08-23 13:00:00,2018-08-25 12:00:00,2018-09-02 12:00:00,2018-09-12 12:00:00
4bc7e0b7,3133bead,processing,2017-09-28 04:00:00,2017-09-28 07:00:00,2017-09-30 04:00:00,,2017-10-19 04:00:00
ffe87e5c,705f3e37,delivered,2018-04-07 23:00:00,2018-04-08 01:00:00,2018-04-08 23:00:00,2018-04-16 23:00:00,2018-04-17 23:00:00
7ec2ed4f,29ba5391,delivered,2018-05-31 16:00:00,2018-05-31 19:00:00,2018-06-02 16:00:00,2018-06-05 16:00:00,2018-06-19 16:00:00
c723a4c9,0a9b071f,delivered,2017-08-26 21:00:00,2017-08-26 21:00:00,2017-08-28 21:00:00,2017-09-09 21:00:00,2017-09-12 21:00:00
973ecf57,fcf190a1,delivered,2018-02-20 11:00:00,2018-02-20 15:00:00,2018-02-22 11:00:00,2018-02-24 11:00:00,2018-03-04 11:00:00
3c7e9b4d,32ff9a32,delivered,2017-05-21 23:00:00,2017-05-22 00:00:00,2017-05-23 23:00:00,2017-05-31 23:00:00,2017-05-31 23:00:00
df54f840,8dade820,invoiced,2018-04-30 02:00:00,2018-04-30 02:00:00,2018-05-01 02:00:00,,2018-05-17 02:00:00
bdbe437c,8dda584a,delivered,2018-05-29 00:00:00,2018-05-29 00:00:00,2018-05-30 00:00:00,2018-06-08 00:00:00,2018-06-19 00:00:00
242a793e,04fefce6,delivered,2017-05-05 13:00:00,2017-05-05 13:00:00,2017-05-07 13:00:00,2017-05-09 13:00:00,2017-05-21 13:00:00
08458bbd,3897f577,canceled,2018-08-02 20:00:00,2018-08-02 20:00:00,2018-08-03 20:00:00,,2018-08-14 20:00:00
16f40186,76546fca,delivered,2017-07-18 06:00:00,2017-07-18 10:00:00,2017-07-19 06:00:00,2017-07-30 06:00:00,2017-07-31 06:00:00
5a8aa515,97393479,delivered,2017-01-20 08:00:00,2017-01-20 08:00:00,2017-01-21 08:00:00,2017-01-28 08:00:00,2017-02-02 08:00:00
89707175,74e27807,delivered,2017-08-03 05:00:00,2017-08-03 05:00:00,2017-08-04 05:00:00,2017-08-13 05:00:00,2017-08-24 05:00:00
ae8fafe4,ab150a87,delivered,2018-04-11 03:00:00,2018-04-11 04:00:00,2018-04-13 03:00:00,2018-04-25 03:00:00,2018-04-26 03:00:00
6aef5140,fb23ca6e,invoiced,2017-10-19 01:00:00,2017-10-19 05:00:00,2017-10-20 01:00:00,,2017-11-12 01:00:00
1f1ff357,74b3e785,delivered,2017-03-08 16:00:00,2017-03-08 17:00:00,2017-03-10 16:00:00,2017-03-13 16:00:00,2017-03-29 16:00:00
5b65563e,4f7c7ce0,delivered,2017-04-09 13:00:00,2017-04-09 17:00:00,2017-04-11 13:00:00,2017-04-22 13:00:00,2017-04-20 13:00:00
f5371f3b,2511eef2,delivered,2018-06-22 17:00:00,2018-06-22 17:00:00,2018-06-24 17:00:00,2018-06-28 17:00:00,2018-07-12 17:00:00
bf5e4540,53281cb1,delivered,2018-06-01 00:00:00,2018-06-01 02:00:00,2018-06-02 00:00:00,2018-06-11 00:00:00,2018-06-23 00:00:00
e3b28c9d,03e49caa,delivered,2018-04-20 11:00:00,2018-04-20 11:00:00,2018-04-22 11:00:00,2018-05-01 11:00:00,2018-05-06 11:00:00
a7a90ba1,5fbe1c0e,delivered,2018-04-21 17:00:00,2018-04-21 19:00:00,2018-04-22 17:00:00,2018-04-25 17:00:00,2018-05-15 17:00:00
789a2317,b88277c3,delivered,2017-05-18 08:00:00,2017-05-18 11:00:00,2017-05-19 08:00:00,2017-05-28 08:00:00,2017-06-02 08:00:00
b98a4615,9bc89cb7,delivered,2017-11-26 10:00:00,2017-11-26 14:00:00,2017-11-28 10:00:00,2017-12-01 10:00:00,2017-12-11 10:00:00
6cc5dc96,8c923119,delivered,2017-01-19 07:00:00,2017-01-19 07:00:00,2017-01-21 07:00:00,2017-01-25 07:00:00,2017-01-31 07:00:00
31b5b4d5,1822bca9,delivered,2018-01-22 21:00:00,2018-01-23 00:00:00,2018-01-24 21:00:00,2018-02-02 21:00:00,2018-02-06 21:00:00
8a8dcf2a,7859d4f7,delivered,2017-04-17 08:00:00,2017-04-17 08:00:00,2017-04-18 08:00:00,2017-05-01 08:00:00,2017-05-05 08:00:00
225c089d,05cb1414,delivered,2017-12-15 21:00:00,2017-12-16 00:00:00,2017-12-16 21:00:00,2017-12-18 21:00:00,2018-01-05 21:00:00
98f66a1f,b96d9fa6,delivered,2017-07-30 06:00:00,2017-07-30 06:00:00,2017-07-31 06:00:00,2017-08-11 06:00:00,2017-08-11 06:00:00
0db05f5e,7304f154,delivered,2017-11-15 21:00:00,2017-11-15 23:00:00,2017-11-16 21:00:00,2017-11-26 21:00:00,2017-12-06 21:00:00
2154b416,7e5f2af7,delivered,2017-07-27 16:00:00,2017-07-27 18:00:00,2017-07-29 16:00:00,2017-08-08 16:00:00,2017-08-19 16:00:00
8faa8e69,66def57f,delivered,2018-04-01 18:00:00,2018-04-01 19:00:00,2018-04-03 18:00:00,2018-04-04 18:00:00,2018-04-24 18:00:00
ba531f95,71263687,delivered,2017-11-24 09:00:00,2017-11-24 11:00:00,2017-11-25 09:00:00,2017-11-27 09:00:00,2017-12-15 09:00:00
4551df7f,90358977,delivered,2017-08-23 05:00:00,2017-08-23 07:00:00,2017-08-24 05:00:00,2017-08-26 05:00:00,2017-09-03 05:00:00
75c9b05f,22434895,delivered,2017-04-30 21:00:00,2017-04-30 23:00:00,2017-05-02 21:00:00,2017-05-08 21:00:00,2017-05-10 21:00:00
c8e788b0,32ac6ffb,delivered,2018-07-15 16:00:00,2018-07-15 18:00:00,2018-07-17 16:00:00,2018-07-23 16:00:00,2018-07-25 16:00:00
39d6b387,115b55b5,delivered,2017-09-17 22:00:00,2017-09-18 01:00:00,2017-09-19 22:00:00,2017-09-30 22:00:00,2017-09-30 22:00:00
005dcf99,be3d53a0,delivered,2017-06-05 09:00:00,2017-06-05 09:00:00,2017-06-06 09:00:00,2017-06-15 09:00:00,2017-06-24 09:00:00
cbd6d3f0,3fc10ca0,delivered,2017-07-02 06:00:00,2017-07-02 07:00:00,2017-07-04 06:00:00,2017-07-08 06:00:00,2017-07-16 06:00:00
5bc70824,04f8382f,delivered,2017-03-28 01:00:00,2017-03-28 01:00:00,2017-03-29 01:00:00,2017-04-09 01:00:00,2017-04-14 01:00:00
17425c1e,b3405248,delivered,2018-08-16 06:00:00,2018-08-16 06:00:00,2018-08-18 06:00:00,2018-08-20 06:00:00,2018-09-05 06:00:00
e973aa84,ad908fe6,delivered,2017-08-30 13:00:00,2017-08-30 13:00:00,2017-08-31 13:00:00,2017-09-04 13:00:00,2017-09-12 13:00:00
47091e4d,4c8ca2d8,delivered,2018-04-16 13:00:00,2018-04-16 14:00:00,2018-04-18 13:00:00,2018-04-27 13:00:00,2018-04-26 13:00:00
07367c6c,56fcf562,delivered,2018-07-14 18:00:00,2018-07-14 22:00:00,2018-07-16 18:00:00,2018-07-28 18:00:00,2018-08-03 18:00:00
9d1b7cca,34a4c221,delivered,2017-08-09 16:00:00,2017-08-09 19:00:00,2017-08-10 16:00:00,2017-08-22 16:00:00,2017-08-28 16:00:00
92fc174c,1b969f94,delivered,2017-04-14 11:00:00,2017-04-14 11:00:00,2017-04-16 11:00:00,2017-04-25 11:00:00,2017-04-28 11:00:00
6ccca613,0de57290,delivered,2018-07-23 20:00:00,2018-07-23 21:00:00,2018-07-24 20:00:00,2018-07-31 20:00:00,2018-08-10 20:00:00
0dadb292,6c983e17,delivered,2017-06-20 09:00:00,2017-06-20 13:00:00,2017-06-22 09:00:00,2017-06-30 09:00:00,2017-07-12 09:00:00
d37883f8,80f51c34,delivered,2018-06-21 09:00:00,2018-06-21 09:00:00,2018-06-22 09:00:00,2018-06-28 09:00:00,2018-07-06 09:00:00
a44e7ee4,9b7efb71,delivered,2017-12-22 20:00:00,2017-12-22 23:00:00,2017-12-24 20:00:00,2018-01-05 20:00:00,2018-01-05 20:00:00
80ada4ed,4654629b,delivered,2017-01-14 22:00:00,2017-01-14 22:00:00,2017-01-15 22:00:00,2017-01-24 22:00:00,2017-02-02 22:00:00
b11ce404,32c1b35b,delivered,2017-02-21 04:00:00,2017-02-21 05:00:00,2017-02-23 04:00:00,2017-03-03 04:00:00,2017-03-17 04:00:00
87e8d662,6f5529fa,delivered,2018-06-11 14:00:00,2018-06-11 15:00:00,2018-06-12 14:00:00,2018-06-18 14:00:00,2018-06-23 14:00:00
1d7dd975,3b2cee99,delivered,2017-06-07 07:00:00,2017-06-07 08:00:00,2017-06-08 07:00:00,2017-06-13 07:00:00,2017-06-18 07:00:00
060a4e15,0a772b9b,delivered,2018-05-29 03:00:00,2018-05-29 07:00:00,2018-05-31 03:00:00,2018-06-03 03:00:00,2018-06-20 03:00:00
4fa0f85f,2f2cffd4,delivered,2017-05-19 07:00:00,2017-05-19 10:00:00,2017-05-20 07:00:00,2017-05-28 07:00:00,2017-06-01 07:00:00
73363849,7bee573c,delivered,2017-04-28 22:00:00,2017-04-29 00:00:00,2017-04-29 22:00:00,2017-05-03 22:00:00,2017-05-10 22:00:00
7f41d4ea,06635de5,delivered,2018-04-07 20:00:00,2018-04-07 22:00:00,2018-04-09 20:00:00,2018-04-17 20:00:00,2018-04-18 20:00:00
0b632f63,17f92891,delivered,2017-02-24 11:00:00,2017-02-24 12:00:00,2017-02-25 11:00:00,2017-03-03 11:00:00,2017-03-16 11:00:00
4ffca629,adf4d30f,delivered,2017-04-14 02:00:00,2017-04-14 02:00:00,2017-04-16 02:00:00,2017-04-28 02:00:00,2017-05-08 02:00:00
f161f9a1,1d11581c,delivered,2018-04-06 09:00:00,2018-04-06 09:00:00,2018-04-08 09:00:00,2018-04-09 09:00:00,2018-04-26 09:00:00
8156ac6f,8eb8e8c4,delivered,2018-02-01 04:00:00,2018-02-01 05:00:00,2018-02-02 04:00:00,2018-02-13 04:00:00,2018-02-15 04:00:00
4cb152ec,d44df591,delivered,2017-04-11 19:00:00,2017-04-11 23:00:00,2017-04-12 19:00:00,2017-04-24 19:00:00,2017-05-03 19:00:00
d41433de,30d37880,delivered,2018-01-08 04:00:00,2018-01-08 08:00:00,2018-01-10 04:00:00,2018-01-14 04:00:00,2018-01-25 04:00:00
e13edef5,b6a9fe08,delivered,2017-05-17 23:00:00,2017-05-18 01:00:00,2017-05-18 23:00:00,2017-05-29 23:00:00,2017-06-02 23:00:00
3dfff85b,a0896fad,delivered,2017-02-04 09:00:00,2017-02-04 09:00:00,2017-02-06 09:00:00,2017-02-11 09:00:00,2017-02-25 09:00:00
157e2197,46d4dc24,delivered,2018-01-18 22:00:00,2018-01-18 23:00:00,2018-01-19 22:00:00,2018-01-21 22:00:00,2018-02-04 22:00:00
0fadd03a,cb041bd5,delivered,2018-06-23 01:00:00,2018-06-23 01:00:00,2018-06-25 01:00:00,2018-07-03 01:00:00,2018-07-14 01:00:00
e1eb8cf3,34a4c221,delivered,2017-02-14 18:00:00,2017-02-14 18:00:00,2017-02-15 18:00:00,2017-02-23 18:00:00,2017-03-03 18:00:00
477ab0c4,bc82713b,delivered,2017-06-26 09:00:00,2017-06-26 11:00:00,2017-06-28 09:00:00,2017-07-10 09:00:00,2017-07-17 09:00:00
21ad5984,4b20cebe,delivered,2018-04-15 06:00:00,2018-04-15 09:00:00,2018-04-17 06:00:00,2018-04-26 06:00:00,2018-04-26 06:00:00
f88bdb06,0aedbdf4,delivered,2017-05-31 07:00:00,2017-05-31 07:00:00,2017-06-01 07:00:00,2017-06-09 07:00:00,2017-06-17 07:00:00
939c9401,350cf9ed,delivered,2017-06-02 01:00:00,2017-06-02 05:00:00,2017-06-04 01:00:00,2017-06-07 01:00:00,2017-06-22 01:00:00
cf575ec4,b3db1094,delivered,2018-04-16 18:00:00,2018-04-16 19:00:00,2018-04-17 18:00:00,2018-04-25 18:00:00,2018-05-07 18:00:00
4df544f7,79dda319,delivered,2017-04-11 16:00:00,2017-04-11 18:00:00,2017-04-13 16:00:00,2017-04-24 16:00:00,2017-04-25 16:00:00
4de9f08e,59215bfa,delivered,2018-04-07 00:00:00,2018-04-07 04:00:00,2018-04-08 00:00:00,2018-04-16 00:00:00,2018-04-24 00:00:00
6e8c670e,384cc408,delivered,2017-01-20 01:00:00,2017-01-20 05:00:00,2017-01-22 01:00:00,2017-02-03 01:00:00,2017-02-11 01:00:00
f3d24ce9,22d35224,canceled,2017-11-19 12:00:00,2017-11-19 16:00:00,2017-11-20 12:00:00,,2017-12-04 12:00:00
cd3cafc6,24279964,delivered,2017-08-31 23:00:00,2017-08-31 23:00:00,2017-09-02 23:00:00,2017-09-13 23:00:00,2017-09-13 23:00:00
26b7612f,60ca5a45,delivered,2017-05-31 03:00:00,2017-05-31 03:00:00,2017-06-01 03:00:00,2017-06-13 03:00:00,2017-06-17 03:00:00
110e9b9b,0e9f4d6d,delivered,2018-05-11 00:00:00,2018-05-11 04:00:00,2018-05-12 00:00:00,2018-05-20 00:00:00,2018-06-04 00:00:00
d46f785c,007eca05,shipped,2018-06-28 23:00:00,2018-06-29 01:00:00,2018-06-30 23:00:00,,2018-07-18 23:00:00
6495d556,eed52727,delivered,2017-04-13 23:00:00,2017-04-14 02:00:00,2017-04-15 23:00:00,2017-04-18 23:00:00,2017-04-29 23:00:00
0ebd2763,ff8f8917,delivered,2018-06-06 09:00:00,2018-06-06 10:00:00,2018-06-08 09:00:00,2018-06-16 09:00:00,2018-06-21 09:00:00
82fbb6c3,6568efef,delivered,2017-11-26 22:00:00,2017-11-26 22:00:00,2017-11-28 22:00:00,2017-12-07 22:00:00,2017-12-14 22:00:00
9e2f4f1f,a36e7535,delivered,2017-12-16 05:00:00,2017-12-16 06:00:00,2017-12-18 05:00:00,2017-12-26 05:00:00,2017-12-26 05:00:00
b2c1af5a,11b98b33,delivered,2017-07-31 00:00:00,2017-07-31 03:00:00,2017-08-02 00:00:00,2017-08-09 00:00:00,2017-08-24 00:00:00
3281fa6d,442f5901,delivered,2018-07-05 23:00:00,2018-07-06 02:00:00,2018-07-07 23:00:00,2018-07-11 23:00:00,2018-07-17 23:00:00
262d1517,e5b6c8b4,delivered,2017-08-20 02:00:00,2017-08-20 02:00:00,2017-08-21 02:00:00,2017-08-28 02:00:00,2017-09-03 02:00:00
754c50ad,fe59006a,delivered,2018-02-10 08:00:00,2018-02-10 12:00:00,2018-02-12 08:00:00,2018-02-16 08:00:00,2018-03-05 08:00:00
2adef3db,188cf94e,delivered,2017-06-15 16:00:00,2017-06-15 18:00:00,2017-06-17 16:00:00,2017-06-23 16:00:00,2017-06-29 16:00:00
e7e1625f,58d96af1,delivered,2018-06-09 19:00:00,2018-06-09 22:00:00,2018-06-11 19:00:00,2018-06-16 19:00:00,2018-06-29 19:00:00
db896332,95d5d66d,delivered,2017-04-12 03:00:00,2017-04-12 07:00:00,2017-04-13 03:00:00,2017-04-26 03:00:00,2017-05-06 03:00:00
163e4df4,08679e0d,delivered,2018-05-06 10:00:00,2018-05-06 14:00:00,2018-05-07 10:00:00,2018-05-13 10:00:00,2018-05-16 10:00:00
d1ed3eb0,53695d20,delivered,2018-07-07 22:00:00,2018-07-07 23:00:00,2018-07-09 22:00:00,2018-07-20 22:00:00,2018-07-25 22:00:00
96c89fca,56864b36,delivered,2017-11-12 00:00:00,2017-11-12 00:00:00,2017-11-13 00:00:00,2017-11-17 00:00:00,2017-12-04 00:00:00
ad14263c,57854c1a,delivered,2018-07-24 05:00:00,2018-07-24 06:00:00,2018-07-26 05:00:00,2018-07-30 05:00:00,2018-08-12 05:00:00
8728dd1a,5ec4a4b2,delivered,2018-07-19 13:00:00,2018-07-19 15:00:00,2018-07-21 13:00:00,2018-08-01 13:00:00,2018-07-31 13:00:00
da1a71b3,848f9b35,delivered,2017-11-19 02:00:00,2017-11-19 02:00:00,2017-11-21 02:00:00,2017-12-02 02:00:00,2017-12-13 02:00:00
8b292535,46d4dc24,delivered,2017-09-07 11:00:00,2017-09-07 13:00:00,2017-09-09 11:00:00,2017-09-17 11:00:00,2017-10-01 11:00:00
9e093432,fa479546,delivered,2017-10-06 23:00:00,2017-10-07 03:00:00,2017-10-08 23:00:00,2017-10-09 23:00:00,2017-10-25 23:00:00
77aa34a4,8a677427,delivered,2018-02-19 03:00:00,2018-02-19 05:00:00,2018-02-20 03:00:00,2018-03-05 03:00:00,2018-03-09 03:00:00
4fa314ab,b52bab93,delivered,2018-01-12 20:00:00,2018-01-12 23:00:00,2018-01-13 20:00:00,2018-01-21 20:00:00,2018-01-24 20:00:00
fc53e8af,ecb18010,delivered,2018-05-28 23:00:00,2018-05-29 00:00:00,2018-05-29 23:00:00,2018-06-10 23:00:00,2018-06-18 23:00:00
c0acbb53,413cd89d,delivered,2017-08-08 08:00:00,2017-08-08 12:00:00,2017-08-09 08:00:00,2017-08-21 08:00:00,2017-08-23 08:00:00
006ef5c2,a969c7f0,delivered,2017-10-05 13:00:00,2017-10-05 16:00:00,2017-10-07 13:00:00,2017-10-12 13:00:00,2017-10-17 13:00:00
c794cec7,e89dc25c,delivered,2017-12-13 06:00:00,2017-12-13 10:00:00,2017-12-15 06:00:00,2017-12-27 06:00:00,2018-01-05 06:00:00
5f62da95,01b3ba55,delivered,2017-09-20 18:00:00,2017-09-20 20:00:00,2017-09-21 18:00:00,2017-09-29 18:00:00,2017-10-11 18:00:00
624fea59,403df03a,delivered,2018-08-20 11:00:00,2018-08-20 12:00:00,2018-08-21 11:00:00,2018-08-30 11:00:00,2018-09-08 11:00:00
730998d6,eeaa8947,delivered,2017-11-13 15:00:00,2017-11-13 17:00:00,2017-11-15 15:00:00,2017-11-21 15:00:00,2017-11-29 15:00:00
007b05dd,d832510f,delivered,2017-08-03 03:00:00,2017-08-03 05:00:00,2017-08-05 03:00:00,2017-08-09 03:00:00,2017-08-16 03:00:00
40aa3d8a,9e2a1b28,delivered,2018-07-20 11:00:00,2018-07-20 15:00:00,2018-07-21 11:00:00,2018-07-23 11:00:00,2018-08-13 11:00:00
fa1980a9,a7d31715,delivered,2018-04-23 13:00:00,2018-04-23 15:00:00,2018-04-24 13:00:00,2018-05-01 13:00:00,2018-05-11 13:00:00
091d9f55,d9f7e580,delivered,2017-04-02 14:00:00,2017-04-02 16:00:00,2017-04-03 14:00:00,2017-04-15 14:00:00,2017-04-15 14:00:00
6f08b352,9da5de7f,delivered,2018-01-31 22:00:00,2018-01-31 23:00:00,2018-02-01 22:00:00,2018-02-04 22:00:00,2018-02-16 22:00:00
d0156dbd,4c32a34d,delivered,2018-01-17 02:00:00,2018-01-17 06:00:00,2018-01-18 02:00:00,2018-01-26 02:00:00,2018-01-31 02:00:00
d71462c7,f9f86ee7,shipped,2017-10-08 19:00:00,2017-10-08 20:00:00,2017-10-10 19:00:00,,2017-10-30 19:00:00
4b3f8aa1,56864b36,delivered,2017-11-13 08:00:00,2017-11-13 12:00:00,2017-11-14 08:00:00,2017-11-23 08:00:00,2017-11-23 08:00:00
8d56105f,3c782555,delivered,2018-06-16 00:00:00,2018-06-16 01:00:00,2018-06-17 00:00:00,2018-06-27 00:00:00,2018-07-05 00:00:00
4f99c67a,10c8d66a,delivered,2017-05-27 05:00:00,2017-05-27 06:00:00,2017-05-29 05:00:00,2017-06-08 05:00:00,2017-06-16 05:00:00
be7fea1b,acaf54d7,delivered,2017-01-18 20:00:00,2017-01-18 22:00:00,2017-01-19 20:00:00,2017-01-26 20:00:00,2017-02-10 20:00:00
ee621904,8cdabfcc,delivered,2018-07-21 09:00:00,2018-07-21 12:00:00,2018-07-22 09:00:00,2018-07-29 09:00:00,2018-08-14 09:00:00
fc7c0154,57122ab0,delivered,2017-06-06 06:00:00,2017-06-06 09:00:00,2017-06-08 06:00:00,2017-06-20 06:00:00,2017-06-24 06:00:00
2998c37f,405b8478,delivered,2018-04-07 13:00:00,2018-04-07 13:00:00,2018-04-08 13:00:00,2018-04-16 13:00:00,2018-04-25 13:00:00
f6bae13a,729aa7fb,delivered,2017-07-11 06:00:00,2017-07-11 06:00:00,2017-07-12 06:00:00,2017-07-16 06:00:00,2017-07-26 06:00:00
0a2a2280,a0a051e3,delivered,2018-04-28 05:00:00,2018-04-28 06:00:00,2018-04-29 05:00:00,2018-05-06 05:00:00,2018-05-17 05:00:00
97299468,5fc28fa1,delivered,2017-09-04 13:00:00,2017-09-04 17:00:00,2017-09-06 13:00:00,2017-09-16 13:00:00,2017-09-17 13:00:00
4ef9e73c,f678bf6c,delivered,2017-11-17 07:00:00,2017-11-17 10:00:00,2017-11-19 07:00:00,2017-11-28 07:00:00,2017-11-27 07:00:00
2d9a8ab7,743a6793,delivered,2017-07-05 16:00:00,2017-07-05 20:00:00,2017-07-07 16:00:00,2017-07-14 16:00:00,2017-07-29 16:00:00
4997b519,f4df17ba,delivered,2017-07-28 16:00:00,2017-07-28 17:00:00,2017-07-30 16:00:00,2017-08-10 16:00:00,2017-08-15 16:00:00
b594df06,c17e62e5,delivered,2017-12-28 15:00:00,2017-12-28 17:00:00,2017-12-29 15:00:00,2018-01-07 15:00:00,2018-01-13 15:00:00
cd46c9a4,f5b33a61,delivered,2018-01-05 03:00:00,2018-01-05 04:00:00,2018-01-06 03:00:00,2018-01-11 03:00:00,2018-01-16 03:00:00
92d2f253,28a40b5f,delivered,2018-02-16 09:00:00,2018-02-16 11:00:00,2018-02-17 09:00:00,2018-02-23 09:00:00,2018-03-06 09:00:00
205011f2,43635664,delivered,2017-01-18 23:00:00,2017-01-19 01:00:00,2017-01-20 23:00:00,2017-01-31 23:00:00,2017-02-10 23:00:00
1028703d,82a16896,delivered,2017-06-28 10:00:00,2017-06-28 11:00:00,2017-06-30 10:00:00,2017-07-04 10:00:00,2017-07-22 10:00:00
26aef920,51c276cc,delivered,2017-02-10 21:00:00,2017-02-10 21:00:00,2017-02-12 21:00:00,2017-02-21 21:00:00,2017-03-05 21:00:00
3cd35300,c9219f63,delivered,2017-08-05 08:00:00,2017-08-05 08:00:00,2017-08-07 08:00:00,2017-08-09 08:00:00,2017-08-27 08:00:00
9944a1da,1f04444f,delivered,2017-07-26 06:00:00,2017-07-26 09:00:00,2017-07-27 06:00:00,2017-08-09 06:00:00,2017-08-08 06:00:00
759dcdb0,5304f5d3,delivered,2018-01-22 09:00:00,2018-01-22 12:00:00,2018-01-23 09:00:00,2018-01-31 09:00:00,2018-02-04 09:00:00
df436955,bc6be732,delivered,2018-06-23 14:00:00,2018-06-23 14:00:00,2018-06-25 14:00:00,2018-06-28 14:00:00,2018-07-06 14:00:00
916256cd,8892a2d9,delivered,2017-09-14 03:00:00,2017-09-14 07:00:00,2017-09-15 03:00:00,2017-09-18 03:00:00,2017-10-07 03:00:00
f9941523,65066405,delivered,2017-06-28 03:00:00,2017-06-28 03:00:00,2017-06-29 03:00:00,2017-07-11 03:00:00,2017-07-19 03:00:00
a55adf70,9b6b7fd8,delivered,2017-02-23 00:00:00,2017-02-23 01:00:00,2017-02-24 00:00:00,2017-03-07 00:00:00,2017-03-10 00:00:00
0a32877f,b50f1885,delivered,2017-11-28 21:00:00,2017-11-28 23:00:00,2017-11-29 21:00:00,2017-12-05 21:00:00,2017-12-15 21:00:00
b6e485df,442f5901,delivered,2017-08-09 18:00:00,2017-08-09 22:00:00,2017-08-11 18:00:00,2017-08-14 18:00:00,2017-08-26 18:00:00
c5fd2d69,ea4e2d65,delivered,2017-01-24 16:00:00,2017-01-24 16:00:00,2017-01-25 16:00:00,2017-02-05 16:00:00,2017-02-12 16:00:00
f6d96060,413cd89d,delivered,2017-12-30 21:00:00,2017-12-30 23:00:00,2017-12-31 21:00:00,2018-01-02 21:00:00,2018-01-10 21:00:00
c01aaa9d,ef1ed2b4,delivered,2018-05-07 05:00:00,2018-05-07 07:00:00,2018-05-09 05:00:00,2018-05-14 05:00:00,2018-05-22 05:00:00
87410084,fcd091eb,delivered,2017-03-17 17:00:00,2017-03-17 19:00:00,2017-03-19 17:00:00,2017-03-23 17:00:00,2017-03-30 17:00:00
35077d90,b4f7c5c7,delivered,2017-03-04 03:00:00,2017-03-04 06:00:00,2017-03-06 03:00:00,2017-03-09 03:00:00,2017-03-24 03:00:00
ead4f9c5,9abd305f,delivered,2017-11-22 14:00:00,2017-11-22 17:00:00,2017-11-24 14:00:00,2017-12-06 14:00:00,2017-12-11 14:00:00
8f18046a,6fbf48b9,delivered,2018-06-11 18:00:00,2018-06-11 21:00:00,2018-06-12 18:00:00,2018-06-22 18:00:00,2018-07-05 18:00:00
99b47ba1,5b8ebf08,delivered,2018-02-13 13:00:00,2018-02-13 14:00:00,2018-02-14 13:00:00,2018-02-18 13:00:00,2018-03-03 13:00:00
2b9dd90d,411ce6ed,delivered,2017-03-10 08:00:00,2017-03-10 10:00:00,2017-03-12 08:00:00,2017-03-18 08:00:00,2017-03-30 08:00:00
3378cda7,044eee0d,delivered,2017-10-24 23:00:00,2017-10-24 23:00:00,2017-10-25 23:00:00,2017-10-31 23:00:00,2017-11-08 23:00:00
72151201,41747533,delivered,2017-03-09 08:00:00,2017-03-09 10:00:00,2017-03-11 08:00:00,2017-03-22 08:00:00,2017-03-20 08:00:00
45178e0d,1ae5e645,delivered,2017-02-14 04:00:00,2017-02-14 08:00:00,2017-02-16 04:00:00,2017-02-24 04:00:00,2017-03-01 04:00:00
4b3782d8,661bce82,delivered,2017-07-31 15:00:00,2017-07-31 19:00:00,2017-08-01 15:00:00,2017-08-08 15:00:00,2017-08-14 15:00:00
b25058bd,73d45dc8,delivered,2017-12-29 18:00:00,2017-12-29 19:00:00,2017-12-31 18:00:00,2018-01-05 18:00:00,2018-01-13 18:00:00
c57f7469,3be9e77b,delivered,2017-04-24 18:00:00,2017-04-24 19:00:00,2017-04-26 18:00:00,2017-04-27 18:00:00,2017-05-07 18:00:00
c3e39541,6cc7be0e,delivered,2018-08-12 07:00:00,2018-08-12 11:00:00,2018-08-13 07:00:00,2018-08-17 07:00:00,2018-08-25 07:00:00
9a82a533,13a1c2fd,delivered,2017-09-19 19:00:00,2017-09-19 21:00:00,2017-09-20 19:00:00,2017-10-02 19:00:00,2017-10-03 19:00:00
30e2be50,a45ea02c,delivered,2017-05-22 01:00:00,2017-05-22 05:00:00,2017-05-24 01:00:00,2017-05-31 01:00:00,2017-06-02 01:00:00
485a0715,62551535,delivered,2017-05-25 21:00:00,2017-05-26 00:00:00,2017-05-26 21:00:00,2017-06-03 21:00:00,2017-06-05 21:00:00
1c6188d9,f71f4612,canceled,2018-02-12 01:00:00,2018-02-12 05:00:00,2018-02-14 01:00:00,,2018-02-23 01:00:00
d2f5d953,5903412c,delivered,2017-09-21 13:00:00,2017-09-21 17:00:00,2017-09-23 13:00:00,2017-09-29 13:00:00,2017-10-02 13:00:00
999b6d9c,d548738d,delivered,2017-09-22 08:00:00,2017-09-22 09:00:00,2017-09-24 08:00:00,2017-10-03 08:00:00,2017-10-06 08:00:00
00ff4af3,492eb07e,delivered,2017-07-21 05:00:00,2017-07-21 08:00:00,2017-07-22 05:00:00,2017-07-24 05:00:00,2017-08-03 05:00:00
49e25b57,6cfb8f0f,delivered,2017-02-07 18:00:00,2017-02-07 18:00:00,2017-02-08 18:00:00,2017-02-17 18:00:00,2017-02-23 18:00:00
335b6057,f0cf4d82,delivered,2017-06-24 16:00:00,2017-06-24 19:00:00,2017-06-25 16:00:00,2017-06-28 16:00:00,2017-07-08 16:00:00
e2124ba7,c830284c,delivered,2017-04-09 01:00:00,2017-04-09 04:00:00,2017-04-10 01:00:00,2017-04-12 01:00:00,2017-04-28 01:00:00
b0af532b,352b5da1,delivered,2018-05-20 18:00:00,2018-05-20 18:00:00,2018-05-22 18:00:00,2018-05-23 18:00:00,2018-06-08 18:00:00
60f1d5fa,9dfb0c83,delivered,2017-05-25 11:00:00,2017-05-25 14:00:00,2017-05-26 11:00:00,2017-06-03 11:00:00,2017-06-13 11:00:00
d623af1b,d20f950b,delivered,2017-01-16 22:00:00,2017-01-17 02:00:00,2017-01-17 22:00:00,2017-01-30 22:00:00,2017-02-09 22:00:00
e74fa922,06830826,delivered,2018-01-14 07:00:00,2018-01-14 07:00:00,2018-01-16 07:00:00,2018-01-20 07:00:00,2018-02-05 07:00:00
0b06aa5c,a05b6cc9,shipped,2017-06-24 03:00:00,2017-06-24 05:00:00,2017-06-26 03:00:00,,2017-07-12 03:00:00
897a1648,02df3354,delivered,2017-09-09 16:00:00,2017-09-09 20:00:00,2017-09-11 16:00:00,2017-09-17 16:00:00,2017-09-24 16:00:00
19ffd9e6,6ebc7aea,delivered,2017-11-27 16:00:00,2017-11-27 20:00:00,2017-11-29 16:00:00,2017-12-02 16:00:00,2017-12-08 16:00:00
aeff66e3,e1a23102,delivered,2018-07-23 04:00:00,2018-07-23 08:00:00,2018-07-24 04:00:00,2018-07-26 04:00:00,2018-08-15 04:00:00
bc44accf,12a30ffc,delivered,2018-05-10 04:00:00,2018-05-10 08:00:00,2018-05-11 04:00:00,2018-05-13 04:00:00,2018-05-24 04:00:00
a1aa97d9,fa6c0e4b,delivered,2017-08-16 01:00:00,2017-08-16 04:00:00,2017-08-18 01:00:00,2017-08-30 01:00:00,2017-08-26 01:00:00
3bf8069a,bc845f79,delivered,2018-02-17 04:00:00,2018-02-17 04:00:00,2018-02-18 04:00:00,2018-02-22 04:00:00,2018-03-11 04:00:00
