order_id,payment_sequential,payment_type,payment_installments,payment_value
f50e1a65,1,credit_card,10,392.55483353428053
6aa8b03f,1,credit_card,8,174.25531795974678
ddcabc46,1,credit_card,6,624.5370300419464
06e6cfea,1,credit_card,4,415.96125713762933
8b61a660,1,debit_card,10,505.2877576791003
dc6a043e,1,credit_card,11,200.12008157957018
048afc34,1,credit_card,9,582.2631956457459
d63c9669,1,voucher,10,96.65064947968712
7556672c,1,credit_card,2,445.6395550008487
695383c8,1,credit_card,6,442.8656662135996
e1827d76,1,boleto,1,343.3510447345073
59821fcc,1,credit_card,2,265.67786638434933
18a33b43,1,credit_card,1,355.2326172481539
32c8e55e,1,credit_card,3,336.2040796686954
2359ce5e,1,credit_card,8,368.8277149425319
8cf78fd6,1,credit_card,9,111.16596414019139
ba42299c,1,credit_card,1,113.00640265752423
61a3833b,1,credit_card,4,130.5272751825251
18890578,1,debit_card,10,182.92493764256162
7b369b2b,1,credit_card,7,351.5754273822837
c181c6da,1,credit_card,1,139.59366904340467
b6b6a686,1,credit_card,10,438.8632760197125
33680eb7,1,credit_card,10,423.51557701660937
6672575d,1,credit_card,10,212.82608574223332
742663e5,1,credit_card,7,358.2204267234912
9b56e087,1,credit_card,5,194.9326571797797
3f61583e,1,credit_card,2,125.95917666646329
c25b4502,1,credit_card,11,662.1788369817433
cce6bd69,1,boleto,8,466.2535060194186
ca8c202f,1,credit_card,9,277.97446060809676
2209c646,1,credit_card,1,1026.7812929381637
9c099ccd,1,credit_card,8,171.41407265244453
0ba049cb,1,debit_card,7,167.87151678827996
c1791551,1,credit_card,6,506.6873028593963
75843185,1,credit_card,10,477.33843139202037
d10e68c3,1,voucher,3,233.42898938182233
e0828aea,1,credit_card,7,835.8092430762314
5df4921c,1,credit_card,6,480.44915934793795
28699244,1,credit_card,5,57.0815285198087
d48eb311,1,credit_card,6,156.45150155987034
513ec267,1,credit_card,7,715.8291947184894
fcd5c321,1,credit_card,11,77.11216661973972
345efede,1,credit_card,1,552.8609502692032
7ef88430,1,credit_card,2,331.47649082238144
8f418582,1,voucher,4,344.5555743445467
d0bdcb94,1,credit_card,3,107.16525676391473
eaedb291,1,debit_card,2,345.115020028219
0dadb101,1,credit_card,1,308.9588300445093
a583b105,1,credit_card,9,363.53203399908296
8962abc7,1,credit_card,7,1210.9398367781585
dbb93357,1,debit_card,10,204.83505337363897
069a859d,1,credit_card,5,168.20769743590546
ca98f587,1,credit_card,6,277.6859466480233
29595742,1,credit_card,11,176.9612873483828
37acd485,1,credit_card,8,287.77860832874325
3a7b3505,1,credit_card,10,354.60946019647565
12612168,1,credit_card,8,462.6221938582607
5fa74aea,1,credit_card,4,351.94548416524515
b274794b,1,credit_card,2,74.46213023762084
21c5fd8f,1,credit_card,10,815.5717523044129
3b483a41,1,credit_card,3,76.19869720153757
bb608886,1,credit_card,8,350.1394258300069
a8514833,1,credit_card,2,289.4493803038714
16bdec90,1,credit_card,2,601.6273030158338
4cd1481c,1,credit_card,9,111.16534115463885
ecd13118,1,credit_card,1,378.9833084247016
c1948836,1,credit_card,2,1081.4389946168524
9f938177,1,credit_card,3,298.5311716294452
3b9b0ad9,1,credit_card,2,98.38620316944031
7d26e5c5,1,credit_card,2,283.5526633465837
3f5d107c,1,debit_card,4,423.70882211352756
c3446e04,1,credit_card,4,212.7320165781531
6d4cb94e,1,credit_card,2,383.8744360680134
00633816,1,credit_card,2,268.199195533311
55bef913,1,credit_card,9,468.82834259868395
88d3e96c,1,credit_card,3,772.1696323083804
2675bf0f,1,credit_card,11,388.71260143841903
c423da30,1,boleto,3,383.1401457682573
ead86d2d,1,credit_card,8,256.9816261452814
11f5f248,1,credit_card,1,380.63616692876343
bc3ecc1e,1,credit_card,8,286.07584795968506
e49874be,1,credit_card,4,410.1139737970172
40bfbaa9,1,credit_card,2,465.8946697193396
0c2e3fcc,1,credit_card,4,988.062761132316
84f4d63d,1,credit_card,5,255.81747136986658
17ef4972,1,credit_card,4,1103.0089995907254
6055ec00,1,credit_card,8,1095.1658594613361
6ad93a30,1,credit_card,7,483.80692337747416
d895f979,1,credit_card,3,732.7245314827389
bf62fa24,1,boleto,6,180.76240807544812
bcbfbca8,1,credit_card,5,533.5674794597517
e0953f95,1,credit_card,3,56.17740091645853
6f934745,1,credit_card,6,903.6874523745089
c70ebe51,1,credit_card,2,307.5617691467158
07c6b1e0,1,credit_card,2,515.4396962523288
9c8fbcb3,1,credit_card,11,857.160942973193
a83c85b4,1,credit_card,7,446.56800497662607
6c69317d,1,boleto,4,708.6778024454346
3992af2a,1,credit_card,3,81.85749629165485
e66a3b97,1,credit_card,1,196.4382584300012
7dc97883,1,credit_card,11,633.1936677705253
db69d99b,1,credit_card,7,648.0563519687303
02b6572c,1,boleto,1,529.781551961874
f8e09b7f,1,boleto,2,499.3846158602156
be235429,1,credit_card,10,408.67028443119324
7ec0bdba,1,credit_card,2,369.1301222813513
85716547,1,credit_card,10,433.8349270705802
d29eb5a0,1,boleto,5,122.18217312989222
461da752,1,boleto,3,204.76408578146172
50e98cbd,1,credit_card,6,37.606724554127894
7ae98908,1,credit_card,11,380.9271217106905
785ec925,1,credit_card,5,369.7142072754225
5d2f0a76,1,credit_card,11,411.52438977080936
ddbd513a,1,voucher,1,125.08491181448181
225e800e,1,credit_card,6,97.62043309204317
4bf2ac1b,1,credit_card,10,369.8793142229066
0a650b06,1,boleto,10,699.335716350884
630789dc,1,credit_card,1,201.3968974086454
e9c5ba72,1,credit_card,1,468.41163742779486
d467f54b,1,credit_card,10,527.9673512570981
163a72c7,1,credit_card,1,455.8721156306152
5637c4d6,1,credit_card,4,532.6821224628196
10ce794a,1,boleto,7,282.94355242334524
3bbe01fc,1,credit_card,8,449.4218212752643
ccb2eddc,1,boleto,11,174.16496791254545
ce252eac,1,credit_card,3,700.9893258355197
6069e541,1,credit_card,8,921.1262554402027
1990de14,1,credit_card,5,462.2258992138375
a06a0c03,1,credit_card,6,292.6941505634328
fb2be872,1,voucher,4,184.49161423501658
229a4fc3,1,credit_card,1,243.7845677258122
85ecadbe,1,credit_card,1,558.1096463563553
184ba3c9,1,credit_card,11,77.41047838181905
38141b48,1,debit_card,6,450.7826783882698
cadf3b7b,1,credit_card,1,68.64187402800833
2c6cd84b,1,credit_card,2,427.89869749329347
cdea5899,1,credit_card,1,678.3175278893847
e75fc2cf,1,credit_card,1,661.8180005310165
2e242fd1,1,credit_card,11,480.78121552371556
a5c216c6,1,credit_card,11,353.2160654343488
c0e1c035,1,credit_card,10,113.7888616687508
f026b749,1,credit_card,10,140.34726111583984
51c2092e,1,debit_card,2,326.3079373843206
19e91f98,1,debit_card,6,292.14491441474706
99df00dc,1,credit_card,11,380.9091963532078
dd4488a7,1,credit_card,11,57.29349435214911
466c5aaa,1,credit_card,7,78.27561974371267
da773d49,1,credit_card,9,85.88663851218855
913f097a,1,credit_card,5,448.9246814829782
665ba7b1,1,debit_card,7,182.83775596625458
e999cb90,1,debit_card,9,967.7085271829328
acd789ac,1,debit_card,3,493.7126401538114
65153112,1,credit_card,6,49.84877753973096
0cadf6db,1,credit_card,7,545.2702789839489
4940dc6e,1,credit_card,4,498.5743885335386
f8fa893d,1,credit_card,10,457.0037078467829
be065309,1,credit_card,1,220.07560653876544
da4d6145,1,debit_card,10,218.90676230206606
1943726a,1,credit_card,3,616.975993585341
cf8f353c,1,boleto,11,438.0786444088172
2e763c6e,1,credit_card,1,106.27221518490667
8bd9e8f5,1,credit_card,4,53.656044030190515
767c20eb,1,debit_card,5,258.3601874296876
65077d77,1,credit_card,10,587.6531296971511
83519059,1,credit_card,2,274.55935664719215
e296e4b8,1,debit_card,9,105.83684957240942
117045b3,1,credit_card,3,838.0509696457568
0d46e3e0,1,boleto,8,90.77051011189374
0c6ba244,1,credit_card,9,39.12146485028586
877d5968,1,credit_card,11,378.14421964579617
04e12bfa,1,credit_card,6,321.5076074811021
63ed8df4,1,boleto,9,100.28897812262232
4ec30766,1,boleto,3,322.6248555174356
dbd5f3d2,1,credit_card,3,518.7499337404497
f6d90316,1,boleto,7,246.8005560996581
ee3e1ca7,1,credit_card,10,433.67322988940634
2145c525,1,credit_card,11,176.70955921550387
d1b49894,1,credit_card,11,63.949280674559894
e4fb6c28,1,credit_card,3,589.379127965238
0b18e60e,1,credit_card,9,146.4744978181572
da622cd4,1,credit_card,9,143.35405212560573
ffe677a7,1,debit_card,11,605.5106561084314
4434806a,1,boleto,4,418.60232000747175
af6bf00c,1,credit_card,6,992.1657160839476
47736c22,1,credit_card,5,925.3627828454114
f312a8f7,1,credit_card,9,364.25171148325194
967a0bb4,1,voucher,4,142.28035992411114
94af387c,1,credit_card,10,260.2131125608987
d7f2383d,1,credit_card,8,339.08419202103437
4d5b4976,1,boleto,3,331.7888794681812
d6e24b65,1,boleto,11,490.4488289831124
40187563,1,credit_card,3,322.73962416692314
8f84f515,1,boleto,7,518.8078626403565
e262a9ae,1,boleto,6,46.47037090577074
e466899c,1,boleto,11,1118.112608705751
85a3e48c,1,credit_card,10,179.9341175046394
4bbebea0,1,credit_card,5,106.42948497691002
509f1ab4,1,credit_card,10,213.6401201926581
468179d4,1,credit_card,4,344.4871885804474
7e20efb5,1,credit_card,11,298.7251822809392
78105568,1,credit_card,11,330.2997920306286
035b5518,1,credit_card,5,205.81768314388412
9e9497f5,1,credit_card,3,75.56622728783266
5c124fb9,1,credit_card,11,216.85783444004673
1f1ba262,1,credit_card,11,891.4184536822833
9b12b589,1,boleto,9,1233.5736486514586
fc6ad5c3,1,credit_card,3,137.7899043203851
ef22d551,1,credit_card,10,199.1417508080155
24f83127,1,credit_card,9,307.53762573176584
b4fa83e8,1,credit_card,5,607.7160831431954
29ca5ab4,1,credit_card,7,119.87195278570776
27b8eaff,1,credit_card,10,391.5163484250264
8b84e793,1,voucher,6,488.8841685233776
6e78b4d1,1,credit_card,3,384.5460684054096
e766c84a,1,credit_card,10,253.19400959623812
7072a471,1,credit_card,11,432.04245713134134
ac14f495,1,credit_card,9,195.93613541761164
9fe54196,1,credit_card,2,243.06063807215284
c662dbed,1,boleto,10,439.75232060483086
1b4cbd54,1,credit_card,5,71.69192409264937
b3aa664e,1,voucher,11,125.65410998704174
cd294804,1,credit_card,8,116.59491010387286
7c1cd056,1,credit_card,5,321.7443319430408
929d1906,1,credit_card,2,239.1576913879271
229a391b,1,credit_card,4,102.68016375200006
576ec64d,1,boleto,1,192.2356739829989
075c4548,1,credit_card,11,476.1600105366598
f95e1a07,1,boleto,2,338.50205737299433
f48655cd,1,credit_card,4,119.89778908468278
49360a48,1,credit_card,11,125.32725252712069
ac38daeb,1,credit_card,10,374.9659878202477
75a076c0,1,debit_card,9,286.39392338939047
16affb38,1,boleto,7,298.1988745592922
9bfcc44c,1,credit_card,3,522.802168354499
bd91414f,1,credit_card,7,1397.4340645528212
0f3735f3,1,credit_card,9,306.3227203271859
a24962b6,1,credit_card,1,49.15687174039343
164cac6a,1,credit_card,6,270.50940834833426
9e65877d,1,credit_card,2,325.5490884120003
422d82e9,1,credit_card,10,70.28178915741849
47f7dc4d,1,credit_card,1,467.181222780746
0e5579c2,1,credit_card,6,216.5188616834227
fe0f2838,1,credit_card,5,174.63373599404136
49e66d33,1,boleto,9,163.4059809623497
f9ab96a2,1,credit_card,10,437.0850576543596
5ac50646,1,credit_card,8,376.58924436733054
34363ee0,1,credit_card,5,451.0615872714819
f34292ed,1,voucher,7,394.44167325625995
d962c8d0,1,credit_card,7,502.8024594253392
3396d16f,1,debit_card,8,201.51040300642111
151d8dc5,1,credit_card,6,451.9397840191274
8d0b393c,1,boleto,2,370.04187563161486
91542be8,1,credit_card,11,735.0194008645071
e0c24109,1,debit_card,11,159.92759845260574
d134f4e2,1,credit_card,3,1003.3927174728685
f479d17d,1,credit_card,7,145.33759720642976
a022ae5e,1,credit_card,9,274.3790074532354
a7531392,1,credit_card,4,401.4857852552186
db768dfd,1,boleto,4,409.6891147077752
b7b9df56,1,credit_card,8,484.01103232362027
83907d68,1,credit_card,4,384.654201788683
4505b919,1,credit_card,11,518.3302445101157
36f1185e,1,credit_card,3,135.74729200455454
81de08d2,1,boleto,1,552.9206850275526
11a1e6fd,1,credit_card,1,432.59622279122954
f3c0aa09,1,credit_card,2,236.20613269775225
c16415f7,1,credit_card,1,46.845948456384505
5215bd74,1,credit_card,2,187.29344621003898
d3d875f2,1,credit_card,5,223.9065340722047
83b8962c,1,credit_card,7,370.8935685240218
7fd9bc59,1,credit_card,10,81.46573511762952
f4483e9f,1,credit_card,1,454.1206076838039
089793c4,1,voucher,1,754.122286832713
060c12eb,1,credit_card,1,528.9324968881896
2c6eed10,1,voucher,9,318.7719306925214
ad03d7c6,1,boleto,1,55.974749985183735
be93664c,1,credit_card,5,401.7402348864801
7bf7bb48,1,credit_card,5,386.56382783330827
a926a1a6,1,credit_card,6,742.7363768246457
a6f45ea9,1,credit_card,10,479.7807512718027
fbb5d985,1,credit_card,11,341.88720115438247
b552bb82,1,credit_card,10,460.6414872244466
f7d15778,1,debit_card,10,157.59029604206617
9efb5100,1,boleto,10,364.7523181436117
82e19e1f,1,credit_card,8,73.1180246530968
f96b9f94,1,credit_card,11,187.0523757887631
fab01290,1,credit_card,9,516.1655857754497
b7ea629a,1,credit_card,9,454.6571510430909
2521941b,1,credit_card,1,218.41481787828315
c710ec24,1,credit_card,3,82.10157284232649
9f55e213,1,boleto,3,251.58655374338966
21cc4e59,1,credit_card,10,106.96838613124129
b8618302,1,credit_card,5,486.80762759205163
2b45c3d4,1,boleto,5,92.75865696558108
0253762b,1,credit_card,11,492.0556488321164
0474a77a,1,credit_card,7,172.81445049161684
77f49e03,1,credit_card,1,90.07686899367248
c4c070cb,1,credit_card,6,521.7969570898451
a08b86fa,1,credit_card,6,661.6598343130588
d5a5e97f,1,credit_card,10,70.04288244426407
713862c4,1,credit_card,11,98.99125028086148
bc755558,1,credit_card,6,215.1412153465774
f436079c,1,voucher,8,252.7017503839265
0e948af8,1,credit_card,8,90.95484131634367
fbf4560e,1,credit_card,7,113.56718610524095
a4fb8672,1,credit_card,3,487.3880078349827
e1804d51,1,boleto,8,153.8485674316609
2369b4cb,1,credit_card,3,949.8046682346428
573980aa,1,boleto,2,75.74568453592525
2f98c354,1,credit_card,5,143.72012824143928
fb714820,1,boleto,7,203.41696944014478
71a4e3f5,1,credit_card,1,342.06972343872246
a6830f16,1,credit_card,6,473.369807639321
0f02fe2b,1,credit_card,6,456.8456946539385
27755021,1,credit_card,10,382.95073498333795
8ac01601,1,credit_card,2,214.78721703180005
5f2155ab,1,credit_card,6,97.62667961138138
b130b4bc,1,credit_card,10,178.63688519029373
bbcac174,1,credit_card,8,281.97796923450596
0a170bd5,1,credit_card,1,526.2030396849747
2da23135,1,credit_card,7,522.1909975171777
0579d291,1,credit_card,1,455.43311096927465
c74bb9af,1,boleto,4,70.16617309176887
3607fe2c,1,credit_card,6,537.5732047390624
25870481,1,credit_card,5,453.45903954362944
5337e14e,1,credit_card,10,79.14667341126703
7c7eec81,1,credit_card,1,376.8721126346273
a0350533,1,credit_card,4,1197.0632332019452
719abab5,1,credit_card,3,347.38206099447353
ee8f75fc,1,credit_card,6,512.5381825422097
5327d933,1,boleto,11,133.05311913826455
82ac9a63,1,boleto,2,385.15355228794283
bc198bd0,1,boleto,10,720.6262582496978
ccb0a88f,1,credit_card,7,218.9785766611957
ef5f2d87,1,credit_card,9,222.58625001425156
95a0b460,1,credit_card,3,376.11695112245144
af07e00e,1,debit_card,11,306.3908250487089
a8ad6dd6,1,voucher,3,335.20913908845046
04b5d361,1,credit_card,10,220.18575148514034
cb6e79d2,1,credit_card,5,422.0562322546362
5d519f5c,1,boleto,10,302.7419017774836
a6ecbfc8,1,credit_card,9,424.911599759857
5f6071c8,1,voucher,9,80.68526338564365
7e020fd3,1,boleto,1,147.75968861798233
d225cf61,1,credit_card,8,400.6258002822683
c11e073e,1,boleto,2,1021.2679511546125
3565d19c,1,credit_card,9,39.9715171988919
8d0ea8ed,1,credit_card,7,136.4460830711224
2cd96697,1,credit_card,2,461.56922278060637
30304d38,1,credit_card,10,292.50160322170495
f49a9d19,1,credit_card,6,85.06244357540285
7fdf0d0b,1,debit_card,7,361.50058351524706
4c1130f3,1,debit_card,6,596.5467996827881
33415a52,1,credit_card,10,99.50693905731498
cfd419a4,1,credit_card,1,770.457460431445
7c096933,1,credit_card,3,196.713972840327
1329ad53,1,boleto,9,458.14205894207157
4668f413,1,credit_card,5,311.3387381862885
4010425e,1,voucher,8,299.6387474426177
24bd1d3c,1,credit_card,11,249.91544850703693
4c1c5b54,1,debit_card,10,390.9144761970493
fb29f661,1,credit_card,2,936.3309666867364
349bee9a,1,credit_card,1,702.0590207346171
970f01f1,1,credit_card,3,437.02416216051205
d3f241c5,1,credit_card,6,190.58699069097423
304c9337,1,debit_card,3,374.6614835708643
51c8898d,1,credit_card,10,284.82232807265717
f7d25230,1,debit_card,2,500.0534891611165
e0c05002,1,debit_card,4,406.8644064962971
99395e02,1,credit_card,11,498.4247734032435
b30f0ea2,1,boleto,1,277.760921730104
24643fb7,1,credit_card,3,602.4443042545981
e038f866,1,credit_card,3,468.3048772002338
b461a776,1,credit_card,4,358.3284779805951
401bf7e8,1,boleto,6,363.7960054717691
9ade7163,1,credit_card,11,91.36976786089738
0e9020ec,1,boleto,8,365.89541116914927
5abbd998,1,boleto,11,579.9392034045961
2b9062bf,1,credit_card,5,349.59029850684203
e8bb0480,1,credit_card,7,198.56791364084427
32e91715,1,credit_card,4,475.91209777480526
891329f1,1,boleto,10,169.36821870430467
bf4ec329,1,boleto,9,259.5262761923702
7655a224,1,credit_card,1,369.0786009788066
f05537cc,1,boleto,8,503.0054825602484
1ee23b74,1,credit_card,10,165.2415969901328
e68adbff,1,credit_card,4,266.97495740891355
2a5cd09f,1,credit_card,2,1031.5842394551921
95f12472,1,credit_card,8,719.9848577993654
58a8a0c5,1,credit_card,10,449.8475454002805
c9117e0b,1,boleto,11,1248.3165954939327
11b06914,1,credit_card,8,177.14836481777007
ebc286fc,1,credit_card,11,52.89131372182831
d10cb918,1,credit_card,7,372.31906988164917
196126b5,1,credit_card,5,373.4151338970389
fbcf0153,1,credit_card,4,655.6058214049797
2c0466ea,1,boleto,3,231.12772384052477
9ae28d3b,1,credit_card,3,407.44310259186045
67f3b54c,1,credit_card,7,468.1325856991733
3d77d35b,1,credit_card,11,202.7095285605385
e0d2cf49,1,credit_card,9,54.672942946092
c02f3b49,1,credit_card,11,805.1725509394112
ad5b7813,1,boleto,1,735.37802544793
7383f229,1,credit_card,9,477.69386087284926
94545e40,1,voucher,5,480.0500811922522
a728df86,1,credit_card,5,247.0537573339846
f5f7ddc4,1,credit_card,4,244.04509868753337
1929ec1a,1,credit_card,9,103.56954736969143
3c878720,1,credit_card,3,434.592441632521
14d2afa0,1,credit_card,11,404.49404635932325
766446f2,1,credit_card,4,301.5836717842556
377c98ff,1,credit_card,8,349.26753033124237
dd380c2a,1,debit_card,1,181.71710112095232
5f7bd8d9,1,credit_card,11,159.608258448127
0efa41cf,1,boleto,1,105.63104201123711
a8bbfd7c,1,credit_card,3,383.4612182671368
529e21dd,1,credit_card,10,207.27356376375494
b49775d7,1,credit_card,6,426.3114952076344
cebf8e08,1,boleto,4,453.3371541543216
96ca9750,1,credit_card,11,295.0980829475419
4e24fefc,1,credit_card,10,287.86216980887684
095c895b,1,boleto,8,363.9537473615067
a198c4d1,1,credit_card,2,75.579257171172
5357b391,1,voucher,4,527.6245968329567
70d2efce,1,credit_card,3,522.5393003376784
cb57451f,1,boleto,6,422.6035981329544
3fdf158d,1,credit_card,9,124.21560628903491
affb0d4b,1,boleto,7,643.6227745562845
da1f9dde,1,credit_card,10,526.2003047645692
28efdd49,1,debit_card,6,242.81553624397475
63a928f8,1,debit_card,3,1083.21033961807
25b44ecb,1,debit_card,11,178.28246629390026
90146313,1,credit_card,1,377.12877609213893
44e6a1fb,1,credit_card,1,493.838493162158
b0e1b8e6,1,credit_card,8,252.58489525802884
6f85b225,1,credit_card,9,126.70756665922286
3fc599c6,1,credit_card,7,405.6978416458629
3d9661e8,1,debit_card,6,181.66335182865322
9cf2bbd5,1,credit_card,8,296.4563713430272
bb49511d,1,credit_card,11,181.47298676618158
d0f6fa43,1,credit_card,3,438.7519183449786
26d1c7a2,1,boleto,5,136.08419872313806
83daaa89,1,credit_card,7,344.89035603531664
05e7e2ba,1,credit_card,10,672.9247958588447
2fd34e9c,1,credit_card,8,240.95549636651234
f6712085,1,credit_card,5,291.51880835715446
e97bf992,1,credit_card,9,116.61080070880594
f0069f76,1,credit_card,10,398.156180201867
52125f12,1,credit_card,9,425.32738705979824
370df9eb,1,credit_card,11,49.12682807537717
e658d664,1,credit_card,1,878.708089152272
a7230964,1,credit_card,7,434.64184635030796
25f02c09,1,debit_card,9,284.15737559807906
10c9836e,1,credit_card,3,108.13473175001974
5948aad8,1,credit_card,11,203.3888055278238
5e5ffeea,1,credit_card,5,119.24989602771663
edc4d043,1,credit_card,7,199.20970298228977
2768c9f2,1,debit_card,5,704.7064508410173
b5305cbc,1,credit_card,6,246.88136120510205
7a314bb8,1,credit_card,9,219.50671633464293
aaf8940e,1,boleto,5,200.33800373568766
1fb51958,1,credit_card,6,125.27471946067926
7111974f,1,voucher,4,74.6253820285392
33bde42c,1,credit_card,1,479.89253039951836
52fbcb34,1,boleto,6,168.8615480792069
de57ac2e,1,credit_card,3,834.1113527221463
56dce8e0,1,boleto,4,470.2829098768116
a21050b5,1,credit_card,10,56.46984983017396
99eb3ced,1,boleto,2,281.87451397829386
f29331df,1,credit_card,3,213.07594582599856
19dc9334,1,voucher,10,236.06484253591867
be184900,1,credit_card,5,362.3420113479719
970ec849,1,boleto,2,121.53356134896148
ef533f34,1,boleto,9,396.0253707337274
d20c5b69,1,credit_card,1,461.82886512904844
16feb06f,1,credit_card,6,147.72101733161116
31730e2e,1,credit_card,4,450.49137155129523
2011549a,1,credit_card,8,322.5709527754166
ff13485c,1,credit_card,4,376.49263945393636
00b786f0,1,credit_card,5,226.26946280866295
d628153d,1,credit_card,11,299.164816875705
a7507421,1,credit_card,3,412.3597980414947
25c2c9b0,1,credit_card,2,394.88573613349564
e34158d7,1,boleto,1,155.73853452240988
9916a21c,1,credit_card,6,440.0507216285964
a1d66a7d,1,credit_card,4,502.52151233763954
0d6ee839,1,credit_card,8,462.3486517214446
7805a3de,1,credit_card,2,807.2440736700266
ff73593d,1,credit_card,3,588.7017996013869
f1ab5d76,1,debit_card,5,927.3637856789662
4f7c35f4,1,credit_card,8,150.41037382029978
387872d5,1,credit_card,7,284.8180900111654
5be5de66,1,credit_card,8,478.8206809911972
6627ee33,1,debit_card,7,487.4537520953189
aef2433f,1,credit_card,11,54.55114140466419
b7c09fb1,1,credit_card,2,392.6796438930006
5c08e6d7,1,credit_card,9,60.7507273723254
7e713895,1,boleto,8,280.36621617554783
eaf1654a,1,credit_card,7,154.55823225053018
788c1c4d,1,credit_card,9,306.94547605848743
eed0bbb3,1,credit_card,7,328.7960821180441
b12dd04f,1,credit_card,10,138.55366788532282
a60cb921,1,boleto,1,382.520614786825
e8ec0735,1,boleto,9,1346.3108587080203
1c5cbd25,1,voucher,7,104.48723314499868
56386d64,1,credit_card,2,200.44076291566262
5ec298ba,1,boleto,4,530.4791493309503
c2b0b311,1,credit_card,9,419.186868745986
0b7c69d3,1,boleto,6,980.6111241017799
da64644d,1,credit_card,4,424.5674645480362
d03e050e,1,boleto,5,425.5601283377609
c99fd16e,1,credit_card,7,344.9714722070654
5c67aca6,1,credit_card,3,376.77963142944066
c4eb96de,1,credit_card,8,327.76974323543067
b86d0a20,1,credit_card,11,243.19535936074467
c5c833fa,1,debit_card,10,350.1800218029042
63b913ad,1,credit_card,6,498.9240575784092
0adb156c,1,debit_card,1,134.86816912540706
9d7cf46a,1,credit_card,4,107.48475283827523
c24fc79b,1,credit_card,5,493.29423913999386
eb5d14c0,1,credit_card,4,371.01074404475366
4de097da,1,boleto,6,439.94263915150793
94f659dc,1,credit_card,11,253.3812653476553
3d4e7b52,1,credit_card,5,269.2915942333716
8e305023,1,credit_card,8,129.12606769653306
94c507ca,1,credit_card,6,174.46381097381766
20f0a04a,1,credit_card,10,447.7545244289613
97558890,1,credit_card,1,391.34585436715923
906ed421,1,voucher,3,340.33633561238236
290f716d,1,credit_card,8,187.22924209533284
baf325e5,1,credit_card,3,349.83090806829415
33d7ce66,1,credit_card,6,406.83766709508217
9a56f637,1,credit_card,7,155.31506981747006
4056eacd,1,credit_card,3,347.84570147929566
b91b7f29,1,credit_card,1,88.35136133776402
cd2e14cb,1,credit_card,2,308.9385167992782
dd1649ee,1,credit_card,3,628.6027613254653
b6346a85,1,debit_card,3,140.63555986949498
6c41518a,1,boleto,5,199.17350753802617
20260f3c,1,boleto,9,385.55118754450893
19563209,1,credit_card,8,154.23635145032384
66bc0e35,1,debit_card,11,425.8970361898746
d1097af6,1,credit_card,10,255.4252660702216
01ec5f52,1,credit_card,2,316.28334404854905
7f207d7f,1,credit_card,11,278.83106969632195
23bd9a4b,1,credit_card,10,175.78363342528368
14480b34,1,credit_card,10,77.42552357170396
797ab638,1,credit_card,2,884.8012528878369
03dd1d11,1,credit_card,5,162.03892732027225
3a650773,1,credit_card,3,151.49952015333517
595a8a05,1,debit_card,4,516.2439165497186
336d2fb2,1,boleto,5,453.30339499209725
21c41269,1,credit_card,9,240.9065259769054
172f61a2,1,credit_card,7,249.82018017673846
b18f73c0,1,credit_card,11,211.48174752453997
dfa914fd,1,credit_card,10,412.1195608957753
52dd3951,1,credit_card,6,248.71805049292993
efa4fbef,1,credit_card,4,271.13970848995336
ee83b6a4,1,boleto,5,654.5083299689564
dd6a854f,1,boleto,1,58.533553233352094
b15d213b,1,credit_card,7,62.59356215252964
ae5c60be,1,credit_card,4,233.65815824534153
26d32540,1,credit_card,5,477.32751166026185
2d0a329c,1,credit_card,4,262.43472343969904
03351311,1,credit_card,1,355.9276887764447
6c51b739,1,boleto,10,154.8226495921989
8674cd49,1,credit_card,2,391.97647413198723
604883d0,1,credit_card,5,504.24615039420013
0b31f434,1,credit_card,10,187.4818458127572
f7359b5f,1,credit_card,10,189.92863534090932
5e078a55,1,boleto,2,424.263757483635
69c09058,1,credit_card,3,477.7530220132804
ca72701b,1,voucher,10,205.31447731356275
b2cac020,1,credit_card,2,356.81895174192886
f2967f21,1,credit_card,11,211.34181067092294
c05a4026,1,credit_card,10,877.756922660203
7b53f366,1,credit_card,3,393.1860362392242
a853225f,1,credit_card,7,642.9841212273436
40b429a2,1,credit_card,7,282.2864479380554
cf7c29c9,1,credit_card,8,80.78674143196301
b929aed6,1,credit_card,5,322.0226150672914
08b2c261,1,credit_card,6,130.60017023545987
cb04f4e8,1,credit_card,8,350.272886955358
d692e486,1,credit_card,5,281.7022335247542
7b921632,1,credit_card,1,216.66455283805297
22112e15,1,voucher,8,469.15514923522727
4e20a2d1,1,credit_card,10,522.5961265248887
9f601907,1,credit_card,1,615.7774804165927
68487ee1,1,credit_card,3,417.74053178087684
7dec2850,1,credit_card,7,240.61639244384355
b480bb3d,1,credit_card,2,238.13142421301094
b3aabee3,1,boleto,10,242.8688131930326
3a00efce,1,credit_card,3,332.52224997341244
95cb915b,1,debit_card,1,688.1507154433973
49df05a8,1,credit_card,7,437.7429668395591
6e5c77f4,1,credit_card,3,209.75437444373836
f4bb9114,1,credit_card,2,183.74948157846907
a48ad8dc,1,credit_card,5,222.70481602290647
23db5983,1,credit_card,6,387.12582452947606
b15c6993,1,credit_card,3,493.4489787133406
4d736760,1,credit_card,7,203.03229064711934
1629419d,1,credit_card,9,189.62337801353954
8a77cd7f,1,credit_card,7,360.25374277505136
59fe49e1,1,credit_card,1,103.86623305589734
12991f35,1,credit_card,4,252.08250833444328
6e5fa8c0,1,boleto,1,231.31940815627252
41e2eaf1,1,boleto,8,213.97284290451756
07fbe29f,1,boleto,2,289.45327988557284
bbfb647c,1,voucher,1,401.01302388589835
f77fa04e,1,credit_card,1,159.4439632011
e4e40c78,1,credit_card,4,130.38735210764423
d9f5e23d,1,voucher,10,421.6924827496657
484cbad9,1,credit_card,11,79.9926347274079
2aed74cc,1,credit_card,9,799.8412830893179
663598aa,1,voucher,10,389.8583281360852
ba69361a,1,credit_card,8,508.4912300603127
9110fc66,1,credit_card,5,238.40522760870283
2ad8d19b,1,boleto,3,195.69224204846466
d22b79ee,1,boleto,1,585.682369731963
4d272740,1,voucher,10,454.0769453354294
8ee29b3a,1,credit_card,1,61.66065600614209
7564c6f9,1,credit_card,2,333.43492316487914
6f910476,1,credit_card,5,230.2673950055823
7192c8d7,1,credit_card,1,307.1871619541023
30f37aa6,1,credit_card,2,587.49326477108
16eb838d,1,credit_card,3,294.4947979058607
d75047c4,1,boleto,8,229.86139124583397
f140729a,1,credit_card,5,1113.3751723786927
9ecd5b10,1,credit_card,2,622.5836664258637
4a0b5fd2,1,boleto,4,539.1727025497236
1a8c055b,1,credit_card,10,288.6956912180167
ba118aad,1,credit_card,3,367.81630473277966
bda2e74b,1,credit_card,8,492.1377742015775
1358f9fc,1,boleto,3,327.263798797874
a1454c71,1,credit_card,7,373.6425401623828
8d44be72,1,credit_card,10,108.24476307901402
979503a2,1,credit_card,3,431.2263656564261
50896fdc,1,debit_card,4,43.846274969877314
de4b8ad2,1,credit_card,7,599.704174083078
01ac408c,1,credit_card,6,331.3421418226105
afc3096e,1,debit_card,1,688.4093632630188
34afa2d6,1,credit_card,9,369.9840430870104
81e738ba,1,boleto,4,132.69569720257542
f845f70b,1,credit_card,10,95.93729593374056
0655cfa4,1,credit_card,2,72.37394301422682
6d7c733c,1,credit_card,4,284.9640673724145
7cfcbb73,1,debit_card,9,132.78375952518937
d128bf63,1,credit_card,8,298.69446942249243
6e211eaa,1,credit_card,8,149.00676060376446
f5d61998,1,credit_card,4,458.3343604499429
717f2373,1,credit_card,3,74.31560910522799
a6c59492,1,boleto,5,282.86084057243863
92d1338f,1,credit_card,5,115.6485373541624
dd7b6b4e,1,credit_card,10,441.1155719647072
d94334b5,1,credit_card,8,305.16374202888596
8c3c4317,1,debit_card,5,336.4570884381731
9598a0d9,1,boleto,8,439.2589164543856
34f9d396,1,boleto,10,432.13687844216577
3813cdf7,1,credit_card,5,270.12121876201627
aebe2b90,1,credit_card,1,227.0793713840158
d82789d1,1,credit_card,11,524.3638499388975
65cd87fd,1,credit_card,2,1082.0046799874108
c84b8f6e,1,credit_card,6,135.06707324036051
b186c496,1,credit_card,4,970.5211803739481
5483fd70,1,credit_card,2,76.24338735779901
821bcf74,1,credit_card,5,404.93181567573913
3c806e05,1,credit_card,10,325.36951889900377
49d7353d,1,credit_card,9,305.6887298253055
bfbf0568,1,credit_card,2,590.2530752846964
355d2e26,1,credit_card,1,264.57303828016063
3b19a486,1,credit_card,9,65.48971497089408
3286b68b,1,boleto,3,361.5227268041699
b6cdceea,1,credit_card,7,396.4871427366627
e5cc86c5,1,credit_card,6,339.84326898190454
d5f52193,1,credit_card,8,499.00877690260825
29e699c0,1,credit_card,1,87.50321729659564
6f8cc1aa,1,credit_card,9,333.5165775156041
d006ee12,1,credit_card,10,358.6313957480502
157c123d,1,boleto,3,432.111411990621
a6880542,1,boleto,1,40.50725892974553
2626e65c,1,credit_card,6,267.86203132080686
8f8ca1d8,1,credit_card,8,261.0415407739976
8c1eb61a,1,credit_card,1,720.0546600311226
f0ce442e,1,voucher,1,247.5704172625023
10a46001,1,credit_card,2,1012.857222562362
27d7c6e3,1,boleto,9,542.4068671387711
bff3a36e,1,credit_card,7,348.421862179805
1e1babe3,1,credit_card,3,190.2167386498052
136ad3a6,1,credit_card,9,504.57553536402787
a7071a56,1,boleto,6,599.5699642285634
adebaf96,1,boleto,8,129.27068882868952
80e8790f,1,credit_card,10,57.919031585786726
e9bb66ca,1,boleto,7,726.0751125174862
0b275b84,1,credit_card,6,1099.458379910065
d018ffc6,1,credit_card,7,171.4826946975714
9f9d7dd2,1,credit_card,4,95.98530334125562
0b29e87a,1,credit_card,10,96.95097987260371
f62b0fc3,1,boleto,7,383.60851652445206
11a279f3,1,credit_card,8,454.91258063855673
39c5d9a5,1,credit_card,5,108.50848209389773
c2cd0f31,1,credit_card,2,258.43384060946505
173098e9,1,credit_card,4,472.7837271400908
f2ffbe39,1,credit_card,2,67.53995759922702
3cdd8d09,1,credit_card,5,723.4997654836095
a531e15d,1,boleto,10,187.61722191260193
3fbc6843,1,credit_card,9,465.01045750703685
ecd28368,1,voucher,11,869.5421498323169
20f88e2e,1,credit_card,11,97.98106699631316
ed067261,1,credit_card,4,730.6939977813715
144436f5,1,credit_card,9,428.1564032949129
0e29b4f6,1,credit_card,11,510.79806275659007
44fac9fb,1,credit_card,1,525.7441256522192
0311ae32,1,credit_card,1,275.0318030944538
54314211,1,credit_card,8,550.412030544952
0766b205,1,credit_card,7,495.87024061831215
791e7979,1,credit_card,11,1162.7910856439812
e7f5dced,1,credit_card,2,424.3684153501478
386f5e93,1,boleto,5,499.9937794498593
c045defd,1,voucher,6,284.9358586920571
42db4db4,1,credit_card,11,321.6910911223495
5856e677,1,credit_card,1,149.99503640373126
6497c5e5,1,debit_card,2,196.9239478826385
9cc66061,1,credit_card,11,276.28070582424647
7449cc85,1,boleto,7,215.84180310773326
97a5d075,1,credit_card,10,216.9781119059865
f7027995,1,credit_card,8,353.1012445357817
8ad01fa6,1,credit_card,10,798.5764593758022
09ed8229,1,credit_card,7,366.5038800309634
7d040007,1,credit_card,11,408.3400443535792
ab9a40c4,1,credit_card,7,428.3506163876541
d7c1c145,1,credit_card,2,466.3793764551415
a02c8da0,1,boleto,1,568.7631405855763
10e57a5f,1,credit_card,1,262.79485149346453
45255c7a,1,credit_card,7,354.45211862622267
2a6c6b99,1,credit_card,10,255.10206766196842
805d9158,1,credit_card,5,420.508220029326
c434aac9,1,credit_card,2,308.4479928397202
02f982a7,1,credit_card,9,365.7454926841829
33f97216,1,credit_card,1,60.93025574987327
829791f4,1,credit_card,4,296.4337944708572
e9cbc955,1,voucher,5,161.68972147864423
fbd9cea1,1,credit_card,6,489.3664981294208
45d4b5f5,1,credit_card,8,75.36749839643942
ea961efa,1,credit_card,1,496.1077328273526
9da4153d,1,voucher,9,773.9531861236452
3fe34680,1,credit_card,3,144.80605882213945
4111d556,1,boleto,3,495.32683998234097
74e2ce42,1,credit_card,6,242.90126173318794
00082eda,1,credit_card,10,676.3821771130379
df33860d,1,credit_card,10,352.5656437622638
9c5abef6,1,credit_card,2,208.24298502563528
71b64cc2,1,credit_card,3,95.5750251652939
440f2426,1,credit_card,1,657.6367456389963
569d937f,1,credit_card,3,382.6609904821084
bb03634b,1,credit_card,8,399.34476847333434
62203e37,1,credit_card,6,293.9759146581939
66303ef8,1,boleto,10,39.310320151699024
105bfa36,1,credit_card,4,383.789739321018
0b698e29,1,credit_card,8,212.93652578442163
7cc4d213,1,boleto,3,474.0065435928762
cbe12eb9,1,boleto,10,498.3516008412358
1fbddeaf,1,credit_card,11,404.88077428970826
ccb04c03,1,boleto,2,343.20054246853476
d69b106d,1,credit_card,10,476.9119046624476
f07ccea6,1,credit_card,11,79.55460513277731
1e8cfda5,1,credit_card,5,200.333276193942
a2d5a526,1,voucher,10,638.2340427310435
27774f43,1,credit_card,10,408.90142654563056
2270b700,1,debit_card,7,509.8269660024918
1264e7c2,1,voucher,6,358.3191598303406
cb35af2b,1,credit_card,9,222.01164395771033
4cc0a19b,1,credit_card,7,128.90031252096003
79502d57,1,credit_card,1,366.5036361321136
132c2bd2,1,credit_card,6,371.76950668092286
14fd13ce,1,boleto,9,454.915575055442
6ad800d9,1,credit_card,3,527.6993906714556
5e0747f7,1,credit_card,6,321.22562301241044
37be0b45,1,boleto,2,596.6647506751316
87ffa9d4,1,credit_card,3,111.32434252461383
b92da947,1,credit_card,10,416.4674105372525
b50a46df,1,credit_card,8,106.40033307130511
bee4d623,1,credit_card,6,414.7265209307154
927a1f0f,1,credit_card,11,148.40513540071515
5606249a,1,credit_card,3,126.24840399830482
c8b81195,1,credit_card,8,505.8781606733933
3cec63e4,1,credit_card,3,538.9745837702761
8f1837bd,1,credit_card,1,238.7091871295116
aacd4fb0,1,boleto,5,464.79169414161595
66f2aee3,1,credit_card,11,201.22761264441328
da6d6507,1,debit_card,7,314.76332955677316
52d5db6a,1,boleto,2,313.21922076411954
90d70ad5,1,credit_card,1,255.29568766269256
8a9f7861,1,credit_card,10,205.56329274668923
01d94a78,1,boleto,1,84.84000348674441
d72ca8a3,1,credit_card,7,151.24343362300007
cf3ace98,1,credit_card,7,347.78880324743284
6cb6a2c7,1,credit_card,10,498.53720184434553
02d378a0,1,credit_card,3,207.2049833144399
aed154a6,1,boleto,2,431.02087092487255
9716ccbb,1,debit_card,5,175.79271421972453
6c465f4e,1,credit_card,11,92.87650614558585
98fc1842,1,credit_card,6,353.0522770575423
349e6315,1,credit_card,9,414.913443143863
dde229cd,1,credit_card,1,438.28544562525747
b52ce62e,1,boleto,8,367.8088539863236
80e64cdf,1,boleto,11,469.3789063257331
464eea29,1,credit_card,6,273.478725164205
2c066726,1,credit_card,7,612.1074854514811
30d73991,1,credit_card,5,115.22694774194298
e31bc23b,1,credit_card,1,304.20058338716495
400e96df,1,credit_card,11,288.5149586075928
4aac3ccc,1,credit_card,11,750.7915454292229
cf4a5333,1,credit_card,10,686.9475673486295
d5049380,1,credit_card,6,428.49291026433775
d6bd315e,1,credit_card,8,501.89285118843804
9625709c,1,credit_card,9,384.8081497152758
0f303d4b,1,credit_card,2,242.35392739008557
2244f48d,1,boleto,8,453.66219411714843
1926f3a2,1,credit_card,1,77.98972744816534
f16a0c1b,1,debit_card,8,107.26411300458662
a15079aa,1,credit_card,6,864.5514117030295
4c991c67,1,boleto,1,240.1139441985747
37d8241c,1,boleto,7,92.46316716921125
834ef94c,1,credit_card,3,501.0787343596492
4fda3b65,1,credit_card,2,186.92300698755957
6c93e389,1,credit_card,7,253.93763594819566
8a5b9b4b,1,credit_card,8,328.2436406109258
8dc4fb1f,1,credit_card,2,393.7249301907626
e68b0919,1,credit_card,6,213.13437386365118
04a5994a,1,boleto,1,208.98043083527264
7c158713,1,boleto,1,241.94914658080603
0116816e,1,credit_card,1,246.08324055711307
8216a030,1,credit_card,1,464.0408035666283
b0be9d00,1,credit_card,3,314.77254031011864
98ee93c6,1,credit_card,2,254.61893427416248
3cc90680,1,credit_card,3,1022.7428848033904
a4a9872f,1,credit_card,1,290.6476282943739
76a88c7a,1,credit_card,11,92.60218103140222
f43505d7,1,boleto,11,359.8037423563053
d577d31f,1,credit_card,6,311.9028087982305
80a8c400,1,credit_card,4,501.3400315566755
a5e3a8d5,1,boleto,1,405.4083414460578
ff440d2b,1,debit_card,6,472.62885295554014
09b4b21b,1,credit_card,9,364.1308261024312
5d3d23b1,1,credit_card,7,376.7735850625968
572cd055,1,credit_card,1,286.8076927138838
a0fac66d,1,boleto,5,388.5857290650158
9bbb52b6,1,credit_card,10,200.2307997914608
fe7d28a2,1,credit_card,1,78.59438882109181
73008276,1,credit_card,5,357.20537884123087
d206fbfe,1,boleto,2,515.1425590559033
d9218e56,1,debit_card,5,197.41331417796096
40547dd8,1,boleto,1,929.5623958183373
2a5b415d,1,credit_card,1,478.25751102012447
bc809444,1,credit_card,10,166.7522425314443
779adf7c,1,credit_card,9,403.7015931969111
5b348d4e,1,credit_card,2,209.14145498319834
4ad17219,1,credit_card,2,519.4260949413864
d8187f1e,1,credit_card,9,306.5159161063226
14af2e03,1,credit_card,2,481.0219570072156
6ef9d0e4,1,credit_card,1,115.92859947943036
566c5218,1,boleto,10,284.9102454371938
d5295ede,1,credit_card,10,160.0574636886655
99ffaf8b,1,credit_card,6,322.2748699623778
dd057ff7,1,credit_card,11,75.3360745043944
69c5a912,1,credit_card,7,465.82163259644113
3c1049f3,1,credit_card,11,270.93785007529334
f18cfc5f,1,voucher,9,204.24310880374563
a83ea72d,1,credit_card,7,263.664337747795
14153c59,1,credit_card,8,164.7241347098044
1ce92565,1,credit_card,11,392.60622966010726
1bd4897d,1,credit_card,9,149.38065788305525
8d561dee,1,credit_card,10,393.2819901133284
90f5613b,1,credit_card,9,424.64315767167636
8ab38579,1,boleto,3,380.8744436650511
073c24d0,1,credit_card,4,95.76535466741558
223524c4,1,credit_card,7,321.02577270002956
457279db,1,credit_card,8,571.180700496082
01da920e,1,credit_card,8,651.5774730383578
c34270a4,1,credit_card,10,219.49901297379188
7f9e9234,1,credit_card,10,129.74624324057135
ca86e3e0,1,credit_card,7,286.40897469619347
3ce0de20,1,credit_card,8,1011.220533864469
f3872fff,1,voucher,8,203.7911293267477
1be954f2,1,credit_card,11,249.1839889351712
26075f60,1,credit_card,10,158.76439946424992
225274bf,1,credit_card,6,440.96762125778133
11eb0f57,1,credit_card,7,462.95109217293236
6543f639,1,boleto,2,408.4846330648447
28b9ac5f,1,credit_card,6,121.62967810536223
5f43587a,1,credit_card,2,372.569866132753
d96da286,1,credit_card,4,551.0278446188416
d9692e7e,1,voucher,7,466.86109618348894
abd53b1f,1,credit_card,11,380.596736426659
9a6ee25e,1,credit_card,9,708.9974998963238
f1e7f937,1,credit_card,2,672.8274825912783
68d0b65a,1,credit_card,3,166.0675591344214
f287bb3b,1,credit_card,7,485.2718109457013
a415c345,1,boleto,4,421.0451584792389
7132962a,1,boleto,10,673.0171696696151
9c2d6f51,1,credit_card,7,288.18939521388194
8d4cc1c9,1,credit_card,7,493.7928573731291
36763508,1,voucher,1,542.4626320497244
a9af10aa,1,boleto,6,539.7748073315488
d59819c2,1,credit_card,6,484.85102219272864
97c6c535,1,credit_card,4,118.22996397873688
ed431d6f,1,debit_card,10,916.8992910483526
ea5455de,1,credit_card,9,332.70335554378676
7c94b167,1,credit_card,6,369.86485643483655
29b4c757,1,boleto,1,388.938649671541
a742a785,1,credit_card,5,115.54056292485285
f757fa68,1,credit_card,5,442.87376479628836
4ef1493d,1,debit_card,5,327.1721331282379
62cac6a2,1,credit_card,6,88.2155955809796
d54d6471,1,credit_card,4,482.2298902022233
2638af63,1,credit_card,10,162.45570281805004
f16b29e4,1,credit_card,2,265.679938077599
f92e1970,1,credit_card,6,301.7921776884088
4329e81f,1,credit_card,3,64.18893202264339
f6d043c9,1,credit_card,2,130.74009293990858
617bd4a3,1,boleto,10,504.0522641049131
ecf0ce56,1,boleto,10,260.8675539590252
b32a00c9,1,credit_card,3,340.9895667641974
b2a9c472,1,credit_card,1,105.112897388551
8e7e2ce6,1,credit_card,11,1122.693902082418
4879154d,1,credit_card,6,173.2142575321935
4192e171,1,credit_card,6,100.26397412397343
98ce955b,1,credit_card,7,378.75798929627723
58e4fef2,1,voucher,5,261.7593871274364
419370c9,1,credit_card,8,422.0286669943881
2710cdbb,1,credit_card,9,857.7673971079888
b2d8e387,1,credit_card,4,347.4337204128845
cff6ca46,1,debit_card,9,529.9598450091016
1fd4d4d6,1,credit_card,2,200.9862409627989
406e08fb,1,boleto,7,325.74797395457745
b1f52246,1,credit_card,3,416.5083767499514
488b0453,1,credit_card,11,40.33256963804108
61e48f35,1,credit_card,8,371.845781846302
a3d74fea,1,credit_card,11,271.75169413990335
3efd38bc,1,credit_card,7,70.15799546167554
34856555,1,credit_card,1,323.59238103635045
1ae54bc2,1,credit_card,11,141.13883072090042
b8e2ef6a,1,credit_card,1,475.40427259015587
e7627e2a,1,credit_card,1,251.50946080554326
0e16ac0c,1,credit_card,11,404.67805702469946
1c0d0610,1,credit_card,10,470.897216538075
38bf2221,1,debit_card,2,429.87275906113854
bbb5ab7b,1,credit_card,6,109.13415645786448
e1a77f74,1,boleto,6,331.96077135221026
dbcb0e33,1,credit_card,1,185.68352976997224
b12dfcc8,1,boleto,3,299.50537643809605
56f5c1e7,1,credit_card,7,1057.3938726776887
7855c72d,1,credit_card,8,377.5355208442482
0ca4b617,1,credit_card,7,372.555764198878
a1a920ba,1,credit_card,4,346.91276069495933
547d16f9,1,credit_card,3,217.2973946689184
cd996730,1,credit_card,2,351.91833420061425
bc6d54e6,1,credit_card,3,193.5888998041578
97026b1b,1,credit_card,11,923.1216635961462
1ef5fcf7,1,debit_card,4,85.30920919742904
ed00db07,1,credit_card,8,458.0288887216856
7a4b56e9,1,credit_card,2,420.3292958775133
5490c32e,1,credit_card,1,406.1234700851016
d78b1862,1,credit_card,9,358.97530148181926
713cefe9,1,credit_card,10,95.37320400269755
9e92a608,1,credit_card,4,390.45112055058695
c12e221d,1,credit_card,9,111.0417370560061
4c0a09b9,1,boleto,4,250.42719325300092
2723eb32,1,credit_card,8,489.9072666065638
f2a3f554,1,boleto,8,298.981421913054
2fb86cbc,1,credit_card,8,528.9664310056767
71653b2c,1,credit_card,5,532.9127103553061
5160d5cf,1,credit_card,11,141.83642844944998
88b92b71,1,debit_card,1,266.5096959650241
10a2844e,1,credit_card,4,210.7078666690962
b9a6f6c1,1,credit_card,5,146.14657750768907
589fb873,1,credit_card,4,107.41511291163287
88542d9a,1,boleto,1,281.1685479177893
48139b4e,1,credit_card,5,95.61045196713619
1692c17a,1,credit_card,4,334.2976252317874
cadebd24,1,credit_card,4,1214.647928235106
6052b24c,1,credit_card,1,459.24083436513
75f170b5,1,credit_card,9,133.14340326658632
82edfad6,1,credit_card,2,487.425330727292
289f62ee,1,credit_card,11,393.90862750932075
78af91bc,1,credit_card,9,922.9218930361321
71908f5d,1,credit_card,1,601.6211077186662
1d5e0755,1,boleto,4,411.0874878751892
c50429d9,1,debit_card,7,457.2073589491159
3181a4cc,1,credit_card,8,518.4974940022071
a17205f0,1,debit_card,4,213.58419419369727
74a983b7,1,boleto,10,125.50156432722896
790eb3e0,1,credit_card,9,343.9128481714981
03e041a4,1,boleto,8,411.28191780923765
2f43a931,1,debit_card,6,180.90931482099512
623139bf,1,credit_card,1,396.9216781033156
c24d2611,1,credit_card,6,47.611541286030146
6e35dc4d,1,credit_card,2,513.0822856193588
4847a68e,1,debit_card,11,304.90151527735424
d0bf6e3f,1,credit_card,9,472.95437005042254
052b7778,1,credit_card,6,84.13211585729462
829d3d31,1,credit_card,1,473.3240462376518
35a66221,1,credit_card,8,526.6213132646528
6f9bbe2d,1,credit_card,7,481.32199385742786
5223ae8c,1,credit_card,2,181.87476054470002
b2c929cc,1,credit_card,10,235.81814466190343
6905e635,1,credit_card,3,626.2488564367309
b249fb31,1,credit_card,1,374.96620527778924
033c07c7,1,credit_card,8,504.64990303116815
1ddc4c3b,1,credit_card,4,238.76222935062844
18c72523,1,credit_card,2,279.67614477494135
70a5a94d,1,credit_card,5,322.4944125487827
58c51c23,1,credit_card,6,142.74700719567807
08b30bae,1,debit_card,10,576.5271993418924
bc1de7b0,1,credit_card,4,431.80865241434
4a088e88,1,credit_card,5,646.1704132503091
ca8f7319,1,credit_card,10,208.82232761847973
133d8b5a,1,credit_card,2,946.0423480218628
99ce8047,1,credit_card,10,300.4685710608691
90e355b8,1,credit_card,8,204.35400989710055
7f23c950,1,credit_card,5,466.2015539664006
4645caa5,1,credit_card,8,651.8562449050705
b9c3062b,1,credit_card,2,42.31392462100909
de8c878f,1,credit_card,5,394.60390469768026
20419ec2,1,voucher,10,113.51401255625967
53308019,1,credit_card,7,482.59635422075684
aeb15ef8,1,credit_card,3,281.05675659964925
e472ca95,1,boleto,3,851.04201231738
f68fb81d,1,voucher,5,594.9433526876904
59f3201c,1,credit_card,6,147.35053551011399
38cdc0db,1,credit_card,7,58.34029695832599
c1f8bfbe,1,credit_card,5,100.64991868415984
c5732fc5,1,credit_card,8,473.0292056001277
711927ec,1,voucher,11,468.9365499618007
8cd6c398,1,boleto,10,364.40980863320175
92a1d960,1,credit_card,9,420.0645984389204
289863ba,1,boleto,4,91.33705063566765
c889e985,1,boleto,11,372.0784637541643
33ad4654,1,credit_card,10,503.12102020076367
1b35108d,1,credit_card,8,519.3647289615177
734d3dd4,1,credit_card,5,504.47258740897746
be52e78b,1,credit_card,3,375.7628649546285
edf771c5,1,credit_card,10,286.8394745037723
75fc86bb,1,credit_card,11,210.83119981219772
1e288975,1,credit_card,3,387.90190544574034
830dfcbf,1,boleto,1,431.0418594344961
bb2c6236,1,boleto,5,323.9551001333221
1c1d2c41,1,credit_card,1,419.31153701926746
149c948d,1,credit_card,10,143.6985098624785
8117abb1,1,credit_card,4,1105.2175706066791
4d9fa2c6,1,credit_card,1,499.483180555266
627709dc,1,credit_card,7,188.71347408005843
c5a61583,1,credit_card,1,421.47005845260185
64617a13,1,credit_card,3,224.80268548359226
da2297cb,1,credit_card,10,80.96540607203374
43ab87ad,1,boleto,8,231.78762924569412
e192c0b8,1,credit_card,9,523.867820094528
72d050dc,1,credit_card,4,67.33636877291465
cdeaadf4,1,credit_card,9,367.58852464021345
9003322e,1,credit_card,9,437.03984142489054
49bbfc2d,1,boleto,7,409.7982190545752
e63acd94,1,credit_card,3,397.75347942625984
232992d9,1,voucher,5,417.4755354493581
92cd856c,1,credit_card,2,470.5937177857297
c42ee570,1,credit_card,3,92.58344444504905
63223d9d,1,credit_card,4,323.79467347839216
59e94ead,1,boleto,6,509.0331800247026
e4579184,1,boleto,3,186.71821557107125
6208b979,1,credit_card,10,507.8497196683593
db42cb3f,1,credit_card,4,466.68140473180864
9bbb695e,1,boleto,8,225.78209144294254
0148ff3c,1,boleto,2,475.90705348742
89835522,1,credit_card,10,200.8328850354279
6f281b79,1,credit_card,10,190.6216836455651
43a4ca6e,1,credit_card,3,359.9012375601113
9ab854d5,1,debit_card,9,439.3417039767784
7a65fc83,1,boleto,9,440.9080458805352
054cf738,1,credit_card,8,410.5016333234026
2675e8f7,1,credit_card,7,320.81027795629757
b3773646,1,credit_card,7,272.3394740430955
450e5840,1,credit_card,11,897.5582497603991
5c55e7d3,1,boleto,5,951.3832362993915
1a54885a,1,credit_card,11,267.68507803753425
9c5eb940,1,credit_card,7,456.0797804494041
0f07df1a,1,credit_card,11,157.56187671192714
71c71197,1,credit_card,6,337.3903286482146
3de7836f,1,credit_card,1,1040.7944829759863
5c86e598,1,credit_card,7,277.27438311633125
2e4939ee,1,credit_card,7,341.8893696119931
222dd099,1,credit_card,10,658.028463844323
8bef4f45,1,credit_card,1,382.0532338296791
6cfe7b37,1,boleto,10,210.43633481193706
696bd527,1,credit_card,9,754.2245395097773
92b37096,1,credit_card,5,504.72041403846174
9fbfa40f,1,credit_card,9,427.8183150866371
0f5ac6cb,1,boleto,9,478.38259204154843
db6a02a4,1,credit_card,8,279.41370175731623
201b4f7f,1,credit_card,8,488.46513833412195
a702abe9,1,credit_card,11,97.07357645882857
2589e6e1,1,credit_card,4,87.75003279853694
76c1e259,1,credit_card,9,263.6324765866493
f4a8a08c,1,credit_card,3,510.61118602313223
de535f39,1,credit_card,2,455.8281751768919
97fc1beb,1,credit_card,1,147.01848510446487
24531ff8,1,credit_card,3,372.64478646649775
da1eae9b,1,credit_card,9,469.3999793967459
cafc2f36,1,credit_card,2,92.35344068171028
a05abea5,1,boleto,4,360.1870386301267
04360f29,1,credit_card,9,667.5140622228312
723f8350,1,boleto,5,428.04311926005676
21f4d8da,1,credit_card,10,227.14148692361186
31ff660b,1,credit_card,7,185.80839896770996
1f979d78,1,boleto,2,514.3917582344442
3266fc2e,1,credit_card,1,244.33581416297756
5b15348f,1,credit_card,9,424.94575743059306
c038317d,1,credit_card,7,879.811225232785
5b37b894,1,credit_card,5,662.1986110523994
593b3b7d,1,voucher,6,433.1098670186429
b983a722,1,credit_card,10,415.80766474350577
4471dcda,1,credit_card,3,451.1246772357316
5ec40fa1,1,credit_card,9,310.58707561898126
8f6f0dde,1,voucher,5,299.1832711717869
b7f0dc55,1,credit_card,4,481.5934393056181
f3dd1583,1,credit_card,6,161.50167799794755
99797944,1,credit_card,7,855.5800671332822
3fe3b8bb,1,credit_card,3,203.94315093325642
5188bae1,1,credit_card,9,575.1769243410922
1d755888,1,credit_card,3,336.0028339504083
d6fc562f,1,credit_card,7,159.47115859556536
82956554,1,credit_card,4,411.6278142406406
40f92553,1,credit_card,5,275.946012933559
b612c2dc,1,boleto,2,285.2205201817011
3eec5d15,1,credit_card,3,503.29352415258165
ffc69fcc,1,boleto,8,917.4056714245676
cae436f5,1,credit_card,9,398.9721596079373
07594158,1,credit_card,3,504.6234022581998
0d7f850e,1,credit_card,7,263.38148686144865
d4d77df2,1,credit_card,1,310.72031503676175
752a395f,1,credit_card,1,528.6063867209793
c0eada2d,1,credit_card,11,136.97365864388624
c5a50ebc,1,credit_card,5,441.9972719001324
6519ff3d,1,boleto,9,90.26491925413441
e644b500,1,boleto,3,188.70564024416814
1f06757d,1,credit_card,9,204.58891357507645
4a5a4091,1,debit_card,10,313.1908154753542
2ad11441,1,credit_card,3,479.304738472614
9e2e77bf,1,credit_card,11,522.5210033881519
e0ae8842,1,credit_card,5,644.1780617291375
d3d18b0b,1,credit_card,1,344.13735349941044
7fef1b0b,1,credit_card,5,200.35935682191507
eee6d1fc,1,credit_card,5,509.36387351652195
7ec2088b,1,credit_card,7,442.3887496070068
022f0faf,1,credit_card,6,284.3463204518252
6d86f74c,1,credit_card,9,367.27080039797517
38372a25,1,voucher,9,393.1617511209912
158b8db3,1,voucher,7,476.9843268290337
bd52d8ff,1,credit_card,3,79.07077601413246
3a2f6f35,1,credit_card,9,1361.6112559616854
fa4ff7e8,1,boleto,8,419.5458383355765
878431a2,1,credit_card,7,1072.9705508450902
b76f3e31,1,boleto,6,94.71580930590775
39cbd5e8,1,credit_card,5,440.0910897046995
4a16550d,1,credit_card,3,488.83371857362476
e2187b89,1,credit_card,9,155.84572346030208
fc9517cc,1,credit_card,11,476.75701354834575
5b160e50,1,credit_card,4,332.32072050929895
296fd5d7,1,credit_card,5,344.4267609858749
ba657197,1,credit_card,10,182.28777175669148
477dd6f8,1,credit_card,1,329.89972858428035
3185b5c3,1,credit_card,11,500.9041901182738
819bdbb5,1,credit_card,1,335.40035822645
b27a5163,1,credit_card,11,263.9125641546982
95eaab9b,1,credit_card,1,467.6153722938803
e29dd240,1,credit_card,5,797.1330649480778
10fecdac,1,credit_card,11,340.3051801375628
45d0d48e,1,credit_card,9,119.26734013995238
23bcdace,1,credit_card,11,353.9894892749709
03480d8f,1,credit_card,9,1002.1142210606661
77779991,1,boleto,10,426.0348312829557
8ae2efd8,1,boleto,7,376.0547144059983
7a83d8a7,1,credit_card,11,200.1285510616714
441b116c,1,credit_card,4,249.1902257822965
1b438f2c,1,boleto,2,334.1241026101079
ced6d7ba,1,credit_card,11,434.45279607895037
f333274e,1,credit_card,5,408.5044132467751
36073542,1,credit_card,3,232.6124911879118
380651be,1,credit_card,11,374.72299516861835
229ac715,1,boleto,5,207.71452451232935
e36192c8,1,boleto,11,120.02848846830831
d5fd1592,1,voucher,7,121.5732269382796
1462b575,1,credit_card,10,69.90060627991693
1367a6db,1,boleto,11,175.41321369848265
64942d6c,1,credit_card,9,337.01813142611957
6e7f9c0e,1,credit_card,2,305.3338291341593
b8e979ce,1,credit_card,5,159.09249863647486
1ed966fc,1,credit_card,3,946.8628852507265
a42d3020,1,credit_card,2,491.01105117865706
d02519be,1,debit_card,8,504.89350655861847
d670f7c2,1,boleto,2,764.086848576982
973e9743,1,boleto,10,169.54658784548616
b25b97b9,1,credit_card,2,335.11173401178837
d736aa11,1,credit_card,6,91.92685201715503
e3bf8432,1,credit_card,11,88.79060167552063
467a6721,1,voucher,3,271.53124618871385
4ccd5fc5,1,boleto,10,324.9699069762796
af0e434b,1,credit_card,7,186.95767341865835
f20761f3,1,boleto,3,35.54088119203685
9768f986,1,credit_card,6,749.5179567697412
dfbf3738,1,credit_card,9,86.0354645123044
b12e547b,1,credit_card,4,732.2777291878517
4baf596f,1,credit_card,11,343.25239816124554
9ad35d3a,1,boleto,10,408.40762798126735
ae62bbd0,1,boleto,8,825.6979034617507
38b84c7c,1,credit_card,5,198.93407032145132
33750d33,1,credit_card,6,529.1684076074224
aa925d5c,1,boleto,9,269.31391795876795
0c2b1953,1,credit_card,7,137.32785955561943
4d55c297,1,boleto,7,316.1624514523235
7035cc0d,1,credit_card,9,774.922097434445
2cf54e3c,1,boleto,5,312.35171267268055
6a0a56ca,1,credit_card,5,1272.3264250409445
ed377c08,1,credit_card,2,435.8643878030476
cce83a0f,1,credit_card,6,496.68050627661756
6104081a,1,credit_card,11,305.6363857010719
5266eb18,1,credit_card,5,146.32637512584603
cffdd447,1,debit_card,6,350.95047713917006
0431b9e0,1,credit_card,3,445.4288615967701
afb7d0e6,1,credit_card,2,876.5986278618756
80a018aa,1,voucher,6,471.70683250249067
625e27fa,1,credit_card,7,570.690478370192
e50019b2,1,boleto,9,268.5183774760602
dc320998,1,credit_card,6,894.0933352834918
9ac69c1f,1,credit_card,7,80.179967857527
8c44042f,1,credit_card,9,247.67354809441287
99c6e161,1,credit_card,5,314.7650779837246
a49146e8,1,credit_card,5,320.0700481407849
da7dfcac,1,credit_card,6,288.218147358907
389ce08e,1,credit_card,8,318.6525944461729
c0f84b42,1,credit_card,8,334.0083437087109
802d3f56,1,boleto,5,346.45172935218517
11ad0f0f,1,credit_card,5,456.428160785722
5ac54666,1,credit_card,6,90.16712381726484
5922de0c,1,credit_card,3,528.1135805870231
bffce756,1,credit_card,7,491.7359169717984
c133f530,1,boleto,5,330.5571641437989
edc97ebe,1,boleto,3,778.8967135755469
3dfa7ae3,1,voucher,4,509.8237158117403
2102a4d9,1,credit_card,7,307.6625058357047
6d190806,1,credit_card,2,475.6650718347396
6ac9e7a5,1,credit_card,8,190.33503700777962
a53d4898,1,voucher,9,787.9847321296636
584028a8,1,debit_card,6,546.3249278063723
65e62092,1,credit_card,7,188.24829483888814
1d1e4778,1,credit_card,10,127.76066068086567
94903928,1,credit_card,11,348.2798682197814
8a60ca7f,1,credit_card,6,405.8703500735599
510ba59c,1,credit_card,8,303.6120459562462
cb84a60b,1,credit_card,6,166.42363147141992
ffd91f68,1,credit_card,9,427.04641236753736
293a89c7,1,credit_card,6,443.452454013262
8847ce48,1,credit_card,6,268.9367170934834
374d3806,1,credit_card,6,488.1377206072054
4d2df1b0,1,credit_card,2,371.74679010883347
732a7967,1,credit_card,5,254.52907518351873
7fb90c9a,1,credit_card,3,525.6958453085643
ebc9f1f8,1,credit_card,6,383.82603268384867
46d51363,1,credit_card,11,295.91477550937304
d2c1f424,1,credit_card,10,242.26232090523396
e5c7a231,1,credit_card,5,60.91662898600818
5436c899,1,boleto,5,486.83276071843153
3adffc84,1,credit_card,8,1114.0508394685567
2dae1dc2,1,credit_card,6,481.4606210973941
554a50af,1,debit_card,4,244.05653156792954
f1ca79c8,1,credit_card,4,378.7281380879226
e811496e,1,credit_card,5,136.87934355044075
2eb62c94,1,credit_card,6,418.69075837345406
1bd8f29a,1,voucher,3,261.5667353271189
507dfdca,1,credit_card,9,493.3757939297324
455ae6c7,1,debit_card,11,655.4688504909536
bdc68f8e,1,boleto,5,739.3546650541649
563ff092,1,voucher,2,633.6848904601055
8112050b,1,credit_card,7,166.93525050421323
7a914916,1,boleto,5,1128.6690475277653
b01932d7,1,credit_card,3,276.03680168069985
1d70e18b,1,credit_card,7,599.4703732388284
26dfd63c,1,credit_card,9,100.7997230222778
5b6aeef5,1,credit_card,8,144.75272960195952
cc2ac483,1,credit_card,5,534.616221916793
12f28846,1,credit_card,9,528.1657911319406
967057cf,1,boleto,3,337.691723160751
ada43647,1,credit_card,10,145.1713865717051
ed8a5697,1,credit_card,5,322.5627997612953
16af272e,1,credit_card,9,175.72091482435107
6b613fde,1,credit_card,6,502.6092772021742
511bc69e,1,boleto,9,381.4291056496272
3fe95d08,1,boleto,3,358.2623746288687
4a51c2d6,1,credit_card,5,72.15237581623404
35993bcc,1,credit_card,8,43.936886837791576
78d49890,1,credit_card,2,283.9099401169502
c16c9519,1,credit_card,10,135.1363383464065
b233eb7d,1,voucher,9,155.96330745286784
7851a5c7,1,credit_card,6,167.1743236425088
9c205d4c,1,credit_card,10,262.4348154355027
4466a2fb,1,credit_card,6,159.71698992040342
0538eb2d,1,debit_card,4,534.3426723716852
5c59286b,1,credit_card,8,302.17950654350244
d7207680,1,credit_card,9,180.71104087323806
ed9aa040,1,credit_card,11,115.73045083007614
2dbd8352,1,boleto,8,517.3418889044008
e62d08a3,1,credit_card,11,132.63935420368855
d8486658,1,credit_card,4,496.9458359904485
6436890a,1,credit_card,5,321.5636150423797
99407ce3,1,credit_card,3,92.43424092206087
7de449e4,1,credit_card,2,233.5880736249652
847c7a79,1,credit_card,11,196.82958847023178
d42cae94,1,debit_card,1,431.1473162758442
9a0be8d0,1,credit_card,1,425.55324386646663
b24236ed,1,credit_card,11,1036.4864653495692
af8a2651,1,boleto,8,349.0774908793256
f18f7234,1,credit_card,4,449.43870023188515
649f47c0,1,boleto,2,365.4150903755348
6d59c561,1,boleto,1,304.2263107024784
eaac7c17,1,boleto,8,147.17104268487046
8ac4b0fe,1,credit_card,5,172.82699234451442
6c4b6951,1,credit_card,10,374.6766195204645
a5864976,1,credit_card,2,217.4165329645383
68cf83fd,1,credit_card,9,910.0080370720631
65deb24f,1,credit_card,8,301.4811580163508
b5d4a53e,1,credit_card,4,504.1656186661371
d4d1edc3,1,boleto,7,54.27764273265842
047e87b7,1,credit_card,5,506.0217256729113
424869b4,1,credit_card,5,778.4017114595521
ee238abf,1,voucher,7,359.44747869746277
7f711893,1,credit_card,10,326.1453179890482
7fcd0d52,1,credit_card,6,506.54998082755003
d78c1db7,1,credit_card,11,237.54882150410128
aef720c7,1,credit_card,7,355.09677124792404
ebd30f70,1,credit_card,7,344.56496976377366
c7990b5a,1,boleto,6,67.12353772489404
9a528722,1,credit_card,10,320.0197889228456
c311199f,1,boleto,11,485.4111147370241
38d116fc,1,credit_card,11,77.4320893621339
1a00f4cf,1,credit_card,4,51.34735768525469
9b3ea95d,1,credit_card,2,183.96816864336898
e9beb19a,1,boleto,8,151.85084163289733
ed7318cf,1,credit_card,5,163.6988769597754
bcd3faf3,1,credit_card,5,276.25920948822886
57fb59cf,1,credit_card,8,339.5161116200776
e814013d,1,credit_card,10,171.0182021540377
249ecd97,1,credit_card,3,966.4192799027709
8ee3a9f4,1,credit_card,7,865.0276725432875
39cbae2a,1,boleto,5,124.12096734388237
7cb687e1,1,credit_card,3,359.6880862232023
6f81e59a,1,credit_card,7,243.50637418313633
3f6d9f05,1,boleto,6,80.6555144192794
8e75654f,1,credit_card,11,366.42996827358365
3667f847,1,boleto,10,344.8255156224258
3808b229,1,voucher,10,511.17868125650466
ef342758,1,credit_card,8,656.9432319042027
d5381dab,1,boleto,7,269.97238076552554
55cacaaa,1,credit_card,6,106.3353277744167
b01fcb0a,1,credit_card,2,253.726206353125
3b951aba,1,credit_card,8,500.81152308659847
79a7ba03,1,credit_card,5,190.65039553243048
823d1da5,1,boleto,2,516.1829974950048
d99d95ba,1,credit_card,4,153.69348093181642
ffc0c694,1,credit_card,1,209.079028370758
9ec278fb,1,boleto,1,596.1267750774107
d1a4c354,1,credit_card,4,348.15813350868
a3d9b7d4,1,credit_card,5,927.5443443609037
622271a7,1,credit_card,5,306.64740077887376
f815dab6,1,credit_card,11,439.0504388628298
0d57556b,1,credit_card,7,263.90835869092405
70d1082f,1,credit_card,8,402.8076569539976
a88f1200,1,boleto,3,204.9033439951659
f532c6df,1,credit_card,2,537.7650448305562
6efed22b,1,credit_card,2,123.95097560153042
97de34bd,1,credit_card,8,139.00731037681234
a613aac8,1,credit_card,9,356.99893719395124
6c3cb89d,1,debit_card,9,256.1884906355175
2df4af09,1,credit_card,9,177.6187015137026
12d9a54c,1,credit_card,9,341.66593621933936
09c479c5,1,credit_card,3,144.13234110320954
5dad235a,1,boleto,3,139.84451383805046
ebeb31a2,1,boleto,2,473.50426803266197
6f331916,1,credit_card,11,287.2245200752644
36eb957f,1,credit_card,6,230.5494233327508
a0b3b209,1,credit_card,10,298.5198701827811
b7648d21,1,credit_card,10,791.5560948908387
f3740f02,1,credit_card,3,119.14143971530055
e3ee9c90,1,credit_card,6,248.5683764852422
9baa4238,1,credit_card,4,92.61459458659556
a0ec769f,1,credit_card,2,244.0105356332951
2237ea99,1,credit_card,3,501.7224173436463
7f7b775e,1,credit_card,3,280.34009449707924
42df0be1,1,credit_card,8,346.1794378432472
a9a907d5,1,voucher,7,533.1105823069806
a85ea0b4,1,credit_card,3,509.0771930189003
549a7c5e,1,credit_card,2,361.5977065485482
0a9b58d7,1,debit_card,8,814.1300715161872
12de4bc5,1,credit_card,3,481.32197408135767
49df6a41,1,credit_card,6,399.26196744171386
f8a47869,1,boleto,4,273.3908203416244
ed87d1a3,1,credit_card,8,433.8927517433567
bee6a13b,1,credit_card,5,278.6058678451264
5513f9db,1,boleto,10,89.8623202001733
05d20a4c,1,credit_card,9,407.38072206570035
8e174f3e,1,credit_card,1,261.23208496853
bc181cbd,1,credit_card,8,109.04212417731136
f498c296,1,boleto,1,769.8895245104701
5b9e7fb6,1,boleto,2,246.00491564050532
3936b805,1,credit_card,1,483.0389532587636
7dd42de4,1,credit_card,5,80.57098989569579
959e2965,1,credit_card,3,71.84979632637254
b450156f,1,credit_card,7,314.2729816453006
38354fe6,1,boleto,9,112.46065055443327
a29d149e,1,credit_card,8,191.12415703783867
33473128,1,credit_card,3,324.01395987222804
3effd874,1,boleto,4,207.6956841076921
55c65bd6,1,voucher,9,200.50285008858984
6ab0995d,1,boleto,5,44.11367880283665
4bf341b4,1,voucher,3,441.4687598143712
75c97c85,1,credit_card,7,280.8283323330686
4c7834fe,1,credit_card,7,116.74751125454996
b25400c9,1,credit_card,5,782.3066876390279
dfbb7231,1,credit_card,6,226.6411233553612
7b3c3335,1,credit_card,4,449.50086940941
53a15dbe,1,credit_card,1,96.52728424147949
94006b41,1,credit_card,3,778.7056070901336
4fe46b0c,1,credit_card,4,70.02943193952743
791e4401,1,credit_card,9,207.70801243839668
a6a2a072,1,voucher,3,868.2125709696602
ba79b176,1,boleto,3,881.7807577378818
2ad3e431,1,credit_card,5,263.1298785083255
a3e41c26,1,credit_card,6,368.719123133408
1328c223,1,credit_card,2,222.26122043369062
1394beda,1,credit_card,11,418.0376985522766
279908b1,1,credit_card,4,343.1681938015801
f472a615,1,boleto,6,110.0500861938358
f4a728ab,1,credit_card,2,187.8857248232237
ade3bed0,1,credit_card,4,584.8797261431333
788911d8,1,debit_card,2,357.82478323260887
a6c775a6,1,credit_card,2,487.335587914784
11071487,1,credit_card,4,480.69394995155164
c8fff6ad,1,credit_card,9,58.153645918902626
f72bf19b,1,credit_card,2,319.2226373083835
196fff0b,1,credit_card,2,303.29540367997254
3f9ecac6,1,credit_card,3,287.31407221744115
31af639e,1,credit_card,6,352.11878809566736
6d3eb9cd,1,credit_card,6,297.4834092062441
b7eeae2d,1,boleto,5,380.95900028626056
d375aea6,1,credit_card,2,178.13412722287168
f11f4e1b,1,boleto,1,464.1577248851205
e3d8035f,1,boleto,1,411.51161668770436
dd2b8d41,1,credit_card,1,371.0551858656578
76084022,1,credit_card,1,393.2653383772361
2cd00f86,1,credit_card,8,85.37487200361475
319f0271,1,credit_card,2,362.8834934570462
244fb914,1,credit_card,5,397.59861032704555
54e1b26c,1,debit_card,11,274.463503412772
660dd245,1,credit_card,3,985.010533627491
867b07ac,1,credit_card,11,172.95142072770182
87a4bdf9,1,boleto,8,428.7917255936432
0cd0e3ad,1,credit_card,5,341.08505149850987
89fa8790,1,debit_card,9,521.0224149586372
09096be0,1,credit_card,9,626.2251953695885
d680b51b,1,credit_card,11,255.57641763605238
a1593de4,1,credit_card,1,260.42935553724567
07c01356,1,credit_card,4,145.68059734542618
cd6da15a,1,credit_card,11,588.0628138797125
6e8c3096,1,voucher,8,426.51359445840063
0e8d2280,1,credit_card,2,163.13078899354346
4d087eac,1,credit_card,11,1019.0992906164024
25e68489,1,credit_card,2,115.97293604235274
b2541497,1,credit_card,2,354.3688171666666
51f9ca94,1,credit_card,4,490.11500402505163
7f926172,1,debit_card,9,393.4504813801174
57282939,1,credit_card,2,481.4113949958896
c84a466e,1,boleto,1,714.6255370874875
0da70bd7,1,credit_card,8,283.12665322315803
2ac1d8e3,1,boleto,4,82.93962427105744
2bf51231,1,boleto,10,283.46496135519544
98ac82ee,1,credit_card,6,501.7279159751015
e40ddf69,1,credit_card,11,455.0943063628324
48889eb8,1,debit_card,3,128.0546643073795
55269679,1,credit_card,5,482.86548616771563
49cf6d40,1,credit_card,10,424.5148191467328
720d5657,1,credit_card,1,91.61789918422488
0811f3ab,1,credit_card,5,142.9242728042026
5bd85b52,1,credit_card,8,955.6320015792162
fc9166e9,1,credit_card,5,543.2866084697238
147268a7,1,credit_card,5,470.7320662448139
07787eb5,1,credit_card,5,646.882979165521
6fb7eff6,1,credit_card,2,280.690499787853
6830b2bb,1,credit_card,5,203.84507719983952
3e1cc94b,1,credit_card,6,373.6423400303514
b8b0576e,1,credit_card,10,588.2266446112033
be0d6bd2,1,credit_card,6,438.1867748689875
cf56178c,1,credit_card,2,242.505225972416
a7eceab8,1,credit_card,2,459.02214857959893
223d9ce4,1,credit_card,2,42.39968895549898
349c4f85,1,credit_card,1,759.8511416121587
bdae3893,1,credit_card,6,80.18248990309326
9ff70393,1,credit_card,8,324.68930716343624
435b218f,1,debit_card,11,494.78856628615364
c2f4780c,1,credit_card,6,447.59310094691534
19aa82cd,1,boleto,1,1170.6849651687062
9bf27b07,1,credit_card,5,97.34651442969621
ec3eb823,1,credit_card,7,264.0078656755284
6ca6a65b,1,credit_card,4,698.3113946682067
1eb59cf8,1,credit_card,6,248.0037607877645
4e1caff1,1,credit_card,7,111.99207162250019
d2d9d533,1,boleto,6,227.71342255887515
495173bb,1,credit_card,11,563.7689288429573
85b9d7ef,1,credit_card,8,383.88729003444524
9c0b5639,1,credit_card,7,341.5580718075649
f9de507c,1,voucher,8,149.19399759757528
d54a69bb,1,credit_card,2,117.51980844758647
e907e9ce,1,boleto,11,176.0974142407897
5538549b,1,boleto,2,407.1428393685367
40ab9fdc,1,credit_card,1,1041.8332983618475
3ceeea7d,1,credit_card,7,78.71218755685422
9d973c83,1,credit_card,6,311.89607595934683
e9eef99d,1,credit_card,6,108.05287817902743
0337fe4c,1,boleto,5,469.04862046245677
b04573f9,1,voucher,3,411.49972892484556
034b0eb6,1,credit_card,1,334.74468184420874
02af44c4,1,credit_card,3,122.44254005798294
8865b123,1,credit_card,6,68.4023323803712
ef6ce3a2,1,credit_card,9,400.7286441294257
6973de41,1,credit_card,7,249.04928493140363
3942d911,1,credit_card,4,443.4452093511358
a858ab49,1,credit_card,7,273.9073613327698
dcd7b846,1,boleto,2,116.38817268235834
bd0c4221,1,credit_card,6,388.03055354152326
93f104e4,1,credit_card,11,87.46596383268604
6fe4f507,1,voucher,7,544.7588163176766
3a5d9b14,1,credit_card,9,372.002384351528
d646fa54,1,credit_card,3,330.2604047057615
dba63ec0,1,credit_card,7,115.82035514327231
734125c1,1,credit_card,10,265.18469496345847
856851aa,1,credit_card,7,65.96571212545311
86bee48b,1,credit_card,7,292.25335764154954
79e2de07,1,credit_card,7,522.1768582938363
4cfc7789,1,credit_card,4,530.084313948052
0e775084,1,credit_card,6,261.80269075235094
38075849,1,credit_card,1,328.1402157332868
f8efd8a4,1,credit_card,3,306.6239825303903
573d8458,1,boleto,7,104.45240370292586
894bc0ba,1,credit_card,3,92.83120596294401
1f5df65e,1,credit_card,5,307.29081457835264
82069409,1,credit_card,3,61.276963085014245
7bd563b9,1,credit_card,8,230.4555919142867
fdee1729,1,boleto,10,356.0702509739056
cc0e08d0,1,credit_card,2,320.23398618627016
55c04fe2,1,credit_card,3,929.2179189789358
51f090e2,1,credit_card,5,94.48932252201566
232fd353,1,boleto,7,306.03783201805646
da5cd83b,1,credit_card,1,377.71481292510987
7c260810,1,credit_card,10,450.0973514660123
71fbcae1,1,credit_card,9,414.32471310465513
3a8528d8,1,credit_card,7,389.5294837599185
bdbc7aea,1,credit_card,2,200.66657644787801
62480cdd,1,credit_card,9,375.9970627907304
1a394531,1,credit_card,1,277.8710479832748
c710adec,1,credit_card,1,382.60058662850463
57098b5d,1,credit_card,5,161.2726512365793
d55b9938,1,credit_card,6,472.7536664757884
04a9a7b0,1,boleto,8,218.36335689888088
bad5fbb2,1,boleto,9,352.79884568884694
7ffd0a48,1,credit_card,1,256.2157206551811
c38203a7,1,credit_card,4,506.8860809767729
eea33b51,1,boleto,10,265.6208379928306
705146c0,1,boleto,6,384.30287731646735
9e0d0c89,1,credit_card,6,420.8758330696457
92a2b6ba,1,credit_card,2,324.1242909056246
2eb5be63,1,credit_card,2,265.8609603946119
37ed7857,1,credit_card,10,144.16022744061763
57b7694e,1,credit_card,7,132.1835516999649
d51cbffb,1,credit_card,10,383.9832279560856
1d5bdb53,1,credit_card,3,308.6958622963802
1c326cac,1,credit_card,3,649.2692852980783
de838486,1,debit_card,6,337.84095882227064
00065c0b,1,credit_card,1,230.836177277588
cadbb747,1,credit_card,10,371.51747900364046
0b293f04,1,boleto,3,135.95442651785493
6e237eaa,1,boleto,5,431.76991759127714
e06c98ba,1,credit_card,7,293.4722646999108
60a728b1,1,credit_card,8,323.8131389359601
08f335d9,1,credit_card,8,167.4391922549888
439d076d,1,credit_card,7,151.83294671981287
08330330,1,voucher,9,396.3962959041492
81d9abad,1,credit_card,2,508.02570200217605
ee07330c,1,credit_card,5,163.5970448274105
3ff1f893,1,voucher,6,88.21573391780908
32cfcfe7,1,credit_card,4,518.6993704033134
24a164ff,1,credit_card,10,86.0633579475408
57c55633,1,credit_card,4,234.5028831488202
e35069de,1,credit_card,2,296.0427114728247
bad27449,1,boleto,10,90.82346566142664
7c8cd364,1,credit_card,9,511.2105709146299
909e7dc5,1,credit_card,3,1270.331812841428
3207db32,1,boleto,11,298.5435674636003
ff508833,1,credit_card,5,311.0401116171541
3f6dbbae,1,credit_card,8,111.26890460777396
e20d6dc3,1,credit_card,6,725.9342636173394
45d1a94e,1,credit_card,2,933.466370320861
217f3b96,1,credit_card,3,382.90433002298664
be0bc69a,1,boleto,5,436.0974970381056
9d766b2f,1,credit_card,10,282.5242347993176
5c2bc2bb,1,credit_card,9,741.0232305375633
bfa9a623,1,credit_card,2,97.50182342126432
401ae962,1,credit_card,9,151.91319455584582
64818f6e,1,credit_card,7,66.72886158003175
239b1541,1,credit_card,3,369.9246861864231
20294b36,1,credit_card,6,205.8963917640468
f548412a,1,boleto,8,294.8326994125256
9fa51e1c,1,boleto,2,974.9094937820142
0390ac75,1,credit_card,8,164.46232334078604
1d369a86,1,credit_card,3,285.16603147677006
a9ecbc25,1,credit_card,9,161.52082032769727
d67509ea,1,credit_card,4,345.7610384047446
1779968d,1,boleto,10,755.8493037073313
5b2deaf6,1,credit_card,3,494.89255386482785
ec3d8950,1,credit_card,8,260.62368521964834
6d2e4285,1,credit_card,4,409.31241195724573
5d24c382,1,credit_card,4,158.18683815458473
016bd00b,1,credit_card,9,119.85204978386476
572e60f0,1,credit_card,11,607.6060208973302
27ec67cb,1,boleto,3,68.42077696395617
3cb39785,1,credit_card,9,227.51926998306664
e366d813,1,boleto,6,461.50987863073897
1f407292,1,credit_card,7,391.08784675614595
92d84ade,1,credit_card,11,457.56329558286484
6bb9579e,1,credit_card,10,213.23728973271227
8dec98d5,1,boleto,9,146.31516502820858
b50b6243,1,credit_card,8,204.12331324305725
caf05a35,1,credit_card,5,88.33685145441538
92320c8a,1,credit_card,8,90.11368152909388
0ddb82f6,1,credit_card,2,321.75569659763136
4ff57138,1,credit_card,3,414.4446743114924
ba335c96,1,credit_card,4,860.1339128359045
fc624c3c,1,credit_card,3,332.79883418224733
dddb28ab,1,credit_card,2,796.4385874343859
ffb25810,1,boleto,11,482.93642198909805
7de2893f,1,credit_card,1,314.72631302830854
8a1ebdd0,1,voucher,10,510.55241478123025
cf37628f,1,boleto,8,335.71087160298447
66d98cc7,1,credit_card,4,204.76214368448268
d79a1d06,1,credit_card,3,948.7874389732484
5efae50f,1,credit_card,2,970.1065720472405
3ed384c9,1,credit_card,5,179.9406402134056
d8b198f2,1,voucher,5,206.42676373127753
cc994cda,1,credit_card,7,329.1960305670043
1b32c2dd,1,credit_card,8,524.1667279953016
032b88b1,1,credit_card,1,105.17457457912903
75b74bed,1,credit_card,6,1187.0572617462224
8dd24c0d,1,boleto,1,361.8843414140503
201bb0cb,1,credit_card,10,519.257894623721
49a3c6fe,1,boleto,5,519.7134745632201
74b140b3,1,credit_card,11,300.19085513880793
71cc3065,1,credit_card,1,442.41653509443216
5ebd4858,1,credit_card,10,348.42167081991835
5df7ffd0,1,credit_card,10,390.09270442666605
0484386c,1,credit_card,6,112.67983131653763
2b15aef9,1,boleto,9,178.0249103948027
34f1787c,1,credit_card,5,378.41821981236285
c97c083a,1,credit_card,10,320.45989964459056
34d9c1a8,1,credit_card,5,281.9587217275715
83d1e2ae,1,credit_card,8,202.22299143224404
e19b71c0,1,credit_card,8,833.4662789179987
84905b36,1,credit_card,5,503.3458751807733
e811d932,1,debit_card,9,89.07818370684723
0ad5378f,1,credit_card,8,381.8493110608302
d222b19c,1,boleto,3,68.96807597149001
93708740,1,credit_card,7,287.288027288769
89885429,1,credit_card,5,231.1959903312007
7d9f87f2,1,credit_card,7,353.5967979098916
a4822454,1,credit_card,10,180.01924341713405
e4512e28,1,credit_card,5,224.6930140217765
25e866b6,1,credit_card,7,109.35613216529453
31882cfc,1,boleto,5,741.4521947250272
ae791f0c,1,credit_card,10,263.20491080142693
31cf83f2,1,credit_card,6,723.6137253391403
3cf30382,1,credit_card,8,325.5825804017002
f12b9937,1,credit_card,4,274.6698283365333
d5d41569,1,credit_card,10,448.2619064567029
59024c2e,1,credit_card,9,243.11828789900585
43a9c131,1,voucher,8,654.3228445298447
966829ab,1,credit_card,2,187.17285754666503
44a0e247,1,credit_card,1,555.9462080157508
43a1e0f8,1,credit_card,1,264.95675662673
71b419a0,1,credit_card,5,424.1822180071738
957e6f71,1,credit_card,1,294.8292103840122
13ea4251,1,credit_card,6,743.0600843310332
105454ca,1,credit_card,10,400.2880754751159
019d088e,1,credit_card,7,652.486368058854
83870b6a,1,credit_card,1,260.8698855352104
b2af94e4,1,credit_card,10,392.50178954663977
a572426d,1,credit_card,2,271.3396474306357
94a1a8ac,1,credit_card,5,339.05969613866927
ae7e51b2,1,credit_card,5,317.5117240170247
34de9027,1,credit_card,6,371.4761906261435
a3289bb7,1,boleto,9,117.71645696312513
5847cba2,1,boleto,11,239.49299686679421
ef7fb5c0,1,credit_card,11,219.3383278413712
d74e4f2d,1,credit_card,6,163.58016675874018
09b05254,1,debit_card,6,128.65949687541286
ad9d289e,1,boleto,5,364.6753410504408
aa37aa8f,1,credit_card,2,130.27665616498535
2ee12473,1,credit_card,8,831.1796084490848
ef867ae3,1,voucher,2,204.39285177652857
d4f594b9,1,credit_card,5,180.92300625575638
4be4b99d,1,credit_card,8,292.96205088084037
689ab00e,1,voucher,9,870.021507318426
f11db412,1,boleto,11,77.78021330700338
a3e0ed93,1,boleto,4,382.2260125572846
7a663103,1,credit_card,1,401.9371740767045
ef526989,1,boleto,7,38.83216113632229
ea76659e,1,voucher,6,257.85694324254575
7a410c93,1,credit_card,6,40.11873700830631
8e62edf7,1,credit_card,7,335.41995194220533
da6ec207,1,credit_card,4,1158.3114339208878
a72ce58d,1,boleto,3,459.94816161120826
7999361b,1,credit_card,5,1177.2972493118286
f31a401c,1,credit_card,11,1131.4944661058446
4cd7332d,1,credit_card,3,242.45403418192572
fc758679,1,credit_card,3,408.6800658891322
ad62a587,1,credit_card,2,340.7775074355271
e12906be,1,boleto,6,328.8070044936948
5ece79b6,1,debit_card,11,709.4848034201892
ba0649a7,1,credit_card,1,179.37558008934076
99369cb4,1,credit_card,11,178.5006562584335
c9787224,1,credit_card,9,565.9538933564503
a6a467f9,1,voucher,6,371.74852146692183
ae1b05aa,1,credit_card,3,134.23218822547597
6f79d6af,1,credit_card,6,456.8677758520712
ede8942d,1,boleto,9,402.0002538873607
45d754ee,1,credit_card,6,376.88433602683574
12c3a496,1,credit_card,11,440.71746411706465
1d4e976f,1,credit_card,1,191.8516862184286
4b7c1596,1,debit_card,11,260.4551482353893
d509d185,1,voucher,2,520.3688209692202
1b915b7a,1,credit_card,4,266.62945006960484
39c982cf,1,credit_card,8,695.3481226363979
867a24e8,1,credit_card,10,534.5149873407298
abe575f7,1,credit_card,10,452.7606211265879
14674c4b,1,credit_card,1,513.6334066091557
fa8ecdc6,1,credit_card,10,164.5293189842134
77bc338d,1,credit_card,10,234.93084308909377
83559002,1,boleto,4,81.20005432472178
52bfe1cb,1,credit_card,9,244.60459610835107
df48a4ca,1,credit_card,11,138.365229545658
732c4321,1,credit_card,11,378.99601094529817
d288fe4b,1,credit_card,9,306.02803867813185
f52f7f54,1,credit_card,1,401.8023192782711
fe879db8,1,credit_card,9,444.40830617193393
9fe349fb,1,credit_card,10,144.82514644258123
dbca1244,1,credit_card,1,286.20193122351634
dd740f3b,1,boleto,1,391.6942033459777
cbf4b303,1,credit_card,7,945.5180080558174
3bd3fc60,1,debit_card,11,349.937547945725
17beb07b,1,credit_card,9,233.82352123374397
93a42b9e,1,boleto,10,814.4356246665382
a10790bd,1,voucher,10,185.4599508344226
d6c4bd9b,1,boleto,3,899.975709619638
a22f8ded,1,credit_card,8,180.58693233666077
340e5615,1,credit_card,7,309.21922143786634
f25298ff,1,credit_card,7,459.79272582598463
f27018d9,1,credit_card,2,228.96746068817353
a2400562,1,debit_card,1,67.63232769056413
ba5593fa,1,credit_card,10,514.2383585535183
64d5d1cb,1,boleto,11,320.2668281261203
e07f535d,1,credit_card,8,200.75797506938574
8847f713,1,credit_card,7,179.9577398884712
af913ece,1,credit_card,10,285.2362720628132
67da3335,1,credit_card,10,668.712567415765
3bbf6bcc,1,credit_card,4,499.4530361881403
8b931e9a,1,boleto,10,462.05490974080635
d73127c6,1,credit_card,4,860.4182595172874
aceff7ad,1,credit_card,2,476.81716820718236
b2533a7a,1,boleto,8,83.53319310080924
bd83f570,1,credit_card,9,457.49805099716775
e5edc440,1,credit_card,5,174.88016960076408
8f980b8f,1,credit_card,1,478.748156050324
f0b7e006,1,credit_card,4,78.12298453358324
57f48360,1,credit_card,8,421.05468446995167
80ade360,1,credit_card,6,225.41288947125202
0abe8201,1,debit_card,11,172.27400641599067
8040a89c,1,credit_card,9,434.45746784375274
1e40b7d7,1,credit_card,5,426.0214779663929
01644ff9,1,credit_card,7,276.1387838639103
b316889a,1,voucher,3,758.5246473966118
15cd9616,1,credit_card,9,298.94174044186394
ed0655b0,1,credit_card,3,82.8694258112792
a84622d2,1,debit_card,6,190.57299898158246
d7fbc5ae,1,boleto,5,444.0940918469435
50771bf1,1,credit_card,3,213.29629521830822
123af8c5,1,boleto,6,489.0177532700038
7e4fb79f,1,credit_card,3,825.6978780613025
21a07303,1,credit_card,7,328.1886584687463
40f7a609,1,boleto,8,516.9426886201333
11fce3c7,1,boleto,7,96.54726437732184
355c7066,1,voucher,9,341.8017556758069
60023dff,1,credit_card,8,400.1173443701771
1fc4fbf5,1,credit_card,4,115.87097684654077
8c620368,1,debit_card,8,188.90186079763515
b78941ab,1,credit_card,10,469.2152680219346
f7bf9dfd,1,credit_card,7,700.2765820329485
1ef502a1,1,voucher,2,226.16246403193927
4ed41c8d,1,credit_card,1,529.9273079166655
d9a954e8,1,credit_card,7,258.0713790971997
de163077,1,credit_card,7,318.3254787622786
ab3075c0,1,credit_card,8,996.9977989588535
c611fbdc,1,credit_card,3,511.16115856068404
4d156c4e,1,credit_card,6,409.9467965219637
e7b69afc,1,credit_card,11,419.1085347959507
c57aa784,1,credit_card,11,328.94812537290386
867b8593,1,credit_card,2,334.01942615222015
4e5c4ee5,1,debit_card,1,46.386796197767325
eaeb3298,1,credit_card,9,461.157012282362
ad8d3050,1,boleto,7,131.96385571473104
70c1683c,1,debit_card,2,344.467173900129
21a1801b,1,credit_card,3,218.52892390453104
e6a14dcd,1,boleto,3,663.3503787399545
2ac92fa2,1,credit_card,5,356.74426784647494
5490d92d,1,credit_card,4,312.6324141248256
b428f1ca,1,debit_card,9,195.35188669671143
789917a0,1,credit_card,9,248.98473231509746
7bb75ee3,1,credit_card,3,822.5427786225471
96f900ee,1,credit_card,8,312.5921089085607
63d23ebc,1,boleto,4,178.71872709700543
cf5d450b,1,credit_card,9,456.4920235739331
ecc489f7,1,voucher,8,75.00585255926508
12f377ce,1,credit_card,11,118.44693024465701
5fc198bc,1,credit_card,8,348.60791400217624
9b8c5bed,1,credit_card,9,440.2532182291154
78560e69,1,debit_card,3,432.8213224050182
cdfab18b,1,boleto,1,312.84201406041
808598f4,1,credit_card,4,32.05588749328909
4ee39ab0,1,credit_card,11,387.9738334116364
3735430a,1,credit_card,6,384.3079877307454
646dad62,1,credit_card,5,324.34009055130275
ccec645b,1,credit_card,3,263.87175553615435
83e9ea29,1,credit_card,3,246.17874561594493
c00e6ffc,1,credit_card,8,506.05971592579215
2351e90e,1,boleto,4,472.4926092888825
3a863a2a,1,credit_card,8,464.7994683662738
905a4770,1,credit_card,1,278.3596899371932
a55117a0,1,credit_card,6,521.9271490379112
dc25d714,1,credit_card,3,113.83823363304991
add5ecac,1,credit_card,8,469.9790704531735
806a3e85,1,credit_card,4,228.91098055383418
49c130da,1,credit_card,4,411.784810670186
9bd11ab2,1,boleto,5,295.32431014087325
525b97a0,1,credit_card,4,658.9417288655325
c26140cb,1,credit_card,7,400.1279569720631
3bf190bf,1,debit_card,4,268.557292997274
c670114f,1,credit_card,1,95.97929416281653
529b32ed,1,credit_card,6,481.0314098563371
5dd52fa8,1,credit_card,1,259.6210433120384
0b7924ab,1,credit_card,7,393.77067452176914
84707f0a,1,credit_card,6,108.06376905955267
cb8260d6,1,credit_card,5,357.4231057578035
ecaf75d1,1,credit_card,10,210.39782137857935
903fdece,1,credit_card,3,429.53540675307426
34d8aca1,1,boleto,5,61.94624229643056
827e5cf5,1,credit_card,8,213.39972995307917
0a83d2b4,1,credit_card,11,483.9911475828955
945a2245,1,credit_card,11,353.0154512321153
86069399,1,credit_card,9,576.1142206262757
312c846f,1,credit_card,3,485.83864640456795
a7b7a1e9,1,credit_card,7,434.86164146624446
8c6354e6,1,credit_card,6,345.71098242884165
5c4b7010,1,credit_card,6,216.42418339547356
dcc70036,1,credit_card,9,404.7864513263806
5c408a80,1,credit_card,11,239.65834007709776
5e4c98d2,1,credit_card,1,88.54287542421527
2681c13f,1,credit_card,2,330.4150419547347
9f2a0294,1,credit_card,7,499.6912470409379
7bfcd7c3,1,debit_card,7,272.72712004294857
504d69e6,1,credit_card,3,285.70541755530763
d6dd98f1,1,credit_card,10,226.67152060916538
c8887684,1,credit_card,5,90.79263351711263
3539ec90,1,credit_card,5,417.8116008832791
1bdf4061,1,credit_card,2,485.7362966938853
457a209d,1,credit_card,7,316.101265420563
3c04a79c,1,voucher,2,252.0931199248351
02b158cf,1,credit_card,5,298.53510440816274
b9fcf146,1,credit_card,10,188.0123986362319
d1ca3544,1,credit_card,11,287.2391563677959
be2bb8d6,1,boleto,11,170.30075702520148
bc07d247,1,debit_card,1,161.93061729059488
641c2bee,1,credit_card,5,459.2234689499013
6941692e,1,credit_card,2,488.3994167824703
ddc3e445,1,credit_card,4,56.360161614067046
4407bbeb,1,credit_card,3,441.44112774253597
bb2ebafe,1,credit_card,8,213.2364305112346
ed83a486,1,credit_card,4,509.9800595335202
bee3605b,1,credit_card,8,810.4928296319003
7f0787f2,1,voucher,7,338.0211103866143
0f7614ce,1,credit_card,2,203.76143323623444
65a49901,1,credit_card,2,158.36819744177018
d1c7fecf,1,credit_card,7,859.5950668445134
6b4125e8,1,credit_card,3,33.24287685793651
ad44dcc1,1,boleto,4,515.3892628425489
3688b060,1,boleto,9,737.5562710730476
6818c6ba,1,credit_card,5,416.3032674772612
b69c0bed,1,credit_card,10,395.9975777748173
569299b8,1,debit_card,5,388.5631681272595
febf3109,1,credit_card,10,566.5314938477147
e2c53e70,1,credit_card,5,223.83451890640848
53bc2df0,1,credit_card,3,127.79248613677099
3ad87d96,1,credit_card,4,174.48236261649245
8c81b44d,1,credit_card,6,166.63727568311856
7236fbaf,1,voucher,2,687.3148369906627
1047c239,1,boleto,2,377.66332301853834
fa983ac8,1,boleto,5,84.94470920313572
1aca4691,1,boleto,2,269.66067530357947
62c8f32f,1,credit_card,8,463.96319780176185
4011186f,1,boleto,1,457.7179173884787
c6edb64a,1,credit_card,3,554.3197470610901
b725dd5f,1,credit_card,6,319.22786470039375
3f8c1f8a,1,credit_card,9,262.4337405099187
71e07684,1,credit_card,1,37.8224869504064
80fcac2f,1,credit_card,5,495.75950467312015
3eddc2b8,1,credit_card,9,516.5883344127958
4f2ff1bb,1,credit_card,9,908.208312967969
e6e9449e,1,credit_card,11,351.40973393425537
18790f04,1,credit_card,4,446.65800042911155
545380f8,1,boleto,5,450.714064084138
b7ef20d4,1,credit_card,8,390.54128455996016
9be0e33b,1,credit_card,8,301.29669108516737
125b8382,1,credit_card,7,563.4953772474832
68f2846b,1,credit_card,10,525.2539372909863
bd43f5de,1,credit_card,5,185.8279603454006
ca95bb8f,1,credit_card,5,73.5882225878437
96b25f32,1,boleto,3,510.02021892209626
b707a83a,1,credit_card,1,374.853256374437
639ddcfd,1,credit_card,6,230.98713776686967
f5e618fe,1,credit_card,7,413.77595907442617
26af1198,1,credit_card,5,295.8659490448332
62d641d5,1,credit_card,2,381.5994244008091
7ed4a114,1,credit_card,1,46.498109346285155
b3b621a4,1,credit_card,1,296.13488086071266
f34066ee,1,credit_card,4,375.71352906186684
401cb91f,1,voucher,6,143.37431798309714
8d29bf16,1,credit_card,7,521.2345228671377
df4d1d76,1,credit_card,5,163.4275221573563
5d53d87e,1,credit_card,9,911.2476647546805
a465994a,1,credit_card,3,457.8736848062677
3435cf53,1,credit_card,5,1101.1858700662751
e2616457,1,credit_card,10,280.66641144751657
f092dc32,1,credit_card,9,503.1046253326829
666a4396,1,credit_card,8,414.2634672353922
7bd9fd45,1,credit_card,9,155.1869929773524
8dc3d754,1,boleto,5,308.52126639787923
d53ed1ad,1,credit_card,1,305.307392814902
06fe32df,1,credit_card,7,311.18346100071176
16658e50,1,credit_card,11,500.37554427791605
7a291785,1,credit_card,4,104.1906727364868
c50230b6,1,credit_card,5,480.20286019166775
fb2724e5,1,boleto,9,465.3278430689248
a911c133,1,credit_card,10,486.847774837002
967fa867,1,credit_card,4,143.3042366749997
85696e27,1,credit_card,3,494.4304599123657
a812b70e,1,boleto,7,216.37392428196384
b4fb5489,1,boleto,7,100.08124819706023
5de8407f,1,credit_card,9,51.27599946629863
88a20637,1,boleto,6,86.95327770959679
ea1a8152,1,credit_card,6,284.6885123308795
9b82bdc6,1,credit_card,1,338.572896495497
20681260,1,credit_card,9,357.9650196125291
08960539,1,debit_card,1,442.4016233441716
640834bf,1,boleto,2,1136.5640929986484
c6dd7cde,1,credit_card,10,129.71520373063944
ec6f6d18,1,credit_card,11,262.6080377343338
eceda361,1,credit_card,1,100.39399037759677
a874f022,1,credit_card,6,311.49874458469867
6093f20a,1,credit_card,1,209.9872315631688
41fbe0d7,1,credit_card,8,438.4491074312818
f36ad587,1,credit_card,3,132.04139397075517
1481795d,1,boleto,11,491.47308569203005
d4d275ff,1,credit_card,8,510.4069911511071
14198b4b,1,boleto,9,259.32722057377214
e18bc333,1,credit_card,6,438.18747688684795
2ac7eeb2,1,credit_card,1,654.4837817318158
d087802a,1,debit_card,6,341.7795092927512
c3551401,1,voucher,6,303.2259302459023
08bc68e2,1,voucher,4,526.9492735672128
6bb37bc5,1,credit_card,9,319.16095307518316
aea6e604,1,boleto,7,237.7074862874162
c8956da9,1,credit_card,1,523.811797410188
82817a00,1,credit_card,7,272.9193541884308
eab430d4,1,credit_card,2,81.00053774275682
680bb095,1,credit_card,4,341.9385059548673
0c4d3d9d,1,credit_card,6,373.7287923636751
a5470d5c,1,credit_card,4,427.50298708223795
973b8c2c,1,boleto,9,418.62151704620794
0b77fbe5,1,credit_card,11,451.92502181520257
503fee0f,1,boleto,3,410.38305509967734
75680cd8,1,credit_card,5,372.3396681647549
9be4108d,1,credit_card,6,107.22744690150834
8c38d64c,1,boleto,6,259.0896199511541
c0d8e631,1,credit_card,5,216.36930487424252
281b1d1a,1,credit_card,1,564.575802140272
59a377ae,1,credit_card,6,189.92522421939324
44fe4e3b,1,boleto,6,273.05214181465345
a0316727,1,credit_card,6,553.000125743458
0bf91353,1,credit_card,7,482.23954080826104
1e1cb562,1,credit_card,1,292.9396317453345
7d2413c6,1,credit_card,3,83.67690407393908
09f18e2d,1,debit_card,6,483.53250602460577
48a12f80,1,voucher,8,187.19698820830374
3ef30699,1,credit_card,10,331.9356096164648
58496fd5,1,credit_card,6,258.9300593003978
4e9d556e,1,credit_card,8,70.05125442085938
550312f1,1,credit_card,9,384.63756591977017
65f581a7,1,credit_card,3,106.59330101423996
9b6e141a,1,boleto,11,900.0697102803914
11f5b136,1,credit_card,2,255.38962349088297
3dbde45f,1,credit_card,3,199.10653044085586
c2aff994,1,boleto,1,528.4777258885548
2eeb76f0,1,boleto,9,172.50546055538948
d5eb041a,1,debit_card,5,654.122622258069
78acf2db,1,credit_card,9,682.8958245357113
b09b53d7,1,voucher,8,862.1611822105225
e6c633ae,1,credit_card,2,220.55293499477986
94bcdb69,1,boleto,11,376.4535596911446
35be3ba6,1,credit_card,11,176.9503463466556
b683cb61,1,boleto,2,284.0625444168632
1d904ec3,1,credit_card,1,528.5911737464093
bc010f4d,1,credit_card,11,505.93284770524275
5f79b29e,1,credit_card,9,439.5050901545656
aeed3917,1,credit_card,8,90.53667609039881
21f49d76,1,voucher,1,167.79784763582649
b5a3643a,1,boleto,5,266.6766403408305
b002c69e,1,credit_card,9,444.5686391121773
911c165b,1,credit_card,3,147.683627904828
e2fb508d,1,credit_card,8,410.96932549291336
ecf9b89d,1,boleto,8,78.03535930292732
0dd69fa2,1,credit_card,4,441.7323905188548
55c901cd,1,credit_card,10,232.7640429297922
6b237b96,1,credit_card,8,413.372997642261
85a700a3,1,voucher,6,385.66401989850766
c817b726,1,boleto,3,298.2884872454787
b3d9fc8a,1,credit_card,9,454.69704350662425
600caf04,1,credit_card,11,26.935439923694826
10e64b34,1,credit_card,9,92.21727919611767
2b2f6420,1,credit_card,9,187.72266520952536
e769a370,1,boleto,4,103.90244120970853
709937af,1,credit_card,9,461.1843349626319
5cda3a3f,1,credit_card,9,387.71696429045227
a9f23ffa,1,credit_card,6,855.5477742214428
ce249804,1,credit_card,5,273.4516434142359
15faf118,1,credit_card,2,401.7097761760017
6396e02c,1,credit_card,9,274.4519269962004
d23b410e,1,credit_card,3,702.2068912374247
213d7d28,1,credit_card,11,87.47514502510546
17e69d55,1,credit_card,10,840.972454255791
98948e8c,1,credit_card,1,536.6633145315866
351dc6cb,1,boleto,7,169.69844694156757
f241aa5a,1,boleto,6,419.42639114606516
d8b79acc,1,credit_card,1,144.12583410976194
47f9fc84,1,credit_card,10,671.8054930477126
d81b251b,1,boleto,10,640.1183104264294
64b48dec,1,credit_card,3,392.3297511719281
81cd497e,1,boleto,3,273.69634423823845
2dc6f4b8,1,credit_card,11,421.29839608264024
f2e58a19,1,credit_card,10,184.57230332524253
b7c9ab48,1,credit_card,9,1294.9328254725076
75b1e43c,1,credit_card,3,474.97796402607497
cdacbeaf,1,credit_card,8,170.88691948997848
42f54e62,1,credit_card,7,493.81156760594706
e05b9691,1,credit_card,1,255.8036990113785
fbe8dbd6,1,credit_card,1,822.2744040321267
944f391a,1,credit_card,3,80.41042052155048
cfe4e3fd,1,credit_card,6,365.6246867966825
5f221d4c,1,boleto,2,223.5909086519424
3f59035c,1,credit_card,1,277.33056059567707
3a59572e,1,credit_card,10,381.48359735862834
a6028e54,1,credit_card,1,112.37994149828293
0512b4ad,1,boleto,6,60.21968703627704
c7260ad7,1,credit_card,9,279.2617735773515
7f5aee00,1,credit_card,11,106.85836829602184
b0dedaa7,1,credit_card,3,346.71697668034017
f7e1697e,1,credit_card,6,372.1756640276365
8d79f965,1,credit_card,5,1259.9539936660115
8b35b5cc,1,debit_card,3,181.58499671347585
908f9f09,1,debit_card,9,400.4271082117568
7fb7bbb2,1,boleto,7,59.84885023855871
d3eb64d4,1,boleto,5,496.7702204735512
7c27eca8,1,debit_card,8,244.44154017926942
b865c669,1,credit_card,10,333.31346787285366
39394046,1,credit_card,9,132.3958492419939
fcf4c0ac,1,credit_card,9,326.8642616776126
b0dda314,1,debit_card,11,126.45645562373281
a9bdf9a2,1,credit_card,10,304.4816939305631
fc26d91c,1,credit_card,3,167.2776941701768
bd4d3f2a,1,credit_card,5,453.92682426165317
a993c516,1,credit_card,5,252.7237418833443
3febbd42,1,credit_card,1,229.50728090987838
3834545e,1,credit_card,11,354.3210866952124
c6fdb4ec,1,credit_card,7,176.46984866438132
141f9725,1,credit_card,1,293.034322097397
db110617,1,credit_card,11,497.8253823719471
91b5c2a8,1,credit_card,1,436.0640361996963
82f98186,1,credit_card,4,1111.2902836267447
acaeefa3,1,credit_card,1,305.62514952932736
66e8532a,1,credit_card,3,415.2424035658031
c341941d,1,credit_card,5,451.81252003603873
b9ee9186,1,credit_card,10,154.2878568904525
4417734a,1,credit_card,5,161.0059203005009
7eed7bf2,1,credit_card,5,350.09566791221806
0a445800,1,credit_card,4,82.78680798308733
d8f2c1d9,1,credit_card,6,169.88377599884313
992f3a42,1,credit_card,5,86.85052780387555
04e7b908,1,credit_card,10,782.5240657816416
a4a0194c,1,credit_card,9,188.73143124570691
4cfea5aa,1,credit_card,2,261.4936074395506
ef454f34,1,credit_card,6,378.4386655226127
02673fdc,1,credit_card,11,466.21382844244147
d5cc3adc,1,credit_card,11,456.2199966837477
4e7f8487,1,credit_card,1,82.2942630382413
b8062abf,1,credit_card,7,235.39513970211928
910c0063,1,credit_card,8,490.0021359043326
3717f4d9,1,boleto,2,61.6058369480348
2bbf9112,1,credit_card,2,382.7150835269807
ee1a0758,1,credit_card,6,358.0848970085487
9ed2b02e,1,boleto,7,482.04709956631297
10929fca,1,credit_card,2,254.31213271705388
9a9b628b,1,credit_card,9,799.722988731797
5bb5ac44,1,credit_card,11,261.82906449577223
037c93b8,1,credit_card,7,99.22270292580077
b8dd78ad,1,boleto,4,322.43105042537576
02f30e0b,1,credit_card,4,546.486164497768
67b24d3d,1,credit_card,4,451.9577648749358
329892dc,1,credit_card,11,109.38123758119832
7ed9c16a,1,credit_card,1,476.0214026319833
22e84e68,1,credit_card,10,37.068294399582214
099806f3,1,credit_card,5,150.2500929953791
2bac39f1,1,credit_card,8,145.31193681178354
6357489b,1,credit_card,7,110.75943570049088
cc6f1979,1,credit_card,6,322.10038447339025
85b6f83d,1,credit_card,7,115.24415164204831
6821fe65,1,boleto,8,496.2713544372207
91887bcd,1,credit_card,11,795.8211628759458
b14dfc20,1,debit_card,5,292.2974568551075
1f3e8c7b,1,credit_card,7,448.7427735121223
7609f95b,1,credit_card,8,231.22287766402363
db8907da,1,credit_card,4,313.7105931525026
9f795ccb,1,debit_card,11,418.55930803538126
f7967a56,1,credit_card,11,386.7115673728687
4599cd64,1,voucher,7,111.5011218403424
8be372f9,1,credit_card,6,372.36988439061554
2b7c2fbe,1,credit_card,4,428.791197431984
d1da6d73,1,voucher,4,267.0283897168558
12f401d2,1,credit_card,10,1225.834217958821
c974d34c,1,credit_card,11,56.94955226480171
d3a3516a,1,credit_card,6,152.52602885566444
057a8ffd,1,debit_card,5,268.1126290515589
0b40005f,1,credit_card,1,214.31877928154913
60f800e5,1,credit_card,6,403.2794867547854
804b4426,1,credit_card,8,663.536205953532
8a80a951,1,voucher,5,121.91467951923092
dcbd5740,1,voucher,9,201.32691002418707
169669ff,1,credit_card,3,112.33749735545517
cfd24462,1,boleto,8,383.31424465974516
aae654a7,1,boleto,8,1089.0459748074734
3aa87593,1,credit_card,2,327.983058407075
3792fafc,1,credit_card,10,36.753248693384
cd51203d,1,boleto,3,122.09227782333149
8dff03cd,1,credit_card,8,433.04990668661713
d6839195,1,boleto,7,257.2637807919946
d08b1a9f,1,boleto,11,266.90006825635595
427db31a,1,credit_card,9,362.4233155388834
2a73b4b1,1,credit_card,1,387.24122518634846
4c6ad4ee,1,debit_card,11,413.74220652114195
e71ca241,1,credit_card,3,1300.288743485062
65c8fdac,1,credit_card,9,444.0696586319489
ae602e0c,1,credit_card,4,245.38575288050265
deeed10b,1,credit_card,2,415.92709409874266
08c313bf,1,credit_card,8,79.41323454569763
acfb9677,1,credit_card,9,462.1641123764089
d7b37825,1,credit_card,11,379.9838644765631
a193d036,1,credit_card,3,264.65546293407317
6de3a145,1,credit_card,2,68.98975440709384
6539c884,1,credit_card,1,70.72932268565638
19b52cd9,1,credit_card,2,785.2870656309012
408e30c2,1,credit_card,2,190.05096904353644
f2a90256,1,debit_card,9,141.54819256360702
ebdc4d32,1,credit_card,10,346.39261818405987
246ce34e,1,credit_card,10,452.70105548296885
6aeb01f9,1,credit_card,9,360.8039891567349
08653ecc,1,credit_card,2,538.4819632619206
43f9bf58,1,credit_card,10,56.47150270241039
a74c6456,1,credit_card,4,900.5216421816667
951374b5,1,credit_card,10,245.37377471030035
64206266,1,credit_card,2,111.59186039643323
4b0d344b,1,credit_card,1,451.59222377632756
dbe38073,1,credit_card,3,83.29046790839901
53c251c0,1,boleto,11,317.4377975848404
39261f48,1,voucher,11,522.9210615115906
0307076e,1,credit_card,3,332.78995640009634
f51256c6,1,credit_card,9,364.43250064873416
d4195f91,1,credit_card,7,239.97756392480798
60eda27e,1,credit_card,2,106.48746245960169
8d35bb4e,1,credit_card,10,237.88710850655593
3593f948,1,credit_card,10,443.99934123142236
2f82f26b,1,credit_card,10,130.27766019078103
d30927ad,1,credit_card,8,1132.7226329563878
7564a418,1,credit_card,10,469.5811950722226
35fbc5a6,1,credit_card,10,717.0633503868178
5610d393,1,credit_card,5,516.9527443368247
b16a3c3f,1,credit_card,9,382.02078998327886
4add87a4,1,credit_card,8,611.9337551868166
129c79ce,1,credit_card,9,86.12540911108908
e5eb06e0,1,voucher,2,77.90892186680672
c6a1f099,1,credit_card,8,114.4874383544961
e350e428,1,boleto,10,482.9295175345026
e87d954d,1,boleto,11,396.65214921904897
ac801839,1,credit_card,1,153.2271811561725
47ecdb27,1,credit_card,11,145.8540620388153
87604e98,1,credit_card,5,423.02454751631757
3df07ea1,1,boleto,9,219.06073547501245
763364f2,1,credit_card,1,417.7512329526154
e7874b41,1,boleto,3,1059.6863924452005
35ee52f6,1,boleto,1,151.1592558874956
b79f73c5,1,voucher,4,843.9710214763425
55120ae9,1,debit_card,6,525.4776596115305
b9c1f3d3,1,credit_card,9,367.91387067521276
3dfe0d5b,1,credit_card,11,848.6578556425357
8ec14ce1,1,credit_card,3,165.4036568342963
c23eb342,1,credit_card,6,240.43711750208843
dc9724a7,1,credit_card,8,133.26216586934243
69eba34a,1,credit_card,1,452.94250090736597
855d6557,1,credit_card,9,463.32280606026006
561505a5,1,credit_card,5,138.55884112697427
b3ce5fed,1,credit_card,2,199.3418740592309
f1f2330a,1,boleto,1,126.11250457507664
21322e4d,1,boleto,2,260.6627299150653
c8e736b5,1,boleto,1,346.8971316905661
018715a5,1,credit_card,2,76.38749236986372
cf33f7f2,1,credit_card,2,398.00160882682627
fc8c5750,1,credit_card,1,366.7601508406053
94d95651,1,credit_card,3,542.8804905769367
62195230,1,credit_card,7,484.4418827357239
f230e698,1,credit_card,6,909.6956128802095
89acef8a,1,credit_card,8,493.26386467760386
ea6d2be2,1,voucher,9,388.83634697491453
2b07f624,1,credit_card,11,498.86724353965514
cb60fb9d,1,credit_card,6,532.956543993274
afa87cf7,1,credit_card,2,507.31675885766714
748ce146,1,credit_card,4,411.8834793751207
d64b3f56,1,boleto,1,474.75856830145324
3d332f06,1,credit_card,7,400.5410560715042
dc327ec1,1,credit_card,5,397.25695730747213
70a14b5e,1,credit_card,4,500.5417125374886
57974dda,1,boleto,1,305.7205925238505
c8d02178,1,credit_card,3,275.3679983863869
c4e05abf,1,credit_card,2,529.6010309762881
099da1b4,1,credit_card,5,151.81490757759224
dbedca38,1,credit_card,2,348.74921321183535
1f17935c,1,credit_card,8,354.80193544024013
544ccd7e,1,credit_card,4,424.54338376530467
6b3bfebb,1,credit_card,7,161.0670518934524
2c8a7ce3,1,boleto,4,746.7089059250836
d2161598,1,credit_card,1,270.4056016939616
1ff04a41,1,credit_card,1,207.25012013264157
ff53452a,1,credit_card,7,322.25236658343897
3006aa45,1,boleto,3,1035.0306545190865
477c1676,1,credit_card,3,316.9988771909056
d36b04ad,1,credit_card,5,486.2580653321117
2c57c0ff,1,debit_card,3,322.16206527947884
b39b463c,1,credit_card,1,403.3478243747732
41eadaa6,1,credit_card,4,692.500197520912
6eb6fdf5,1,boleto,1,100.46341811648477
3187be4e,1,credit_card,4,404.12710721203143
18d4fa33,1,debit_card,6,556.8286991309984
93464a81,1,credit_card,3,238.28654203192073
37a3a445,1,credit_card,5,583.1270934345453
8343aad4,1,boleto,6,605.8421378349194
db689649,1,credit_card,10,487.4671102987305
137bed25,1,credit_card,3,212.5336424263654
987859c6,1,credit_card,9,331.0223212340485
36ea67c8,1,credit_card,5,930.3392889913555
b900783b,1,credit_card,6,466.9444557017117
15055d75,1,credit_card,7,305.7711362622814
8bb68f4a,1,credit_card,5,280.673113058767
3ae3bd5a,1,credit_card,6,149.43269503294346
f3751a9f,1,credit_card,2,161.3421873119015
59bd47fe,1,debit_card,3,93.91135315278989
1e712ce1,1,credit_card,4,964.7140612596007
d5c1de36,1,credit_card,10,447.02533328938307
1fb18dc5,1,debit_card,11,963.216331099482
a0d1e4cd,1,credit_card,11,177.3145330934328
547a0733,1,credit_card,9,253.82412645553237
4a00dc17,1,voucher,10,213.88450735674542
c4118cc9,1,boleto,9,695.216237192699
eaabd84f,1,credit_card,11,297.2675909406521
0c9d506b,1,boleto,1,703.686823423456
cc36adf1,1,credit_card,7,172.1682301919291
0162ff28,1,boleto,8,399.88337081103316
b55b8f19,1,boleto,4,186.26059760480396
9d5b1460,1,credit_card,3,310.2813580152694
70992ee9,1,credit_card,6,109.88703333472873
f99b5df3,1,credit_card,3,54.899679442522164
31c61f90,1,credit_card,1,407.01437980884543
70bdbaeb,1,credit_card,1,306.11225986749656
a8b97362,1,voucher,4,423.8149151278013
0eee93d6,1,credit_card,8,401.6487753949978
dd13c9cc,1,credit_card,3,700.1408554833121
53924c59,1,credit_card,5,238.0981076168826
4067ed96,1,credit_card,10,180.0558330248387
1b83f0d1,1,credit_card,10,406.6752263103019
8c548899,1,credit_card,5,287.0294175188324
6b5e01be,1,credit_card,2,110.28170095156307
4f66bbbf,1,credit_card,10,411.4115646678206
bc2e3600,1,credit_card,6,564.3776499417343
05dd140d,1,credit_card,10,277.555516246703
ea39de0a,1,credit_card,6,43.530778568823294
0fc70fb8,1,credit_card,4,310.69316331304304
dde515f2,1,credit_card,8,112.90133299696699
ac9a7b7c,1,credit_card,4,536.3660948284341
ae7127bb,1,credit_card,11,486.7374777901456
e468067d,1,credit_card,9,341.8145581922728
2a8728cf,1,credit_card,6,944.941170161244
6f557d3f,1,credit_card,9,211.6324008099093
4ce564b7,1,credit_card,5,323.4358932364623
3b8f4b50,1,boleto,5,396.91279700711
62bc64c8,1,credit_card,5,120.88014614741326
81f1b590,1,voucher,6,230.9517877906853
4c8f3383,1,credit_card,10,447.4081564600442
6fe2ff39,1,credit_card,1,94.78051477698968
7c36c725,1,credit_card,8,100.40208151738891
96eb4335,1,credit_card,7,844.8668034214098
44fdeca7,1,voucher,11,792.9881065290463
ab3f293b,1,credit_card,6,106.96910878685077
0b86b4af,1,credit_card,2,269.56758884998817
c25497d2,1,credit_card,11,77.09548676279667
aa74c043,1,credit_card,9,281.0400679798873
8a3a7ab3,1,boleto,2,199.94469302646274
33ee199a,1,credit_card,3,330.1262921894685
7b2b53c4,1,voucher,6,170.45906159323908
d575cdb4,1,credit_card,8,467.55230138367517
d2bd04da,1,credit_card,3,230.3002272333334
886a92b1,1,boleto,8,372.52400693390126
7a4d047e,1,boleto,5,434.5905566842313
5fc09dde,1,boleto,5,89.1921067120953
672a0d9a,1,credit_card,8,206.9299588077368
2e9740e7,1,boleto,8,448.781514137513
798421b7,1,credit_card,6,403.15497045823065
60c2a993,1,credit_card,5,91.40053080579028
7fd30a1d,1,boleto,11,292.76576450355776
5b722584,1,credit_card,9,520.246510578818
2a43e942,1,debit_card,5,479.7857867150623
65b631a1,1,voucher,11,309.1380667668486
b548a3b6,1,credit_card,8,148.8008283975912
4f63dabf,1,debit_card,2,307.3523899894826
1ab9f00b,1,boleto,11,132.544061531466
c3486aba,1,boleto,1,634.0705770176083
8b349d4f,1,credit_card,3,147.45743712610096
461122cf,1,credit_card,9,172.85834479873535
3bdf9bf2,1,credit_card,2,936.5673665249449
5338d3cf,1,credit_card,4,508.7178521360087
a8de785d,1,boleto,5,178.0567133165846
add89195,1,credit_card,1,313.4959872371868
adac03eb,1,credit_card,8,841.2676677440852
1d374992,1,credit_card,11,404.46418736006393
e2051eca,1,credit_card,5,455.07145590496907
45503c25,1,credit_card,4,118.6983167334372
bb84c146,1,credit_card,1,469.12569921521396
fcc78f30,1,debit_card,9,210.13620177112472
80640303,1,credit_card,2,341.2913348749036
c9d28686,1,credit_card,6,474.93825595474925
7782bd04,1,voucher,5,84.92019678481512
d2037215,1,credit_card,7,478.440378970003
98e69dcc,1,credit_card,1,283.2723205485308
1fc5cf69,1,credit_card,10,174.7585202459492
cfb4f151,1,credit_card,11,437.8504435672157
09d7f3ca,1,credit_card,9,199.14051755465002
9fd459fa,1,debit_card,6,502.76046042056237
1e8dfade,1,credit_card,2,547.4026814369774
e16d1e22,1,credit_card,7,495.0492929090186
ee7fa0ca,1,credit_card,7,216.76894694933978
52339949,1,credit_card,6,265.9094683239308
495d08e5,1,credit_card,7,411.80117968689774
dbd4facd,1,credit_card,5,92.99487954934342
6082c175,1,credit_card,8,41.149598694886244
2f4cf643,1,credit_card,8,404.3598162161247
d838b8a0,1,credit_card,10,498.39943449385305
7f27e9cb,1,credit_card,11,448.6199334627412
63ce0165,1,credit_card,7,484.4765617343937
004af778,1,credit_card,1,488.10578899872155
2c6d634c,1,credit_card,9,170.77729265446249
d0f97f7c,1,debit_card,10,535.0036749721415
0e8afaa5,1,credit_card,1,154.64595240281807
5f22bf6d,1,boleto,1,428.37563660064535
b1c92620,1,boleto,3,452.4512896918765
122f6156,1,boleto,6,719.0312177549903
af80aba7,1,credit_card,9,257.7654197346664
71e4d112,1,credit_card,7,877.8850267715871
64a66ae3,1,voucher,4,436.8587154227341
a5c2d86d,1,credit_card,4,490.0460463459124
5ff8fe14,1,credit_card,5,453.7605209649877
da905612,1,debit_card,1,520.4291368484253
8b245b72,1,credit_card,5,306.4293248777605
f4b981eb,1,boleto,3,568.006992752784
2bc085b6,1,credit_card,3,488.6403949432597
f0e78c11,1,boleto,9,426.3298838736615
a9b3ed39,1,voucher,5,426.8899561215408
14756478,1,credit_card,6,451.7780760800531
14f11ad2,1,credit_card,1,415.7092333577673
cc07d7b4,1,boleto,7,182.16604936764668
bcf9864b,1,credit_card,9,323.01115677357484
ec0e8483,1,boleto,6,183.57340239557354
3015d6be,1,credit_card,4,933.3507310623355
b3274836,1,credit_card,11,450.9830270290087
f88eb27d,1,credit_card,6,295.5307065411423
b2472d43,1,credit_card,10,495.55199184334856
05351f6d,1,credit_card,2,489.2123416098795
493faa58,1,voucher,10,519.9781012763349
b06eb501,1,credit_card,4,288.7888237777961
24b09c3a,1,credit_card,8,139.51979108322251
57df3a85,1,credit_card,4,452.9727083351447
1d0d4e4d,1,boleto,4,318.4753256509607
d9d64f4f,1,credit_card,10,280.8897309424991
50a9e0ec,1,voucher,4,605.2637447600833
57ec70b7,1,credit_card,5,315.9780052660541
4dc831d5,1,credit_card,5,452.5138448799629
5772148e,1,boleto,5,425.03554331738883
c3b100ee,1,boleto,9,486.2161525404318
fb826e72,1,credit_card,2,74.57687820163234
179e6689,1,boleto,7,467.9742458056588
08f3aeda,1,credit_card,8,472.4478943709244
ef69f725,1,credit_card,8,455.08690903486973
9e43331a,1,credit_card,10,272.71696188329804
6632bf83,1,credit_card,10,851.8915683823187
be6353e6,1,credit_card,7,274.56249186814085
321eb3ae,1,credit_card,1,361.47561704348317
aed5b1b9,1,credit_card,11,540.0417712657938
688163cc,1,credit_card,11,547.0172842615528
a111b22d,1,boleto,9,152.01857553986855
5766e038,1,credit_card,7,51.303383471324665
94531ef2,1,credit_card,6,86.95059875542393
ae4e3ec4,1,credit_card,6,148.85105180646778
1164c2a1,1,credit_card,6,418.0682479715335
36ab806f,1,credit_card,1,241.7336822307754
acc1eb81,1,boleto,7,516.6602776892777
592a5177,1,credit_card,3,262.22802909263993
591321c1,1,credit_card,1,1073.4128269489117
c965a7cf,1,credit_card,5,391.20485295827166
f0d22ef5,1,credit_card,5,464.010764151618
90bcd6d7,1,credit_card,5,456.0543977498882
17bbde96,1,credit_card,1,368.7887903472482
ae577b29,1,voucher,9,430.912511236631
1dc6dbd6,1,credit_card,3,616.6785060881319
c5e2e8e2,1,credit_card,5,365.68281494606094
1a593fe2,1,credit_card,4,510.2235528138787
56a8eb78,1,credit_card,9,175.35327832380105
dcaca9a4,1,debit_card,3,440.91976089526287
74f5459d,1,credit_card,11,194.99360155531468
acd82c17,1,credit_card,1,420.18965238753634
826c89f0,1,credit_card,11,211.39259951729932
02ba8ea6,1,voucher,5,72.91613163131882
2fe7f4a0,1,boleto,7,92.90350425531648
c7c0c161,1,credit_card,4,181.73304790672046
40011f02,1,boleto,2,378.87065854682197
e58a37f6,1,boleto,7,1173.0111463757935
02daa573,1,boleto,3,451.5345124420946
da35c30f,1,debit_card,2,100.6031809639818
95c8da29,1,credit_card,11,210.15093616189327
42c59aa3,1,voucher,8,275.09192807145314
d108e068,1,credit_card,7,64.94577713480703
e4d9f37d,1,boleto,3,191.98737877159405
7868739e,1,credit_card,1,483.7697699388124
4a2d7e03,1,credit_card,7,76.57611152210794
c420d193,1,credit_card,5,579.1840726316755
03771e69,1,credit_card,2,716.2819591709562
02a0fcd7,1,boleto,6,388.7446647903535
9501c443,1,boleto,5,468.52727874607564
b3d5c9b9,1,credit_card,8,130.84696215515672
112bf4c0,1,credit_card,10,319.98569122320805
32cb12da,1,credit_card,10,458.11574846912873
a57642d4,1,boleto,2,273.3791254082493
38aa83f7,1,credit_card,10,552.578996443712
09aff4e9,1,credit_card,6,428.57809826447203
6f57c9cb,1,credit_card,2,694.2222502666365
a76c2ce1,1,credit_card,8,674.3696372192286
b0cf8bf6,1,boleto,7,424.75448391941427
8ae852b4,1,credit_card,2,350.40615919524294
53eaedee,1,credit_card,6,692.6973222350741
d5dc2d45,1,credit_card,7,92.38962314962801
3adde1f6,1,boleto,4,101.09899590574992
114b19b4,1,boleto,6,359.43670256620686
fef9f11c,1,debit_card,2,553.5641667405882
06cb324a,1,credit_card,8,244.86793847203407
96232090,1,credit_card,11,378.8112704332848
594e1e31,1,credit_card,7,184.33097054235435
2c131df6,1,voucher,8,589.8446721954333
fd1753e6,1,credit_card,10,509.55528914656475
5ede4fee,1,boleto,6,133.38705359403633
e2225ad9,1,credit_card,8,249.88266737974516
f2ddc5aa,1,credit_card,10,138.80379142741464
7eb06d8a,1,credit_card,7,213.25803388531943
227e29e2,1,credit_card,6,229.08908988586163
7f65e5a5,1,credit_card,1,575.994080798024
ab9e3518,1,credit_card,6,417.3370843002258
3593b02d,1,credit_card,1,288.6654601195634
458eb190,1,credit_card,8,213.46086232045346
132e7db3,1,credit_card,11,319.9287462390506
7e931acc,1,boleto,11,511.9303079282271
60abf98b,1,credit_card,8,405.00622018471546
25059d07,1,credit_card,8,203.50173799757727
4bf26787,1,credit_card,7,294.446733870486
55cf53ef,1,credit_card,6,359.05063406693165
ef3c41c0,1,credit_card,11,404.70789679717996
4e6d8faa,1,boleto,9,384.91411912826857
524cc4a5,1,credit_card,10,323.29802331259737
badb9a27,1,credit_card,7,416.51517445892785
c5aaedf4,1,boleto,11,51.39865751215598
894fbf4b,1,debit_card,6,419.7659187179049
bcf12f7b,1,credit_card,2,499.3588104691435
7f63e7ef,1,boleto,2,397.7719664286569
5418e6bc,1,debit_card,11,445.4362332584233
4fdb3dea,1,voucher,6,98.0137813041819
cbc88092,1,credit_card,1,472.3504092192216
fa238d35,1,voucher,9,468.73508632833625
b840db66,1,credit_card,10,227.24382103469688
74b021cd,1,boleto,11,308.45177960515355
a968e309,1,boleto,2,202.64047783550762
90ca8207,1,credit_card,7,514.0367852843665
1c92be9e,1,credit_card,4,507.1985516128147
255685e2,1,credit_card,8,306.34152780705716
2fa77473,1,credit_card,6,213.32122455893506
990fd8c1,1,credit_card,5,800.0922298698135
73b0139d,1,credit_card,1,270.87517889423503
17999cf0,1,voucher,6,411.9577299990402
510e31ef,1,credit_card,6,276.6357061748471
76d153f6,1,credit_card,11,137.42272005670713
3a0f1f55,1,debit_card,8,353.5222389961658
ba9eee1c,1,boleto,7,532.5950498243152
496b5d16,1,debit_card,11,386.80289538110185
c8886a1c,1,debit_card,4,480.85095876526896
dc3e4417,1,credit_card,1,273.5109112296248
1b874416,1,credit_card,5,170.12707170618532
96bdc159,1,credit_card,9,463.9657687633392
162ae40a,1,credit_card,5,378.21953694734356
ec2df564,1,credit_card,11,373.6748958424054
8467f37d,1,credit_card,1,154.16488703644382
8de98362,1,credit_card,4,235.94314335758546
b8fd8d6d,1,credit_card,1,41.56064688810799
46275e5f,1,debit_card,4,68.93366141525424
7b6d1ff8,1,credit_card,2,537.967969671162
3e564437,1,debit_card,8,299.3226673418679
e9cb747b,1,boleto,4,380.53838228185214
c3b28676,1,credit_card,6,412.28162362655763
5b3d148b,1,boleto,5,67.08306932503602
c3dad4ec,1,credit_card,4,402.4365290047077
1303ed99,1,credit_card,3,321.02012537706133
eebf80f0,1,credit_card,5,1081.6724142107232
39f58765,1,credit_card,8,91.07964892026382
5ec63390,1,credit_card,2,248.58269857888536
fed0e3e7,1,boleto,2,195.28506692278617
47e0d8b0,1,boleto,2,407.9811294609828
4de4b7ba,1,credit_card,3,109.42508162089176
37b12a78,1,credit_card,7,189.00098137196977
03f782a0,1,boleto,5,145.49046455645612
2ea59c4f,1,credit_card,10,199.8517196622857
88a245da,1,debit_card,5,269.01857761238074
73ecb672,1,credit_card,11,404.98796683299304
3c09e4db,1,credit_card,3,1256.9810728953714
7ce4ec6a,1,boleto,8,388.93394231291325
c253b31d,1,credit_card,9,1028.9644298691494
6459e472,1,credit_card,9,467.94866006179916
af586056,1,credit_card,10,453.1351827347727
9c3bde95,1,credit_card,3,133.61199402576412
26f52cfa,1,credit_card,3,682.9269993298251
1de13e7a,1,credit_card,3,233.3171683508514
e36d7fcb,1,voucher,11,728.7609170388212
2052c008,1,credit_card,9,113.41983478055921
c2e03ea9,1,boleto,5,474.39448809662457
7ae85088,1,debit_card,1,233.93955685352063
bda65639,1,credit_card,1,519.3955102414284
02bd6706,1,credit_card,11,390.2814039149123
12c80264,1,credit_card,7,333.3953266602246
dfdd9236,1,credit_card,3,368.3363255445133
74a81bd6,1,credit_card,5,262.4749361067631
c53e6f75,1,credit_card,3,92.31566037229746
74339801,1,credit_card,4,436.38834512941514
019bfdeb,1,boleto,10,465.78290583591985
f14bf0ad,1,credit_card,6,187.88363857901354
a820b32d,1,boleto,10,202.78804709106396
9bc823a2,1,credit_card,2,147.79255988572464
4976fbfa,1,credit_card,6,179.23750041142515
1db68f0c,1,credit_card,9,1312.026290956444
292973c4,1,credit_card,3,489.0006594351744
1470c5ba,1,debit_card,3,372.3948992125604
1ade9e83,1,boleto,6,140.82610748568757
a041541f,1,boleto,5,514.9621607565932
5f953b41,1,credit_card,5,266.15415613970595
d2811ffd,1,credit_card,4,467.99718500035624
01828c2c,1,credit_card,6,263.4200018104165
8d79019b,1,credit_card,3,70.43341940766967
4182bd90,1,credit_card,1,262.4942575120024
58d6a9a6,1,credit_card,3,213.75563082641122
2a4b8f5e,1,credit_card,11,63.4949023065163
eb385f31,1,credit_card,2,436.4480584651513
b61b5671,1,credit_card,4,260.71832049109986
7a02cf6b,1,credit_card,1,283.5159817845815
b5b65ba6,1,voucher,2,257.0822189195328
ef91f04d,1,credit_card,7,298.18541631327804
f6488bc4,1,credit_card,9,171.41902343826393
1199167c,1,credit_card,2,1258.9987084314637
68f5a484,1,credit_card,7,371.92348963952
686a4380,1,boleto,11,332.20164478673996
b1e4face,1,credit_card,7,317.0405098356549
532b7a1b,1,credit_card,6,140.00613615580397
f763325b,1,credit_card,7,589.8106637429302
7cf22bb5,1,credit_card,7,885.2987255361456
b8d5ea22,1,credit_card,7,122.16238143970992
4dd4d0a7,1,credit_card,3,662.7645789053777
85e91d8a,1,voucher,5,414.3842298104652
1c8ebfa2,1,credit_card,3,442.255748121204
d7d8abbf,1,credit_card,5,205.80459668059697
3b8a66e6,1,voucher,7,222.28975254552023
b4aa55f7,1,boleto,11,358.5658596217655
bb8ee8c3,1,voucher,11,331.20103458172906
25ef80fa,1,credit_card,5,159.28381933616222
c3624ddf,1,debit_card,6,398.5218888591389
47ba5eef,1,credit_card,7,81.29526244849689
896ab698,1,credit_card,6,441.86814839596695
3b9161c3,1,voucher,11,299.9513039106321
70c261e8,1,credit_card,5,195.9721416992285
301f13d6,1,credit_card,4,935.8694776016105
7ec6bc34,1,credit_card,6,408.7541889535922
014e2e54,1,credit_card,10,349.22179929600327
fa47db39,1,credit_card,11,451.1910375909015
e34374e7,1,credit_card,1,771.5462882854184
4a0b1f5d,1,credit_card,10,179.15215742310508
8a741b06,1,credit_card,2,411.9102651766657
d276dc36,1,credit_card,11,462.0575638566028
b37c1c7c,1,credit_card,10,489.62000203803257
9dac141b,1,credit_card,8,135.6055271649092
edb38b04,1,debit_card,2,296.2928620741231
eb1cbad4,1,voucher,9,695.5851259330973
ff6f3b86,1,credit_card,7,379.9069061671887
84d87e63,1,credit_card,10,409.62987197737465
d7800485,1,credit_card,7,155.70991310120112
dd07c892,1,credit_card,2,387.86579943371646
cd1cc6fa,1,credit_card,8,92.33535511138588
6a63efaf,1,credit_card,7,402.8388221432159
69c61a69,1,credit_card,11,349.99199717051073
45585277,1,credit_card,5,439.0918066938061
f3e7058f,1,credit_card,2,309.0078640134413
0d229c5e,1,credit_card,4,475.52029484449724
d9503e3a,1,boleto,2,454.88521047701755
6019af54,1,credit_card,8,33.81444316642758
75e1cac4,1,credit_card,7,540.4584522908151
888b9434,1,credit_card,9,147.01634701495038
aebe7a74,1,credit_card,3,492.8937092852343
55407090,1,credit_card,10,109.85455068255841
533fdd99,1,boleto,1,387.29920999256325
f7e27fd2,1,boleto,3,316.06185350464165
cc6e94d6,1,debit_card,4,278.41942546383336
2d525992,1,credit_card,7,727.5926344503488
0175926b,1,credit_card,11,187.94337282799827
ce400cf3,1,credit_card,9,173.1303005812446
656c90fe,1,credit_card,2,471.5603273181298
0094405d,1,voucher,2,502.00903401325303
aaf36e5f,1,credit_card,11,227.58723045010083
a6f10a85,1,credit_card,7,404.41057405587907
19dc7dd8,1,credit_card,9,836.4044636247943
c9e476fe,1,credit_card,11,110.80869075843736
c5108195,1,boleto,6,490.42965795441694
a6df4130,1,credit_card,4,123.80644527555631
870a9ee4,1,credit_card,10,157.05790396604152
24beba4a,1,credit_card,2,442.92054474161625
5dd3fe8a,1,credit_card,6,67.17069998688874
eb83c6c2,1,credit_card,7,360.2133052046181
3a110fce,1,credit_card,3,158.12401703490048
e0d7c433,1,credit_card,6,55.758103988939745
e82e8dfb,1,credit_card,5,248.2477162363855
9e554464,1,boleto,11,480.28600827902903
3e4b2148,1,credit_card,6,349.60897302888844
dc60cae5,1,credit_card,3,987.2085512107406
43dfe131,1,boleto,6,141.09664485869834
1a86e3b5,1,boleto,1,290.6251859109806
e02431a5,1,credit_card,2,522.5563435990653
a79bdd15,1,credit_card,3,355.9871377598075
f7af7e69,1,boleto,4,482.3580232030604
4fa3bef4,1,credit_card,5,478.011735669597
07baa6a5,1,boleto,2,35.8637792307869
a3166423,1,credit_card,5,368.3827256726085
5c4aed1f,1,credit_card,7,230.65496569613754
66dcd034,1,credit_card,11,485.9330610788668
3b52249c,1,credit_card,11,277.2853201222492
025f394c,1,credit_card,4,47.4621137924867
552a60c0,1,debit_card,3,887.9225902999789
3b9aae48,1,credit_card,1,734.4170145664966
192f0090,1,credit_card,7,143.69298918442746
f70dff2d,1,credit_card,9,135.22788212545808
117b4455,1,credit_card,1,103.34159247857365
a5f8d78e,1,credit_card,2,419.87893776757534
17ac1283,1,credit_card,6,235.0399961157633
387126c8,1,credit_card,10,348.19325524704226
cc33c105,1,credit_card,3,335.31805726128937
75649168,1,boleto,5,174.98955001055327
6e9faed3,1,credit_card,9,33.181592204685884
0a1ab960,1,boleto,9,210.44225398104186
23f42dee,1,credit_card,5,73.96564126891946
6428735e,1,credit_card,4,479.04673817173006
e6c6ffd3,1,credit_card,7,288.37674394523776
7e850724,1,credit_card,5,239.74377838079155
5384fd0f,1,voucher,7,440.5910895580404
53333867,1,voucher,11,506.1987738372885
0c6c433f,1,credit_card,3,233.75054363173183
39b8eaea,1,credit_card,2,93.53050663378235
bca7bb4c,1,credit_card,10,419.4837308443507
875e30dc,1,credit_card,3,272.0143136678808
e53ab05b,1,credit_card,11,206.42787239036682
3d8823e9,1,credit_card,7,461.75627665530556
78f22e00,1,credit_card,1,254.6555433447213
678b8435,1,credit_card,4,306.09295746719425
b1e218bf,1,boleto,6,328.0897624531566
2e24e289,1,credit_card,2,492.4810028676954
c1206f90,1,boleto,3,294.1225125871806
d486782a,1,credit_card,5,512.5707053684529
97d8a2a7,1,credit_card,7,273.00009357603955
7ce871af,1,credit_card,5,219.24061769430875
c25157af,1,credit_card,8,611.5920116295903
14584c55,1,debit_card,8,524.7769175974487
d69435c6,1,credit_card,7,164.8779310158067
7dc02e3d,1,credit_card,9,314.97499831049043
35e653f6,1,boleto,4,349.24129126020694
2e03aad9,1,credit_card,6,384.9314056524824
0167bdd5,1,credit_card,1,494.6071378849585
20ebfee2,1,credit_card,5,491.2268520433642
ac084247,1,boleto,10,125.50470591675185
05448fa4,1,credit_card,3,258.66909357275034
04c9f194,1,credit_card,2,471.0025115353826
4d4e5181,1,boleto,6,87.77999297632071
64b24dfa,1,credit_card,5,443.419774806013
05311794,1,debit_card,4,346.3361828733777
8286fac1,1,credit_card,10,344.13870007792576
dac06ca6,1,credit_card,5,458.0250287248203
df877dbc,1,credit_card,9,315.7642910693205
36021a80,1,credit_card,4,706.3555100893157
5b876566,1,credit_card,10,382.07099175311697
fb61e3dd,1,voucher,7,485.56886430815047
d0082c15,1,boleto,10,231.4638053740651
7452ce9f,1,credit_card,8,296.7401716004161
92fbf08c,1,credit_card,2,418.1792460520557
0d0d5085,1,credit_card,11,377.66903596429
17c19e94,1,credit_card,3,244.15715754221594
dd059c3f,1,boleto,4,50.627985509860615
74b71d36,1,credit_card,7,412.4693222830166
755552c6,1,boleto,5,440.42845827035
58b3fb9b,1,credit_card,9,486.7658714637141
246a165d,1,credit_card,8,730.2705446087863
ecf8dd63,1,credit_card,2,502.14014080327934
73866a7e,1,credit_card,10,514.3171543824881
2f88b44b,1,voucher,7,266.90197166521665
dc08e59b,1,boleto,10,994.8868223576994
ba49ecbb,1,credit_card,4,185.21947349320902
a2af894c,1,credit_card,2,113.46595470746612
7de6b82d,1,credit_card,10,180.38578138939758
fcf3a636,1,debit_card,3,297.20503585995993
04cb34dd,1,boleto,7,348.52082230941636
c68f4989,1,credit_card,5,95.72209240300253
6a369f86,1,credit_card,6,122.95681029443159
8d589a64,1,credit_card,11,249.3250705056093
47ef2198,1,credit_card,10,199.31526760088556
e1e32501,1,credit_card,10,332.6677551806643
5a0667ab,1,credit_card,4,538.9285790152677
6622ba0f,1,credit_card,7,144.27251052501938
e860f67b,1,boleto,1,494.5672678080539
4c85f4b0,1,credit_card,5,324.02440558839476
4bffef28,1,credit_card,1,291.36628607032054
0ded8c16,1,credit_card,4,233.32432523377398
f21a28e4,1,credit_card,4,104.17619977141854
53ee663d,1,boleto,1,438.2156173750065
afca34c3,1,voucher,9,111.29585124889309
12255047,1,credit_card,11,47.35862120417909
a43beed6,1,debit_card,7,194.7821969160117
aae047f9,1,credit_card,8,105.62200081822587
6f2dea29,1,credit_card,4,325.5233942437905
e6dfae45,1,credit_card,11,419.9468099643317
257e8f3b,1,credit_card,1,66.4102353879074
b31be2d8,1,credit_card,2,75.4601395611115
e82e263c,1,credit_card,3,129.95691706004345
ac72c5cb,1,debit_card,9,505.4342299976618
055f55ca,1,credit_card,8,468.8730371426584
de82df43,1,credit_card,7,433.23476597490367
62de27c7,1,credit_card,9,273.66426627287933
85fa89d3,1,credit_card,9,422.1257428168268
74db527f,1,debit_card,8,396.3457127934783
0fb65d91,1,boleto,3,601.8960939590329
8cae2fd8,1,credit_card,3,396.89252206880747
8f0e3111,1,credit_card,10,466.91437695366113
c1a072e8,1,credit_card,4,68.10736522980804
7a435b79,1,credit_card,2,524.0488641833457
acea26c7,1,credit_card,8,811.8619118961303
aece7978,1,credit_card,2,299.4144092638419
fcd48659,1,credit_card,7,327.4386904218552
a90526c2,1,debit_card,1,357.26573190332977
1d4ea0ef,1,credit_card,7,213.86350616052658
6981c219,1,credit_card,9,41.980054172030165
e0583903,1,boleto,7,267.51115915280343
cd1e18d5,1,credit_card,2,377.06936876329206
2ce68691,1,credit_card,2,800.9373322213756
a72d3f3c,1,credit_card,10,246.02112161459792
996b4ef3,1,credit_card,8,789.1498272784996
5876adc9,1,debit_card,2,515.4113987256139
acd3d202,1,credit_card,3,247.31366536876695
cd6f92ee,1,boleto,9,1045.4124878393402
0c9ea360,1,credit_card,10,617.6836908250666
20f3b81a,1,credit_card,11,135.768639980998
606bc499,1,credit_card,6,166.31000968665094
536a5244,1,credit_card,11,754.1113445290805
9f4cbc5b,1,debit_card,2,410.351894479476
007b9bdf,1,boleto,6,500.7129226023706
7b6273bf,1,credit_card,9,151.10899071424473
bc715d37,1,credit_card,7,235.17200577500458
38566e97,1,credit_card,5,787.1847515386877
acfb109e,1,credit_card,11,434.5206221019379
825057dd,1,credit_card,4,176.1482322564962
40258af0,1,boleto,5,121.3189810483543
86ce8d15,1,debit_card,3,76.72030169342491
77ee7ea7,1,credit_card,6,250.92822193492853
e339e29c,1,credit_card,8,499.5238550555815
f5979b39,1,boleto,7,186.94423006347057
a31ac154,1,debit_card,11,249.32849482382994
a5551ce1,1,credit_card,2,476.7827905943531
586e27af,1,credit_card,3,78.09563925953823
07ebc7e8,1,credit_card,2,110.21801986011758
f9f0a455,1,credit_card,6,468.9002526749178
2a0c8fba,1,credit_card,6,445.16989658724884
e93d19bd,1,boleto,1,275.21710577835034
8cd2b192,1,credit_card,9,363.80278286195244
76584dd5,1,credit_card,6,520.0500845575336
77b7aef5,1,credit_card,5,419.0819703777545
d0072f1b,1,credit_card,7,108.33686425373457
5dc453c4,1,boleto,4,344.41631380653354
959f1d9d,1,credit_card,6,354.92958439864793
0dbe05f5,1,credit_card,2,56.31918355581364
2908608a,1,voucher,4,325.35585573246556
9c84e89a,1,credit_card,1,298.2091121391698
e782853f,1,boleto,8,46.21271072375194
36ff698f,1,boleto,4,299.5083190918066
1fddf9a5,1,credit_card,7,343.9349788460919
01378636,1,credit_card,8,350.8823428745259
078e3886,1,credit_card,10,493.8877519866815
3030bced,1,boleto,8,300.8084783232863
1bf14edb,1,credit_card,7,146.61207947031303
b7514061,1,credit_card,2,472.5485435106829
04cc6d47,1,credit_card,11,480.8801191993932
902d62c1,1,credit_card,3,787.7758397775657
16ff94fc,1,voucher,11,392.69771978907954
a5b4b374,1,boleto,1,250.069819478794
b8c310d2,1,credit_card,9,519.5960293416964
bd11d1b2,1,boleto,6,288.6072497268975
a12d1bac,1,boleto,11,266.0767159239709
ac0201d4,1,debit_card,11,317.3539929434606
8748b327,1,credit_card,2,213.7179570863812
9b721e9d,1,credit_card,7,245.23363077022012
d62cd6c4,1,credit_card,8,362.0891628491119
43d7bf3b,1,voucher,9,504.65218464231714
7783ffd0,1,debit_card,3,384.1345980659825
6e4e2449,1,credit_card,6,375.56014933645656
6a9269ef,1,boleto,3,408.39141668215785
47073291,1,credit_card,8,311.54785781474664
40303b06,1,credit_card,3,200.82184004094563
1d3caf38,1,credit_card,5,67.7250538043597
0e221ff9,1,credit_card,6,54.95890018627209
445c2f0d,1,credit_card,2,415.865353303846
fb0cec7a,1,credit_card,5,602.3158672094567
cde7aaae,1,credit_card,5,281.368773747301
ae99ed11,1,credit_card,9,94.22090981933457
68d8cc0f,1,credit_card,8,289.37635844635054
833a975b,1,credit_card,9,395.53676100995847
dbf0eacc,1,credit_card,3,848.2885703123351
47b0f2d9,1,voucher,10,464.17255528845425
f7c2450d,1,credit_card,3,400.2733882480819
1877c968,1,credit_card,3,264.707808572024
337f8eed,1,credit_card,11,732.4210931578634
247af9f8,1,credit_card,3,395.8275032129505
704ae292,1,credit_card,7,179.52618721854228
57998d2c,1,credit_card,3,479.4573174278173
308a937e,1,credit_card,5,252.13007750342467
78ed6a67,1,credit_card,8,112.76908622523416
ae3f6a60,1,credit_card,7,172.50770777538855
2c2383b0,1,boleto,4,274.8477857296964
bd0d09a3,1,credit_card,6,309.16486258318696
25c6b774,1,credit_card,2,465.1372880158852
0a431463,1,credit_card,9,261.73837218193535
6c4fdda9,1,credit_card,3,244.5994304770316
264d351f,1,credit_card,3,192.0423119390627
f5f1dd26,1,credit_card,1,307.39412262709766
5e652577,1,boleto,7,260.1916171740469
2f3a9dd5,1,credit_card,8,399.5977402165256
52e62cc2,1,credit_card,6,312.96831840034235
9843bdaa,1,credit_card,6,363.3541234117349
8faa8282,1,credit_card,2,352.7797526680314
473f869c,1,credit_card,2,75.04965831802332
52957fe2,1,credit_card,5,251.05656578432615
d43d59bc,1,credit_card,11,79.34655524552751
6b73a202,1,boleto,4,439.87641421403674
a70b0804,1,credit_card,9,269.83914068971444
06c366dd,1,credit_card,4,366.13296442716205
f7b8f0e8,1,credit_card,3,101.96230034856063
11b224b3,1,credit_card,5,340.87729312398295
bc5ff6ec,1,credit_card,2,189.90758080201186
73b0e10c,1,credit_card,8,116.73289580235767
ec7119be,1,credit_card,11,169.15769062463838
250aa21f,1,credit_card,11,558.8260407158979
ddd7f798,1,credit_card,10,896.4876323294914
b6c971de,1,credit_card,4,108.0423645594623
ab52b57d,1,boleto,7,81.44099370849094
04d9d3b6,1,credit_card,1,464.1861327390889
88b2df74,1,credit_card,1,467.15857242047434
1ef1a56a,1,credit_card,9,406.02376263381746
8aae35eb,1,boleto,9,429.2795741541369
32fc4ec3,1,debit_card,5,283.0486479067969
8698d6bb,1,boleto,7,179.68782513067086
664d0ecc,1,credit_card,7,358.2230183446702
f77a22bd,1,credit_card,5,179.45892413285966
5e93960d,1,credit_card,2,492.90151411523686
f2d65a6a,1,credit_card,2,918.1133416172693
08bcc866,1,voucher,10,687.6331160500494
bc305baf,1,boleto,5,457.3384224313155
629d9731,1,voucher,4,565.4505492562384
14212dbf,1,credit_card,8,227.52132080820158
8ddf6b67,1,boleto,9,251.794951636166
a22b7276,1,debit_card,10,199.6690240122951
3c30e970,1,credit_card,6,266.8514991750602
454bcafc,1,credit_card,4,568.1302980177479
5c907e69,1,boleto,9,821.9875335459865
87c22aa4,1,credit_card,6,478.24988725336925
3760802e,1,debit_card,11,432.92969115363195
0006ab23,1,credit_card,3,802.7427554791282
6f11eefb,1,credit_card,2,236.0369788084621
a9770843,1,credit_card,6,96.06159608865227
18ebbf85,1,credit_card,5,204.57312654868048
24b2ee00,1,credit_card,5,284.8078059225111
4a4c5b93,1,credit_card,1,681.0056292430196
a54ecae7,1,boleto,11,867.5807247245468
be80f880,1,boleto,9,355.07537311420026
060527a3,1,credit_card,2,109.20167182142433
f561c363,1,credit_card,6,355.9042284073573
24e44539,1,credit_card,8,312.8968617579127
1d85a54a,1,boleto,5,306.2324998848305
f333460d,1,boleto,10,291.7650979214556
92aa2fb7,1,debit_card,1,156.6885506721253
f2229d90,1,credit_card,4,470.379780899668
33713f08,1,credit_card,9,419.5255492135603
77e5fe75,1,credit_card,4,373.6978427136612
1e54d8c3,1,credit_card,7,540.5219222837555
fe34bedc,1,credit_card,3,120.89957675537946
87978ee1,1,credit_card,9,610.3588695467682
6422bd7f,1,credit_card,8,852.754471772216
f5d7f64f,1,credit_card,6,1366.417078397732
4df79097,1,credit_card,5,126.50782928151105
9ef99fe3,1,credit_card,8,394.03979293058273
106ae0b9,1,credit_card,3,233.6405663500651
2e97022c,1,credit_card,10,926.383174928235
bb53d68e,1,credit_card,6,415.1674068713885
4eec6405,1,credit_card,11,63.77119914194368
d847ccfa,1,credit_card,3,372.19508681106885
46c01aea,1,credit_card,2,272.87098993683134
6d9525b1,1,credit_card,1,280.37837229340005
d155cd0f,1,credit_card,8,770.7530394138482
115219e9,1,credit_card,11,477.6292719942896
e74ff993,1,boleto,7,67.24139980361088
dc2a143d,1,credit_card,9,952.0072680345036
f5fbd503,1,boleto,9,119.0718882221376
31dd8738,1,credit_card,9,88.69796392810515
ceca023b,1,credit_card,2,295.02953264391925
ac68dc65,1,boleto,10,122.69876716133703
e8a5aa17,1,credit_card,6,451.9648974217103
b5127475,1,credit_card,7,460.57341334292477
c327982d,1,credit_card,8,505.34362983468213
f558f165,1,credit_card,7,466.6551772774283
3c047073,1,credit_card,2,215.61920892822087
d47716d3,1,boleto,8,156.57011467617033
89b1b8c5,1,credit_card,5,452.30116348569277
3b0ee60e,1,debit_card,9,440.8270924709452
de66fe97,1,boleto,8,518.7980344319424
3f65cc5c,1,credit_card,8,132.8941585302038
89489d12,1,boleto,4,316.4233438960648
e9107f7a,1,credit_card,3,236.04625572471937
908d40d2,1,boleto,3,277.95685684123004
101287e0,1,credit_card,8,952.2100559763043
e991e1ad,1,credit_card,8,204.9395838826527
aee0098a,1,boleto,7,246.7173786577319
b3096b24,1,credit_card,10,515.8760976010926
e3693577,1,credit_card,2,407.61147500315434
e8172243,1,credit_card,8,727.5288311743058
c4d4460d,1,credit_card,5,363.53252810373135
540ce225,1,boleto,2,469.9134013124574
94266cdd,1,credit_card,2,469.0959730522053
88ade773,1,boleto,7,769.1844893058186
b87b574b,1,boleto,7,696.7339017184524
609613c7,1,credit_card,10,186.24129305015373
29d3e3e1,1,credit_card,7,911.7812351473272
1265f0a8,1,boleto,8,504.00197953393337
4bd9440a,1,voucher,6,187.78368245008983
149487b3,1,credit_card,11,245.79744133882352
f8744b92,1,credit_card,3,489.0521898870141
4388e3eb,1,boleto,5,201.06829189826075
da2ec858,1,credit_card,9,389.5532837792272
f5876b4f,1,credit_card,3,70.03040451611119
ec8565fc,1,boleto,7,287.0026820502803
97570f23,1,credit_card,1,454.3330328037812
368b8636,1,debit_card,10,369.7064983196455
06d22e0d,1,credit_card,8,392.9305005775939
90ca9ca4,1,credit_card,6,362.7275794133747
fad623e6,1,credit_card,1,65.16483621007849
c88ed723,1,boleto,11,243.45255760331816
d9b71a41,1,credit_card,4,296.89327137759665
ed5f9bca,1,boleto,2,53.59584866262502
8a50db1e,1,debit_card,7,1128.9980994949542
f30ddeb1,1,credit_card,5,78.94798428234851
20f629fc,1,credit_card,2,73.66634513206581
bff701df,1,credit_card,5,513.8220886648919
6b3354c3,1,voucher,11,160.63758419837802
1730a577,1,credit_card,4,425.2921759407308
d2d87298,1,voucher,7,306.9322922904966
8b88d297,1,credit_card,11,369.35414311187276
ecbe5634,1,credit_card,1,558.9187749143666
a60296bc,1,debit_card,2,164.59889764586646
4fb75965,1,credit_card,2,378.32290528121
f1ceb5ff,1,voucher,6,103.8993179088753
9bbf6fec,1,debit_card,3,450.50483702514447
2bc9fe64,1,credit_card,6,984.1873933524555
7046918d,1,credit_card,3,475.4238360351294
7649f12d,1,credit_card,9,475.7707933023461
d39aa454,1,debit_card,1,246.2743574348063
3cc4b05e,1,credit_card,6,299.35348312082084
c705909d,1,credit_card,3,281.09946786346285
4fc91b3b,1,boleto,5,503.50111101437506
6dea01e3,1,credit_card,2,280.132638304941
ed8c02d9,1,credit_card,7,446.47133893406567
b64843c7,1,credit_card,8,444.91752138830924
32c1ace8,1,boleto,3,412.29731943241137
0b43199d,1,credit_card,10,386.84260447303546
e242be25,1,credit_card,2,137.6077794325843
b19137d1,1,credit_card,5,761.8047616735901
63141d01,1,credit_card,4,453.27521893357266
405bb909,1,credit_card,5,395.6180330415105
ba47eb7c,1,credit_card,4,524.0278849202748
221034cd,1,credit_card,8,161.27469376736175
9ad11f6a,1,boleto,8,375.4617886711188
11849c9e,1,debit_card,7,379.31920283803987
516307bf,1,credit_card,8,237.93501357373853
1a82298f,1,credit_card,11,287.63555377515775
91104deb,1,credit_card,10,145.80088479994714
c00fd229,1,credit_card,3,197.64880648760223
ccbcceee,1,boleto,6,414.84795750857256
34c22f18,1,credit_card,3,310.7857644591863
585c7fc5,1,boleto,2,178.9235817045595
bb5bbe50,1,credit_card,3,440.2520914531277
138121a1,1,boleto,2,160.73969497514668
9b8d07af,1,credit_card,11,35.776801951526544
cc560c52,1,credit_card,3,345.27419159903053
d250ca7f,1,credit_card,9,507.3238401227205
673d3a31,1,credit_card,2,450.3001848042289
2203f58c,1,boleto,6,424.0153920392443
10836541,1,credit_card,5,955.7567956844671
4c53dacb,1,credit_card,8,249.04420169885762
59c1446e,1,credit_card,10,288.50402194579453
65ade2b7,1,credit_card,10,50.888035839082264
d0421910,1,debit_card,7,428.87090094376117
7031f0ec,1,credit_card,2,401.29691591071327
e606177a,1,credit_card,8,277.16584106417264
57ff4454,1,credit_card,7,428.8682994526355
9482fa40,1,boleto,1,308.14965001021926
3543a48c,1,credit_card,3,305.2488880103005
82409d2c,1,debit_card,1,519.2674677765564
a47ccb99,1,credit_card,11,140.60124542755946
7b07ea02,1,debit_card,3,346.58797895740685
c7fd5a51,1,credit_card,5,258.96481480498085
8f32549f,1,credit_card,8,323.9100346739756
93d72b7c,1,credit_card,3,327.8258633657265
5fb416c7,1,credit_card,11,509.8323990763028
7785b9b7,1,credit_card,1,118.06928006577526
550c9ad4,1,boleto,9,311.48655135990595
476d6750,1,credit_card,2,435.5141093587817
b89ef72c,1,voucher,10,504.7931385125074
f6d8ac2c,1,credit_card,9,266.38923079241425
40d5810c,1,credit_card,10,531.6192269628866
982f395d,1,credit_card,10,72.82030847475632
0ee0364d,1,boleto,6,52.640314984412925
3f67dae5,1,credit_card,2,405.846501639739
8f3e196b,1,boleto,10,474.72623232733366
61a39816,1,credit_card,6,53.28061813998255
3422b589,1,boleto,7,1222.8827624084197
d8e6a55c,1,credit_card,6,242.5230789285174
a76512b1,1,credit_card,7,147.3233679295477
228fd73a,1,boleto,1,512.1135282080899
c753d736,1,credit_card,3,503.17438880707726
06720e8e,1,credit_card,5,433.62811161181594
818ed666,1,debit_card,3,264.5598608973007
42857350,1,credit_card,2,355.8581640973618
eeeb87f9,1,credit_card,3,592.1046265408452
efb1e7f0,1,credit_card,3,478.7286631583465
0d3ece4c,1,credit_card,7,317.1965265023213
b35e7ae6,1,credit_card,11,593.6005733685636
74763a1e,1,credit_card,1,374.37854280102056
2393ccaf,1,credit_card,5,509.6667887666876
e9c3ec54,1,credit_card,10,507.9684470017412
125022a8,1,credit_card,5,108.23247433315476
50eca8b7,1,credit_card,3,489.00112601870467
7cab0508,1,boleto,3,267.37107450630947
2cd90dde,1,credit_card,2,318.3368937374417
25c870a7,1,credit_card,8,558.8664115072469
267b8eb6,1,voucher,10,620.8311491211919
18b94b9a,1,boleto,1,131.7819760701143
d01add05,1,boleto,8,106.33222952446515
9caebccd,1,credit_card,2,1290.055466594113
5f64524c,1,credit_card,1,461.41278022045833
8ca0f34f,1,credit_card,5,523.3873474586261
52c2b09b,1,boleto,8,960.3896152622722
aba371aa,1,boleto,4,862.3438202091291
c4898fcc,1,credit_card,6,324.0316842872758
7f8f6a06,1,boleto,4,634.220107502153
1fd5259d,1,credit_card,9,833.4071493195629
91f31cb7,1,credit_card,3,263.86443149166894
b4c20561,1,credit_card,11,151.11606196111256
f126a5b5,1,credit_card,5,142.31855295462316
b98d9863,1,voucher,1,102.39751385124445
457d20c5,1,credit_card,7,310.5324341495525
7dd66bb0,1,debit_card,3,1065.32910232301
b7860e77,1,credit_card,7,518.5480620040985
85321d43,1,voucher,9,914.7135802820562
f1fccf9a,1,credit_card,2,356.6024600289148
4bc8e8ea,1,boleto,8,341.4376627065559
1d9c2a5e,1,credit_card,2,173.79025110649047
2166024c,1,credit_card,9,307.2938298967918
b04b6e6f,1,credit_card,3,246.08649723052395
89809ab4,1,credit_card,5,58.9093514255409
ceb8f24b,1,credit_card,1,505.06768567239675
c3714099,1,credit_card,4,71.04625026895741
2c43538f,1,credit_card,10,480.15646322626344
fb8bc075,1,credit_card,11,501.0099483253312
08aa4d86,1,credit_card,5,988.111270783633
42956087,1,debit_card,5,542.5123092687477
34e631af,1,credit_card,2,391.7485583924819
f8c80a6b,1,credit_card,10,101.07077646689733
c52cb9f6,1,debit_card,4,103.29833459448638
40e92531,1,credit_card,9,411.27984096047163
e98cd315,1,credit_card,9,499.90373500597605
4337142c,1,boleto,5,512.9251917222398
c5a54637,1,debit_card,3,338.57573514363
82408fb4,1,credit_card,4,398.99246488806665
77e6cb99,1,credit_card,7,364.52105159836634
b6fcef1a,1,credit_card,8,449.4556512766585
4970f76b,1,boleto,9,168.80970334535903
a40960cf,1,boleto,3,511.7322536459255
22224625,1,credit_card,2,150.4792704653894
7119bad4,1,credit_card,8,330.60963313888857
d98a9e8d,1,credit_card,11,719.8464831603955
a204cbcf,1,credit_card,2,432.1764489460443
c9d459d3,1,credit_card,4,392.21337624886945
ea549ea9,1,credit_card,2,426.69136348584686
7310ee0d,1,credit_card,1,382.3107691517903
85e7e52d,1,boleto,2,296.1847704733625
b6200f2f,1,boleto,7,391.84160753330184
93216355,1,credit_card,3,316.9888806814544
5943d2e2,1,credit_card,8,850.4118489968305
51b89fed,1,credit_card,2,153.1162482164965
cf9d353b,1,credit_card,7,227.60599068203635
1aae3365,1,credit_card,8,390.49646431804933
99bb3ae1,1,boleto,8,103.66864173349262
a41da027,1,debit_card,4,399.8608819032707
62a43401,1,credit_card,10,379.41627661072886
c5af5757,1,boleto,5,525.5806092028549
0d4358d6,1,boleto,4,172.04199872826757
82b8e4f5,1,voucher,5,77.2463224592297
9fefccd7,1,credit_card,11,977.151286603312
19307617,1,debit_card,7,186.2279130440527
72aade8e,1,credit_card,3,445.17125372935124
020a19bb,1,boleto,4,287.26783960703915
2e84ce43,1,boleto,8,505.65424698875023
aaf523ae,1,boleto,9,350.6831807023078
de75a5d1,1,voucher,2,408.3413636908917
8108c5ad,1,credit_card,5,253.7349381450385
db078f35,1,credit_card,9,258.21497414129476
936d19af,1,credit_card,9,90.70426929496247
b5bc9017,1,credit_card,6,773.902639998741
5195f49a,1,credit_card,11,73.05174270805763
0362595d,1,credit_card,8,392.80383959301474
fb61985d,1,credit_card,4,317.1355762692067
e10bb6b6,1,credit_card,4,608.9423450866099
eea94a0a,1,voucher,10,306.9234033948156
89f55b27,1,credit_card,1,117.39106278581829
3e95ea5d,1,credit_card,11,181.16017540916175
e207a1f4,1,credit_card,9,392.9907449205524
30eb514f,1,credit_card,4,220.40393762819627
8770c045,1,boleto,10,240.62363225834054
481e33cf,1,credit_card,4,501.4475238792426
cefd3764,1,credit_card,11,67.24716326939617
d523b1cc,1,credit_card,9,526.1738242665646
3804ed82,1,credit_card,1,392.3207057462547
60271362,1,credit_card,9,262.13860879210984
72f71cf7,1,credit_card,3,178.25249153729683
a5412386,1,credit_card,2,380.87640171913307
8187a594,1,debit_card,2,181.25808107880613
171018c3,1,debit_card,10,457.95844293418276
75628556,1,credit_card,1,280.31479735586896
451a95b6,1,credit_card,7,126.40432912821971
71f893bf,1,credit_card,1,136.57631751104856
8f962cd0,1,credit_card,9,501.0486949261018
f43b0544,1,credit_card,5,505.9062815548184
df8b018f,1,credit_card,10,56.6792432651477
280709dd,1,boleto,2,303.9834241548324
464114dd,1,credit_card,11,216.93312688729534
ac3ead17,1,voucher,1,290.64156771931175
877fb25e,1,credit_card,8,381.2573886181357
b81b35b2,1,credit_card,7,275.9369831451998
ca62692f,1,credit_card,3,191.8763636279098
ec08ff37,1,credit_card,6,70.76520933484906
7675e5e9,1,credit_card,3,278.0400870859829
abae6467,1,credit_card,3,623.8166493709832
b8b81db1,1,credit_card,7,41.13209145075062
f546cb73,1,credit_card,2,673.4835553986438
0aa8c60e,1,credit_card,4,233.9118255817593
f522e24a,1,boleto,8,283.7296585234324
38458820,1,credit_card,3,502.75736351686953
46a9f810,1,credit_card,6,429.14695286772184
cc8ec128,1,credit_card,7,472.7535474352799
f2f83cec,1,credit_card,11,361.1499959318987
0cdc502a,1,credit_card,8,395.2038136106007
132c988a,1,boleto,8,347.0185654856639
e2c65085,1,credit_card,4,450.0579468223952
23b3f560,1,credit_card,9,76.29263482184523
71a1121f,1,credit_card,7,72.5248503130271
f910d2ef,1,credit_card,5,1018.2297174673644
c68872f6,1,credit_card,3,434.55271427189854
5a9361ae,1,credit_card,1,361.6222170587026
44f5eb70,1,credit_card,4,191.88193852780907
3f3e01d9,1,credit_card,6,436.49379975487375
c8facfd9,1,credit_card,5,234.9568245463323
08d7d91d,1,credit_card,1,292.60712026756954
9cc35c0b,1,credit_card,9,450.37503647545634
3e951201,1,credit_card,8,163.52881982240984
a5f77386,1,credit_card,8,285.32120925652845
8b86a0c5,1,credit_card,7,347.5674528223896
8b310c49,1,boleto,9,289.7137992142592
7266a8cf,1,credit_card,2,510.96291575995986
e902e81c,1,credit_card,8,273.5309381628447
f5ff6699,1,boleto,6,76.90878732670019
c962d9bc,1,credit_card,1,877.251170530657
53282e04,1,credit_card,6,114.61360416139101
b4c769bf,1,credit_card,4,362.6707058786463
e679b4f1,1,credit_card,11,148.772084283152
09f39e9d,1,debit_card,8,343.0649620332637
740f69ae,1,credit_card,5,78.24552175075023
b22d01e6,1,credit_card,8,90.11245809017575
d6682e1f,1,credit_card,8,298.343454893475
e467586f,1,boleto,1,732.9974728243649
bd306428,1,voucher,4,360.1998824143354
638b845b,1,credit_card,10,691.0411039176149
b3f810e7,1,credit_card,1,419.1410677609633
2a757dce,1,credit_card,11,339.29156482800647
95870f5d,1,credit_card,11,476.8486509852787
6b856973,1,credit_card,7,431.0932578367666
d85bbade,1,credit_card,2,151.93940588557882
27beb888,1,credit_card,3,79.36120702535081
c2e6c579,1,voucher,5,435.0007125747988
bb0023c2,1,credit_card,10,143.30909428270022
1fa7b48a,1,credit_card,11,294.13135553094077
26222fa8,1,boleto,8,425.6837792500727
394cebb6,1,credit_card,2,381.75873613682154
e40f729f,1,credit_card,1,348.5462294350463
87b080c0,1,debit_card,2,270.9281293460466
e6fe2363,1,credit_card,4,168.54800088631154
c7512e18,1,credit_card,9,453.31485151186706
ed2a6332,1,credit_card,11,393.5448494157073
c316517a,1,credit_card,7,466.6687939167338
a733256e,1,credit_card,1,408.6264112089316
7dd23e95,1,credit_card,10,109.42137952394157
b80e4993,1,credit_card,4,862.5133794144721
b1538c67,1,credit_card,8,755.6950440972599
1a1b9581,1,credit_card,6,489.2416587380113
4b12c1b2,1,credit_card,4,423.4030677881242
033f4449,1,credit_card,11,231.49821757154817
f0ee932b,1,credit_card,1,426.32088634669117
ead21207,1,boleto,1,143.32839683180492
e62bc57e,1,credit_card,3,384.11375181952343
3beea6f7,1,credit_card,4,215.2591271482803
97341d1b,1,credit_card,1,202.74225147393622
86b3819d,1,credit_card,4,388.5125666926706
95ee892e,1,credit_card,1,150.91492486551317
b9cd906f,1,debit_card,4,168.6342590921797
fd2dd295,1,credit_card,11,94.14957766967757
7f13ca25,1,credit_card,4,291.6322899023414
26843f40,1,credit_card,9,508.45989950582054
a56f8f99,1,credit_card,8,477.50860285144444
98cd7932,1,credit_card,5,369.82943419562133
86c90242,1,credit_card,6,656.8873546870791
e5f99cc8,1,credit_card,8,489.14144934465304
85628c20,1,debit_card,10,422.34885647556075
8ceb3791,1,credit_card,3,242.8928089680921
14eb0455,1,credit_card,3,366.1987871488092
58dae994,1,voucher,5,928.4923771470117
d4a16ae5,1,credit_card,2,50.34588517394145
04c076e3,1,credit_card,7,108.01160668876182
00d8ec25,1,debit_card,2,781.3363562135676
a446ebdb,1,debit_card,7,253.5033563822053
76dcc763,1,credit_card,7,137.75128249170987
3ec3fe49,1,boleto,9,589.1716839477147
8160527d,1,credit_card,1,408.52209873492933
1c9067cf,1,credit_card,6,399.64879207203495
8a68f5d0,1,boleto,10,274.01344430507834
a1ee1938,1,boleto,9,233.7320445076245
67d6b21c,1,boleto,9,786.6947558598491
aaf4206a,1,credit_card,4,527.3679611283235
096d6c7d,1,credit_card,5,295.3428415996316
34055124,1,credit_card,9,276.7591657896028
22b242a0,1,credit_card,7,43.96548808711746
fd164cf7,1,credit_card,2,437.6350335942239
36929551,1,boleto,10,287.91866761741363
a48c73ce,1,credit_card,3,516.9279732775876
1f781493,1,credit_card,7,446.566166305773
2d9ab752,1,debit_card,6,541.4388791510285
5e9893b4,1,boleto,6,473.924725241784
7c2fdc61,1,credit_card,1,362.5399006801471
232b48b6,1,credit_card,4,482.17713781771147
a3e028f6,1,credit_card,7,419.72036052282715
7f1972fa,1,credit_card,7,120.34460097363478
7c288659,1,credit_card,1,263.490858833394
07d02383,1,credit_card,7,311.3498572762735
4b6b9fb9,1,credit_card,7,388.03292693644244
b4713a81,1,credit_card,10,175.4456198211293
bd0711fe,1,credit_card,1,273.52801731514614
5ad9679b,1,boleto,3,31.175960069560368
5335a1ba,1,boleto,11,43.60155519055738
cedeec1f,1,credit_card,7,328.98211727489104
6f7b82e4,1,credit_card,2,123.30510603108596
12f120ec,1,credit_card,1,345.8974422326633
6a8d4f63,1,credit_card,9,431.7175933666477
fbc7d794,1,credit_card,9,525.1718220564469
4acf4154,1,credit_card,3,181.4940355100516
179f6031,1,credit_card,5,241.00004577930605
bbf115f5,1,credit_card,2,188.09598249279685
3fbcfa4d,1,credit_card,6,1171.5953458312092
b6017d8a,1,credit_card,6,452.5808352272329
6dc8b737,1,credit_card,4,88.78115744245702
312e06c0,1,credit_card,8,367.6284304854164
6997ab4b,1,credit_card,9,501.362416290101
8c73b7ab,1,credit_card,11,219.68432453110148
a77fd795,1,credit_card,4,439.1411597849752
04feeef6,1,voucher,10,690.4638217853611
3e2fab2f,1,credit_card,11,459.8259696940255
702c4d70,1,credit_card,3,926.9052873145955
ad226f1b,1,credit_card,7,608.0394780997615
cf9ac3b3,1,boleto,8,698.2883539395447
dd30a2bc,1,credit_card,9,439.4703450196061
0e0c283d,1,credit_card,10,471.2080674904535
872319f6,1,credit_card,2,966.0061459110176
89ce3c30,1,boleto,7,69.01077290716799
b0b0d568,1,boleto,7,359.90770022755225
817820e8,1,boleto,3,113.1678054552263
956a41fd,1,credit_card,5,345.05050042000937
c05c9b6f,1,credit_card,10,171.19558880510462
afc86e97,1,credit_card,10,481.6557924974279
8f29e885,1,debit_card,10,260.9121796958817
ae613513,1,credit_card,11,897.2247825902597
c2231649,1,credit_card,7,240.60781175630044
e0b3cca1,1,credit_card,6,243.43524047910878
0a4bb6e8,1,boleto,11,292.30699472864194
611827d6,1,credit_card,9,485.5013616183836
17175e6f,1,credit_card,8,476.8483891823703
4ea902a1,1,credit_card,5,230.93711029036737
ef27a48e,1,boleto,7,458.2971861228311
018bdc3e,1,credit_card,8,368.9097607134241
8d42cf2d,1,credit_card,7,938.7648845506154
f8c84687,1,boleto,8,179.0718451226946
fcde08c8,1,credit_card,1,121.92931622592621
af3b550c,1,credit_card,8,198.46168365387814
9e16e737,1,credit_card,11,662.9688596298193
2e00731b,1,credit_card,7,463.8939141706142
271589f7,1,credit_card,4,219.82890104361024
509875aa,1,credit_card,5,187.4108719251812
cf5dd97e,1,credit_card,3,905.9453612182888
276efb20,1,credit_card,6,103.27910164585988
28460638,1,voucher,1,247.28152727545563
64857baf,1,credit_card,1,174.48147333390972
77c38575,1,credit_card,11,155.17793606007345
e68cc79f,1,credit_card,3,167.81550057625427
f9d81a72,1,debit_card,1,208.09677953737162
ad41cb29,1,debit_card,6,259.0268340649295
a1f08858,1,credit_card,7,195.51298033562477
4dd53b79,1,boleto,9,403.54298183672114
61691959,1,voucher,9,440.9948284133827
aa4b0afc,1,boleto,7,365.6090105073307
bfe8d889,1,credit_card,7,54.443555975675345
10c38408,1,voucher,9,666.8340019833033
4818e5aa,1,credit_card,8,194.2653118613095
7d474b74,1,debit_card,4,422.7431963238753
7319ca6c,1,credit_card,4,720.6569546097213
159a2b15,1,voucher,6,387.0226521372925
1537c836,1,credit_card,1,258.40912668797745
5fe3f18e,1,credit_card,8,167.12901190263244
51e86e6f,1,credit_card,9,139.4962529449171
deefd6fa,1,credit_card,11,522.5665371466139
673219f5,1,credit_card,1,108.1348743988289
b9ea39cd,1,credit_card,11,465.1500874220578
0b29ec2a,1,debit_card,1,405.3803014695637
e7b124e6,1,boleto,4,216.65027790860154
f1ea0011,1,boleto,11,759.4436974383538
20b02663,1,credit_card,6,424.68559075093714
de56690e,1,boleto,1,429.35370656918184
2e455b81,1,credit_card,5,357.3331575332741
f6dbb604,1,credit_card,7,214.70645906533176
d0bcaa4d,1,credit_card,7,147.69721154657148
5157df09,1,credit_card,10,289.8069918059526
17ae1cf1,1,credit_card,9,1150.7644710212974
c6fa68e2,1,boleto,9,312.94326743893384
f0fd835c,1,credit_card,11,242.03261007020765
69deb5a9,1,credit_card,5,95.56203213153685
058a3dbe,1,credit_card,9,885.2496208055354
de731c69,1,credit_card,8,469.46841886817754
e1cb0b1a,1,debit_card,11,70.77220200684049
a2ddad4f,1,credit_card,1,263.2082426826806
ab9b70a8,1,credit_card,5,511.5694107907568
2c9729c5,1,credit_card,5,393.9481193045932
fa34e216,1,boleto,7,278.1079909009297
fbb51082,1,credit_card,10,423.7669614417992
53f980b8,1,credit_card,4,137.42428716867872
200006c6,1,credit_card,2,366.6445232956616
3dbdeb17,1,credit_card,1,207.09258417078115
474af753,1,credit_card,1,433.17056672759435
67778916,1,credit_card,4,189.87021284774926
b3bdbfd6,1,credit_card,11,314.3163111893814
e9e762f5,1,credit_card,2,165.79550362537182
9c7ae1a6,1,credit_card,11,495.8688075479832
4abc93be,1,boleto,11,485.6216504881961
f173643b,1,boleto,7,430.5977766478237
d0716130,1,boleto,6,244.95654537547458
7529de86,1,credit_card,5,84.53986710119898
5f4bb2c8,1,credit_card,8,143.17893741908378
4dcab292,1,credit_card,8,378.96220736949203
ee4f0a83,1,credit_card,4,141.92856052473377
280a2d9e,1,credit_card,8,728.8898904159757
d2127964,1,credit_card,1,262.68947960809567
bc9e3e9f,1,credit_card,2,971.6629196045062
bcbf2d17,1,boleto,9,273.9166031002569
d4f84c2c,1,boleto,4,347.34844805398103
0064f7ce,1,credit_card,6,104.15635832916888
58f87681,1,credit_card,11,506.87520416185754
83634f85,1,credit_card,1,575.0797459967648
2a40caf2,1,credit_card,3,561.4748500530762
2b7ce3c1,1,credit_card,7,103.43768767399361
7de9255d,1,boleto,5,305.8122416276742
a0fbb09d,1,credit_card,5,35.32863880023402
7e968dde,1,credit_card,3,518.1233576768973
c3eab19d,1,credit_card,3,407.3588263681936
077b0cf1,1,credit_card,10,304.2015943067954
d453ed6e,1,credit_card,10,213.6371230628398
4d7bdf61,1,voucher,8,228.43977230367545
27160f8b,1,credit_card,10,310.40798704007557
4949095f,1,credit_card,8,103.3584115375103
3b2a6574,1,credit_card,4,563.8343307884992
2631e16c,1,credit_card,5,411.97511287579033
3ae936d0,1,credit_card,4,234.66491299002314
40c60f5f,1,credit_card,7,410.49858095130725
dfdb5f6a,1,boleto,8,344.94910877571505
f5e9058e,1,credit_card,9,138.0151732849172
1430a58c,1,boleto,9,204.7916725397411
04f07b06,1,credit_card,9,217.70388404462727
5447cf3b,1,boleto,3,489.63572710147525
9ade71f9,1,boleto,9,735.094928179798
6f2471de,1,credit_card,4,800.0278959224964
9a6c8108,1,credit_card,6,334.06796095134956
b7cb82ae,1,credit_card,10,425.93227934594586
2ff7db59,1,credit_card,1,172.625066645598
5ea1af47,1,voucher,1,100.68348850957551
3c353e36,1,credit_card,8,335.7184952246093
37b304a1,1,credit_card,3,42.862341336223324
96e4ee30,1,boleto,6,296.9305899233778
5759c6ec,1,boleto,11,845.883851358702
b81d6e9a,1,credit_card,6,209.13235318272112
4c24bfaa,1,credit_card,8,595.4758482083239
9f89f5d4,1,credit_card,9,318.83450387494815
74b26b90,1,credit_card,11,123.53075971936423
ce069b95,1,credit_card,11,703.2753819796851
28dfe404,1,credit_card,1,470.59447801232454
000f1d84,1,credit_card,10,273.14709910722144
c849d8ab,1,credit_card,10,414.5737288229322
674be61d,1,voucher,2,306.6583765847767
f90f7d96,1,credit_card,2,900.7433883081951
88235b42,1,boleto,9,1015.4808849604053
c9e65c68,1,boleto,3,396.1455091049591
27e72f04,1,voucher,11,208.61946999238165
4b6b0374,1,credit_card,4,521.5955482538154
f22c7b59,1,boleto,3,453.3400879239086
7256e65c,1,boleto,5,427.71224173438975
008a49d3,1,credit_card,7,590.3160498597949
4add1915,1,credit_card,6,74.06875550251708
228ef171,1,boleto,4,812.9911496567524
a252bb32,1,credit_card,5,81.81825229496985
4dc28839,1,credit_card,4,520.2798894585837
f5836018,1,boleto,8,951.7365851140944
a7327a50,1,credit_card,3,482.46468370701365
b56c55b3,1,credit_card,9,213.52469324530108
bb3bee12,1,boleto,10,249.2570998299534
46997636,1,boleto,7,130.61627559013175
d0962fff,1,credit_card,4,668.0355014328348
b5f3d421,1,credit_card,8,167.02497843587372
06a0f800,1,boleto,7,174.3096456840248
e5995ee0,1,credit_card,9,249.3210461906069
cc6df1f0,1,credit_card,4,164.26117879312378
e317fc9a,1,credit_card,3,362.78862322136735
0ad5b2b1,1,credit_card,8,280.6649402144664
384ef1ea,1,boleto,4,938.2570700060377
86cdddce,1,debit_card,9,130.97107856458476
c9375fab,1,credit_card,7,354.6600998594123
bd926e0d,1,boleto,2,122.61558332975554
fb992ac0,1,credit_card,9,91.282934696253
0ff33359,1,credit_card,1,91.69846545136784
5d691717,1,credit_card,7,73.14012421970835
98f6fc5f,1,voucher,3,1030.9868646618904
d6a0aa2e,1,boleto,9,625.0851433748528
28543ff7,1,credit_card,1,207.11778516539218
d81b2eaf,1,debit_card,11,152.22738524133604
dccb1f2b,1,credit_card,10,494.0125175344371
150d5f93,1,debit_card,8,100.68236881046417
d8165bce,1,credit_card,7,259.05099591757516
8eeccb21,1,credit_card,3,399.10001241574037
e2607958,1,credit_card,6,291.9371948090519
4a1b04f2,1,credit_card,8,504.6215490218604
04e63a6d,1,credit_card,3,171.22694791130294
860ed070,1,credit_card,10,525.8878477337065
17cc0184,1,credit_card,6,410.7848395471568
f5230909,1,credit_card,9,132.81828067453378
1b8d62dc,1,credit_card,4,181.57620084051896
44f426f2,1,credit_card,6,476.56419440536985
c9bf84b2,1,credit_card,6,61.65176729219867
d5e1824e,1,credit_card,9,472.5185862020472
ff5f3885,1,credit_card,6,473.07013536198474
499f3b18,1,credit_card,9,509.91103747259274
996e0d62,1,credit_card,10,222.16356408717138
d7d2f6a9,1,boleto,11,443.61914317586337
3fdc98c2,1,credit_card,1,216.91900976258637
c081cafd,1,credit_card,3,180.91078158511553
5e05cab7,1,boleto,4,340.3344117274173
5b0bb886,1,credit_card,10,88.50593348502123
a16805e8,1,credit_card,6,492.04648066450045
bf48e04c,1,credit_card,6,593.7616104969977
a11a8129,1,debit_card,11,103.30486941268023
858f3cb4,1,credit_card,8,240.54374802135436
456d7cb0,1,credit_card,9,392.53331755599345
0339a50a,1,boleto,1,186.52015050833683
ff77747c,1,credit_card,8,429.61933700284
f31e01c4,1,credit_card,1,249.4828977670304
57209df2,1,debit_card,8,422.31264231010107
009352b7,1,credit_card,7,342.327147108578
e1752f0f,1,credit_card,9,94.5820741220326
a30397b3,1,debit_card,2,365.86843132933234
026842aa,1,voucher,3,495.65673176279313
09359beb,1,credit_card,9,408.5438604657261
8e011901,1,credit_card,5,285.33525246196234
dc567466,1,credit_card,11,412.26152091768535
97fb647c,1,credit_card,8,562.1696494748318
d8b4ff94,1,credit_card,9,498.6094986838066
f29cb6f5,1,credit_card,10,516.0786516371148
cb5d0c7b,1,credit_card,11,496.38499886210633
c3277b5e,1,credit_card,7,509.4629277893862
82c8dfe4,1,credit_card,7,433.6797410721674
95023927,1,credit_card,5,289.40210916331847
3fc003e6,1,credit_card,8,66.23932633722283
a3fb3b31,1,credit_card,6,394.066543355718
39aef4e0,1,credit_card,2,438.11686163702814
7975e064,1,credit_card,8,508.59884379398005
e40c9891,1,credit_card,8,495.0071575242556
caf535af,1,credit_card,6,364.8393769762412
ec6384dc,1,credit_card,6,324.36871727227253
47bcdf84,1,credit_card,8,409.9295303422514
c241b179,1,credit_card,2,383.34681645988866
3d9f2956,1,credit_card,10,442.34998553487685
02586e3f,1,boleto,3,257.9920676111955
92c07c4e,1,credit_card,1,393.01523169615734
84d7ca03,1,credit_card,9,379.67421708445136
4e653710,1,credit_card,1,291.701453935711
11fecf51,1,credit_card,7,858.1694261495694
677bdd35,1,credit_card,3,461.6027542191874
a7f10ebc,1,credit_card,8,177.03917408496886
fcfd7b12,1,credit_card,8,52.074602870235466
cad66dd4,1,credit_card,6,254.04590370462103
660210ae,1,debit_card,6,857.3362564941166
330b4405,1,credit_card,10,100.49978637214187
cfe89987,1,credit_card,1,296.073607395861
d2d95f41,1,boleto,11,252.30329430560658
440b77cc,1,boleto,3,229.99549562055603
822287e5,1,credit_card,11,195.53782187327226
64777170,1,credit_card,10,616.632000508105
d3824c39,1,credit_card,3,149.42231411220598
45da0fd5,1,credit_card,3,214.9430682536335
2deb1274,1,credit_card,9,286.778545846336
528176ed,1,credit_card,2,534.3059933991307
3b01c776,1,credit_card,8,524.3797956639637
e9b54e3d,1,boleto,6,83.57920781951536
ff218e35,1,credit_card,10,449.4040708209777
d331aa9e,1,boleto,4,265.7531640841952
140209aa,1,credit_card,4,290.01722419094506
0ec9b4c6,1,credit_card,11,137.31351243344764
355e8f68,1,credit_card,5,37.52902943885228
c53f00ca,1,boleto,9,389.29537136787474
0259942b,1,credit_card,10,367.3636503450991
3a2977ec,1,credit_card,6,344.8961328438604
289ddbed,1,credit_card,2,413.36439207266915
8e40478f,1,credit_card,7,295.5014636040583
be0530c6,1,boleto,4,343.712374704098
af6b3bfa,1,credit_card,10,342.85596889274075
e0fb1c63,1,credit_card,11,315.70807939220975
c9576490,1,voucher,3,57.67114243972655
afd75596,1,credit_card,7,427.8668528891725
3f41f493,1,credit_card,6,393.95658829356324
9bf2ec44,1,credit_card,3,410.09458064957903
193b7304,1,voucher,11,308.3740834072336
5fdcbd92,1,credit_card,11,399.268775116373
f266697f,1,credit_card,8,436.846621473583
2a640f16,1,credit_card,11,143.58445637503053
c074ff9e,1,credit_card,1,305.04019525990986
b0e96c3a,1,credit_card,9,169.85502109947706
d3c9c7e2,1,voucher,11,314.71598745942254
ca302679,1,credit_card,4,375.25330074924824
3072e13c,1,credit_card,4,346.9442016439313
6f0eb5d2,1,credit_card,1,388.4989991076014
b224175f,1,voucher,1,504.58933523434433
8df886c8,1,credit_card,1,300.42086100484556
4cb5f6a1,1,credit_card,6,126.85774560901169
1838edf0,1,credit_card,5,275.0577515948189
4d7ff1fc,1,credit_card,9,104.73577180472523
391aceba,1,boleto,5,394.54147870812733
bcabbb69,1,debit_card,10,295.6715409469807
80e7e933,1,boleto,5,234.45581697687223
49de9046,1,boleto,11,238.1018265445552
6cebef35,1,boleto,4,491.70653180322415
d03845b0,1,credit_card,1,286.30032577526174
1ae219d0,1,voucher,9,128.79455101060006
230bc909,1,voucher,2,334.4747123587724
8fc0e466,1,debit_card,10,259.0570910600232
fec201a8,1,credit_card,9,158.98751301012274
a3fb6ca5,1,credit_card,3,478.60867788462394
ec55622e,1,credit_card,7,85.01438833829455
27072f6e,1,boleto,7,478.02308220225234
135d700b,1,credit_card,11,147.778608739168
19c4a725,1,boleto,7,76.1711672584096
92a6fcaf,1,credit_card,10,643.3546699986463
11a119a7,1,debit_card,8,348.0615285759136
f14d1da9,1,credit_card,6,212.65935643682408
8aba632a,1,boleto,1,446.60398817793947
b9dcab89,1,credit_card,7,291.58015747766257
60bc83bc,1,credit_card,5,289.28141009774237
9860a573,1,credit_card,9,348.08661439505056
5d507ca8,1,credit_card,7,174.95672174894182
fbc764f6,1,boleto,3,69.28453403196302
052c84df,1,credit_card,1,311.2094882509836
f672141b,1,voucher,3,120.13690480394347
c444a5a8,1,credit_card,6,602.7304606741274
40bdcbed,1,credit_card,8,75.83818020296003
f409e6ad,1,credit_card,9,273.1107614021947
25297848,1,credit_card,2,50.02841282257265
6c883239,1,credit_card,7,129.80078641926477
9a1997ec,1,credit_card,3,414.4125720751009
ef95622e,1,boleto,9,490.0491346919498
ab0a6c00,1,credit_card,10,293.54132332181587
365f6407,1,voucher,1,407.73933850473384
a52fdf06,1,boleto,8,283.76751732049684
70b8e804,1,credit_card,7,142.55448718498104
7a06d160,1,boleto,1,427.3822504344528
8ac3b67d,1,credit_card,7,595.040551199757
eaa2bd2a,1,credit_card,1,185.56506031988806
41027039,1,credit_card,8,429.5706806872492
873fb999,1,credit_card,4,143.53091374016373
e3459407,1,credit_card,7,127.73446763883632
b5bc3d49,1,boleto,6,527.2066326131876
a4445f3e,1,credit_card,1,376.2508530438691
e6f6ea90,1,credit_card,8,369.7103428340649
287da997,1,debit_card,11,438.94560163600016
0ab703b3,1,credit_card,5,259.13434313263735
0fbc1a9e,1,credit_card,7,484.5368510073476
1c8396e4,1,credit_card,1,259.4217363934452
7e9aeac8,1,boleto,10,570.3943290573449
4efba0e3,1,credit_card,8,814.796257901772
a01db53d,1,credit_card,5,446.92059118230236
c5c6f2f1,1,voucher,8,147.25884965726902
31310434,1,credit_card,2,264.0149846058932
8026836f,1,credit_card,2,64.3363967543678
dcaa15e8,1,voucher,9,976.7442499999518
e79d4a0d,1,boleto,7,328.3494323673758
370097e3,1,credit_card,6,336.0296689097792
631a64e4,1,voucher,3,542.292048358517
0f2df847,1,credit_card,2,323.296000098606
ca03aa93,1,voucher,6,81.43575249965289
52a129ab,1,credit_card,9,1100.0136557182498
4bfc11a9,1,credit_card,4,362.60600036669786
947e28b3,1,voucher,9,325.7281558955363
f52d39ec,1,boleto,11,339.047452694302
a194b112,1,credit_card,11,597.6359610583189
23cff6cd,1,boleto,5,457.1793454773353
b03cbc98,1,credit_card,9,228.67049417192348
dbf3ff02,1,credit_card,11,494.2882953943955
cc784b2f,1,credit_card,1,416.36330049016976
bb81eb7e,1,credit_card,1,246.23552293419226
bb508682,1,credit_card,7,914.1488134471286
477d0588,1,credit_card,9,320.3614446210776
5023c715,1,credit_card,3,330.73452533908073
9c735ddd,1,boleto,10,372.9499823737757
43db12a7,1,credit_card,6,98.38583933230043
e638aad5,1,credit_card,3,510.00745816336087
c1860593,1,credit_card,4,106.21922910286241
47f970da,1,boleto,1,472.18026098903647
ad2e69b9,1,boleto,1,111.41338404907103
534c5771,1,credit_card,10,449.96597486298947
2eafb3b6,1,credit_card,9,238.6550288890618
7d1c7e5a,1,credit_card,3,406.8369652627149
a1cba94c,1,credit_card,11,651.2889284161885
7aa5b2a2,1,credit_card,11,215.27938775654272
10695e55,1,credit_card,3,298.7819036450913
609f2a07,1,credit_card,7,379.046860642762
291480bc,1,credit_card,9,412.0663798614388
8f62ff5f,1,credit_card,6,486.8301686558141
00c6bb9d,1,credit_card,5,1106.5253945065147
a090f2f9,1,credit_card,6,101.58774414955468
290db5ff,1,boleto,3,511.0672137796297
0d1382b6,1,credit_card,5,97.2791659601669
08f292e8,1,debit_card,10,135.30040880582203
712d0604,1,credit_card,7,346.1208638752702
9f303958,1,credit_card,7,336.7743187924337
986f08b0,1,credit_card,7,552.823473041596
bfcb8ff7,1,debit_card,10,134.53088016205234
f9058184,1,credit_card,9,187.96760412341288
6b69b23d,1,credit_card,9,481.57585014849786
46ae8bd2,1,credit_card,6,508.0755620807744
66a017d0,1,credit_card,1,253.74008672570992
94800ceb,1,credit_card,10,386.97064034124827
3d3be939,1,voucher,5,422.40203874292547
b7f3b3a4,1,credit_card,5,498.5300983609002
a5cde84e,1,credit_card,3,494.50939816082257
1a3b0df5,1,debit_card,7,408.6459756609264
497628a8,1,credit_card,8,206.5139003082983
c7f6539d,1,credit_card,11,127.68617921707917
19c11833,1,credit_card,10,460.82144019119175
d9f0b643,1,credit_card,2,187.82923294329174
7766a600,1,debit_card,6,484.6858866266756
7a72503d,1,credit_card,1,114.35254923611086
cc5de76b,1,credit_card,8,465.99863679752934
8e7b5e59,1,credit_card,6,267.5891247839449
b6f4bf99,1,voucher,11,443.8903255376571
1fb57489,1,voucher,11,408.58114418150666
da584ea7,1,boleto,11,944.660548470139
a964cd4f,1,credit_card,6,220.44799872294038
e2166b56,1,credit_card,1,705.3563765383553
51f1b020,1,credit_card,1,971.7160465144962
ca725e5c,1,credit_card,11,434.23901389019125
dc164161,1,credit_card,6,164.9677028083829
e73cca83,1,credit_card,9,460.64751524306087
2ebf240b,1,credit_card,1,191.14739746947302
bd82fc0a,1,boleto,4,748.8012934809841
c0ba91a9,1,credit_card,9,723.2402891340512
9d064fd1,1,credit_card,10,563.3378498360479
a12a12b2,1,credit_card,1,497.6950119094722
04952d5f,1,credit_card,7,402.94395039788736
b535b29d,1,credit_card,4,62.31902953603016
1f6f293e,1,credit_card,2,517.3752604157269
67cebe56,1,credit_card,8,192.76217787058397
69df21a7,1,credit_card,2,253.20604657145884
0b582f7e,1,credit_card,7,185.98209651407038
fae781c8,1,credit_card,11,486.11811915916104
107691f6,1,credit_card,5,444.6112736842724
cb4b2e98,1,credit_card,8,429.9808670555413
e0f1bdc1,1,credit_card,2,76.4692229639812
c5800432,1,credit_card,1,378.4096986769265
1bc0f808,1,boleto,10,82.19580095905634
fa19b517,1,credit_card,8,143.21027987290185
419327b1,1,credit_card,4,518.5789805064513
786ec6f9,1,credit_card,1,426.3268724961314
5de7e20d,1,boleto,5,136.31035729108746
9ea39a25,1,credit_card,5,346.7740808773526
eed7effe,1,credit_card,7,471.4102875281841
189a504a,1,boleto,5,393.79034146632296
6a4f7866,1,credit_card,4,357.7512437769956
fa7a0ec4,1,credit_card,7,205.57220807315338
60a820fb,1,debit_card,7,293.73737875316203
fcd03a34,1,credit_card,9,441.28914906008595
88aef706,1,credit_card,8,204.461955990923
ce4af244,1,credit_card,1,265.91881399446214
f6f4672d,1,credit_card,10,824.4033620378923
da77bec9,1,credit_card,9,486.9994738441204
f7de7853,1,credit_card,8,406.0486699414153
392d210a,1,credit_card,2,103.06711231639528
5a6a03a9,1,credit_card,2,421.0047280369629
a046ed98,1,boleto,4,210.8721575182114
353c9ac2,1,credit_card,4,134.79690411407097
abacc2ca,1,boleto,9,599.8569794878381
9cc1aca8,1,credit_card,5,469.0350978013362
cea32e34,1,credit_card,7,578.087889287125
1130332a,1,boleto,6,121.46965191463508
1bcce1e9,1,credit_card,3,788.8671093995913
496679ff,1,boleto,4,284.616029742221
2bdf1831,1,credit_card,11,861.8190869725386
92bd28f5,1,credit_card,3,115.80378057091858
46eda229,1,boleto,3,400.32200047544404
226cbd6f,1,credit_card,3,120.04718101637738
263a4fb7,1,credit_card,8,497.6387111988806
cf06d43f,1,credit_card,7,116.0746566481772
e61b6019,1,credit_card,1,65.96169631478597
2a79b504,1,credit_card,3,394.8641297788544
1dfe1b22,1,boleto,10,398.62819879925735
09bf29d2,1,credit_card,11,314.8892649578847
914270f4,1,credit_card,11,116.03225370727677
40b2f623,1,credit_card,8,599.0177174149145
06474fb6,1,credit_card,2,293.23169056316084
689cb432,1,boleto,10,425.19999321247786
35c4923f,1,debit_card,11,478.23210806118243
3709f8ea,1,credit_card,3,663.031426075126
18667458,1,credit_card,4,371.72163069638026
20b28d84,1,credit_card,5,66.20199512965073
001d5e91,1,credit_card,9,218.91349494345857
1516dda0,1,boleto,2,700.496437269963
4a6ddf93,1,credit_card,11,113.64788392323123
3a9c4698,1,credit_card,10,410.40675314257646
165db97a,1,credit_card,5,325.40474337505736
18ca28bf,1,credit_card,11,444.5449751208272
7f8e5e75,1,credit_card,10,314.42662048417475
97dbbc27,1,credit_card,4,167.14407845752078
9739f063,1,credit_card,9,401.43855014904
1e3d0bd7,1,credit_card,11,340.8608086069479
a85649ab,1,credit_card,11,228.3094370798997
72656976,1,debit_card,4,64.80421944134218
104d9c76,1,credit_card,11,791.6242461236575
e84b5490,1,credit_card,6,937.6593462344076
c41970c5,1,credit_card,5,406.39374630955047
39432a4a,1,credit_card,5,347.0700664838483
76235298,1,voucher,1,143.95039002978152
fd6268c5,1,credit_card,7,365.7926648436229
cf263d3f,1,boleto,9,256.3882900064802
635e5181,1,debit_card,7,503.90446564996387
9d69ba78,1,credit_card,9,219.50989231526526
2452ec9d,1,credit_card,9,323.2728402023033
4f0d44ee,1,credit_card,1,292.5043872901788
a6838fdb,1,credit_card,8,381.70297877421046
90258011,1,credit_card,9,446.39861508046755
e655a034,1,credit_card,1,400.53069324760503
b147f962,1,credit_card,5,359.97231188387417
9bc26d04,1,credit_card,4,420.40954152202875
9e49999d,1,credit_card,2,291.336081235046
8389e550,1,credit_card,10,1140.38392655619
d6bbda30,1,credit_card,11,531.3763364369646
b36a5a31,1,credit_card,11,355.0873789909062
8f21bb8b,1,credit_card,1,490.9896125825139
d298fc83,1,credit_card,1,439.36047886105996
a2d3ef43,1,credit_card,5,750.9399012564695
218dbe65,1,credit_card,1,100.06638213828242
75b8c8e1,1,credit_card,5,300.58995315008156
822396aa,1,debit_card,11,501.4056282079424
2a8f6f7a,1,credit_card,9,288.99138553359717
f5ae8b42,1,credit_card,4,705.2122981433331
9a9b0e41,1,credit_card,9,371.59081265487555
f8957f42,1,credit_card,5,466.5441082808957
6ea2acc7,1,credit_card,6,226.71681098315997
034635e3,1,credit_card,9,406.5800648608015
baa66814,1,boleto,11,176.6401299061029
20bfc963,1,voucher,4,82.13453811665178
c5e242ae,1,boleto,10,450.2971570787877
e97c3492,1,credit_card,1,333.3926087903143
7e5dd072,1,credit_card,7,432.43863171131574
60164459,1,credit_card,11,349.26591126996266
d2b6ccca,1,credit_card,10,814.4286803546839
f7c6f9bc,1,credit_card,10,411.2367005337419
c8f975f2,1,credit_card,2,452.3089364641002
91563854,1,boleto,4,400.0309917115393
14472add,1,credit_card,7,219.0517750361644
780417d6,1,credit_card,3,705.1246502526129
ed4f7fad,1,credit_card,10,276.5756079648364
7b8ae15b,1,credit_card,4,139.62537007174916
950290b8,1,credit_card,11,429.2829006547431
a3ad01f2,1,credit_card,4,66.6991550635211
b975434a,1,credit_card,1,604.9217980367578
2b92ea1e,1,credit_card,1,500.3556833468694
5692487a,1,voucher,3,68.34272982585946
b8c9de32,1,boleto,2,43.97402467445467
e90b5a73,1,credit_card,8,431.65269655938783
ca400272,1,credit_card,3,104.26658549944531
a7ab20d2,1,credit_card,5,286.6158465071859
aa25efa5,1,boleto,11,114.67466467721894
4c17480d,1,credit_card,3,234.37560540270968
bec472ee,1,credit_card,3,146.11245081202475
c9db0884,1,credit_card,3,596.1732736261628
80629052,1,boleto,4,493.08393108467436
ee64e5e8,1,credit_card,2,772.8159108667371
40a2af3f,1,credit_card,4,215.75576352333277
486fa33f,1,credit_card,9,74.64594139582385
13aa32fb,1,credit_card,9,214.75229214115967
1c0d8ca2,1,credit_card,9,429.55481022701235
0ad06531,1,credit_card,2,241.27055181355254
56f8cd89,1,boleto,1,396.98311936428377
5d63f799,1,debit_card,6,238.80680605566687
971fdeff,1,credit_card,2,272.37043581962126
c22e21c0,1,credit_card,4,392.6472517734625
eff17702,1,credit_card,10,282.73795373127854
ca2bd7c3,1,credit_card,9,463.98392826814415
8e008412,1,debit_card,10,394.7685094258411
a9c49200,1,credit_card,5,268.1820649889548
e000199a,1,credit_card,5,595.5029096788164
15ba79f0,1,boleto,7,398.11065619088333
f4e1ac5e,1,credit_card,3,272.83077215169124
423b0999,1,credit_card,3,258.9114137520784
31dbbfe5,1,boleto,1,505.7283930672705
b5aeb415,1,debit_card,4,136.90520958665118
12e49d77,1,boleto,11,138.7966808626851
e56fe817,1,credit_card,3,393.47547178043203
38b8e8fb,1,credit_card,4,293.06446615871687
05e8e892,1,boleto,10,538.2613253963311
b1104773,1,credit_card,1,331.6818358689468
29d38a6d,1,credit_card,4,623.5648501795423
3391cdb8,1,credit_card,4,89.80136988045763
2e4f0fcc,1,credit_card,11,89.12270874320627
82a5e0dd,1,credit_card,5,373.2160832125466
2709b20b,1,credit_card,1,460.5790766441983
98658814,1,boleto,9,345.76373554422383
5ff75dda,1,boleto,1,122.38370056041337
e554d427,1,boleto,11,495.5934725210278
f4f9a6f6,1,debit_card,6,249.6074817788619
13e41a33,1,voucher,10,245.84097399446796
da444c89,1,credit_card,5,891.4837565658482
9cca15ff,1,credit_card,10,136.96894108551635
94edcc29,1,credit_card,3,220.1062607966977
a08cb457,1,credit_card,7,381.27949941186364
d729a0f8,1,credit_card,4,621.4258885356302
3c17f024,1,credit_card,3,122.502856890304
0ac83fe9,1,credit_card,7,363.26765592404945
4813a267,1,credit_card,9,349.5165967142396
ceb30dbc,1,credit_card,8,78.92389613287222
c701b58a,1,credit_card,8,497.6782847343789
305fe0ba,1,credit_card,11,320.8942829711329
f47246b0,1,credit_card,9,1272.2181481263929
963abcba,1,credit_card,8,336.6374691445803
920cc397,1,credit_card,10,546.3309171697844
43e8f0dd,1,credit_card,10,833.9068767380408
93188792,1,credit_card,6,443.1423102008615
16149044,1,credit_card,10,379.99032426324715
9973fa64,1,credit_card,8,219.89941378379257
ebd7665d,1,credit_card,8,290.25220368458
9248b6f2,1,credit_card,1,269.51490020270387
9a5c1db7,1,boleto,7,281.26588841794717
359c1e03,1,credit_card,8,451.2329386673647
ceea405c,1,boleto,11,55.81818228073049
cc9a74f0,1,voucher,6,471.1211323576452
dcbba0ff,1,credit_card,5,428.6439109156371
aeb9be3f,1,credit_card,2,422.7189764526137
160a8cf1,1,debit_card,9,476.9321032128871
1781a433,1,credit_card,5,287.342807816263
5c3ed871,1,boleto,11,519.2087790481669
581716b5,1,credit_card,10,195.00091704521836
28cdd8e2,1,credit_card,7,364.3387173642068
81a4b142,1,credit_card,4,295.6774686627784
c192cf8e,1,credit_card,5,465.10936950567094
25959d43,1,credit_card,7,163.71880223119558
2b304556,1,credit_card,4,435.46282292648175
aafed61a,1,credit_card,11,241.71634017300974
e27eca9c,1,credit_card,1,90.25808874868508
780c6d80,1,credit_card,9,298.66789046055186
19103bed,1,credit_card,3,228.89050399411258
55e70f31,1,credit_card,10,327.93388274427554
ea3936c5,1,credit_card,3,374.0020576562249
6b706abd,1,boleto,6,939.6510223625506
9ef7c6ba,1,credit_card,11,163.8999173675794
53783b2d,1,boleto,6,378.2585526832089
16b6bc6f,1,boleto,4,663.659486868988
72c05ca7,1,credit_card,3,208.47016197639542
4bc68ebe,1,boleto,4,240.5768773348171
8bcc4575,1,credit_card,11,544.8438493185563
42393f18,1,credit_card,1,413.62786014814
ac79a2e6,1,credit_card,6,238.19619804350236
79346636,1,credit_card,5,447.0402012239736
aab1b964,1,debit_card,11,103.675176258236
881177d0,1,credit_card,6,75.95154557350136
b0e7ef8a,1,credit_card,2,399.75322567986296
3ddd0acd,1,credit_card,4,694.5997905765109
dc670358,1,credit_card,4,507.31355441343
0b8c9c2a,1,credit_card,3,504.8045876622432
031f2388,1,credit_card,3,189.77272179952573
b744c9ea,1,credit_card,9,317.96167016139304
b642b816,1,credit_card,9,512.9846748493756
75b5e487,1,credit_card,10,415.34275016918417
a1e616c1,1,credit_card,10,100.12397104051615
5e6801c4,1,credit_card,4,209.70007610454678
620b880f,1,credit_card,11,849.7795900869551
a1040a87,1,voucher,1,100.8433414512091
816eac61,1,credit_card,9,316.100941555424
4cb2cda3,1,credit_card,9,178.87813203669154
3097ebb1,1,credit_card,11,396.01051805685887
24d879e7,1,voucher,8,250.1520816565177
4e5b2bca,1,credit_card,10,329.17337113604844
368253ba,1,credit_card,5,387.08573926336584
0c4ff26f,1,credit_card,7,509.38070285538976
2995d817,1,credit_card,10,452.1975031250233
9d484ea0,1,credit_card,6,543.7697900365471
eb8cd663,1,credit_card,6,155.94125576287027
f918f0ac,1,credit_card,11,437.63672368774917
f011e38a,1,credit_card,5,131.2583012360633
079e48bd,1,credit_card,8,146.2888598834809
4fd335d0,1,credit_card,1,480.9933088822885
a5a1ba49,1,credit_card,4,389.0228161402145
ed657dc0,1,credit_card,2,323.0038619298453
6a9e58f7,1,credit_card,9,627.8837152684223
11d48d38,1,credit_card,3,208.4612943762441
343cedad,1,debit_card,4,185.57654364222932
b98908c7,1,boleto,9,334.98827869128684
9440a501,1,boleto,11,34.57540991586528
ae664c6e,1,credit_card,10,406.49067799458373
07154b1b,1,credit_card,8,308.2241428012083
31839cce,1,credit_card,9,184.75695180889508
b96c3f82,1,credit_card,9,294.6269048624546
2efb2fb1,1,credit_card,1,267.9404261910133
cd0eb920,1,credit_card,2,70.04146652764621
28386084,1,credit_card,9,1080.9899517573335
97ef732f,1,credit_card,11,346.3749236953292
49f35f0d,1,credit_card,6,438.79939423438213
f176f411,1,credit_card,6,232.80212516051384
45ac69e9,1,debit_card,1,98.85535336637165
39b5ffca,1,boleto,2,648.4702870713131
f7db9906,1,credit_card,7,100.72359707805921
26a12404,1,voucher,11,90.69328759981633
14fdce28,1,credit_card,2,214.14094167381515
9195ea9b,1,credit_card,4,46.642982195168386
b2736595,1,credit_card,3,451.92130206943415
55d1cf7e,1,credit_card,7,398.480003171967
da27aaf0,1,credit_card,5,1329.3753461603367
7e26e56c,1,credit_card,8,291.2203355659954
1c334165,1,credit_card,9,132.36278556192872
35343375,1,credit_card,11,491.52613874558546
3594b69d,1,credit_card,5,851.9482988459205
74d7260f,1,credit_card,10,454.07609687640166
3d7f2ec1,1,boleto,6,267.01135206114157
ba6a5932,1,credit_card,5,392.68531191817243
a4a0c044,1,boleto,6,93.58416689489165
ac4ef416,1,credit_card,10,433.5806214424817
1dec48b4,1,boleto,3,59.74252438861588
43cdb534,1,credit_card,4,53.855004069199204
ec2938bb,1,credit_card,8,196.88811855220402
6b5fe770,1,credit_card,3,64.42738788055921
fb5bc783,1,credit_card,7,482.6132445620452
8de7f0a2,1,debit_card,1,288.48599811979125
4ab9c3aa,1,credit_card,10,506.4489534939245
c620c4f4,1,credit_card,11,445.4557607621914
4418e16b,1,credit_card,9,516.4570965938786
0bd715ff,1,credit_card,5,250.8493811769054
f895a06d,1,credit_card,6,494.37904082682496
09eb029d,1,credit_card,1,297.56548653684536
33b6bc76,1,credit_card,1,504.0183704031448
abe8001a,1,boleto,8,190.79171797826967
9d86f624,1,boleto,9,244.30144658130175
2d450640,1,boleto,4,369.1879880145443
a307270c,1,credit_card,8,967.1380680072479
354dd928,1,credit_card,11,548.4233495156177
df54eda1,1,credit_card,11,843.0784094773242
2ff02a85,1,credit_card,5,454.8174787548228
466556cb,1,credit_card,10,670.102231003171
194b779b,1,credit_card,9,492.59411351396886
598d65f2,1,credit_card,5,260.22589214346925
18d4317f,1,credit_card,11,305.59317776326606
97109b28,1,credit_card,1,965.369624634971
1f449d7c,1,credit_card,1,275.7720804089289
9e9bbaaa,1,credit_card,6,710.4618411383757
6071ddf0,1,credit_card,7,414.7621740405469
db04a8ec,1,credit_card,10,115.6087297338252
a5d9e84b,1,boleto,9,716.1483037884245
0fc0fe3b,1,credit_card,2,556.8915763199957
9db81371,1,voucher,3,69.98289904844194
50d43c76,1,credit_card,1,325.02153922997445
39cb1273,1,credit_card,9,368.3463305589637
2401e29c,1,credit_card,1,507.44686510892143
bee6f3d8,1,credit_card,6,564.1287945741176
ca23b32b,1,credit_card,2,878.7904232001653
f74ea28a,1,boleto,10,418.89012797538373
a00ecd04,1,credit_card,1,720.3816903534295
de33e938,1,credit_card,2,594.7097477808703
9533cf43,1,credit_card,7,195.33347279860536
31b79072,1,boleto,7,336.92568381442663
b41523d7,1,boleto,7,564.4833637342936
d35cab7e,1,voucher,9,213.8323418959082
6e83b15e,1,boleto,7,901.6904657377584
99dcfff2,1,credit_card,1,448.28805127473885
746ae82e,1,credit_card,11,466.70046752647016
bcd6c85f,1,credit_card,3,91.14756459999406
338fed29,1,credit_card,3,516.1599109851629
a8084307,1,boleto,7,56.97229517979189
7c58a323,1,credit_card,11,108.09149682970202
ea73c10b,1,boleto,9,438.25645002260006
fcace159,1,credit_card,8,532.2047766005818
5fb32294,1,credit_card,7,122.70861134081241
22cbce4e,1,boleto,6,297.4566584274699
9c1d6aa6,1,boleto,1,361.43428129952343
3eddbdd6,1,credit_card,8,329.682803246446
0d645a64,1,boleto,6,214.55116425256904
bd654709,1,credit_card,2,44.07661894247909
6c3937f0,1,credit_card,11,442.5221062800158
82d388d4,1,credit_card,6,273.7301054102
3b173537,1,credit_card,6,414.914848713445
454caa94,1,voucher,7,450.26105946560614
82fdfa57,1,credit_card,9,404.2588485435082
257a3ade,1,voucher,6,210.65109280115857
bcfe037d,1,credit_card,3,482.5374394313271
274a0d59,1,credit_card,8,503.6437191886728
3b160b04,1,boleto,5,232.00446986623194
4d4e21cd,1,credit_card,11,149.59740930173334
111a24f6,1,credit_card,1,145.736776960998
2e9ff67b,1,boleto,7,741.8534287039993
648e0061,1,credit_card,8,595.3748105374455
e7fd26cc,1,debit_card,11,261.16571047916796
52887b8d,1,credit_card,2,177.76076328898438
a8c56fee,1,credit_card,8,387.00646369941074
8b6db6fe,1,credit_card,2,358.0407575131455
6e125ba8,1,credit_card,9,463.5502135282638
1aa41a61,1,debit_card,3,483.42259082444025
ba0b4139,1,voucher,4,294.5731602099082
ba1c272a,1,credit_card,11,267.64201641401127
6cc058e7,1,credit_card,8,370.02236096545994
76905844,1,credit_card,11,263.07513884798414
58a0cbea,1,credit_card,9,118.87706439893238
2e685d20,1,voucher,9,230.33771780451187
c91e53e6,1,credit_card,8,390.49830670499637
b81cd084,1,credit_card,3,422.17713320661676
70373e5b,1,credit_card,7,291.71672633917603
bfd4e93c,1,credit_card,4,415.14328134319175
7b3a7c89,1,credit_card,2,214.90851772347392
7cb54765,1,credit_card,8,131.54826053021657
0f0c8f01,1,voucher,11,177.68329099961375
b411ea8e,1,credit_card,5,645.9719076695706
4c8972d9,1,credit_card,10,192.77721563217642
b8dd61e5,1,boleto,4,202.52319485520314
7ac8c3ce,1,credit_card,4,64.25295274960227
a04d7ffd,1,credit_card,3,175.57397309119406
cd3ca334,1,credit_card,5,65.42313285467986
17bff8f1,1,credit_card,8,290.1747802953991
0db26522,1,credit_card,7,297.1368464990667
fb528fb4,1,debit_card,9,505.8140666495607
fd897fb2,1,credit_card,5,494.19242308547103
ca04b90c,1,credit_card,10,761.0148203215223
0e2d8046,1,credit_card,5,463.0156472097125
ed0a6acc,1,credit_card,4,239.73825328939247
5c9c116d,1,credit_card,2,298.95690733674564
114654b9,1,credit_card,2,60.993882520633406
7658bad8,1,boleto,3,344.86722774181595
b0d49fef,1,credit_card,4,271.2813826970906
0d2a3ef3,1,credit_card,11,462.8864412095605
b67fbc65,1,boleto,5,396.0048091553
191c9b61,1,credit_card,2,114.83987168928306
af1e0644,1,credit_card,9,147.764439318454
b5fded8f,1,boleto,5,348.03318205261024
498e696c,1,credit_card,4,159.42087874726855
08b31eb6,1,credit_card,7,216.04651400063443
e8759f24,1,credit_card,10,622.7093430707736
e5de2894,1,credit_card,4,277.2764974561237
955a44d2,1,credit_card,8,461.8029432703378
47008606,1,credit_card,7,214.19746865120388
7d9dd332,1,voucher,2,724.7904831549043
d1c81135,1,credit_card,3,238.75041031412962
26c57596,1,credit_card,8,292.89969091250873
740e5720,1,credit_card,8,110.84050010170705
fb41d5b0,1,credit_card,1,449.8204579170312
f6ad007d,1,credit_card,3,260.2879195510483
a16f07a8,1,credit_card,7,600.6972652122511
74d03edc,1,credit_card,9,183.50518915005566
153b5dd1,1,boleto,6,247.62761613509298
976c6e83,1,credit_card,2,404.7417474137767
5a758a23,1,credit_card,9,257.2688302553857
11cbc2e9,1,credit_card,1,388.92402791812134
57444785,1,credit_card,7,108.86934473459993
fdc4889b,1,credit_card,3,524.2624629332507
99b390b6,1,credit_card,3,88.49928731411131
7092f7f3,1,credit_card,8,381.4852450950864
c03b351d,1,credit_card,6,207.4176420455428
239d7ff1,1,boleto,5,61.41625924667028
b1469a19,1,credit_card,11,69.69264981458315
6a23852e,1,credit_card,7,351.05280447298674
6cf4d726,1,credit_card,11,396.435200788848
ba20766d,1,credit_card,4,105.07536321186842
fcdcaa76,1,credit_card,3,319.7854947346263
a8067fde,1,voucher,7,209.96248956305013
178faa1e,1,credit_card,10,384.54953479097816
4f937e69,1,debit_card,8,596.6478994627321
6c5decf4,1,debit_card,2,196.7663560581529
d158b7b1,1,credit_card,4,260.09066876137155
0b6110cc,1,credit_card,1,620.3589449987994
845c4b05,1,credit_card,11,116.22699762127617
b4d47335,1,credit_card,6,243.33934245260002
428eaec5,1,debit_card,11,670.4141797127951
d5d4963c,1,credit_card,6,426.45547570113666
cda0d4b7,1,boleto,11,201.25652743687175
a6ddd255,1,credit_card,3,191.8509973236697
a5a5c216,1,credit_card,1,690.8547671323703
eaed92eb,1,credit_card,6,153.40551302890887
22826057,1,credit_card,11,118.59412124312811
8746e31d,1,credit_card,5,70.65079995328327
48a4ad4b,1,boleto,3,128.57174625656958
2bfb5f53,1,credit_card,7,387.44387316672027
463cedf9,1,boleto,7,85.92655105715303
166b8d22,1,credit_card,8,158.9084357250918
211761be,1,voucher,4,278.6792628776322
40f6d13d,1,credit_card,11,483.5538730587998
f380aad1,1,boleto,9,595.4953252167919
193f10a6,1,credit_card,8,229.34992310632714
bd96d038,1,credit_card,1,522.2962127735409
356d2d1b,1,boleto,11,292.6577966397835
ea851f58,1,credit_card,9,157.9565263347181
cfa8e681,1,credit_card,4,92.47400721324823
4d79fea6,1,credit_card,6,341.9269517881596
87c0cc42,1,credit_card,3,204.1764062488661
8b18e10b,1,credit_card,11,284.58017257672435
b324a67b,1,credit_card,4,101.7469090197037
e4325a42,1,credit_card,9,793.843110627353
5c14e42a,1,credit_card,8,425.3873750110728
46420ce4,1,credit_card,7,228.10485133340694
38a494ed,1,credit_card,8,361.6141216988499
0b7cd337,1,credit_card,6,258.7136757577163
ea40bbe8,1,credit_card,11,540.3868693268815
662f1c2d,1,credit_card,8,61.56831227398563
657286f9,1,voucher,11,479.10901285794534
fc7f461d,1,voucher,2,393.1486668325991
0d7a9f51,1,credit_card,5,361.634711888566
a6381d46,1,credit_card,1,221.8900378406261
8b17b37a,1,credit_card,1,319.80247484280505
8aafc1b0,1,credit_card,8,749.514511994543
9d1b666d,1,credit_card,7,545.673368197025
3b4d4914,1,credit_card,9,142.5230723093186
cfa32015,1,boleto,10,926.3801541412038
0b5a82bc,1,credit_card,11,713.418945090461
701d477a,1,credit_card,3,292.5649373084066
8c652b13,1,credit_card,3,256.24492771258434
261a6351,1,credit_card,11,145.14847112752597
900ea366,1,credit_card,10,639.2606420987322
37d72e58,1,credit_card,1,406.7403345563582
75dea473,1,boleto,5,65.95818466328504
61f46684,1,credit_card,11,370.2222378665639
a7eff667,1,voucher,8,224.06196239777432
0e705b9c,1,boleto,9,386.52297231326173
2bdb56c5,1,credit_card,4,463.06833431169645
d68bc7c5,1,credit_card,7,441.730331800085
c455c7cb,1,credit_card,6,569.2764873145029
e384bfb2,1,boleto,10,441.916375520384
88c6fb1d,1,voucher,11,134.71702174562458
182ba203,1,credit_card,4,86.86004040117592
46207898,1,credit_card,3,36.28784379096901
dabf142b,1,boleto,7,868.175722679629
210ecbe8,1,credit_card,7,176.9069299806461
1cf24ee5,1,credit_card,5,421.5848710129025
69048f9c,1,debit_card,7,430.3256993881967
1c823814,1,voucher,9,605.8671223469106
929604dc,1,boleto,6,355.52640177741176
0d25f6ca,1,credit_card,10,208.11205869063193
b2ab662d,1,credit_card,11,127.40124474303434
b73e5f78,1,credit_card,5,214.97502490473266
167555c4,1,credit_card,2,448.184587240008
4d83496f,1,credit_card,11,1243.6509182487882
80d563c7,1,credit_card,9,224.0005466779638
f9a8c09b,1,boleto,5,432.6410688978971
2adc7bb5,1,boleto,2,276.35020094666413
666cd1fd,1,credit_card,1,124.09694378544651
1d489830,1,credit_card,8,419.8749913168861
1b3f6101,1,voucher,4,100.56454304883957
4dacd195,1,credit_card,6,93.97081011653722
2ae4a0b9,1,credit_card,7,185.71479770979855
e073022f,1,credit_card,4,327.8484957870003
5d3393e7,1,boleto,7,518.4231309682888
6393ffa4,1,voucher,2,336.13708545406894
24e7a63c,1,credit_card,5,116.25355990012275
664b52f2,1,credit_card,6,358.679649529304
27331968,1,credit_card,2,164.8338818241712
5f664430,1,credit_card,2,243.08428524006493
c29f95c2,1,credit_card,3,234.66217350454107
eb947ece,1,credit_card,7,304.06127405568304
58e94342,1,debit_card,11,424.1958206599393
833baef0,1,credit_card,4,198.26397880311498
97495d30,1,credit_card,8,340.3477411125531
e90becea,1,credit_card,4,189.53056561443705
96dde1c2,1,debit_card,1,300.7937552204804
6d00aa88,1,credit_card,2,525.9291399425264
39eede93,1,credit_card,8,480.29563556582724
47b0bd75,1,credit_card,9,386.87432797940994
eb4bcfbc,1,boleto,2,111.46033285749328
d9f47dab,1,boleto,3,473.72271678915644
4cc70fd0,1,debit_card,7,275.0247114623642
62baad1e,1,voucher,1,223.33439864387572
a170c4fe,1,voucher,7,210.93043101107975
787fff55,1,credit_card,10,330.2099621682857
7679a198,1,credit_card,1,348.47504630504557
752c7e66,1,credit_card,7,128.87655121731765
53aa867c,1,boleto,7,187.4509125213499
bd73904e,1,credit_card,11,411.7935671595539
0363bf51,1,credit_card,9,1057.3558494737629
53a73c83,1,credit_card,4,401.6826184161546
ffc56237,1,debit_card,4,356.916429529283
9641b499,1,boleto,2,576.0647057905776
e920da8c,1,credit_card,8,339.6888812006918
081144a0,1,credit_card,4,414.01839721018524
0c5f2d2f,1,credit_card,2,384.08378062270594
9836a6df,1,credit_card,5,281.79886930844003
cb6f0c61,1,debit_card,11,268.23267273347324
73fe8ae5,1,credit_card,4,459.2638016452556
295b8a61,1,credit_card,5,67.99968899869923
90d15f2b,1,credit_card,2,118.72962302861734
bab88cec,1,credit_card,9,215.86131235981128
dde67cf7,1,credit_card,4,197.49318490575683
5fe79701,1,credit_card,11,194.6252509582265
5035f8bd,1,debit_card,3,672.0718069714346
b0927fa9,1,credit_card,2,274.66934079166276
fa5d3400,1,credit_card,3,189.5399729960083
9894e3b9,1,credit_card,1,63.829462850948644
c0d10c29,1,credit_card,8,727.3745706507154
b2f3ac33,1,credit_card,8,112.50411208156737
3ee702f9,1,credit_card,1,452.94955767676856
89015c20,1,credit_card,6,194.9438875047509
929ce0ac,1,credit_card,7,48.16816573832098
a772c066,1,credit_card,5,264.95085438337964
a4d2a0c2,1,voucher,1,900.6521143348302
7b625cf9,1,credit_card,11,85.4911705749255
298074c3,1,credit_card,5,113.03425877007933
8edca20d,1,credit_card,10,250.413395319152
49def18b,1,boleto,1,129.33566509334076
1bef0f9a,1,credit_card,8,124.12835603635813
fd18d44a,1,credit_card,10,480.11673398817635
5e9a03f6,1,boleto,11,400.9764516211267
040af677,1,credit_card,7,426.5788669759671
98b340f1,1,credit_card,7,353.5998712124833
5d649478,1,credit_card,2,581.2121737460939
09c7df6a,1,credit_card,11,693.7011071300204
2cff6fe4,1,credit_card,6,508.7118050984043
8d962266,1,credit_card,11,552.822424871057
69910960,1,credit_card,11,479.59397179211413
90bb93b9,1,credit_card,8,334.7363852242998
4a313fb7,1,voucher,1,119.05642140262137
0f3d9368,1,credit_card,8,443.87677667620846
e52de65b,1,credit_card,3,493.3495568588062
19e5eb7c,1,credit_card,11,539.8955618151572
e052b088,1,credit_card,10,340.52530209122517
75b2f3c3,1,debit_card,4,259.8346160417814
127230f4,1,credit_card,8,116.47761076325125
d4c5321e,1,credit_card,7,262.1378423632553
487d3ca7,1,credit_card,4,154.94233300171422
3971522d,1,boleto,5,169.20680461379447
0a694686,1,voucher,5,265.3440731086193
3919b36a,1,credit_card,11,1305.8433827940376
5508fcc4,1,debit_card,10,376.75282371070654
207e0084,1,credit_card,7,486.5930842027968
ce6839ce,1,credit_card,1,91.48448770937102
0c396ff0,1,credit_card,1,473.12377027367086
90c050fc,1,credit_card,8,520.1888500870175
516f37b7,1,credit_card,8,485.2055185710399
f5dab63e,1,credit_card,7,203.51328815816788
ffe1c31c,1,credit_card,5,467.4427180171813
9148e2fc,1,credit_card,10,464.7092240632354
0279bba4,1,boleto,7,471.96337836286506
e1e6601d,1,credit_card,11,738.7994905904808
3e8a9f7b,1,credit_card,8,817.1225233088569
0ac654cd,1,credit_card,8,372.1146232922461
9766e946,1,credit_card,2,479.35489450270506
4f7d0c00,1,credit_card,7,86.90222419611399
b3d22a74,1,credit_card,3,511.7774754698899
58a145ab,1,credit_card,11,376.68406060664046
94a6b6b5,1,voucher,6,396.728744895279
6b1ff77a,1,credit_card,7,254.9239763265398
18b950cd,1,credit_card,1,502.90322784096327
2afd69a8,1,credit_card,2,288.38487619028206
e79cdf2d,1,credit_card,2,123.02288612175843
37fff371,1,credit_card,5,527.6219304837838
df8c3dd3,1,credit_card,5,40.57097892124571
4bc9253f,1,credit_card,8,338.907174964576
a4331ba2,1,credit_card,9,531.2031050117037
929befe6,1,credit_card,7,86.09347296996273
b598f2e6,1,credit_card,1,502.1374597623234
8a949dd9,1,debit_card,3,311.3606481546616
ac3bdd3e,1,credit_card,11,472.1374615045439
e903ef91,1,credit_card,5,526.2920316981629
a3e126db,1,credit_card,3,160.38160717619007
05a73cd2,1,credit_card,11,462.8503864431325
4a1f35ca,1,credit_card,11,421.625239411404
f810d452,1,boleto,5,330.978117226767
c5e3f6ff,1,credit_card,8,388.1786674970729
6ddb2e37,1,voucher,3,152.13784552417027
e8636cea,1,credit_card,9,231.98196742346843
13b2a802,1,credit_card,7,281.55331330183395
d55474b4,1,credit_card,1,526.4902481864642
fd2caf47,1,credit_card,4,448.33211311227734
4efd2f10,1,credit_card,3,213.50659092051833
35855154,1,credit_card,10,495.4032382480309
b0104de7,1,credit_card,1,148.6517585798074
204f840f,1,credit_card,5,119.57646842791
f3337d44,1,credit_card,5,436.52355142526665
4e5c6612,1,credit_card,5,403.4519602240848
1f20ba62,1,debit_card,4,448.4387815521354
72f7f0ba,1,credit_card,7,303.2346497407289
fbd1355e,1,credit_card,6,782.9990044578537
4ac01bd0,1,credit_card,6,374.9822120317059
3985578a,1,credit_card,10,342.1944415438902
ca308584,1,boleto,6,375.83384638868466
42f92990,1,debit_card,4,182.75468427737843
b935bde5,1,credit_card,4,548.1750318758209
7ea9fed2,1,credit_card,8,837.363023443015
6a03a2f4,1,credit_card,3,485.4419191836536
cc8e7832,1,credit_card,7,483.319103460271
d44031d0,1,credit_card,10,394.18017642911127
da524425,1,credit_card,4,493.3441578130947
15edc21a,1,credit_card,3,113.2280672535703
f960b2f2,1,credit_card,10,490.4626486046939
cc6f0785,1,credit_card,2,256.2535582242194
75e11cb0,1,credit_card,1,377.19477883686847
8a5a0b88,1,credit_card,11,463.0736265946316
67cf503c,1,credit_card,11,335.4727260513475
3fdffb84,1,credit_card,3,357.0066119661681
91d80eb7,1,voucher,4,130.83718327067254
0baeab91,1,credit_card,1,237.10955069128883
5480340d,1,credit_card,5,216.99831244701818
7f2d26bf,1,credit_card,9,124.38237696431035
67c3fd54,1,boleto,5,197.8698254338461
1c0e8178,1,credit_card,7,319.8313518058102
4484b4d6,1,credit_card,6,324.02073302184294
7e7a3b7a,1,credit_card,1,403.952996847446
a663ad62,1,credit_card,2,475.8883591305695
b802627e,1,boleto,6,515.823007507884
72932856,1,credit_card,1,342.380730049303
9f4541f0,1,credit_card,8,153.06062572810504
f1ffee06,1,credit_card,4,249.12982234801495
97bb3ecd,1,voucher,1,156.99558574849422
1e7ecbce,1,credit_card,1,469.7475022906581
6e4e984e,1,boleto,9,227.7717602204931
c7dd97b6,1,voucher,10,142.42578291500683
07ce92a3,1,credit_card,10,221.17050353777927
3f681c2e,1,credit_card,9,695.7528276578629
d5a07726,1,credit_card,4,264.41978059855904
a8c97485,1,credit_card,11,284.35995254539137
14dce3d1,1,boleto,8,101.11743051570602
074c7811,1,credit_card,2,302.00639605375784
b89b5ce0,1,debit_card,2,504.53092549100506
0fcada70,1,credit_card,4,454.98118211386355
d117a392,1,credit_card,11,807.4209777911768
aaa606e2,1,credit_card,5,539.882101363898
2b39bd28,1,boleto,1,347.1731379013482
31d28c67,1,debit_card,2,374.8369347738486
f665571a,1,credit_card,5,846.7408704084864
66aaaf51,1,credit_card,4,928.7974372885517
5e6e0c48,1,credit_card,9,198.01829199576278
c60329e8,1,credit_card,9,342.87381800211165
ad21c39a,1,credit_card,6,167.17555925173127
12e2d0b7,1,credit_card,2,196.36540069790925
42b1f8d9,1,boleto,2,82.69539263661977
5ecbb4ca,1,credit_card,4,139.59765431662228
1b954fd3,1,credit_card,8,484.71006591801955
97c267f6,1,credit_card,7,409.171331425288
fe8210de,1,voucher,8,492.32483960392796
139761f2,1,credit_card,8,1131.9548517443602
6bc186c5,1,credit_card,1,794.4715162377081
65c75724,1,credit_card,9,245.84704470364798
dd0e4086,1,boleto,1,398.57870903059825
c2725d91,1,credit_card,11,256.1948005303141
88c511c0,1,credit_card,1,384.40686663099973
4c73a57a,1,debit_card,1,314.72478740575605
11c75786,1,credit_card,9,445.7793674315567
8bb9a8e3,1,credit_card,3,522.2491116539603
97c1701b,1,credit_card,4,530.9762841755668
28e258a2,1,credit_card,7,332.8050332240142
ea09aa67,1,credit_card,11,648.2985617608329
d5b841ce,1,credit_card,10,145.17707724478015
a38246a7,1,debit_card,6,922.4146498762645
5cd2c2e0,1,credit_card,11,194.4060933336331
1827485f,1,credit_card,6,382.6602153598964
9cfb58c7,1,credit_card,9,504.3096911044821
2d8f0c1a,1,debit_card,3,318.8222098220244
35aae577,1,credit_card,5,843.9930289203426
093147e6,1,voucher,3,166.4118057376766
5a9091fc,1,credit_card,11,355.2519555802704
0852f046,1,credit_card,8,399.20726650947586
b557fa6b,1,credit_card,1,978.7970728521461
079a8dfc,1,credit_card,5,179.40948314490274
c9d85832,1,credit_card,11,365.7062822083783
f8edc51b,1,credit_card,10,335.21282521176846
87b0fcda,1,credit_card,6,654.7906491445403
b5f32d34,1,boleto,7,193.94518096962088
1ded9b32,1,credit_card,5,171.06145066260012
ca40d4f9,1,boleto,2,106.22102148534677
7c87529b,1,credit_card,8,486.00149751330076
3a9191e9,1,credit_card,3,464.82628531506083
4a11daf6,1,credit_card,10,279.1916865892582
82efcdef,1,credit_card,9,91.7863903187555
5d7b3e9f,1,credit_card,3,320.8150958659838
34da8b13,1,credit_card,2,153.46461652314446
cd49fa89,1,credit_card,4,707.5386148578945
a58797cf,1,credit_card,2,298.88154062271843
fe2d1f19,1,credit_card,1,228.3664290066229
f04b6eb0,1,credit_card,8,312.53767774683547
4c1202ef,1,credit_card,7,112.69184153029903
99bd9ac1,1,credit_card,9,84.80313855345364
0a26d6ed,1,credit_card,2,51.858873688253354
025ed8b0,1,credit_card,1,265.0619286661181
d50fd0ea,1,credit_card,9,342.4599892324366
afed4c68,1,credit_card,2,167.53697933845197
bec0edc3,1,credit_card,3,380.42211450470813
bb6217b8,1,credit_card,10,210.96109988309928
ec77cba8,1,credit_card,9,149.10647574915424
4ab22eff,1,credit_card,5,349.7628740167074
8dfb407a,1,boleto,2,680.9134926058333
2829d931,1,credit_card,10,304.0087493340587
79ccab01,1,credit_card,10,207.3012339683107
b1bb88a5,1,boleto,5,187.68314972557818
a4211682,1,credit_card,9,221.66043342342198
a2273d58,1,boleto,8,317.2685353762233
fe43ab52,1,boleto,2,467.65744339436236
1b3a9dd1,1,credit_card,11,203.38818057405564
987fc5b0,1,credit_card,3,379.5586236032727
fbe7078a,1,credit_card,9,721.3072080573542
42c50ff1,1,boleto,7,167.69777908806623
06c3a4fc,1,credit_card,6,246.55682456710022
e118030a,1,credit_card,6,433.64535465716887
e3c204a7,1,credit_card,1,534.3510651491201
ffb8818c,1,boleto,6,309.28784569625293
0989bd02,1,credit_card,1,512.1032913263253
40c8e4de,1,credit_card,9,271.3859666028727
e91f558d,1,credit_card,10,495.0298530076988
21fd2dad,1,credit_card,2,61.67318537228971
414066b0,1,credit_card,5,407.7762265289161
db090930,1,credit_card,5,279.11214004828213
addb0811,1,credit_card,5,205.4586866603023
15bb497a,1,credit_card,11,872.6789053604836
7fa68ff7,1,credit_card,4,70.57837852861233
808582cf,1,voucher,11,171.75330606692674
90f7b399,1,credit_card,10,483.9426468832438
326231d5,1,credit_card,11,128.07918835262964
84982093,1,boleto,5,505.4081343257968
18529c69,1,voucher,9,302.5966898039658
b51700a9,1,credit_card,3,688.1466165012672
14266b96,1,credit_card,4,215.23998668531263
e6a46876,1,credit_card,8,566.5923396209114
6eef588c,1,credit_card,5,293.52489050503664
6cfdc697,1,credit_card,5,420.1877001348363
5972f669,1,credit_card,11,221.86253658016042
f605a96c,1,credit_card,8,410.3351568079425
882e53a2,1,credit_card,3,200.3111175434371
02820e7b,1,credit_card,3,979.2150011915433
777e38cd,1,credit_card,3,62.630484086635796
8fdd7167,1,boleto,3,375.53983897448114
2e10bd53,1,credit_card,11,243.56454627368038
794f949b,1,credit_card,11,163.55550692904382
86ad0798,1,credit_card,9,623.3572228640937
046b3037,1,credit_card,6,470.6556205115123
b3f1cfea,1,credit_card,8,319.6450963610834
0bde2c92,1,boleto,11,189.12523235412917
fc050bdd,1,credit_card,4,206.93299194004993
4e53e4ee,1,credit_card,4,554.1784758143339
461e04ba,1,credit_card,1,128.664956294757
50f306ac,1,credit_card,8,454.2214492051976
bbfbabe3,1,credit_card,8,124.75202876713182
ec12843d,1,credit_card,8,682.4965814299097
93052d01,1,credit_card,7,324.49398220924866
ed23d3da,1,credit_card,1,195.8265919764274
fb37651b,1,credit_card,8,262.08533075632556
779b62d9,1,boleto,6,293.58036647186617
ba27464d,1,credit_card,10,686.8825158340011
86c7557e,1,credit_card,8,376.65099935076427
b087e04c,1,boleto,4,546.4402005905624
e1844f94,1,credit_card,7,203.51755835530474
f7882629,1,credit_card,10,37.23798477921423
569c9597,1,credit_card,8,90.03253586459263
7dac71ba,1,credit_card,8,246.35208825571235
921152a5,1,credit_card,6,513.5327785910047
77bd6e7f,1,credit_card,2,228.77787235831596
8ccd276f,1,boleto,3,130.37775451088532
3b0dfbff,1,credit_card,7,86.4470062024263
942e2680,1,credit_card,4,496.38052551639356
2723ff22,1,credit_card,5,589.2222328506739
a2599b5b,1,boleto,10,613.1500383541917
c3c31534,1,credit_card,2,700.6261887765656
f243b6c9,1,boleto,6,309.9150366317223
6e8b5b43,1,credit_card,6,466.13017237913255
e95acd53,1,credit_card,7,491.0857361088264
ec873033,1,boleto,7,134.32766639950512
ba831274,1,credit_card,10,188.1132715930342
ed372e00,1,credit_card,7,450.3268409013244
a76898bd,1,credit_card,5,199.1225660531386
b6350cd6,1,boleto,4,795.2311202040352
d021622e,1,credit_card,11,451.1231415960112
90f13aa8,1,credit_card,9,577.8070881602455
ea628e1b,1,credit_card,5,360.2309258236173
1212f02d,1,voucher,1,487.82721811464336
5532c836,1,boleto,7,485.3184057973311
e6544d1f,1,credit_card,6,523.057185594337
3223a4b7,1,credit_card,8,98.17218362215311
446688c6,1,boleto,9,488.7641582398474
883219f9,1,credit_card,10,162.18975921757342
7b5400dc,1,credit_card,5,152.24537157144462
d76c6844,1,credit_card,4,469.9303122904774
47623ac0,1,credit_card,10,86.84096382688892
892be314,1,credit_card,11,43.66014972128471
85d28bc4,1,credit_card,11,138.7420173445533
90e0f751,1,credit_card,2,486.9577577217979
e08e0119,1,credit_card,2,409.8968529917693
2626b355,1,boleto,9,558.197530074229
0d278ae5,1,credit_card,5,295.443572410504
ef970325,1,credit_card,4,549.1403041658075
10f4919c,1,credit_card,4,445.3456692651847
6cac81c7,1,credit_card,10,888.0649475946884
8a327ff8,1,credit_card,3,617.603468395456
7f5f6090,1,boleto,8,419.2867833345604
79e8a55c,1,boleto,3,681.1210549516138
f4087721,1,debit_card,1,265.3256640581838
89abc226,1,boleto,2,842.7771964348738
5d986d4e,1,credit_card,2,573.3482930791729
8218bc81,1,credit_card,5,246.29480357385142
5bacba95,1,debit_card,6,165.89076370273878
3ac027bb,1,credit_card,10,145.59306404999498
6146fe47,1,credit_card,3,466.95952131916926
2053915b,1,credit_card,11,460.1934840168298
94cb72a6,1,boleto,6,551.065076000203
aba3eb38,1,credit_card,8,1146.020119296761
5915ef15,1,debit_card,9,476.7254578969664
d3bfe3a5,1,credit_card,8,617.3196097109999
4c0b1691,1,credit_card,10,624.5991055460864
a5749a6f,1,credit_card,1,419.49466356494406
e44e8a8b,1,credit_card,8,834.6282421411016
9ff46711,1,boleto,11,503.31672174716323
a8e2ac85,1,credit_card,2,696.8548562374293
1b07e981,1,credit_card,8,521.49758147093
5ce86114,1,credit_card,11,228.29842744402893
70987a77,1,credit_card,10,397.15939763956123
8d799336,1,credit_card,2,185.79332558984814
3f7b801d,1,credit_card,3,443.83864074797344
8ee56db9,1,credit_card,6,332.63948149226144
369461fe,1,credit_card,7,138.91440280502025
95aaf777,1,credit_card,3,503.1589775746994
de949e66,1,credit_card,3,447.1992684269728
6d789c01,1,boleto,10,475.4901800243174
103104f8,1,credit_card,11,437.18279626857975
a88b7b98,1,credit_card,7,208.07256122809758
093465e2,1,credit_card,9,496.3003751493025
4616f16a,1,credit_card,8,224.66719039612755
532e177d,1,credit_card,1,842.1224751984589
00584e8f,1,credit_card,7,92.99579826540786
94274d0d,1,voucher,1,100.4039817927864
b6c78d2d,1,boleto,3,950.4053082991463
7fee56f0,1,credit_card,3,445.96097442663313
b9776fba,1,credit_card,4,359.1385109123485
742ecd1a,1,credit_card,3,250.09361340863614
b72cd780,1,credit_card,4,194.56310544657106
0af61512,1,voucher,5,438.86616351339455
89ff47ad,1,credit_card,10,528.5135240425935
650e028a,1,credit_card,11,725.045602436365
675ddef8,1,credit_card,6,547.1178789463329
04c277ed,1,credit_card,7,326.63593569600425
fd24430d,1,boleto,10,961.9078819675896
dbc4fe8b,1,credit_card,9,462.245603964618
735cfd1f,1,credit_card,10,415.86686452928524
337a8d27,1,credit_card,1,831.9406740226631
a7a6f49c,1,credit_card,4,344.6146043349189
96485982,1,credit_card,10,164.60055870785766
75131d9f,1,credit_card,8,453.54404033895025
d3c156dd,1,boleto,4,479.1142176575857
0c040e3b,1,credit_card,2,310.4120181913879
cd982004,1,boleto,7,660.0898957816614
c277e35c,1,debit_card,11,169.5570402872047
9911957f,1,credit_card,9,574.2657119827862
88c3917d,1,credit_card,2,127.69242218230515
245286de,1,credit_card,10,445.10260884685727
10a0f590,1,credit_card,10,198.4433893493324
66538cdd,1,credit_card,8,587.6363391966522
375332f6,1,credit_card,5,85.36478004254941
4cb080d8,1,credit_card,10,424.350220256784
503f2d1c,1,credit_card,3,531.7517142792542
a0881619,1,credit_card,6,112.45830631780954
c6f1ba6e,1,boleto,9,506.433572873509
8c69ce6a,1,credit_card,4,482.43972574293633
d284e7ec,1,credit_card,2,139.62294793454933
7514a8c4,1,credit_card,4,326.5003984083904
58114e2e,1,boleto,8,289.709206555748
75f22f8c,1,boleto,3,218.47072646682602
4dc863aa,1,credit_card,5,253.28885995374839
265eded8,1,credit_card,5,667.2128532206555
1a5cc3c3,1,credit_card,4,108.34179940382604
3a5d9489,1,credit_card,6,713.9741226614902
d590a344,1,credit_card,11,411.12867569709175
97c447dc,1,credit_card,6,403.8751211075115
24848547,1,credit_card,6,191.69653221849842
daf5e54f,1,credit_card,5,478.0214153983123
f96bcbcf,1,credit_card,10,319.47113846262795
4322f893,1,credit_card,2,412.30997134725123
be14542c,1,voucher,1,387.10847648907134
050cbb5c,1,boleto,8,220.8390487333934
8cd16e25,1,credit_card,7,76.31313665658058
d4767611,1,credit_card,3,105.7053446073118
ab8c49f4,1,credit_card,2,463.4212717742657
8bf0bfcd,1,credit_card,2,147.02878527706864
c6d4c646,1,boleto,4,396.176684247624
6608c594,1,credit_card,10,256.86412637314436
570435a9,1,boleto,7,182.36838432893913
8c80e2a7,1,credit_card,9,48.75093006821989
bddde84b,1,credit_card,8,228.03841262461737
b17f5657,1,debit_card,7,65.29382164034604
c8518a7e,1,credit_card,4,163.32740783374402
2368722d,1,credit_card,10,197.11692498969208
89d55751,1,credit_card,3,266.42085883219835
6b8bc4ed,1,debit_card,6,450.1338246618602
f82bcb39,1,credit_card,7,376.07641219162497
43b40a7e,1,credit_card,9,337.2813190621801
999317df,1,boleto,4,633.9934575712768
9efe017c,1,boleto,11,62.757934399694136
ba60c0eb,1,boleto,2,359.95780054569695
5bdf0529,1,voucher,7,558.5816961072319
782211f1,1,credit_card,7,1119.7823124180716
d06237b6,1,credit_card,1,251.12242436614576
48def4f8,1,credit_card,9,229.09784060281333
f3ad649b,1,credit_card,9,508.26066347565205
7947b0c5,1,credit_card,5,183.9350665765807
db7b800f,1,boleto,7,567.1586256668479
187d968f,1,credit_card,5,981.801974426907
758d3049,1,credit_card,8,305.90637423414637
47f0ac16,1,boleto,5,457.5350823600385
5341585e,1,credit_card,9,396.7996976936423
d918afdb,1,boleto,7,160.22782668913172
37b83761,1,credit_card,7,363.2922502587845
10f3c55a,1,credit_card,2,1069.7912616047488
3606fa15,1,credit_card,2,832.0573224338599
68cc157d,1,voucher,7,67.01633466176742
bec0777a,1,credit_card,10,144.57794990000022
cac46aa2,1,credit_card,3,140.74597775226852
610c81b6,1,credit_card,5,116.62613184572174
bfc8423d,1,boleto,1,363.37185138563683
6daef43b,1,credit_card,5,99.74207022001177
ce910d86,1,debit_card,3,390.15003106190363
27961ed5,1,boleto,9,1179.42305081929
476b4ef8,1,credit_card,9,508.528396614724
f10d4c6c,1,boleto,10,202.56621247468797
14d5da2b,1,credit_card,2,451.28174161596337
9008ceb2,1,voucher,5,424.55310858681673
23083403,1,credit_card,5,500.22990255753524
0a16a338,1,credit_card,10,295.2626997609617
a97ade19,1,credit_card,6,401.86459500228756
3728d52e,1,credit_card,7,797.2412213958129
6fe19c1e,1,credit_card,6,441.0795373319574
510df245,1,credit_card,3,462.0674398863079
b3d79805,1,credit_card,6,664.5531337975058
05c4a9b4,1,credit_card,9,320.12238505611566
95eb6adf,1,credit_card,11,70.3125078345067
bd0fc83a,1,credit_card,8,873.3940856306499
cf1f4241,1,credit_card,7,737.222866988765
c65a2c88,1,credit_card,2,378.32341206156735
a1e0e778,1,credit_card,2,322.3582220187258
879ca9e5,1,credit_card,5,506.9921270227139
36074023,1,credit_card,8,391.75718854549405
65d6dd33,1,credit_card,6,247.75900802672487
df078275,1,credit_card,10,454.64986172366343
223f9913,1,credit_card,2,103.07475994171534
209a3272,1,credit_card,11,170.43181197486825
38df4ef5,1,boleto,4,507.6987901374389
2c52bc02,1,credit_card,9,69.5046620620222
0a75af49,1,credit_card,10,797.892419553601
802a9984,1,debit_card,4,400.9986963215984
26c1d4b7,1,debit_card,7,153.3619212710717
8eb47cfd,1,credit_card,9,707.4389993790979
2e803765,1,credit_card,1,142.98465382056975
e6f79946,1,debit_card,8,163.41625850007654
7e76dc6e,1,credit_card,11,397.9140930977513
3dd043f8,1,credit_card,8,72.79061644563939
3e9932bc,1,credit_card,3,106.60933427268469
3e4cf873,1,credit_card,9,698.020501054164
ba56ea6a,1,debit_card,8,419.87049900491814
07d2f118,1,credit_card,6,256.6899416615181
e6106cb4,1,credit_card,2,292.34649638446706
9bfb6065,1,credit_card,9,436.09353709880355
68064272,1,credit_card,6,606.6421941178018
24b1d7ce,1,credit_card,7,347.2401254794593
82b99738,1,credit_card,4,1070.5336820617758
42f97920,1,credit_card,2,206.03931787119495
333f2086,1,credit_card,9,52.17075779848079
a561802f,1,credit_card,6,329.8565921283743
720f625e,1,credit_card,7,459.84601549124
6e018364,1,credit_card,1,281.9956798463725
952bb506,1,credit_card,9,504.69823608027457
59c395d0,1,credit_card,1,85.39381205398672
30ca6a78,1,credit_card,7,565.5334405358836
0d28ed21,1,boleto,5,694.1884572012816
c52a0175,1,credit_card,1,166.3514920761421
161e9d4b,1,credit_card,11,375.97766159979767
b05754bf,1,boleto,6,394.7272361426826
6fadf75f,1,credit_card,3,484.27438270938285
3a5ce456,1,credit_card,5,159.11185642388978
8c27183a,1,credit_card,10,378.06275792912464
6f235d9d,1,credit_card,2,233.97845901768673
331c75e5,1,credit_card,6,339.4183794105942
a16d1868,1,boleto,9,394.80423745562143
5991c0c3,1,boleto,10,125.91771095846784
40de23a6,1,voucher,8,456.0788995501622
38a7123c,1,credit_card,6,320.425672437116
7a83786c,1,credit_card,6,288.4466830147865
c92e8d30,1,credit_card,11,928.8712206284453
8a072829,1,credit_card,11,187.26079108161053
0fb92447,1,credit_card,8,401.3949945651624
5d3e5c76,1,credit_card,2,156.94333001012433
b47889f9,1,boleto,7,520.0327839184985
0627430f,1,credit_card,11,323.754180813352
1db92e4c,1,credit_card,1,434.8443078952494
3a3e5148,1,credit_card,11,373.04586792475527
bf5980ec,1,credit_card,3,120.76440818247028
01f4cb3c,1,debit_card,6,242.46262403263128
97878999,1,boleto,3,461.74270654251177
3ab7c529,1,credit_card,9,109.99528001889712
0092831f,1,credit_card,1,311.31818482782387
9256f34b,1,credit_card,5,264.7716987796162
79e6e90d,1,credit_card,4,457.51276204288257
1f4bb319,1,credit_card,7,349.66771572351206
87a999a8,1,credit_card,6,210.60569569799426
8c5ed5ec,1,boleto,8,681.4190591828924
19833548,1,credit_card,1,521.2770165784708
27fbcae4,1,credit_card,11,173.42649303845567
477d133e,1,credit_card,4,379.7488918135559
64e04094,1,boleto,7,898.9209705530797
4bc7e0b7,1,credit_card,3,526.7821183181971
ffe87e5c,1,credit_card,4,147.45289351852196
7ec2ed4f,1,credit_card,5,213.2825888980086
c723a4c9,1,credit_card,1,535.1382289003635
973ecf57,1,voucher,1,566.1603206537773
3c7e9b4d,1,credit_card,10,239.21249755978897
df54f840,1,debit_card,8,516.856458538235
bdbe437c,1,credit_card,3,230.998073229823
242a793e,1,credit_card,5,502.33044869211636
08458bbd,1,debit_card,1,451.11259200143854
16f40186,1,credit_card,1,200.95742460558014
5a8aa515,1,credit_card,10,198.55902472573132
89707175,1,credit_card,8,1143.3742716119955
ae8fafe4,1,credit_card,4,413.3011499045901
6aef5140,1,credit_card,10,511.5880141254529
1f1ff357,1,credit_card,8,420.4304927731355
5b65563e,1,boleto,8,218.43783246228492
f5371f3b,1,credit_card,9,336.0899698000644
bf5e4540,1,boleto,5,478.6736803595
e3b28c9d,1,credit_card,10,97.60481019573857
a7a90ba1,1,boleto,1,129.33113595093886
789a2317,1,credit_card,5,798.7241004897339
b98a4615,1,boleto,11,495.47016743426735
6cc5dc96,1,credit_card,10,193.80672891103245
31b5b4d5,1,credit_card,11,464.81616487625104
8a8dcf2a,1,credit_card,8,333.7763695266548
225c089d,1,credit_card,7,633.3876575179473
98f66a1f,1,boleto,2,791.9012401727107
0db05f5e,1,credit_card,7,219.55484290422137
2154b416,1,credit_card,6,33.005228289252926
8faa8e69,1,boleto,11,222.95278080150376
ba531f95,1,credit_card,8,530.5596055546739
4551df7f,1,boleto,11,465.5595883855912
75c9b05f,1,credit_card,1,421.5742544818429
c8e788b0,1,credit_card,6,492.8394617449266
39d6b387,1,credit_card,10,177.38345591509386
005dcf99,1,credit_card,3,360.9576460636162
cbd6d3f0,1,boleto,9,245.89799232079628
5bc70824,1,credit_card,2,215.50616265775366
17425c1e,1,credit_card,6,117.4850359173962
e973aa84,1,credit_card,5,285.7866054098988
47091e4d,1,credit_card,9,53.24603592384048
07367c6c,1,credit_card,5,379.3588934524831
9d1b7cca,1,credit_card,11,344.1395022277284
92fc174c,1,voucher,8,46.53639001783294
6ccca613,1,debit_card,6,296.86476754715994
0dadb292,1,credit_card,8,161.86219046146272
d37883f8,1,boleto,1,629.0798563638268
a44e7ee4,1,credit_card,11,247.8050105215628
80ada4ed,1,credit_card,4,305.3583159407434
b11ce404,1,credit_card,11,414.1869421660333
87e8d662,1,credit_card,2,124.04402212301062
1d7dd975,1,credit_card,3,109.67702029736273
060a4e15,1,credit_card,6,272.21266728368323
4fa0f85f,1,credit_card,8,127.83102648423764
73363849,1,credit_card,10,429.9037901771785
7f41d4ea,1,credit_card,5,504.6673768898175
0b632f63,1,credit_card,7,447.66299385594704
4ffca629,1,credit_card,2,254.65809250993962
f161f9a1,1,credit_card,1,199.5535084071904
8156ac6f,1,credit_card,3,470.22752360442433
4cb152ec,1,credit_card,2,223.9651297441551
d41433de,1,credit_card,9,112.16593643986747
e13edef5,1,credit_card,5,310.07918974020805
3dfff85b,1,credit_card,11,163.73805700471442
157e2197,1,credit_card,6,210.38623106008507
0fadd03a,1,voucher,2,480.62313323512166
e1eb8cf3,1,credit_card,9,260.38866692085105
477ab0c4,1,credit_card,5,432.8353848905466
21ad5984,1,credit_card,2,506.76955405558465
f88bdb06,1,credit_card,1,474.7558050449904
939c9401,1,credit_card,9,111.1409228320549
cf575ec4,1,boleto,7,315.8842555190237
4df544f7,1,credit_card,5,460.4749331049396
4de9f08e,1,credit_card,8,267.60121550415107
6e8c670e,1,credit_card,9,123.06931465192467
f3d24ce9,1,credit_card,4,455.14012491547805
cd3cafc6,1,boleto,11,538.2879580168653
26b7612f,1,credit_card,1,111.6714093453053
110e9b9b,1,credit_card,3,313.9852118046733
d46f785c,1,credit_card,1,823.9320500605588
6495d556,1,credit_card,2,117.45132412433324
0ebd2763,1,credit_card,4,307.99409677080774
82fbb6c3,1,credit_card,2,302.79363673603353
9e2f4f1f,1,boleto,11,420.35620165935404
b2c1af5a,1,credit_card,6,424.1607523660683
3281fa6d,1,voucher,11,395.6526350163112
262d1517,1,credit_card,10,329.35727428083936
754c50ad,1,credit_card,1,93.52429620588346
2adef3db,1,credit_card,11,273.36100741831194
e7e1625f,1,credit_card,3,211.11484242609646
db896332,1,credit_card,5,382.0592985186937
163e4df4,1,credit_card,11,324.67710154925135
d1ed3eb0,1,credit_card,10,171.70022622419415
96c89fca,1,credit_card,6,180.02959013517156
ad14263c,1,credit_card,3,475.95620317024145
8728dd1a,1,credit_card,7,74.43661373081484
da1a71b3,1,credit_card,6,231.33978638815543
8b292535,1,credit_card,1,112.18274461839474
9e093432,1,boleto,11,190.69730267062866
77aa34a4,1,voucher,10,255.32329745213636
4fa314ab,1,credit_card,11,96.70400506408274
fc53e8af,1,boleto,8,111.21486146198038
c0acbb53,1,credit_card,7,76.48000674880797
006ef5c2,1,credit_card,3,234.85850466674387
c794cec7,1,credit_card,9,645.4665962342518
5f62da95,1,credit_card,1,499.36021777652996
624fea59,1,boleto,1,421.7990451976488
730998d6,1,credit_card,6,532.5190760127862
007b05dd,1,credit_card,7,478.51625998358173
40aa3d8a,1,debit_card,11,495.97948759096437
fa1980a9,1,credit_card,3,118.25632409726674
091d9f55,1,credit_card,10,531.2924094727942
6f08b352,1,debit_card,11,78.07708164691925
d0156dbd,1,credit_card,2,376.10708595485676
d71462c7,1,credit_card,2,393.76963576826296
4b3f8aa1,1,voucher,9,499.4200281181232
8d56105f,1,debit_card,1,502.6271289602586
4f99c67a,1,credit_card,10,858.7433296308562
be7fea1b,1,credit_card,2,711.801643703139
ee621904,1,credit_card,4,314.0263321347657
fc7c0154,1,credit_card,7,691.8500142141219
2998c37f,1,credit_card,11,205.43100470489293
f6bae13a,1,voucher,2,269.57477218721885
0a2a2280,1,credit_card,1,134.31394315938329
97299468,1,debit_card,10,72.61354554877418
4ef9e73c,1,boleto,11,132.62711963348949
2d9a8ab7,1,credit_card,4,405.7547965010058
4997b519,1,voucher,4,488.961574693487
b594df06,1,credit_card,1,392.8529242096878
cd46c9a4,1,credit_card,1,549.3773654874561
92d2f253,1,credit_card,4,63.188497259530564
205011f2,1,credit_card,6,101.78833075817457
1028703d,1,credit_card,8,294.4555420271297
26aef920,1,debit_card,6,115.90644959431143
3cd35300,1,debit_card,11,477.65982611894043
9944a1da,1,boleto,10,32.29416444693436
759dcdb0,1,credit_card,1,409.37815664380133
df436955,1,credit_card,11,538.8637970215814
916256cd,1,credit_card,3,146.79017751958054
f9941523,1,debit_card,2,356.40488186309847
a55adf70,1,credit_card,7,203.6044463778614
0a32877f,1,boleto,3,131.0400510803401
b6e485df,1,credit_card,4,520.9110521792029
c5fd2d69,1,credit_card,6,496.1685428110157
f6d96060,1,boleto,2,773.8494566532986
c01aaa9d,1,credit_card,6,99.58349296862056
87410084,1,credit_card,2,533.2454211518094
35077d90,1,credit_card,11,825.5811365845141
ead4f9c5,1,credit_card,7,717.4445744915959
8f18046a,1,credit_card,4,427.8985589447108
99b47ba1,1,credit_card,5,654.8637188747518
2b9dd90d,1,boleto,7,437.72723993939337
3378cda7,1,credit_card,5,282.5569851899502
72151201,1,credit_card,4,248.93204682012885
45178e0d,1,credit_card,11,443.8522617621991
4b3782d8,1,credit_card,4,308.0929676010792
b25058bd,1,credit_card,2,444.7090093025979
c57f7469,1,boleto,1,335.53781640042524
c3e39541,1,credit_card,5,719.8763192005141
9a82a533,1,debit_card,10,193.66173403962628
30e2be50,1,boleto,9,491.40499765876757
485a0715,1,credit_card,3,472.2695201658356
1c6188d9,1,credit_card,4,387.0752444126138
d2f5d953,1,credit_card,3,163.37163017777124
999b6d9c,1,credit_card,4,160.48879510352918
00ff4af3,1,credit_card,9,397.4200309014625
49e25b57,1,credit_card,6,187.79061614358383
335b6057,1,boleto,6,625.1787712630963
e2124ba7,1,credit_card,8,97.00347212095424
b0af532b,1,credit_card,11,470.4336130100138
60f1d5fa,1,boleto,1,545.4609807982959
d623af1b,1,credit_card,10,256.73034188128514
e74fa922,1,credit_card,3,225.936467233318
0b06aa5c,1,voucher,5,353.566632297375
897a1648,1,credit_card,1,1027.2786802105438
19ffd9e6,1,credit_card,4,455.58542608366224
aeff66e3,1,credit_card,10,441.485923958543
bc44accf,1,boleto,11,369.8813175785513
a1aa97d9,1,credit_card,4,276.11786318485645
3bf8069a,1,boleto,2,365.1187439761966
