review_id,order_id,review_score,review_comment_title,review_comment_message,review_creation_date,review_answer_timestamp
176122d7,f50e1a65,4,Review,,2026-05-16 19:05:07.400386,2026-05-16 19:05:07.400389
ea775170,6aa8b03f,4,Review,,2026-05-16 19:05:07.400406,2026-05-16 19:05:07.400406
7aa58a72,ddcabc46,4,Review,,2026-05-16 19:05:07.400420,2026-05-16 19:05:07.400420
082140c6,06e6cfea,5,Review,,2026-05-16 19:05:07.400433,2026-05-16 19:05:07.400433
491f211c,8b61a660,3,Review,,2026-05-16 19:05:07.400445,2026-05-16 19:05:07.400446
8335c5fb,dc6a043e,4,Review,,2026-05-16 19:05:07.400457,2026-05-16 19:05:07.400458
440c00f8,048afc34,3,Review,,2026-05-16 19:05:07.400469,2026-05-16 19:05:07.400469
47052245,d63c9669,3,Review,,2026-05-16 19:05:07.400480,2026-05-16 19:05:07.400481
cf9f4f5c,7556672c,5,Review,,2026-05-16 19:05:07.400492,2026-05-16 19:05:07.400492
e72934be,695383c8,5,Review,Arrived late.,2026-05-16 19:05:07.400524,2026-05-16 19:05:07.400525
d500220a,e1827d76,2,Review,Bad quality.,2026-05-16 19:05:07.400544,2026-05-16 19:05:07.400544
a0575ece,59821fcc,5,Review,,2026-05-16 19:05:07.400557,2026-05-16 19:05:07.400557
ba8bb5d7,18a33b43,5,Review,,2026-05-16 19:05:07.400568,2026-05-16 19:05:07.400568
0113bb4c,32c8e55e,2,Review,Okay product.,2026-05-16 19:05:07.400586,2026-05-16 19:05:07.400587
c0eaf7b0,2359ce5e,4,Review,,2026-05-16 19:05:07.400599,2026-05-16 19:05:07.400599
34ed3691,8cf78fd6,4,Review,,2026-05-16 19:05:07.400610,2026-05-16 19:05:07.400610
5c3adb6c,ba42299c,4,Review,,2026-05-16 19:05:07.400622,2026-05-16 19:05:07.400622
824f753b,61a3833b,5,Review,,2026-05-16 19:05:07.400633,2026-05-16 19:05:07.400634
d519ee85,7b369b2b,1,Review,Excellent service.,2026-05-16 19:05:07.400652,2026-05-16 19:05:07.400652
7e1980df,c181c6da,5,Review,,2026-05-16 19:05:07.400663,2026-05-16 19:05:07.400663
bb0f517d,b6b6a686,3,Review,,2026-05-16 19:05:07.400674,2026-05-16 19:05:07.400674
32bbc6d6,33680eb7,5,Review,,2026-05-16 19:05:07.400685,2026-05-16 19:05:07.400685
8f4bd159,6672575d,5,Review,Excellent service.,2026-05-16 19:05:07.400702,2026-05-16 19:05:07.400702
4400d2e0,742663e5,5,Review,,2026-05-16 19:05:07.400713,2026-05-16 19:05:07.400713
0c331b5f,3f61583e,3,Review,,2026-05-16 19:05:07.400724,2026-05-16 19:05:07.400725
a52b1ffd,c25b4502,4,Review,,2026-05-16 19:05:07.400735,2026-05-16 19:05:07.400736
998b8c49,cce6bd69,4,Review,,2026-05-16 19:05:07.400746,2026-05-16 19:05:07.400747
a3b95733,ca8c202f,5,Review,,2026-05-16 19:05:07.400757,2026-05-16 19:05:07.400758
5ffccf79,2209c646,5,Review,,2026-05-16 19:05:07.400768,2026-05-16 19:05:07.400769
129ec25b,9c099ccd,5,Review,Very satisfied.,2026-05-16 19:05:07.400785,2026-05-16 19:05:07.400786
3a6f054d,0ba049cb,4,Review,,2026-05-16 19:05:07.400797,2026-05-16 19:05:07.400797
a3ba820c,c1791551,5,Review,Bad quality.,2026-05-16 19:05:07.400814,2026-05-16 19:05:07.400814
08d2a70d,e0828aea,4,Review,,2026-05-16 19:05:07.400825,2026-05-16 19:05:07.400826
09de1824,5df4921c,1,Review,Arrived late.,2026-05-16 19:05:07.400842,2026-05-16 19:05:07.400843
62fa7858,d48eb311,4,Review,,2026-05-16 19:05:07.400854,2026-05-16 19:05:07.400854
fc25daeb,513ec267,4,Review,,2026-05-16 19:05:07.400865,2026-05-16 19:05:07.400865
2d379145,fcd5c321,4,Review,Arrived late.,2026-05-16 19:05:07.400882,2026-05-16 19:05:07.400882
a6e29f81,345efede,4,Review,,2026-05-16 19:05:07.400893,2026-05-16 19:05:07.400894
ba904bbc,7ef88430,5,Review,,2026-05-16 19:05:07.400904,2026-05-16 19:05:07.400904
b5f56998,8f418582,5,Review,,2026-05-16 19:05:07.400915,2026-05-16 19:05:07.400915
a5f45a7c,d0bdcb94,2,Review,Recommend.,2026-05-16 19:05:07.400931,2026-05-16 19:05:07.400932
d6ce210e,0dadb101,1,Review,Okay product.,2026-05-16 19:05:07.400948,2026-05-16 19:05:07.400949
f5f18177,a583b105,2,Review,Never arrived.,2026-05-16 19:05:07.400965,2026-05-16 19:05:07.400965
c34d114d,8962abc7,5,Review,,2026-05-16 19:05:07.400976,2026-05-16 19:05:07.400976
2e69d09f,dbb93357,5,Review,,2026-05-16 19:05:07.400987,2026-05-16 19:05:07.400988
acb232c4,069a859d,5,Review,,2026-05-16 19:05:07.400998,2026-05-16 19:05:07.400998
6e7663d2,29595742,5,Review,,2026-05-16 19:05:07.401009,2026-05-16 19:05:07.401010
9a4929d7,37acd485,5,Review,,2026-05-16 19:05:07.401020,2026-05-16 19:05:07.401021
c055c65a,3a7b3505,5,Review,,2026-05-16 19:05:07.401032,2026-05-16 19:05:07.401032
27d5a30e,5fa74aea,5,Review,,2026-05-16 19:05:07.401043,2026-05-16 19:05:07.401043
dfd04290,a8514833,5,Review,Never arrived.,2026-05-16 19:05:07.401061,2026-05-16 19:05:07.401061
b0b8dfac,16bdec90,5,Review,,2026-05-16 19:05:07.401072,2026-05-16 19:05:07.401072
f9614061,c1948836,3,Review,,2026-05-16 19:05:07.401083,2026-05-16 19:05:07.401084
57220996,3b9b0ad9,5,Review,Arrived late.,2026-05-16 19:05:07.401101,2026-05-16 19:05:07.401101
5a29feba,7d26e5c5,5,Review,,2026-05-16 19:05:07.401112,2026-05-16 19:05:07.401112
096c7133,3f5d107c,5,Review,,2026-05-16 19:05:07.401123,2026-05-16 19:05:07.401124
0c898d9d,c3446e04,1,Review,Very satisfied.,2026-05-16 19:05:07.401140,2026-05-16 19:05:07.401140
d095d8c0,6d4cb94e,3,Review,Very satisfied.,2026-05-16 19:05:07.401157,2026-05-16 19:05:07.401157
4ba4266a,00633816,5,Review,,2026-05-16 19:05:07.401168,2026-05-16 19:05:07.401169
e544154c,55bef913,5,Review,,2026-05-16 19:05:07.401179,2026-05-16 19:05:07.401180
df6de87e,88d3e96c,3,Review,,2026-05-16 19:05:07.401190,2026-05-16 19:05:07.401191
698c6f53,2675bf0f,4,Review,Product damaged.,2026-05-16 19:05:07.401207,2026-05-16 19:05:07.401207
c573e03e,c423da30,5,Review,,2026-05-16 19:05:07.401218,2026-05-16 19:05:07.401219
4e0188f9,ead86d2d,5,Review,,2026-05-16 19:05:07.401229,2026-05-16 19:05:07.401230
87d41dcc,11f5f248,4,Review,Never arrived.,2026-05-16 19:05:07.401246,2026-05-16 19:05:07.401246
24eb79b9,bc3ecc1e,5,Review,,2026-05-16 19:05:07.401258,2026-05-16 19:05:07.401258
b508d24e,e49874be,4,Review,Very satisfied.,2026-05-16 19:05:07.401275,2026-05-16 19:05:07.401275
de67b4fb,0c2e3fcc,5,Review,,2026-05-16 19:05:07.401286,2026-05-16 19:05:07.401287
cfad0b02,84f4d63d,5,Review,,2026-05-16 19:05:07.401298,2026-05-16 19:05:07.401298
a074b36c,17ef4972,5,Review,,2026-05-16 19:05:07.401308,2026-05-16 19:05:07.401309
a92b317e,6055ec00,5,Review,,2026-05-16 19:05:07.401319,2026-05-16 19:05:07.401320
74b84a34,6ad93a30,4,Review,Very satisfied.,2026-05-16 19:05:07.401336,2026-05-16 19:05:07.401336
73459628,d895f979,3,Review,,2026-05-16 19:05:07.401347,2026-05-16 19:05:07.401348
0c64110c,bf62fa24,1,Review,Very satisfied.,2026-05-16 19:05:07.401364,2026-05-16 19:05:07.401364
55b5c04b,bcbfbca8,4,Review,,2026-05-16 19:05:07.401375,2026-05-16 19:05:07.401376
f05d2cb2,e0953f95,3,Review,,2026-05-16 19:05:07.401386,2026-05-16 19:05:07.401387
b0b2c225,6f934745,5,Review,,2026-05-16 19:05:07.401398,2026-05-16 19:05:07.401398
b68a70b2,c70ebe51,4,Review,Very satisfied.,2026-05-16 19:05:07.401415,2026-05-16 19:05:07.401415
68a8b157,07c6b1e0,5,Review,,2026-05-16 19:05:07.401426,2026-05-16 19:05:07.401426
2a8edf86,9c8fbcb3,4,Review,,2026-05-16 19:05:07.401437,2026-05-16 19:05:07.401437
1c3702a7,a83c85b4,4,Review,Recommend.,2026-05-16 19:05:07.401454,2026-05-16 19:05:07.401454
be85c92f,6c69317d,5,Review,,2026-05-16 19:05:07.401465,2026-05-16 19:05:07.401465
9b862892,3992af2a,5,Review,Fast delivery.,2026-05-16 19:05:07.401482,2026-05-16 19:05:07.401482
e3e0bea9,e66a3b97,3,Review,Arrived late.,2026-05-16 19:05:07.401499,2026-05-16 19:05:07.401499
12fe5161,7dc97883,5,Review,Okay product.,2026-05-16 19:05:07.401516,2026-05-16 19:05:07.401516
3fa337c8,db69d99b,3,Review,,2026-05-16 19:05:07.401528,2026-05-16 19:05:07.401528
4674dbf1,02b6572c,1,Review,Product damaged.,2026-05-16 19:05:07.401544,2026-05-16 19:05:07.401545
b7bf106d,f8e09b7f,5,Review,,2026-05-16 19:05:07.401555,2026-05-16 19:05:07.401556
bd4d8613,be235429,4,Review,Fast delivery.,2026-05-16 19:05:07.401572,2026-05-16 19:05:07.401573
2219dbc6,7ec0bdba,5,Review,,2026-05-16 19:05:07.401584,2026-05-16 19:05:07.401584
2b2e3f24,85716547,1,Review,Fast delivery.,2026-05-16 19:05:07.401603,2026-05-16 19:05:07.401603
fcf8a420,d29eb5a0,5,Review,,2026-05-16 19:05:07.401616,2026-05-16 19:05:07.401617
6ececfd9,461da752,4,Review,,2026-05-16 19:05:07.401627,2026-05-16 19:05:07.401628
e4fa8ade,50e98cbd,3,Review,,2026-05-16 19:05:07.401639,2026-05-16 19:05:07.401639
42c1c83b,7ae98908,5,Review,,2026-05-16 19:05:07.401650,2026-05-16 19:05:07.401650
04ed37bb,785ec925,5,Review,Fast delivery.,2026-05-16 19:05:07.401668,2026-05-16 19:05:07.401668
df85f197,5d2f0a76,4,Review,,2026-05-16 19:05:07.401679,2026-05-16 19:05:07.401679
02c97315,ddbd513a,5,Review,,2026-05-16 19:05:07.401690,2026-05-16 19:05:07.401690
6bffb443,225e800e,5,Review,,2026-05-16 19:05:07.401701,2026-05-16 19:05:07.401702
7e9fce58,0a650b06,3,Review,,2026-05-16 19:05:07.401713,2026-05-16 19:05:07.401713
12e93ae0,630789dc,4,Review,,2026-05-16 19:05:07.401724,2026-05-16 19:05:07.401724
e01c81d0,e9c5ba72,5,Review,,2026-05-16 19:05:07.401734,2026-05-16 19:05:07.401735
934505b1,d467f54b,5,Review,,2026-05-16 19:05:07.401745,2026-05-16 19:05:07.401746
3b35dddc,163a72c7,3,Review,,2026-05-16 19:05:07.401756,2026-05-16 19:05:07.401757
36ddabb8,5637c4d6,5,Review,,2026-05-16 19:05:07.401767,2026-05-16 19:05:07.401768
e07d944d,10ce794a,5,Review,,2026-05-16 19:05:07.401778,2026-05-16 19:05:07.401779
51148d0e,3bbe01fc,5,Review,,2026-05-16 19:05:07.401789,2026-05-16 19:05:07.401789
92dffb05,ccb2eddc,3,Review,,2026-05-16 19:05:07.401800,2026-05-16 19:05:07.401800
ba4ad987,ce252eac,5,Review,,2026-05-16 19:05:07.401810,2026-05-16 19:05:07.401811
ccd6afb4,6069e541,5,Review,,2026-05-16 19:05:07.401821,2026-05-16 19:05:07.401822
8e4b3e04,1990de14,5,Review,,2026-05-16 19:05:07.401832,2026-05-16 19:05:07.401832
617a3e78,a06a0c03,5,Review,,2026-05-16 19:05:07.401843,2026-05-16 19:05:07.401843
b4689744,fb2be872,3,Review,,2026-05-16 19:05:07.401854,2026-05-16 19:05:07.401854
bb1e1852,229a4fc3,3,Review,Arrived late.,2026-05-16 19:05:07.401870,2026-05-16 19:05:07.401871
cb764fd6,85ecadbe,5,Review,,2026-05-16 19:05:07.401881,2026-05-16 19:05:07.401882
e2a80230,184ba3c9,5,Review,,2026-05-16 19:05:07.401892,2026-05-16 19:05:07.401893
786e361b,38141b48,5,Review,,2026-05-16 19:05:07.401903,2026-05-16 19:05:07.401903
1f871c67,cadf3b7b,5,Review,,2026-05-16 19:05:07.401914,2026-05-16 19:05:07.401914
4b65c31b,2c6cd84b,4,Review,,2026-05-16 19:05:07.401925,2026-05-16 19:05:07.401925
9492bd7b,cdea5899,5,Review,,2026-05-16 19:05:07.401936,2026-05-16 19:05:07.401936
d226c39c,e75fc2cf,4,Review,,2026-05-16 19:05:07.401946,2026-05-16 19:05:07.401947
c1bac41d,2e242fd1,5,Review,,2026-05-16 19:05:07.401957,2026-05-16 19:05:07.401957
da24afc5,a5c216c6,5,Review,Product damaged.,2026-05-16 19:05:07.401974,2026-05-16 19:05:07.401974
dc869a61,c0e1c035,5,Review,Arrived late.,2026-05-16 19:05:07.401990,2026-05-16 19:05:07.401990
96c5a623,f026b749,5,Review,,2026-05-16 19:05:07.402001,2026-05-16 19:05:07.402001
c72ab95d,51c2092e,2,Review,Arrived late.,2026-05-16 19:05:07.402017,2026-05-16 19:05:07.402018
081bb937,19e91f98,5,Review,,2026-05-16 19:05:07.402028,2026-05-16 19:05:07.402029
434e61fb,dd4488a7,5,Review,,2026-05-16 19:05:07.402039,2026-05-16 19:05:07.402040
80c49a0d,466c5aaa,5,Review,Okay product.,2026-05-16 19:05:07.402056,2026-05-16 19:05:07.402056
b53150a2,da773d49,3,Review,,2026-05-16 19:05:07.402067,2026-05-16 19:05:07.402067
e3ad7e9c,913f097a,1,Review,Bad quality.,2026-05-16 19:05:07.402083,2026-05-16 19:05:07.402084
c4eb26f3,665ba7b1,5,Review,,2026-05-16 19:05:07.402094,2026-05-16 19:05:07.402095
ba910df5,e999cb90,5,Review,,2026-05-16 19:05:07.402105,2026-05-16 19:05:07.402106
c458e008,acd789ac,2,Review,Product damaged.,2026-05-16 19:05:07.402121,2026-05-16 19:05:07.402122
345c57a2,65153112,3,Review,,2026-05-16 19:05:07.402132,2026-05-16 19:05:07.402133
b583c02a,0cadf6db,5,Review,,2026-05-16 19:05:07.402143,2026-05-16 19:05:07.402144
4d478bf8,4940dc6e,3,Review,,2026-05-16 19:05:07.402154,2026-05-16 19:05:07.402154
e5029e13,f8fa893d,1,Review,Product damaged.,2026-05-16 19:05:07.402170,2026-05-16 19:05:07.402171
a01abd77,da4d6145,5,Review,,2026-05-16 19:05:07.402182,2026-05-16 19:05:07.402182
67c88142,1943726a,1,Review,Okay product.,2026-05-16 19:05:07.402198,2026-05-16 19:05:07.402198
7b752d0a,cf8f353c,1,Review,Bad quality.,2026-05-16 19:05:07.402214,2026-05-16 19:05:07.402214
5a3774cf,2e763c6e,5,Review,,2026-05-16 19:05:07.402225,2026-05-16 19:05:07.402226
5d808ef9,767c20eb,5,Review,Product damaged.,2026-05-16 19:05:07.402242,2026-05-16 19:05:07.402242
8b2db83c,65077d77,4,Review,,2026-05-16 19:05:07.402253,2026-05-16 19:05:07.402253
b36387fe,83519059,5,Review,,2026-05-16 19:05:07.402264,2026-05-16 19:05:07.402264
b002d503,e296e4b8,4,Review,,2026-05-16 19:05:07.402275,2026-05-16 19:05:07.402275
f4895cc7,117045b3,4,Review,,2026-05-16 19:05:07.402285,2026-05-16 19:05:07.402286
8998f8c0,0c6ba244,3,Review,,2026-05-16 19:05:07.402297,2026-05-16 19:05:07.402297
b823c224,877d5968,3,Review,,2026-05-16 19:05:07.402307,2026-05-16 19:05:07.402308
98c15995,63ed8df4,4,Review,Arrived late.,2026-05-16 19:05:07.402325,2026-05-16 19:05:07.402325
ddbf196b,4ec30766,5,Review,,2026-05-16 19:05:07.402336,2026-05-16 19:05:07.402336
3367cc1e,dbd5f3d2,2,Review,Fast delivery.,2026-05-16 19:05:07.402352,2026-05-16 19:05:07.402353
d7252139,f6d90316,4,Review,,2026-05-16 19:05:07.402363,2026-05-16 19:05:07.402363
0fe1821c,2145c525,5,Review,,2026-05-16 19:05:07.402374,2026-05-16 19:05:07.402375
d04afa5d,d1b49894,4,Review,,2026-05-16 19:05:07.402385,2026-05-16 19:05:07.402385
cc9a01cd,e4fb6c28,5,Review,Fast delivery.,2026-05-16 19:05:07.402401,2026-05-16 19:05:07.402402
94fd7c8d,0b18e60e,4,Review,,2026-05-16 19:05:07.402412,2026-05-16 19:05:07.402412
07404710,da622cd4,5,Review,,2026-05-16 19:05:07.402423,2026-05-16 19:05:07.402423
46c78151,ffe677a7,5,Review,Arrived late.,2026-05-16 19:05:07.402440,2026-05-16 19:05:07.402440
0e4b9030,4434806a,4,Review,,2026-05-16 19:05:07.402451,2026-05-16 19:05:07.402451
07be94d8,af6bf00c,5,Review,,2026-05-16 19:05:07.402461,2026-05-16 19:05:07.402462
752dc129,47736c22,4,Review,,2026-05-16 19:05:07.402472,2026-05-16 19:05:07.402473
fef82160,967a0bb4,5,Review,,2026-05-16 19:05:07.402483,2026-05-16 19:05:07.402483
056e7748,94af387c,5,Review,,2026-05-16 19:05:07.402494,2026-05-16 19:05:07.402494
8ca5f4f3,4d5b4976,5,Review,,2026-05-16 19:05:07.402505,2026-05-16 19:05:07.402505
4d1512c9,d6e24b65,5,Review,Okay product.,2026-05-16 19:05:07.402521,2026-05-16 19:05:07.402522
e694165a,40187563,5,Review,,2026-05-16 19:05:07.402532,2026-05-16 19:05:07.402533
9d0b231d,e262a9ae,5,Review,,2026-05-16 19:05:07.402544,2026-05-16 19:05:07.402544
e011a4ed,e466899c,1,Review,Recommend.,2026-05-16 19:05:07.402560,2026-05-16 19:05:07.402560
d1eafc4b,85a3e48c,4,Review,,2026-05-16 19:05:07.402571,2026-05-16 19:05:07.402571
b9f9b6a7,4bbebea0,4,Review,,2026-05-16 19:05:07.402581,2026-05-16 19:05:07.402582
1d2b66af,509f1ab4,5,Review,,2026-05-16 19:05:07.402592,2026-05-16 19:05:07.402592
6658edf8,468179d4,4,Review,,2026-05-16 19:05:07.402603,2026-05-16 19:05:07.402603
0e1e486e,7e20efb5,5,Review,,2026-05-16 19:05:07.402614,2026-05-16 19:05:07.402614
70a745bc,78105568,4,Review,,2026-05-16 19:05:07.402625,2026-05-16 19:05:07.402625
51cbf10b,035b5518,3,Review,,2026-05-16 19:05:07.402636,2026-05-16 19:05:07.402636
0e0fbf4a,9e9497f5,4,Review,Excellent service.,2026-05-16 19:05:07.402652,2026-05-16 19:05:07.402652
7158c491,5c124fb9,4,Review,Never arrived.,2026-05-16 19:05:07.402669,2026-05-16 19:05:07.402669
50492bc2,1f1ba262,4,Review,,2026-05-16 19:05:07.402679,2026-05-16 19:05:07.402680
6fbe994a,9b12b589,5,Review,,2026-05-16 19:05:07.402690,2026-05-16 19:05:07.402690
b094174d,fc6ad5c3,5,Review,,2026-05-16 19:05:07.402701,2026-05-16 19:05:07.402701
ac8b4e52,ef22d551,5,Review,,2026-05-16 19:05:07.402715,2026-05-16 19:05:07.402716
2f519602,24f83127,5,Review,,2026-05-16 19:05:07.402730,2026-05-16 19:05:07.402731
526f0830,b4fa83e8,1,Review,Excellent service.,2026-05-16 19:05:07.402750,2026-05-16 19:05:07.402750
0683d9ad,29ca5ab4,5,Review,,2026-05-16 19:05:07.402776,2026-05-16 19:05:07.402778
32c7c48f,27b8eaff,3,Review,,2026-05-16 19:05:07.402799,2026-05-16 19:05:07.402799
56edde6a,6e78b4d1,1,Review,Okay product.,2026-05-16 19:05:07.402827,2026-05-16 19:05:07.402828
589152ca,e766c84a,1,Review,Fast delivery.,2026-05-16 19:05:07.402850,2026-05-16 19:05:07.402850
2e1ba893,7072a471,5,Review,Bad quality.,2026-05-16 19:05:07.402874,2026-05-16 19:05:07.402874
4866e6d4,ac14f495,5,Review,Great product!,2026-05-16 19:05:07.402895,2026-05-16 19:05:07.402895
124da445,9fe54196,4,Review,,2026-05-16 19:05:07.402908,2026-05-16 19:05:07.402909
7aef3bbc,c662dbed,4,Review,,2026-05-16 19:05:07.402921,2026-05-16 19:05:07.402922
9db1dc4a,1b4cbd54,5,Review,,2026-05-16 19:05:07.402938,2026-05-16 19:05:07.402938
ef379dda,b3aa664e,3,Review,Fast delivery.,2026-05-16 19:05:07.402962,2026-05-16 19:05:07.402962
a7c66b18,cd294804,5,Review,,2026-05-16 19:05:07.402974,2026-05-16 19:05:07.402974
ca4ef505,7c1cd056,2,Review,Great product!,2026-05-16 19:05:07.402992,2026-05-16 19:05:07.402992
63a4282f,929d1906,5,Review,Excellent service.,2026-05-16 19:05:07.403013,2026-05-16 19:05:07.403013
f7a0f613,229a391b,5,Review,,2026-05-16 19:05:07.403029,2026-05-16 19:05:07.403030
0093ef1e,576ec64d,4,Review,,2026-05-16 19:05:07.403046,2026-05-16 19:05:07.403046
c9b62ee9,075c4548,4,Review,,2026-05-16 19:05:07.403057,2026-05-16 19:05:07.403058
d2cb8771,f95e1a07,1,Review,Recommend.,2026-05-16 19:05:07.403075,2026-05-16 19:05:07.403075
610eb130,f48655cd,2,Review,Recommend.,2026-05-16 19:05:07.403092,2026-05-16 19:05:07.403093
0adf3616,75a076c0,5,Review,,2026-05-16 19:05:07.403104,2026-05-16 19:05:07.403105
a1d5ed13,16affb38,5,Review,Recommend.,2026-05-16 19:05:07.403122,2026-05-16 19:05:07.403122
7a7e48ac,9bfcc44c,3,Review,,2026-05-16 19:05:07.403133,2026-05-16 19:05:07.403134
b45a4b95,bd91414f,3,Review,Great product!,2026-05-16 19:05:07.403150,2026-05-16 19:05:07.403151
326b9dee,0f3735f3,1,Review,Bad quality.,2026-05-16 19:05:07.403167,2026-05-16 19:05:07.403168
ac74e463,a24962b6,4,Review,,2026-05-16 19:05:07.403178,2026-05-16 19:05:07.403179
88c8deb9,164cac6a,1,Review,Product damaged.,2026-05-16 19:05:07.403195,2026-05-16 19:05:07.403195
7458431d,9e65877d,5,Review,,2026-05-16 19:05:07.403206,2026-05-16 19:05:07.403207
7c4005ee,422d82e9,5,Review,Great product!,2026-05-16 19:05:07.403223,2026-05-16 19:05:07.403224
74acc016,47f7dc4d,5,Review,Very satisfied.,2026-05-16 19:05:07.403242,2026-05-16 19:05:07.403242
e83cbbba,0e5579c2,5,Review,,2026-05-16 19:05:07.403257,2026-05-16 19:05:07.403258
ca38186d,fe0f2838,5,Review,,2026-05-16 19:05:07.403273,2026-05-16 19:05:07.403274
4336a600,49e66d33,4,Review,,2026-05-16 19:05:07.403286,2026-05-16 19:05:07.403286
05cb9956,f9ab96a2,4,Review,,2026-05-16 19:05:07.403298,2026-05-16 19:05:07.403298
8645607c,34363ee0,5,Review,,2026-05-16 19:05:07.403310,2026-05-16 19:05:07.403310
bb928957,d962c8d0,5,Review,,2026-05-16 19:05:07.403322,2026-05-16 19:05:07.403322
b8d2d853,3396d16f,5,Review,,2026-05-16 19:05:07.403334,2026-05-16 19:05:07.403334
f2a1fce1,151d8dc5,5,Review,Excellent service.,2026-05-16 19:05:07.403352,2026-05-16 19:05:07.403352
7793574d,8d0b393c,5,Review,,2026-05-16 19:05:07.403364,2026-05-16 19:05:07.403365
119b52b9,91542be8,5,Review,Never arrived.,2026-05-16 19:05:07.403383,2026-05-16 19:05:07.403383
2253ea1f,e0c24109,4,Review,,2026-05-16 19:05:07.403395,2026-05-16 19:05:07.403395
0afc885f,f479d17d,4,Review,,2026-05-16 19:05:07.403408,2026-05-16 19:05:07.403408
862582ba,a022ae5e,5,Review,,2026-05-16 19:05:07.403420,2026-05-16 19:05:07.403420
24a16661,a7531392,3,Review,Very satisfied.,2026-05-16 19:05:07.403442,2026-05-16 19:05:07.403442
860a4303,db768dfd,4,Review,,2026-05-16 19:05:07.403457,2026-05-16 19:05:07.403457
abb8e471,b7b9df56,5,Review,Product damaged.,2026-05-16 19:05:07.403475,2026-05-16 19:05:07.403475
f6388851,83907d68,4,Review,,2026-05-16 19:05:07.403486,2026-05-16 19:05:07.403487
2a4fa709,4505b919,5,Review,,2026-05-16 19:05:07.403498,2026-05-16 19:05:07.403498
6ff33c36,36f1185e,5,Review,,2026-05-16 19:05:07.403509,2026-05-16 19:05:07.403509
64a44377,81de08d2,1,Review,Okay product.,2026-05-16 19:05:07.403525,2026-05-16 19:05:07.403526
f1217dd0,11a1e6fd,5,Review,,2026-05-16 19:05:07.403537,2026-05-16 19:05:07.403537
da6102b4,f3c0aa09,5,Review,Excellent service.,2026-05-16 19:05:07.403554,2026-05-16 19:05:07.403554
67dfc844,c16415f7,4,Review,Great product!,2026-05-16 19:05:07.403571,2026-05-16 19:05:07.403571
5a7ade19,5215bd74,5,Review,,2026-05-16 19:05:07.403582,2026-05-16 19:05:07.403582
952a789f,d3d875f2,4,Review,,2026-05-16 19:05:07.403593,2026-05-16 19:05:07.403593
2481e11c,83b8962c,2,Review,Okay product.,2026-05-16 19:05:07.403609,2026-05-16 19:05:07.403609
6eda3fb6,7fd9bc59,3,Review,,2026-05-16 19:05:07.403620,2026-05-16 19:05:07.403621
c66b8be6,f4483e9f,5,Review,,2026-05-16 19:05:07.403631,2026-05-16 19:05:07.403632
5f0d51bf,089793c4,5,Review,,2026-05-16 19:05:07.403642,2026-05-16 19:05:07.403643
6ef8b6a2,060c12eb,3,Review,,2026-05-16 19:05:07.403653,2026-05-16 19:05:07.403654
c78f6e96,ad03d7c6,4,Review,Product damaged.,2026-05-16 19:05:07.403670,2026-05-16 19:05:07.403671
2ee86d5b,be93664c,5,Review,Product damaged.,2026-05-16 19:05:07.403687,2026-05-16 19:05:07.403687
2f22bff4,7bf7bb48,4,Review,Great product!,2026-05-16 19:05:07.403703,2026-05-16 19:05:07.403704
973e822f,a926a1a6,5,Review,,2026-05-16 19:05:07.403717,2026-05-16 19:05:07.403717
1c9b608a,a6f45ea9,2,Review,Excellent service.,2026-05-16 19:05:07.403735,2026-05-16 19:05:07.403736
a4051258,fbb5d985,5,Review,,2026-05-16 19:05:07.403747,2026-05-16 19:05:07.403747
76ca300a,b552bb82,2,Review,Bad quality.,2026-05-16 19:05:07.403763,2026-05-16 19:05:07.403763
7b5bf8b5,f7d15778,1,Review,Arrived late.,2026-05-16 19:05:07.403780,2026-05-16 19:05:07.403780
eac64623,9efb5100,5,Review,,2026-05-16 19:05:07.403791,2026-05-16 19:05:07.403791
9a0198cd,82e19e1f,4,Review,Arrived late.,2026-05-16 19:05:07.403808,2026-05-16 19:05:07.403808
3b8ab03d,f96b9f94,5,Review,,2026-05-16 19:05:07.403819,2026-05-16 19:05:07.403820
2d8ee6c8,fab01290,5,Review,,2026-05-16 19:05:07.403830,2026-05-16 19:05:07.403831
18186013,b7ea629a,4,Review,,2026-05-16 19:05:07.403842,2026-05-16 19:05:07.403842
de870f45,c710ec24,1,Review,Okay product.,2026-05-16 19:05:07.403859,2026-05-16 19:05:07.403859
5af0df02,21cc4e59,3,Review,Okay product.,2026-05-16 19:05:07.403876,2026-05-16 19:05:07.403876
73f8a57d,2b45c3d4,5,Review,,2026-05-16 19:05:07.403887,2026-05-16 19:05:07.403888
41e18266,0253762b,5,Review,,2026-05-16 19:05:07.403898,2026-05-16 19:05:07.403899
cf5c9966,0474a77a,5,Review,,2026-05-16 19:05:07.403909,2026-05-16 19:05:07.403910
851e83ee,c4c070cb,5,Review,,2026-05-16 19:05:07.403921,2026-05-16 19:05:07.403921
a07302d9,a08b86fa,5,Review,,2026-05-16 19:05:07.403932,2026-05-16 19:05:07.403933
08864f79,d5a5e97f,5,Review,,2026-05-16 19:05:07.403943,2026-05-16 19:05:07.403944
6a2092a6,713862c4,5,Review,,2026-05-16 19:05:07.403954,2026-05-16 19:05:07.403955
49a8cd4d,bc755558,5,Review,,2026-05-16 19:05:07.403965,2026-05-16 19:05:07.403966
27d05b23,f436079c,3,Review,,2026-05-16 19:05:07.403977,2026-05-16 19:05:07.403977
1bdfbb5c,0e948af8,5,Review,,2026-05-16 19:05:07.403988,2026-05-16 19:05:07.403988
6d7cecb8,a4fb8672,3,Review,,2026-05-16 19:05:07.403999,2026-05-16 19:05:07.403999
6bc2e14e,e1804d51,5,Review,,2026-05-16 19:05:07.404010,2026-05-16 19:05:07.404010
4c834699,2369b4cb,4,Review,,2026-05-16 19:05:07.404021,2026-05-16 19:05:07.404021
c5156e27,573980aa,4,Review,Fast delivery.,2026-05-16 19:05:07.404038,2026-05-16 19:05:07.404039
341d92fb,fb714820,5,Review,,2026-05-16 19:05:07.404050,2026-05-16 19:05:07.404050
83b99fc0,71a4e3f5,4,Review,,2026-05-16 19:05:07.404061,2026-05-16 19:05:07.404062
33d6134f,a6830f16,5,Review,,2026-05-16 19:05:07.404072,2026-05-16 19:05:07.404073
0f089658,0f02fe2b,2,Review,Recommend.,2026-05-16 19:05:07.404089,2026-05-16 19:05:07.404089
bbaf5b6b,27755021,4,Review,,2026-05-16 19:05:07.404100,2026-05-16 19:05:07.404100
36d5be29,8ac01601,5,Review,,2026-05-16 19:05:07.404111,2026-05-16 19:05:07.404111
4822211d,b130b4bc,5,Review,,2026-05-16 19:05:07.404122,2026-05-16 19:05:07.404123
6f4e8fc9,bbcac174,5,Review,Okay product.,2026-05-16 19:05:07.404139,2026-05-16 19:05:07.404140
f48c6c29,0a170bd5,4,Review,,2026-05-16 19:05:07.404151,2026-05-16 19:05:07.404151
b9b39099,0579d291,5,Review,,2026-05-16 19:05:07.404162,2026-05-16 19:05:07.404162
005c2af8,3607fe2c,3,Review,,2026-05-16 19:05:07.404173,2026-05-16 19:05:07.404174
a6534fc1,25870481,3,Review,Bad quality.,2026-05-16 19:05:07.404189,2026-05-16 19:05:07.404190
f959a2d0,5337e14e,5,Review,,2026-05-16 19:05:07.404200,2026-05-16 19:05:07.404200
ce9fc5f3,7c7eec81,5,Review,Okay product.,2026-05-16 19:05:07.404216,2026-05-16 19:05:07.404217
3aafe146,a0350533,5,Review,Never arrived.,2026-05-16 19:05:07.404232,2026-05-16 19:05:07.404233
f12cfbfd,719abab5,5,Review,Product damaged.,2026-05-16 19:05:07.404249,2026-05-16 19:05:07.404249
19a54b87,ee8f75fc,5,Review,Never arrived.,2026-05-16 19:05:07.404265,2026-05-16 19:05:07.404265
98329906,5327d933,5,Review,,2026-05-16 19:05:07.404276,2026-05-16 19:05:07.404276
0567223b,82ac9a63,5,Review,Great product!,2026-05-16 19:05:07.404292,2026-05-16 19:05:07.404292
0693287c,bc198bd0,5,Review,,2026-05-16 19:05:07.404302,2026-05-16 19:05:07.404303
e859810b,ccb0a88f,5,Review,Arrived late.,2026-05-16 19:05:07.404318,2026-05-16 19:05:07.404319
72ec9f31,95a0b460,5,Review,Never arrived.,2026-05-16 19:05:07.404335,2026-05-16 19:05:07.404335
3d579381,af07e00e,2,Review,Great product!,2026-05-16 19:05:07.404350,2026-05-16 19:05:07.404350
8a7b020c,a8ad6dd6,1,Review,Recommend.,2026-05-16 19:05:07.404366,2026-05-16 19:05:07.404366
b679fe03,04b5d361,2,Review,Very satisfied.,2026-05-16 19:05:07.404381,2026-05-16 19:05:07.404381
7a3893ef,cb6e79d2,4,Review,,2026-05-16 19:05:07.404392,2026-05-16 19:05:07.404392
c2b930c6,5d519f5c,5,Review,,2026-05-16 19:05:07.404402,2026-05-16 19:05:07.404403
910fe2d5,a6ecbfc8,5,Review,Bad quality.,2026-05-16 19:05:07.404418,2026-05-16 19:05:07.404419
447f1ffd,5f6071c8,5,Review,,2026-05-16 19:05:07.404429,2026-05-16 19:05:07.404429
ce5c7c0e,7e020fd3,4,Review,,2026-05-16 19:05:07.404440,2026-05-16 19:05:07.404440
2292a99d,d225cf61,4,Review,,2026-05-16 19:05:07.404450,2026-05-16 19:05:07.404450
69ce9e20,3565d19c,2,Review,Fast delivery.,2026-05-16 19:05:07.404466,2026-05-16 19:05:07.404467
9650dd0c,8d0ea8ed,5,Review,,2026-05-16 19:05:07.404477,2026-05-16 19:05:07.404478
1bb52217,2cd96697,4,Review,,2026-05-16 19:05:07.404488,2026-05-16 19:05:07.404488
57083c7e,30304d38,4,Review,,2026-05-16 19:05:07.404499,2026-05-16 19:05:07.404499
9328a293,f49a9d19,3,Review,,2026-05-16 19:05:07.404509,2026-05-16 19:05:07.404510
246fc42b,7fdf0d0b,5,Review,,2026-05-16 19:05:07.404520,2026-05-16 19:05:07.404520
ee4a8b07,4c1130f3,1,Review,Product damaged.,2026-05-16 19:05:07.404536,2026-05-16 19:05:07.404536
6cad904a,33415a52,5,Review,,2026-05-16 19:05:07.404547,2026-05-16 19:05:07.404547
faee3d51,cfd419a4,2,Review,Excellent service.,2026-05-16 19:05:07.404563,2026-05-16 19:05:07.404563
837f6845,7c096933,5,Review,,2026-05-16 19:05:07.404573,2026-05-16 19:05:07.404574
e9c48df4,1329ad53,5,Review,,2026-05-16 19:05:07.404584,2026-05-16 19:05:07.404584
54f97046,4668f413,5,Review,,2026-05-16 19:05:07.404594,2026-05-16 19:05:07.404595
759a1da3,24bd1d3c,4,Review,,2026-05-16 19:05:07.404605,2026-05-16 19:05:07.404605
f52c0508,fb29f661,5,Review,,2026-05-16 19:05:07.404616,2026-05-16 19:05:07.404616
93f5683c,349bee9a,3,Review,,2026-05-16 19:05:07.404626,2026-05-16 19:05:07.404626
98a9eb05,970f01f1,4,Review,,2026-05-16 19:05:07.404636,2026-05-16 19:05:07.404637
390c3f31,d3f241c5,4,Review,,2026-05-16 19:05:07.404647,2026-05-16 19:05:07.404647
2ee420dc,304c9337,4,Review,,2026-05-16 19:05:07.404657,2026-05-16 19:05:07.404657
2dc83a86,51c8898d,1,Review,Never arrived.,2026-05-16 19:05:07.404673,2026-05-16 19:05:07.404673
7d60a525,f7d25230,1,Review,Excellent service.,2026-05-16 19:05:07.404688,2026-05-16 19:05:07.404689
4d99efb1,e0c05002,5,Review,,2026-05-16 19:05:07.404699,2026-05-16 19:05:07.404699
7538564b,99395e02,2,Review,Excellent service.,2026-05-16 19:05:07.404714,2026-05-16 19:05:07.404715
f22ccc84,b30f0ea2,5,Review,,2026-05-16 19:05:07.404725,2026-05-16 19:05:07.404725
a368c9dc,24643fb7,4,Review,,2026-05-16 19:05:07.404736,2026-05-16 19:05:07.404736
78c87900,e038f866,5,Review,Product damaged.,2026-05-16 19:05:07.404751,2026-05-16 19:05:07.404752
18d61520,b461a776,2,Review,Bad quality.,2026-05-16 19:05:07.404767,2026-05-16 19:05:07.404767
fabb742a,401bf7e8,3,Review,,2026-05-16 19:05:07.404778,2026-05-16 19:05:07.404778
691a4beb,9ade7163,5,Review,,2026-05-16 19:05:07.404788,2026-05-16 19:05:07.404788
8030bca6,0e9020ec,4,Review,,2026-05-16 19:05:07.404798,2026-05-16 19:05:07.404799
477794e0,5abbd998,1,Review,Recommend.,2026-05-16 19:05:07.404814,2026-05-16 19:05:07.404814
b9f5c25b,2b9062bf,4,Review,,2026-05-16 19:05:07.404825,2026-05-16 19:05:07.404825
cf99a924,e8bb0480,4,Review,,2026-05-16 19:05:07.404835,2026-05-16 19:05:07.404836
a856bcdb,32e91715,3,Review,Okay product.,2026-05-16 19:05:07.404851,2026-05-16 19:05:07.404851
035bb3bb,891329f1,3,Review,,2026-05-16 19:05:07.404862,2026-05-16 19:05:07.404862
181ffabf,bf4ec329,3,Review,,2026-05-16 19:05:07.404872,2026-05-16 19:05:07.404873
7fad9838,7655a224,5,Review,,2026-05-16 19:05:07.404883,2026-05-16 19:05:07.404883
96cf61d6,f05537cc,4,Review,,2026-05-16 19:05:07.404893,2026-05-16 19:05:07.404893
f00f4eec,1ee23b74,1,Review,Bad quality.,2026-05-16 19:05:07.404909,2026-05-16 19:05:07.404909
f08aeb7c,e68adbff,5,Review,,2026-05-16 19:05:07.404919,2026-05-16 19:05:07.404920
b42d7986,2a5cd09f,4,Review,,2026-05-16 19:05:07.404930,2026-05-16 19:05:07.404930
a0be58a9,95f12472,2,Review,Never arrived.,2026-05-16 19:05:07.404946,2026-05-16 19:05:07.404946
612101f7,58a8a0c5,4,Review,,2026-05-16 19:05:07.404956,2026-05-16 19:05:07.404957
92aec29e,c9117e0b,3,Review,,2026-05-16 19:05:07.404967,2026-05-16 19:05:07.404967
98354430,11b06914,5,Review,,2026-05-16 19:05:07.404977,2026-05-16 19:05:07.404978
de8f5af5,ebc286fc,5,Review,,2026-05-16 19:05:07.404988,2026-05-16 19:05:07.404988
6cf3bbb5,d10cb918,3,Review,,2026-05-16 19:05:07.404999,2026-05-16 19:05:07.404999
72a60d12,196126b5,4,Review,Recommend.,2026-05-16 19:05:07.405015,2026-05-16 19:05:07.405015
a9ca9592,fbcf0153,2,Review,Excellent service.,2026-05-16 19:05:07.405031,2026-05-16 19:05:07.405031
167c3c40,2c0466ea,1,Review,Very satisfied.,2026-05-16 19:05:07.405047,2026-05-16 19:05:07.405047
73b88864,9ae28d3b,5,Review,,2026-05-16 19:05:07.405058,2026-05-16 19:05:07.405058
b3cd2353,67f3b54c,4,Review,,2026-05-16 19:05:07.405068,2026-05-16 19:05:07.405069
6ffdb295,3d77d35b,5,Review,,2026-05-16 19:05:07.405079,2026-05-16 19:05:07.405080
c715e70c,e0d2cf49,5,Review,,2026-05-16 19:05:07.405090,2026-05-16 19:05:07.405090
2064920d,c02f3b49,1,Review,Recommend.,2026-05-16 19:05:07.405106,2026-05-16 19:05:07.405106
f3e05a64,ad5b7813,4,Review,,2026-05-16 19:05:07.405116,2026-05-16 19:05:07.405117
a43d64ad,7383f229,5,Review,,2026-05-16 19:05:07.405127,2026-05-16 19:05:07.405127
153a2ffd,94545e40,5,Review,,2026-05-16 19:05:07.405137,2026-05-16 19:05:07.405137
4a3033db,a728df86,5,Review,,2026-05-16 19:05:07.405148,2026-05-16 19:05:07.405148
e1cd3842,f5f7ddc4,5,Review,,2026-05-16 19:05:07.405158,2026-05-16 19:05:07.405158
d191fab1,3c878720,4,Review,,2026-05-16 19:05:07.405169,2026-05-16 19:05:07.405169
7649be9b,14d2afa0,5,Review,,2026-05-16 19:05:07.405179,2026-05-16 19:05:07.405180
084b5797,766446f2,4,Review,,2026-05-16 19:05:07.405190,2026-05-16 19:05:07.405190
341f12cd,377c98ff,1,Review,Product damaged.,2026-05-16 19:05:07.405206,2026-05-16 19:05:07.405206
d7895d7f,dd380c2a,5,Review,,2026-05-16 19:05:07.405216,2026-05-16 19:05:07.405217
9642963a,5f7bd8d9,4,Review,Excellent service.,2026-05-16 19:05:07.405232,2026-05-16 19:05:07.405233
b0498566,0efa41cf,5,Review,,2026-05-16 19:05:07.405243,2026-05-16 19:05:07.405243
d2e6d3ed,a8bbfd7c,3,Review,,2026-05-16 19:05:07.405257,2026-05-16 19:05:07.405257
b9526354,529e21dd,5,Review,,2026-05-16 19:05:07.405270,2026-05-16 19:05:07.405271
f3d6af2a,b49775d7,4,Review,,2026-05-16 19:05:07.405281,2026-05-16 19:05:07.405282
4b81fc77,cebf8e08,5,Review,,2026-05-16 19:05:07.405293,2026-05-16 19:05:07.405293
1acbe5fe,96ca9750,4,Review,Bad quality.,2026-05-16 19:05:07.405309,2026-05-16 19:05:07.405310
93526d40,4e24fefc,5,Review,Excellent service.,2026-05-16 19:05:07.405327,2026-05-16 19:05:07.405327
f8c3f4e7,095c895b,5,Review,,2026-05-16 19:05:07.405338,2026-05-16 19:05:07.405339
728e41a9,a198c4d1,3,Review,,2026-05-16 19:05:07.405350,2026-05-16 19:05:07.405350
13cf0fb1,70d2efce,5,Review,Arrived late.,2026-05-16 19:05:07.405367,2026-05-16 19:05:07.405367
ebc657f8,cb57451f,5,Review,,2026-05-16 19:05:07.405379,2026-05-16 19:05:07.405379
ee3c77e1,3fdf158d,5,Review,,2026-05-16 19:05:07.405390,2026-05-16 19:05:07.405390
d2d84896,affb0d4b,3,Review,Excellent service.,2026-05-16 19:05:07.405406,2026-05-16 19:05:07.405407
dd74b885,28efdd49,5,Review,,2026-05-16 19:05:07.405418,2026-05-16 19:05:07.405418
c02dc150,63a928f8,5,Review,Never arrived.,2026-05-16 19:05:07.405434,2026-05-16 19:05:07.405435
ef092f1a,25b44ecb,4,Review,,2026-05-16 19:05:07.405446,2026-05-16 19:05:07.405446
a3c156b2,90146313,3,Review,Product damaged.,2026-05-16 19:05:07.405463,2026-05-16 19:05:07.405463
1738d7e6,44e6a1fb,1,Review,Recommend.,2026-05-16 19:05:07.405479,2026-05-16 19:05:07.405480
43899ce3,b0e1b8e6,1,Review,Fast delivery.,2026-05-16 19:05:07.405497,2026-05-16 19:05:07.405497
3e824852,6f85b225,3,Review,,2026-05-16 19:05:07.405508,2026-05-16 19:05:07.405508
4f22f541,3fc599c6,1,Review,Never arrived.,2026-05-16 19:05:07.405525,2026-05-16 19:05:07.405525
40cd5583,3d9661e8,4,Review,,2026-05-16 19:05:07.405536,2026-05-16 19:05:07.405536
263b90e7,bb49511d,4,Review,,2026-05-16 19:05:07.405548,2026-05-16 19:05:07.405548
1d1ce8e0,d0f6fa43,5,Review,,2026-05-16 19:05:07.405559,2026-05-16 19:05:07.405559
791cd224,26d1c7a2,4,Review,,2026-05-16 19:05:07.405570,2026-05-16 19:05:07.405570
26744b44,83daaa89,2,Review,Great product!,2026-05-16 19:05:07.405586,2026-05-16 19:05:07.405587
2f6e6145,05e7e2ba,5,Review,,2026-05-16 19:05:07.405598,2026-05-16 19:05:07.405598
5288d90b,2fd34e9c,5,Review,Okay product.,2026-05-16 19:05:07.405615,2026-05-16 19:05:07.405615
ddb16d50,f6712085,4,Review,,2026-05-16 19:05:07.405626,2026-05-16 19:05:07.405627
ce6cf063,e97bf992,5,Review,Product damaged.,2026-05-16 19:05:07.405644,2026-05-16 19:05:07.405644
35fa7849,f0069f76,5,Review,,2026-05-16 19:05:07.405657,2026-05-16 19:05:07.405658
ad07a746,370df9eb,4,Review,,2026-05-16 19:05:07.405674,2026-05-16 19:05:07.405674
dd103843,e658d664,5,Review,,2026-05-16 19:05:07.405686,2026-05-16 19:05:07.405686
64442cce,a7230964,5,Review,Excellent service.,2026-05-16 19:05:07.405704,2026-05-16 19:05:07.405704
e39f860f,10c9836e,5,Review,,2026-05-16 19:05:07.405716,2026-05-16 19:05:07.405717
c2674c72,5e5ffeea,3,Review,,2026-05-16 19:05:07.405729,2026-05-16 19:05:07.405729
2fbeef0c,edc4d043,4,Review,,2026-05-16 19:05:07.405740,2026-05-16 19:05:07.405741
89f996be,2768c9f2,3,Review,,2026-05-16 19:05:07.405752,2026-05-16 19:05:07.405753
f36536c8,b5305cbc,2,Review,Excellent service.,2026-05-16 19:05:07.405770,2026-05-16 19:05:07.405770
a4f49e13,7a314bb8,5,Review,,2026-05-16 19:05:07.405782,2026-05-16 19:05:07.405782
954aa919,aaf8940e,5,Review,,2026-05-16 19:05:07.405793,2026-05-16 19:05:07.405793
120e3701,1fb51958,5,Review,,2026-05-16 19:05:07.405805,2026-05-16 19:05:07.405805
31ebd118,7111974f,4,Review,,2026-05-16 19:05:07.405816,2026-05-16 19:05:07.405817
fa8914d3,52fbcb34,5,Review,Great product!,2026-05-16 19:05:07.405834,2026-05-16 19:05:07.405834
7077e052,de57ac2e,3,Review,,2026-05-16 19:05:07.405846,2026-05-16 19:05:07.405846
1189ac44,56dce8e0,5,Review,,2026-05-16 19:05:07.405858,2026-05-16 19:05:07.405858
68c4c91b,a21050b5,5,Review,,2026-05-16 19:05:07.405869,2026-05-16 19:05:07.405870
c5f98dfa,99eb3ced,5,Review,Product damaged.,2026-05-16 19:05:07.405887,2026-05-16 19:05:07.405887
bb4d6881,f29331df,5,Review,Product damaged.,2026-05-16 19:05:07.405905,2026-05-16 19:05:07.405905
4e37cacb,19dc9334,5,Review,,2026-05-16 19:05:07.405916,2026-05-16 19:05:07.405917
451f292f,be184900,3,Review,,2026-05-16 19:05:07.405928,2026-05-16 19:05:07.405928
408d9fd2,970ec849,5,Review,,2026-05-16 19:05:07.405939,2026-05-16 19:05:07.405940
452a0a9b,ef533f34,1,Review,Never arrived.,2026-05-16 19:05:07.405956,2026-05-16 19:05:07.405957
48888268,16feb06f,5,Review,,2026-05-16 19:05:07.405968,2026-05-16 19:05:07.405968
eae4e3d0,31730e2e,5,Review,,2026-05-16 19:05:07.405980,2026-05-16 19:05:07.405980
b445c044,2011549a,5,Review,Okay product.,2026-05-16 19:05:07.405997,2026-05-16 19:05:07.405997
5fb3146a,ff13485c,1,Review,Fast delivery.,2026-05-16 19:05:07.406014,2026-05-16 19:05:07.406014
789f985d,00b786f0,5,Review,,2026-05-16 19:05:07.406026,2026-05-16 19:05:07.406026
e96d6893,d628153d,5,Review,,2026-05-16 19:05:07.406038,2026-05-16 19:05:07.406038
0bd8ccb1,a7507421,1,Review,Product damaged.,2026-05-16 19:05:07.406054,2026-05-16 19:05:07.406055
f506e6f8,25c2c9b0,5,Review,,2026-05-16 19:05:07.406066,2026-05-16 19:05:07.406067
a364871a,e34158d7,5,Review,Product damaged.,2026-05-16 19:05:07.406084,2026-05-16 19:05:07.406084
1a798815,9916a21c,4,Review,,2026-05-16 19:05:07.406096,2026-05-16 19:05:07.406096
ed7831f6,a1d66a7d,1,Review,Very satisfied.,2026-05-16 19:05:07.406112,2026-05-16 19:05:07.406113
5ae5a8bf,0d6ee839,4,Review,,2026-05-16 19:05:07.406123,2026-05-16 19:05:07.406123
2c0766b2,7805a3de,5,Review,,2026-05-16 19:05:07.406134,2026-05-16 19:05:07.406134
c926e006,ff73593d,5,Review,,2026-05-16 19:05:07.406144,2026-05-16 19:05:07.406145
4f65d7f9,f1ab5d76,5,Review,,2026-05-16 19:05:07.406155,2026-05-16 19:05:07.406155
b5b37d15,4f7c35f4,5,Review,,2026-05-16 19:05:07.406165,2026-05-16 19:05:07.406166
4817b89a,387872d5,5,Review,,2026-05-16 19:05:07.406176,2026-05-16 19:05:07.406176
e1a16be5,5be5de66,5,Review,,2026-05-16 19:05:07.406186,2026-05-16 19:05:07.406187
a819f5ba,6627ee33,5,Review,Okay product.,2026-05-16 19:05:07.406202,2026-05-16 19:05:07.406202
178c4210,aef2433f,1,Review,Excellent service.,2026-05-16 19:05:07.406217,2026-05-16 19:05:07.406218
097e61bd,b7c09fb1,5,Review,,2026-05-16 19:05:07.406228,2026-05-16 19:05:07.406229
e2854fd4,5c08e6d7,5,Review,,2026-05-16 19:05:07.406239,2026-05-16 19:05:07.406239
6ccd2123,7e713895,3,Review,,2026-05-16 19:05:07.406249,2026-05-16 19:05:07.406249
e01c3fa7,eaf1654a,3,Review,Very satisfied.,2026-05-16 19:05:07.406265,2026-05-16 19:05:07.406265
165b9f84,eed0bbb3,5,Review,Recommend.,2026-05-16 19:05:07.406281,2026-05-16 19:05:07.406281
88634c10,b12dd04f,3,Review,Never arrived.,2026-05-16 19:05:07.406309,2026-05-16 19:05:07.406310
21b815ee,e8ec0735,5,Review,,2026-05-16 19:05:07.406321,2026-05-16 19:05:07.406321
6ac15c65,1c5cbd25,4,Review,Okay product.,2026-05-16 19:05:07.406337,2026-05-16 19:05:07.406337
889ca743,56386d64,5,Review,,2026-05-16 19:05:07.406347,2026-05-16 19:05:07.406348
d55b1679,5ec298ba,5,Review,,2026-05-16 19:05:07.406358,2026-05-16 19:05:07.406358
58ef31ab,c2b0b311,5,Review,,2026-05-16 19:05:07.406368,2026-05-16 19:05:07.406368
183ab04e,0b7c69d3,3,Review,,2026-05-16 19:05:07.406379,2026-05-16 19:05:07.406379
7b8f9464,da64644d,1,Review,Product damaged.,2026-05-16 19:05:07.406394,2026-05-16 19:05:07.406394
941272ab,d03e050e,5,Review,,2026-05-16 19:05:07.406405,2026-05-16 19:05:07.406405
293767e4,c99fd16e,5,Review,,2026-05-16 19:05:07.406415,2026-05-16 19:05:07.406415
37099791,5c67aca6,5,Review,,2026-05-16 19:05:07.406425,2026-05-16 19:05:07.406426
284134fd,c4eb96de,5,Review,,2026-05-16 19:05:07.406436,2026-05-16 19:05:07.406436
83a2d68b,b86d0a20,4,Review,,2026-05-16 19:05:07.406447,2026-05-16 19:05:07.406447
2434cbc3,c5c833fa,5,Review,,2026-05-16 19:05:07.406457,2026-05-16 19:05:07.406457
4614f250,0adb156c,1,Review,Recommend.,2026-05-16 19:05:07.406473,2026-05-16 19:05:07.406473
358dc840,9d7cf46a,4,Review,,2026-05-16 19:05:07.406484,2026-05-16 19:05:07.406484
93925659,c24fc79b,1,Review,Arrived late.,2026-05-16 19:05:07.406499,2026-05-16 19:05:07.406499
ef5e31e8,eb5d14c0,4,Review,Excellent service.,2026-05-16 19:05:07.406515,2026-05-16 19:05:07.406515
4cb56ed8,4de097da,5,Review,,2026-05-16 19:05:07.406526,2026-05-16 19:05:07.406526
9bbce7db,94f659dc,4,Review,,2026-05-16 19:05:07.406536,2026-05-16 19:05:07.406537
cebfebb3,3d4e7b52,2,Review,Okay product.,2026-05-16 19:05:07.406552,2026-05-16 19:05:07.406552
1e10c0ae,8e305023,4,Review,,2026-05-16 19:05:07.406562,2026-05-16 19:05:07.406562
a7618f38,94c507ca,3,Review,,2026-05-16 19:05:07.406573,2026-05-16 19:05:07.406573
79f273fe,20f0a04a,5,Review,,2026-05-16 19:05:07.406583,2026-05-16 19:05:07.406583
c5b7b7b6,97558890,5,Review,,2026-05-16 19:05:07.406594,2026-05-16 19:05:07.406594
c98b29a0,906ed421,2,Review,Never arrived.,2026-05-16 19:05:07.406609,2026-05-16 19:05:07.406610
4365d680,290f716d,4,Review,,2026-05-16 19:05:07.406620,2026-05-16 19:05:07.406621
b2d82920,33d7ce66,5,Review,,2026-05-16 19:05:07.406631,2026-05-16 19:05:07.406632
48b1baaa,9a56f637,5,Review,,2026-05-16 19:05:07.406646,2026-05-16 19:05:07.406646
ac399cb1,4056eacd,5,Review,,2026-05-16 19:05:07.406659,2026-05-16 19:05:07.406659
175c0a0b,b91b7f29,4,Review,,2026-05-16 19:05:07.406671,2026-05-16 19:05:07.406671
bf5cf81d,cd2e14cb,5,Review,Excellent service.,2026-05-16 19:05:07.406688,2026-05-16 19:05:07.406688
b6a83338,dd1649ee,5,Review,,2026-05-16 19:05:07.406700,2026-05-16 19:05:07.406700
0d6221cd,b6346a85,2,Review,Great product!,2026-05-16 19:05:07.406716,2026-05-16 19:05:07.406717
2d9d0e89,6c41518a,4,Review,,2026-05-16 19:05:07.406728,2026-05-16 19:05:07.406728
84c80647,20260f3c,5,Review,,2026-05-16 19:05:07.406739,2026-05-16 19:05:07.406739
331e76fd,19563209,2,Review,Bad quality.,2026-05-16 19:05:07.406756,2026-05-16 19:05:07.406756
12aa3242,66bc0e35,2,Review,Recommend.,2026-05-16 19:05:07.406773,2026-05-16 19:05:07.406773
6b7f2629,d1097af6,4,Review,Fast delivery.,2026-05-16 19:05:07.406790,2026-05-16 19:05:07.406790
e79c3cca,01ec5f52,5,Review,Never arrived.,2026-05-16 19:05:07.406807,2026-05-16 19:05:07.406807
bfe2a37c,7f207d7f,4,Review,,2026-05-16 19:05:07.406819,2026-05-16 19:05:07.406819
e1b61575,23bd9a4b,5,Review,Arrived late.,2026-05-16 19:05:07.406838,2026-05-16 19:05:07.406838
9382e829,14480b34,5,Review,,2026-05-16 19:05:07.406852,2026-05-16 19:05:07.406853
363511c0,797ab638,5,Review,,2026-05-16 19:05:07.406864,2026-05-16 19:05:07.406864
ca7cac0c,03dd1d11,4,Review,,2026-05-16 19:05:07.406876,2026-05-16 19:05:07.406876
046d81b7,3a650773,5,Review,,2026-05-16 19:05:07.406888,2026-05-16 19:05:07.406888
73d20e6d,595a8a05,3,Review,,2026-05-16 19:05:07.406899,2026-05-16 19:05:07.406900
095e1af2,336d2fb2,1,Review,Bad quality.,2026-05-16 19:05:07.406917,2026-05-16 19:05:07.406917
be477b9c,21c41269,5,Review,,2026-05-16 19:05:07.406929,2026-05-16 19:05:07.406929
0444e962,172f61a2,5,Review,,2026-05-16 19:05:07.406941,2026-05-16 19:05:07.406942
ee4ab59e,b18f73c0,5,Review,,2026-05-16 19:05:07.406953,2026-05-16 19:05:07.406953
536a2e34,dfa914fd,4,Review,,2026-05-16 19:05:07.406965,2026-05-16 19:05:07.406965
5ab7d354,52dd3951,4,Review,,2026-05-16 19:05:07.406976,2026-05-16 19:05:07.406977
b281d83d,efa4fbef,5,Review,,2026-05-16 19:05:07.406988,2026-05-16 19:05:07.406988
e7e89d57,ee83b6a4,5,Review,,2026-05-16 19:05:07.406999,2026-05-16 19:05:07.407000
e50e2a82,dd6a854f,4,Review,Arrived late.,2026-05-16 19:05:07.407017,2026-05-16 19:05:07.407017
a0079cf8,b15d213b,4,Review,Recommend.,2026-05-16 19:05:07.407034,2026-05-16 19:05:07.407034
ff89f9cc,ae5c60be,4,Review,,2026-05-16 19:05:07.407045,2026-05-16 19:05:07.407046
269bfdd9,26d32540,5,Review,,2026-05-16 19:05:07.407057,2026-05-16 19:05:07.407057
a701d9aa,2d0a329c,3,Review,Product damaged.,2026-05-16 19:05:07.407074,2026-05-16 19:05:07.407074
b8af1321,6c51b739,5,Review,,2026-05-16 19:05:07.407086,2026-05-16 19:05:07.407086
d1b3dcea,8674cd49,1,Review,Product damaged.,2026-05-16 19:05:07.407103,2026-05-16 19:05:07.407103
00117e76,604883d0,4,Review,,2026-05-16 19:05:07.407115,2026-05-16 19:05:07.407115
825e1861,0b31f434,5,Review,Recommend.,2026-05-16 19:05:07.407132,2026-05-16 19:05:07.407133
8388404c,f7359b5f,3,Review,,2026-05-16 19:05:07.407144,2026-05-16 19:05:07.407144
6ebceb12,5e078a55,5,Review,,2026-05-16 19:05:07.407155,2026-05-16 19:05:07.407156
8aebb493,69c09058,4,Review,,2026-05-16 19:05:07.407167,2026-05-16 19:05:07.407167
025a8b2c,ca72701b,5,Review,Recommend.,2026-05-16 19:05:07.407184,2026-05-16 19:05:07.407185
6b57a5d4,b2cac020,4,Review,,2026-05-16 19:05:07.407196,2026-05-16 19:05:07.407197
6545615f,f2967f21,5,Review,,2026-05-16 19:05:07.407208,2026-05-16 19:05:07.407208
e66dbb68,c05a4026,5,Review,,2026-05-16 19:05:07.407219,2026-05-16 19:05:07.407219
c1b2f7bb,7b53f366,4,Review,,2026-05-16 19:05:07.407231,2026-05-16 19:05:07.407231
78e2b6ba,a853225f,3,Review,,2026-05-16 19:05:07.407242,2026-05-16 19:05:07.407242
0effdd34,40b429a2,4,Review,,2026-05-16 19:05:07.407253,2026-05-16 19:05:07.407254
dd1bae28,cf7c29c9,5,Review,,2026-05-16 19:05:07.407265,2026-05-16 19:05:07.407265
36d36691,b929aed6,5,Review,,2026-05-16 19:05:07.407276,2026-05-16 19:05:07.407277
6e9658bd,08b2c261,4,Review,,2026-05-16 19:05:07.407288,2026-05-16 19:05:07.407289
5a28a971,cb04f4e8,5,Review,,2026-05-16 19:05:07.407300,2026-05-16 19:05:07.407300
cb84c570,d692e486,5,Review,,2026-05-16 19:05:07.407311,2026-05-16 19:05:07.407312
6f7fe4b3,22112e15,4,Review,,2026-05-16 19:05:07.407324,2026-05-16 19:05:07.407324
01c93019,9f601907,5,Review,,2026-05-16 19:05:07.407335,2026-05-16 19:05:07.407336
dd676c4b,68487ee1,2,Review,Okay product.,2026-05-16 19:05:07.407351,2026-05-16 19:05:07.407352
523a1aef,7dec2850,4,Review,,2026-05-16 19:05:07.407362,2026-05-16 19:05:07.407362
8c7a90c6,b3aabee3,5,Review,,2026-05-16 19:05:07.407373,2026-05-16 19:05:07.407373
31e29c2f,3a00efce,4,Review,Arrived late.,2026-05-16 19:05:07.407388,2026-05-16 19:05:07.407389
0f13778b,49df05a8,5,Review,,2026-05-16 19:05:07.407399,2026-05-16 19:05:07.407400
156c30ad,6e5c77f4,5,Review,,2026-05-16 19:05:07.407410,2026-05-16 19:05:07.407410
285800a1,f4bb9114,4,Review,Never arrived.,2026-05-16 19:05:07.407426,2026-05-16 19:05:07.407426
ece867ef,a48ad8dc,5,Review,,2026-05-16 19:05:07.407436,2026-05-16 19:05:07.407437
721f314d,b15c6993,5,Review,,2026-05-16 19:05:07.407447,2026-05-16 19:05:07.407448
6080dbf1,4d736760,5,Review,Arrived late.,2026-05-16 19:05:07.407463,2026-05-16 19:05:07.407463
172e0065,1629419d,1,Review,Arrived late.,2026-05-16 19:05:07.407479,2026-05-16 19:05:07.407479
75a58eb7,8a77cd7f,5,Review,,2026-05-16 19:05:07.407489,2026-05-16 19:05:07.407490
32aafa54,59fe49e1,3,Review,,2026-05-16 19:05:07.407500,2026-05-16 19:05:07.407500
9fb939a7,12991f35,4,Review,,2026-05-16 19:05:07.407510,2026-05-16 19:05:07.407510
84418385,6e5fa8c0,4,Review,,2026-05-16 19:05:07.407521,2026-05-16 19:05:07.407521
12f2cbe3,41e2eaf1,5,Review,Excellent service.,2026-05-16 19:05:07.407536,2026-05-16 19:05:07.407537
65ebc4d8,07fbe29f,4,Review,,2026-05-16 19:05:07.407550,2026-05-16 19:05:07.407550
58424f04,bbfb647c,5,Review,,2026-05-16 19:05:07.407564,2026-05-16 19:05:07.407565
e4f44fbc,f77fa04e,5,Review,,2026-05-16 19:05:07.407579,2026-05-16 19:05:07.407579
5dcec98c,e4e40c78,1,Review,Very satisfied.,2026-05-16 19:05:07.407595,2026-05-16 19:05:07.407595
9ae7ec9b,d9f5e23d,5,Review,,2026-05-16 19:05:07.407606,2026-05-16 19:05:07.407606
9665d1f5,484cbad9,5,Review,,2026-05-16 19:05:07.407616,2026-05-16 19:05:07.407616
360baff3,2aed74cc,1,Review,Never arrived.,2026-05-16 19:05:07.407632,2026-05-16 19:05:07.407632
38e1c95f,663598aa,4,Review,,2026-05-16 19:05:07.407642,2026-05-16 19:05:07.407642
46c8ae10,ba69361a,5,Review,,2026-05-16 19:05:07.407653,2026-05-16 19:05:07.407653
d464dfc2,2ad8d19b,4,Review,,2026-05-16 19:05:07.407663,2026-05-16 19:05:07.407664
146dfb87,d22b79ee,5,Review,Arrived late.,2026-05-16 19:05:07.407679,2026-05-16 19:05:07.407680
ad7f16fa,8ee29b3a,5,Review,Recommend.,2026-05-16 19:05:07.407697,2026-05-16 19:05:07.407698
544866cf,7564c6f9,5,Review,,2026-05-16 19:05:07.407708,2026-05-16 19:05:07.407708
933377ce,6f910476,4,Review,,2026-05-16 19:05:07.407719,2026-05-16 19:05:07.407719
7a703ba6,7192c8d7,5,Review,,2026-05-16 19:05:07.407729,2026-05-16 19:05:07.407730
60a56fee,30f37aa6,5,Review,,2026-05-16 19:05:07.407740,2026-05-16 19:05:07.407740
b63e32be,16eb838d,5,Review,,2026-05-16 19:05:07.407750,2026-05-16 19:05:07.407750
aa2fb5d9,d75047c4,4,Review,,2026-05-16 19:05:07.407760,2026-05-16 19:05:07.407761
a65fec0b,f140729a,4,Review,,2026-05-16 19:05:07.407771,2026-05-16 19:05:07.407771
20a58fb6,9ecd5b10,1,Review,Bad quality.,2026-05-16 19:05:07.407787,2026-05-16 19:05:07.407787
f04b5f83,4a0b5fd2,1,Review,Bad quality.,2026-05-16 19:05:07.407802,2026-05-16 19:05:07.407803
db8e8083,1a8c055b,4,Review,,2026-05-16 19:05:07.407813,2026-05-16 19:05:07.407813
2c00836b,ba118aad,3,Review,,2026-05-16 19:05:07.407823,2026-05-16 19:05:07.407824
70941ee6,1358f9fc,5,Review,Bad quality.,2026-05-16 19:05:07.407839,2026-05-16 19:05:07.407840
98b0da95,a1454c71,5,Review,,2026-05-16 19:05:07.407850,2026-05-16 19:05:07.407850
8348b8d1,8d44be72,5,Review,Product damaged.,2026-05-16 19:05:07.407866,2026-05-16 19:05:07.407866
2be91d77,979503a2,5,Review,,2026-05-16 19:05:07.407876,2026-05-16 19:05:07.407877
9af857d8,50896fdc,5,Review,,2026-05-16 19:05:07.407887,2026-05-16 19:05:07.407887
3ac12185,de4b8ad2,4,Review,,2026-05-16 19:05:07.407897,2026-05-16 19:05:07.407897
268eba7a,afc3096e,5,Review,Product damaged.,2026-05-16 19:05:07.407913,2026-05-16 19:05:07.407913
9816e7ee,34afa2d6,5,Review,,2026-05-16 19:05:07.407923,2026-05-16 19:05:07.407924
57843171,81e738ba,4,Review,,2026-05-16 19:05:07.407934,2026-05-16 19:05:07.407934
6eee3738,0655cfa4,5,Review,Recommend.,2026-05-16 19:05:07.407966,2026-05-16 19:05:07.407967
656f1071,6d7c733c,5,Review,,2026-05-16 19:05:07.407981,2026-05-16 19:05:07.407981
a788480d,7cfcbb73,5,Review,,2026-05-16 19:05:07.407993,2026-05-16 19:05:07.407993
ceb66923,d128bf63,4,Review,,2026-05-16 19:05:07.408004,2026-05-16 19:05:07.408004
88d8a487,6e211eaa,5,Review,,2026-05-16 19:05:07.408014,2026-05-16 19:05:07.408015
464632a0,f5d61998,3,Review,Okay product.,2026-05-16 19:05:07.408030,2026-05-16 19:05:07.408031
7f854fa2,717f2373,5,Review,Product damaged.,2026-05-16 19:05:07.408046,2026-05-16 19:05:07.408047
43819714,a6c59492,5,Review,,2026-05-16 19:05:07.408057,2026-05-16 19:05:07.408057
715bc0f9,92d1338f,5,Review,Never arrived.,2026-05-16 19:05:07.408073,2026-05-16 19:05:07.408073
8b867e58,dd7b6b4e,5,Review,,2026-05-16 19:05:07.408083,2026-05-16 19:05:07.408084
6609b9c3,d94334b5,5,Review,Fast delivery.,2026-05-16 19:05:07.408103,2026-05-16 19:05:07.408104
78f0b678,8c3c4317,5,Review,Recommend.,2026-05-16 19:05:07.408126,2026-05-16 19:05:07.408126
43aa9338,9598a0d9,5,Review,,2026-05-16 19:05:07.408139,2026-05-16 19:05:07.408139
2c25c1f5,34f9d396,4,Review,Very satisfied.,2026-05-16 19:05:07.408154,2026-05-16 19:05:07.408155
60b46f65,3813cdf7,5,Review,Recommend.,2026-05-16 19:05:07.408170,2026-05-16 19:05:07.408170
c50698f1,aebe2b90,4,Review,,2026-05-16 19:05:07.408181,2026-05-16 19:05:07.408181
445195cf,d82789d1,5,Review,,2026-05-16 19:05:07.408191,2026-05-16 19:05:07.408192
03f39be7,b186c496,4,Review,,2026-05-16 19:05:07.408202,2026-05-16 19:05:07.408202
b6118195,5483fd70,3,Review,,2026-05-16 19:05:07.408213,2026-05-16 19:05:07.408213
be38ea9d,3c806e05,5,Review,,2026-05-16 19:05:07.408224,2026-05-16 19:05:07.408224
36e5d86e,49d7353d,5,Review,Great product!,2026-05-16 19:05:07.408239,2026-05-16 19:05:07.408240
84cef1b2,bfbf0568,4,Review,,2026-05-16 19:05:07.408250,2026-05-16 19:05:07.408250
d24e0c31,355d2e26,4,Review,Bad quality.,2026-05-16 19:05:07.408266,2026-05-16 19:05:07.408266
14ebec5d,3b19a486,4,Review,,2026-05-16 19:05:07.408276,2026-05-16 19:05:07.408277
888a8334,3286b68b,4,Review,,2026-05-16 19:05:07.408287,2026-05-16 19:05:07.408287
a253e935,b6cdceea,5,Review,,2026-05-16 19:05:07.408298,2026-05-16 19:05:07.408298
c5592185,e5cc86c5,5,Review,,2026-05-16 19:05:07.408308,2026-05-16 19:05:07.408308
0294758a,d5f52193,5,Review,,2026-05-16 19:05:07.408319,2026-05-16 19:05:07.408319
99fd8f72,29e699c0,3,Review,,2026-05-16 19:05:07.408329,2026-05-16 19:05:07.408330
9e93ec32,6f8cc1aa,5,Review,Never arrived.,2026-05-16 19:05:07.408345,2026-05-16 19:05:07.408345
112f3dbe,a6880542,1,Review,Bad quality.,2026-05-16 19:05:07.408361,2026-05-16 19:05:07.408361
9bf4ce4d,2626e65c,5,Review,,2026-05-16 19:05:07.408372,2026-05-16 19:05:07.408372
fa818070,8f8ca1d8,5,Review,,2026-05-16 19:05:07.408382,2026-05-16 19:05:07.408383
07aaf4b7,8c1eb61a,3,Review,Okay product.,2026-05-16 19:05:07.408404,2026-05-16 19:05:07.408405
1860b258,f0ce442e,2,Review,Okay product.,2026-05-16 19:05:07.408426,2026-05-16 19:05:07.408427
d80acf74,10a46001,5,Review,,2026-05-16 19:05:07.408437,2026-05-16 19:05:07.408437
82594bef,27d7c6e3,3,Review,Very satisfied.,2026-05-16 19:05:07.408453,2026-05-16 19:05:07.408454
17d6cb32,bff3a36e,5,Review,Great product!,2026-05-16 19:05:07.408469,2026-05-16 19:05:07.408470
138e6b17,1e1babe3,5,Review,,2026-05-16 19:05:07.408480,2026-05-16 19:05:07.408480
3528f4db,136ad3a6,5,Review,,2026-05-16 19:05:07.408490,2026-05-16 19:05:07.408491
1f72358d,a7071a56,5,Review,,2026-05-16 19:05:07.408501,2026-05-16 19:05:07.408501
f0904d19,adebaf96,5,Review,,2026-05-16 19:05:07.408512,2026-05-16 19:05:07.408512
b64d7312,80e8790f,5,Review,,2026-05-16 19:05:07.408526,2026-05-16 19:05:07.408526
07796073,0b275b84,2,Review,Okay product.,2026-05-16 19:05:07.408548,2026-05-16 19:05:07.408548
238999ae,d018ffc6,4,Review,Excellent service.,2026-05-16 19:05:07.408566,2026-05-16 19:05:07.408566
5dd831dd,9f9d7dd2,5,Review,,2026-05-16 19:05:07.408577,2026-05-16 19:05:07.408577
116d002c,0b29e87a,5,Review,,2026-05-16 19:05:07.408587,2026-05-16 19:05:07.408588
de1e445c,f62b0fc3,5,Review,,2026-05-16 19:05:07.408598,2026-05-16 19:05:07.408598
e9236a44,11a279f3,3,Review,,2026-05-16 19:05:07.408608,2026-05-16 19:05:07.408608
b87c4fbf,39c5d9a5,4,Review,,2026-05-16 19:05:07.408618,2026-05-16 19:05:07.408619
ae306203,c2cd0f31,5,Review,,2026-05-16 19:05:07.408629,2026-05-16 19:05:07.408629
4539325c,173098e9,4,Review,,2026-05-16 19:05:07.408639,2026-05-16 19:05:07.408640
ae60af17,f2ffbe39,4,Review,Bad quality.,2026-05-16 19:05:07.408655,2026-05-16 19:05:07.408656
757049aa,a531e15d,4,Review,Never arrived.,2026-05-16 19:05:07.408671,2026-05-16 19:05:07.408671
55a42485,3fbc6843,5,Review,,2026-05-16 19:05:07.408682,2026-05-16 19:05:07.408682
2d7908cd,ecd28368,3,Review,,2026-05-16 19:05:07.408694,2026-05-16 19:05:07.408695
6b263329,20f88e2e,1,Review,Never arrived.,2026-05-16 19:05:07.408716,2026-05-16 19:05:07.408716
671b1745,ed067261,3,Review,,2026-05-16 19:05:07.408730,2026-05-16 19:05:07.408731
3a12e8ac,144436f5,3,Review,,2026-05-16 19:05:07.408741,2026-05-16 19:05:07.408741
c95dc935,44fac9fb,5,Review,Great product!,2026-05-16 19:05:07.408757,2026-05-16 19:05:07.408757
e540414b,0311ae32,5,Review,,2026-05-16 19:05:07.408768,2026-05-16 19:05:07.408768
8d4e5167,54314211,4,Review,,2026-05-16 19:05:07.408778,2026-05-16 19:05:07.408778
10f1b194,0766b205,4,Review,,2026-05-16 19:05:07.408788,2026-05-16 19:05:07.408789
9b69d11a,791e7979,3,Review,,2026-05-16 19:05:07.408799,2026-05-16 19:05:07.408799
f160810b,e7f5dced,1,Review,Never arrived.,2026-05-16 19:05:07.408814,2026-05-16 19:05:07.408815
b7593507,42db4db4,5,Review,,2026-05-16 19:05:07.408826,2026-05-16 19:05:07.408826
0eaff9cc,5856e677,5,Review,Never arrived.,2026-05-16 19:05:07.408843,2026-05-16 19:05:07.408843
ae9303ac,6497c5e5,4,Review,,2026-05-16 19:05:07.408854,2026-05-16 19:05:07.408854
822174bf,7449cc85,5,Review,Arrived late.,2026-05-16 19:05:07.408871,2026-05-16 19:05:07.408872
7129277c,97a5d075,2,Review,Excellent service.,2026-05-16 19:05:07.408887,2026-05-16 19:05:07.408887
d17f7252,f7027995,5,Review,,2026-05-16 19:05:07.408898,2026-05-16 19:05:07.408898
a83826b3,8ad01fa6,4,Review,,2026-05-16 19:05:07.408908,2026-05-16 19:05:07.408909
4649153c,09ed8229,4,Review,,2026-05-16 19:05:07.408919,2026-05-16 19:05:07.408919
9e42cc0a,ab9a40c4,3,Review,,2026-05-16 19:05:07.408929,2026-05-16 19:05:07.408930
dc5c7e85,d7c1c145,5,Review,,2026-05-16 19:05:07.408940,2026-05-16 19:05:07.408940
edc9fb1a,10e57a5f,4,Review,,2026-05-16 19:05:07.408951,2026-05-16 19:05:07.408951
151e9f08,45255c7a,4,Review,,2026-05-16 19:05:07.408961,2026-05-16 19:05:07.408962
d1780ab6,2a6c6b99,4,Review,Very satisfied.,2026-05-16 19:05:07.408977,2026-05-16 19:05:07.408978
dbf9fbe1,c434aac9,5,Review,,2026-05-16 19:05:07.408989,2026-05-16 19:05:07.408989
6f5e9792,02f982a7,4,Review,,2026-05-16 19:05:07.408999,2026-05-16 19:05:07.409000
176ef97c,33f97216,1,Review,Very satisfied.,2026-05-16 19:05:07.409015,2026-05-16 19:05:07.409015
39591f5f,829791f4,5,Review,,2026-05-16 19:05:07.409026,2026-05-16 19:05:07.409026
a3e04eda,e9cbc955,5,Review,,2026-05-16 19:05:07.409036,2026-05-16 19:05:07.409037
6662b8b3,fbd9cea1,4,Review,Bad quality.,2026-05-16 19:05:07.409052,2026-05-16 19:05:07.409053
f7a07389,45d4b5f5,5,Review,Arrived late.,2026-05-16 19:05:07.409068,2026-05-16 19:05:07.409068
94cc78dd,ea961efa,5,Review,,2026-05-16 19:05:07.409079,2026-05-16 19:05:07.409079
453765a1,9da4153d,5,Review,,2026-05-16 19:05:07.409089,2026-05-16 19:05:07.409089
6bf9d6a5,3fe34680,5,Review,,2026-05-16 19:05:07.409099,2026-05-16 19:05:07.409100
d643bc46,74e2ce42,5,Review,,2026-05-16 19:05:07.409110,2026-05-16 19:05:07.409110
173cf400,df33860d,5,Review,,2026-05-16 19:05:07.409121,2026-05-16 19:05:07.409121
ab4bee76,9c5abef6,3,Review,,2026-05-16 19:05:07.409131,2026-05-16 19:05:07.409131
0c68cdaa,71b64cc2,5,Review,Product damaged.,2026-05-16 19:05:07.409147,2026-05-16 19:05:07.409147
546ed0c7,440f2426,5,Review,Very satisfied.,2026-05-16 19:05:07.409163,2026-05-16 19:05:07.409163
21fe9a21,bb03634b,5,Review,Product damaged.,2026-05-16 19:05:07.409179,2026-05-16 19:05:07.409179
fc4d172a,62203e37,5,Review,,2026-05-16 19:05:07.409189,2026-05-16 19:05:07.409190
51d86369,105bfa36,5,Review,,2026-05-16 19:05:07.409200,2026-05-16 19:05:07.409201
7a685585,0b698e29,5,Review,Recommend.,2026-05-16 19:05:07.409216,2026-05-16 19:05:07.409216
3d59feec,7cc4d213,5,Review,,2026-05-16 19:05:07.409227,2026-05-16 19:05:07.409227
eb61e661,cbe12eb9,4,Review,,2026-05-16 19:05:07.409237,2026-05-16 19:05:07.409237
691dffc8,1fbddeaf,5,Review,,2026-05-16 19:05:07.409248,2026-05-16 19:05:07.409248
98fe3166,ccb04c03,5,Review,,2026-05-16 19:05:07.409259,2026-05-16 19:05:07.409259
53a4bede,d69b106d,4,Review,,2026-05-16 19:05:07.409270,2026-05-16 19:05:07.409270
45f14fcf,f07ccea6,4,Review,,2026-05-16 19:05:07.409281,2026-05-16 19:05:07.409281
5bd4d58b,1e8cfda5,5,Review,Excellent service.,2026-05-16 19:05:07.409296,2026-05-16 19:05:07.409297
57915b86,27774f43,5,Review,,2026-05-16 19:05:07.409307,2026-05-16 19:05:07.409308
846f0817,2270b700,5,Review,,2026-05-16 19:05:07.409318,2026-05-16 19:05:07.409318
1750c13f,1264e7c2,5,Review,,2026-05-16 19:05:07.409329,2026-05-16 19:05:07.409329
d0193ab5,cb35af2b,5,Review,,2026-05-16 19:05:07.409339,2026-05-16 19:05:07.409340
10bd277b,4cc0a19b,1,Review,Very satisfied.,2026-05-16 19:05:07.409355,2026-05-16 19:05:07.409355
864c366f,79502d57,5,Review,,2026-05-16 19:05:07.409366,2026-05-16 19:05:07.409366
93898338,132c2bd2,5,Review,,2026-05-16 19:05:07.409376,2026-05-16 19:05:07.409377
e992d3a3,14fd13ce,5,Review,,2026-05-16 19:05:07.409387,2026-05-16 19:05:07.409387
0b181810,6ad800d9,5,Review,,2026-05-16 19:05:07.409398,2026-05-16 19:05:07.409398
824b2c67,5e0747f7,2,Review,Never arrived.,2026-05-16 19:05:07.409413,2026-05-16 19:05:07.409414
d40ba3ca,37be0b45,5,Review,Product damaged.,2026-05-16 19:05:07.409429,2026-05-16 19:05:07.409429
a7727e68,87ffa9d4,3,Review,,2026-05-16 19:05:07.409439,2026-05-16 19:05:07.409440
e8530cf1,b92da947,1,Review,Recommend.,2026-05-16 19:05:07.409455,2026-05-16 19:05:07.409456
00268a7c,b50a46df,5,Review,,2026-05-16 19:05:07.409466,2026-05-16 19:05:07.409466
cec07d28,bee4d623,5,Review,,2026-05-16 19:05:07.409476,2026-05-16 19:05:07.409477
dbff160e,927a1f0f,1,Review,Recommend.,2026-05-16 19:05:07.409492,2026-05-16 19:05:07.409492
2aedcb4d,5606249a,5,Review,,2026-05-16 19:05:07.409502,2026-05-16 19:05:07.409503
cba148b0,c8b81195,5,Review,,2026-05-16 19:05:07.409513,2026-05-16 19:05:07.409513
470ee09f,3cec63e4,5,Review,Recommend.,2026-05-16 19:05:07.409529,2026-05-16 19:05:07.409529
f4d0ebca,8f1837bd,5,Review,,2026-05-16 19:05:07.409539,2026-05-16 19:05:07.409539
824b7f98,aacd4fb0,5,Review,,2026-05-16 19:05:07.409550,2026-05-16 19:05:07.409550
2e0dada7,66f2aee3,2,Review,Arrived late.,2026-05-16 19:05:07.409565,2026-05-16 19:05:07.409565
54edbb0a,da6d6507,2,Review,Fast delivery.,2026-05-16 19:05:07.409580,2026-05-16 19:05:07.409581
9849db67,52d5db6a,5,Review,,2026-05-16 19:05:07.409591,2026-05-16 19:05:07.409591
f95e5165,90d70ad5,5,Review,Bad quality.,2026-05-16 19:05:07.409607,2026-05-16 19:05:07.409607
9585d0c8,01d94a78,5,Review,,2026-05-16 19:05:07.409617,2026-05-16 19:05:07.409618
9fdeb3e2,d72ca8a3,4,Review,,2026-05-16 19:05:07.409628,2026-05-16 19:05:07.409628
7636672d,cf3ace98,1,Review,Great product!,2026-05-16 19:05:07.409643,2026-05-16 19:05:07.409644
c24caaed,6cb6a2c7,4,Review,,2026-05-16 19:05:07.409654,2026-05-16 19:05:07.409654
695302f5,aed154a6,5,Review,,2026-05-16 19:05:07.409665,2026-05-16 19:05:07.409665
5b4a4821,9716ccbb,4,Review,,2026-05-16 19:05:07.409675,2026-05-16 19:05:07.409675
2aec6634,6c465f4e,5,Review,Very satisfied.,2026-05-16 19:05:07.409691,2026-05-16 19:05:07.409691
002e45a9,98fc1842,5,Review,Product damaged.,2026-05-16 19:05:07.409707,2026-05-16 19:05:07.409707
6d4982c4,349e6315,5,Review,Excellent service.,2026-05-16 19:05:07.409723,2026-05-16 19:05:07.409723
096e1c9f,dde229cd,5,Review,,2026-05-16 19:05:07.409734,2026-05-16 19:05:07.409734
15b07d59,b52ce62e,5,Review,,2026-05-16 19:05:07.409744,2026-05-16 19:05:07.409744
2ac7417c,80e64cdf,1,Review,Product damaged.,2026-05-16 19:05:07.409760,2026-05-16 19:05:07.409760
35b42e82,464eea29,3,Review,,2026-05-16 19:05:07.409770,2026-05-16 19:05:07.409771
0f8ae3b8,2c066726,1,Review,Never arrived.,2026-05-16 19:05:07.409786,2026-05-16 19:05:07.409786
2cbe849a,30d73991,4,Review,,2026-05-16 19:05:07.409797,2026-05-16 19:05:07.409797
3c6d73f4,e31bc23b,2,Review,Very satisfied.,2026-05-16 19:05:07.409813,2026-05-16 19:05:07.409814
05728d33,400e96df,3,Review,,2026-05-16 19:05:07.409828,2026-05-16 19:05:07.409829
d5cc11c6,4aac3ccc,4,Review,,2026-05-16 19:05:07.409843,2026-05-16 19:05:07.409843
3b28cc24,cf4a5333,5,Review,,2026-05-16 19:05:07.409855,2026-05-16 19:05:07.409855
874c24e5,d5049380,5,Review,,2026-05-16 19:05:07.409865,2026-05-16 19:05:07.409866
b529f3ce,d6bd315e,5,Review,,2026-05-16 19:05:07.409876,2026-05-16 19:05:07.409876
5fe96a62,9625709c,1,Review,Product damaged.,2026-05-16 19:05:07.409891,2026-05-16 19:05:07.409891
16bd2040,0f303d4b,5,Review,Very satisfied.,2026-05-16 19:05:07.409907,2026-05-16 19:05:07.409907
7c7bf074,2244f48d,5,Review,,2026-05-16 19:05:07.409917,2026-05-16 19:05:07.409918
50e34826,f16a0c1b,5,Review,,2026-05-16 19:05:07.409928,2026-05-16 19:05:07.409929
d15614e7,a15079aa,5,Review,,2026-05-16 19:05:07.409939,2026-05-16 19:05:07.409939
31f63ad2,4c991c67,3,Review,,2026-05-16 19:05:07.409949,2026-05-16 19:05:07.409949
bcdb51bb,37d8241c,1,Review,Arrived late.,2026-05-16 19:05:07.409964,2026-05-16 19:05:07.409965
fbfa7471,4fda3b65,3,Review,,2026-05-16 19:05:07.409975,2026-05-16 19:05:07.409976
1154741e,6c93e389,5,Review,,2026-05-16 19:05:07.409986,2026-05-16 19:05:07.409987
b11934ed,8a5b9b4b,5,Review,Never arrived.,2026-05-16 19:05:07.410002,2026-05-16 19:05:07.410002
ad1303f3,e68b0919,5,Review,Bad quality.,2026-05-16 19:05:07.410019,2026-05-16 19:05:07.410019
0c0c1f3c,04a5994a,5,Review,,2026-05-16 19:05:07.410030,2026-05-16 19:05:07.410030
e28cc213,7c158713,5,Review,Excellent service.,2026-05-16 19:05:07.410046,2026-05-16 19:05:07.410046
eccb30db,0116816e,1,Review,Never arrived.,2026-05-16 19:05:07.410062,2026-05-16 19:05:07.410062
fd2e7b04,8216a030,3,Review,,2026-05-16 19:05:07.410073,2026-05-16 19:05:07.410073
f5284b37,b0be9d00,5,Review,,2026-05-16 19:05:07.410083,2026-05-16 19:05:07.410084
23fb7634,98ee93c6,5,Review,Arrived late.,2026-05-16 19:05:07.410100,2026-05-16 19:05:07.410100
8257fe89,3cc90680,1,Review,Bad quality.,2026-05-16 19:05:07.410115,2026-05-16 19:05:07.410116
cb53929a,a4a9872f,5,Review,Excellent service.,2026-05-16 19:05:07.410131,2026-05-16 19:05:07.410131
ec5bc4c6,76a88c7a,5,Review,,2026-05-16 19:05:07.410142,2026-05-16 19:05:07.410142
82a9cc1c,f43505d7,3,Review,,2026-05-16 19:05:07.410152,2026-05-16 19:05:07.410153
f7f7101c,d577d31f,1,Review,Okay product.,2026-05-16 19:05:07.410168,2026-05-16 19:05:07.410168
5aeafb5b,80a8c400,4,Review,,2026-05-16 19:05:07.410178,2026-05-16 19:05:07.410179
f562ddce,a5e3a8d5,3,Review,,2026-05-16 19:05:07.410189,2026-05-16 19:05:07.410189
b967e719,ff440d2b,5,Review,,2026-05-16 19:05:07.410199,2026-05-16 19:05:07.410200
1ccdb954,09b4b21b,4,Review,,2026-05-16 19:05:07.410210,2026-05-16 19:05:07.410210
1061605b,5d3d23b1,5,Review,,2026-05-16 19:05:07.410221,2026-05-16 19:05:07.410221
e8bb40c9,572cd055,5,Review,,2026-05-16 19:05:07.410231,2026-05-16 19:05:07.410231
c88e92d2,9bbb52b6,5,Review,,2026-05-16 19:05:07.410242,2026-05-16 19:05:07.410242
a0296a51,fe7d28a2,2,Review,Excellent service.,2026-05-16 19:05:07.410257,2026-05-16 19:05:07.410258
38e21539,73008276,3,Review,,2026-05-16 19:05:07.410268,2026-05-16 19:05:07.410269
cba43577,d9218e56,3,Review,,2026-05-16 19:05:07.410279,2026-05-16 19:05:07.410280
5d2b5b6a,40547dd8,2,Review,Fast delivery.,2026-05-16 19:05:07.410296,2026-05-16 19:05:07.410296
7651bb97,2a5b415d,5,Review,,2026-05-16 19:05:07.410307,2026-05-16 19:05:07.410307
be0770e4,bc809444,5,Review,,2026-05-16 19:05:07.410317,2026-05-16 19:05:07.410318
476b6824,779adf7c,4,Review,,2026-05-16 19:05:07.410328,2026-05-16 19:05:07.410328
19c6fc4c,5b348d4e,5,Review,Excellent service.,2026-05-16 19:05:07.410344,2026-05-16 19:05:07.410345
473cb17a,4ad17219,5,Review,,2026-05-16 19:05:07.410355,2026-05-16 19:05:07.410355
facfaa8f,14af2e03,5,Review,,2026-05-16 19:05:07.410366,2026-05-16 19:05:07.410366
22e95e3c,6ef9d0e4,3,Review,,2026-05-16 19:05:07.410376,2026-05-16 19:05:07.410377
0e373fb5,566c5218,4,Review,,2026-05-16 19:05:07.410387,2026-05-16 19:05:07.410387
744765db,d5295ede,5,Review,,2026-05-16 19:05:07.410398,2026-05-16 19:05:07.410398
7365710c,99ffaf8b,4,Review,,2026-05-16 19:05:07.410408,2026-05-16 19:05:07.410409
cc5841ea,69c5a912,4,Review,,2026-05-16 19:05:07.410419,2026-05-16 19:05:07.410419
544b1220,3c1049f3,3,Review,,2026-05-16 19:05:07.410430,2026-05-16 19:05:07.410430
153b7a32,f18cfc5f,5,Review,,2026-05-16 19:05:07.410441,2026-05-16 19:05:07.410441
0ca84bea,a83ea72d,4,Review,,2026-05-16 19:05:07.410452,2026-05-16 19:05:07.410452
9b27cd78,14153c59,1,Review,Very satisfied.,2026-05-16 19:05:07.410468,2026-05-16 19:05:07.410468
471940d3,1ce92565,5,Review,,2026-05-16 19:05:07.410478,2026-05-16 19:05:07.410479
95abdc26,1bd4897d,5,Review,,2026-05-16 19:05:07.410489,2026-05-16 19:05:07.410489
9099f5c0,8d561dee,4,Review,,2026-05-16 19:05:07.410500,2026-05-16 19:05:07.410500
ef09938c,90f5613b,5,Review,,2026-05-16 19:05:07.410510,2026-05-16 19:05:07.410510
90ad1039,8ab38579,1,Review,Fast delivery.,2026-05-16 19:05:07.410525,2026-05-16 19:05:07.410526
07d8bf2d,073c24d0,3,Review,,2026-05-16 19:05:07.410536,2026-05-16 19:05:07.410537
2f9dfa53,223524c4,4,Review,,2026-05-16 19:05:07.410547,2026-05-16 19:05:07.410547
124c114c,457279db,5,Review,,2026-05-16 19:05:07.410557,2026-05-16 19:05:07.410558
490a16b7,01da920e,4,Review,,2026-05-16 19:05:07.410568,2026-05-16 19:05:07.410568
db13dc77,c34270a4,4,Review,,2026-05-16 19:05:07.410579,2026-05-16 19:05:07.410579
9ece0648,7f9e9234,2,Review,Arrived late.,2026-05-16 19:05:07.410595,2026-05-16 19:05:07.410595
021473cb,ca86e3e0,5,Review,,2026-05-16 19:05:07.410606,2026-05-16 19:05:07.410606
104385bc,3ce0de20,5,Review,,2026-05-16 19:05:07.410617,2026-05-16 19:05:07.410617
ed379038,1be954f2,4,Review,,2026-05-16 19:05:07.410627,2026-05-16 19:05:07.410628
e972b020,26075f60,3,Review,,2026-05-16 19:05:07.410638,2026-05-16 19:05:07.410638
865e29eb,225274bf,4,Review,,2026-05-16 19:05:07.410649,2026-05-16 19:05:07.410649
989e1656,11eb0f57,3,Review,Excellent service.,2026-05-16 19:05:07.410665,2026-05-16 19:05:07.410665
e9720be4,6543f639,5,Review,,2026-05-16 19:05:07.410675,2026-05-16 19:05:07.410676
188ed425,28b9ac5f,4,Review,,2026-05-16 19:05:07.410686,2026-05-16 19:05:07.410686
e68eec57,5f43587a,5,Review,,2026-05-16 19:05:07.410697,2026-05-16 19:05:07.410697
455ac63e,d96da286,5,Review,,2026-05-16 19:05:07.410707,2026-05-16 19:05:07.410708
73f9b6a9,d9692e7e,4,Review,,2026-05-16 19:05:07.410718,2026-05-16 19:05:07.410719
cb311c55,abd53b1f,2,Review,Okay product.,2026-05-16 19:05:07.410734,2026-05-16 19:05:07.410734
468a0cec,9a6ee25e,5,Review,,2026-05-16 19:05:07.410746,2026-05-16 19:05:07.410746
d8ca6338,f1e7f937,5,Review,,2026-05-16 19:05:07.410756,2026-05-16 19:05:07.410757
e40b4bbf,68d0b65a,5,Review,,2026-05-16 19:05:07.410767,2026-05-16 19:05:07.410767
7f2fceb4,f287bb3b,4,Review,Great product!,2026-05-16 19:05:07.410783,2026-05-16 19:05:07.410783
ffc977f9,7132962a,2,Review,Fast delivery.,2026-05-16 19:05:07.410798,2026-05-16 19:05:07.410799
887c518d,9c2d6f51,4,Review,Great product!,2026-05-16 19:05:07.410814,2026-05-16 19:05:07.410814
75b337e1,8d4cc1c9,1,Review,Never arrived.,2026-05-16 19:05:07.410830,2026-05-16 19:05:07.410830
cb3cf174,36763508,3,Review,,2026-05-16 19:05:07.410840,2026-05-16 19:05:07.410841
c2ca4c83,a9af10aa,4,Review,Excellent service.,2026-05-16 19:05:07.410856,2026-05-16 19:05:07.410856
121ecf1c,d59819c2,5,Review,,2026-05-16 19:05:07.410867,2026-05-16 19:05:07.410867
91601536,97c6c535,4,Review,Bad quality.,2026-05-16 19:05:07.410883,2026-05-16 19:05:07.410883
99da7a23,ed431d6f,3,Review,Fast delivery.,2026-05-16 19:05:07.410900,2026-05-16 19:05:07.410900
0d4300f5,ea5455de,5,Review,,2026-05-16 19:05:07.410911,2026-05-16 19:05:07.410911
21842079,7c94b167,4,Review,,2026-05-16 19:05:07.410921,2026-05-16 19:05:07.410921
6441a2ca,29b4c757,5,Review,,2026-05-16 19:05:07.410932,2026-05-16 19:05:07.410932
d25b82de,a742a785,5,Review,,2026-05-16 19:05:07.410942,2026-05-16 19:05:07.410942
70448533,f757fa68,5,Review,,2026-05-16 19:05:07.410952,2026-05-16 19:05:07.410953
0e86376d,4ef1493d,5,Review,,2026-05-16 19:05:07.410963,2026-05-16 19:05:07.410963
86cf22be,62cac6a2,4,Review,,2026-05-16 19:05:07.410973,2026-05-16 19:05:07.410974
bdacefd3,d54d6471,5,Review,,2026-05-16 19:05:07.410984,2026-05-16 19:05:07.410984
0f4e2ede,f16b29e4,5,Review,Excellent service.,2026-05-16 19:05:07.411000,2026-05-16 19:05:07.411000
0762735f,f92e1970,4,Review,Recommend.,2026-05-16 19:05:07.411016,2026-05-16 19:05:07.411016
99abed08,4329e81f,4,Review,,2026-05-16 19:05:07.411026,2026-05-16 19:05:07.411026
4fd65f4c,f6d043c9,5,Review,Never arrived.,2026-05-16 19:05:07.411042,2026-05-16 19:05:07.411042
574717b8,617bd4a3,5,Review,Excellent service.,2026-05-16 19:05:07.411058,2026-05-16 19:05:07.411058
e048bb32,ecf0ce56,5,Review,,2026-05-16 19:05:07.411068,2026-05-16 19:05:07.411068
91f3d6b7,b32a00c9,5,Review,Very satisfied.,2026-05-16 19:05:07.411084,2026-05-16 19:05:07.411084
15b8f4d5,8e7e2ce6,5,Review,,2026-05-16 19:05:07.411095,2026-05-16 19:05:07.411095
b89a1c29,4879154d,5,Review,Fast delivery.,2026-05-16 19:05:07.411110,2026-05-16 19:05:07.411111
c3e8ce30,4192e171,5,Review,Very satisfied.,2026-05-16 19:05:07.411126,2026-05-16 19:05:07.411126
f27307bb,98ce955b,5,Review,Great product!,2026-05-16 19:05:07.411142,2026-05-16 19:05:07.411142
fe39f6fa,58e4fef2,5,Review,,2026-05-16 19:05:07.411152,2026-05-16 19:05:07.411153
04b7ca0c,419370c9,4,Review,,2026-05-16 19:05:07.411163,2026-05-16 19:05:07.411163
197503eb,b2d8e387,5,Review,,2026-05-16 19:05:07.411174,2026-05-16 19:05:07.411174
3ffbacfc,cff6ca46,3,Review,,2026-05-16 19:05:07.411185,2026-05-16 19:05:07.411185
59bacb45,406e08fb,5,Review,,2026-05-16 19:05:07.411196,2026-05-16 19:05:07.411196
fc75f1d0,b1f52246,1,Review,Fast delivery.,2026-05-16 19:05:07.411211,2026-05-16 19:05:07.411211
2338869d,488b0453,5,Review,,2026-05-16 19:05:07.411222,2026-05-16 19:05:07.411222
618b741d,61e48f35,4,Review,,2026-05-16 19:05:07.411232,2026-05-16 19:05:07.411232
d1d0d688,a3d74fea,5,Review,Excellent service.,2026-05-16 19:05:07.411249,2026-05-16 19:05:07.411249
097b5d20,3efd38bc,5,Review,,2026-05-16 19:05:07.411260,2026-05-16 19:05:07.411261
1b1d141d,34856555,5,Review,,2026-05-16 19:05:07.411271,2026-05-16 19:05:07.411271
3f21ee7a,1ae54bc2,5,Review,,2026-05-16 19:05:07.411281,2026-05-16 19:05:07.411282
3f29041b,b8e2ef6a,5,Review,,2026-05-16 19:05:07.411292,2026-05-16 19:05:07.411292
fbdd993f,e7627e2a,5,Review,,2026-05-16 19:05:07.411303,2026-05-16 19:05:07.411303
acd22aa7,0e16ac0c,3,Review,,2026-05-16 19:05:07.411314,2026-05-16 19:05:07.411314
5f68b567,1c0d0610,3,Review,,2026-05-16 19:05:07.411324,2026-05-16 19:05:07.411324
9ead3a3c,38bf2221,1,Review,Okay product.,2026-05-16 19:05:07.411340,2026-05-16 19:05:07.411340
7a5a6de0,bbb5ab7b,5,Review,,2026-05-16 19:05:07.411350,2026-05-16 19:05:07.411351
cae6a54a,dbcb0e33,5,Review,,2026-05-16 19:05:07.411361,2026-05-16 19:05:07.411362
10809a54,b12dfcc8,4,Review,Very satisfied.,2026-05-16 19:05:07.411377,2026-05-16 19:05:07.411377
c8c0e30d,56f5c1e7,5,Review,,2026-05-16 19:05:07.411387,2026-05-16 19:05:07.411388
1bbcb52d,7855c72d,5,Review,,2026-05-16 19:05:07.411398,2026-05-16 19:05:07.411398
33a151c1,0ca4b617,5,Review,,2026-05-16 19:05:07.411408,2026-05-16 19:05:07.411409
f6dddc84,a1a920ba,4,Review,,2026-05-16 19:05:07.411419,2026-05-16 19:05:07.411419
975162a7,cd996730,3,Review,,2026-05-16 19:05:07.411429,2026-05-16 19:05:07.411430
7914d330,bc6d54e6,5,Review,,2026-05-16 19:05:07.411440,2026-05-16 19:05:07.411440
d830f9e9,1ef5fcf7,5,Review,Okay product.,2026-05-16 19:05:07.411456,2026-05-16 19:05:07.411457
30c3046c,ed00db07,5,Review,Okay product.,2026-05-16 19:05:07.411472,2026-05-16 19:05:07.411473
db987424,7a4b56e9,1,Review,Arrived late.,2026-05-16 19:05:07.411488,2026-05-16 19:05:07.411489
44eb2235,5490c32e,5,Review,,2026-05-16 19:05:07.411499,2026-05-16 19:05:07.411499
9224a10b,d78b1862,1,Review,Bad quality.,2026-05-16 19:05:07.411514,2026-05-16 19:05:07.411515
238bdc86,713cefe9,5,Review,,2026-05-16 19:05:07.411525,2026-05-16 19:05:07.411526
da173ba7,9e92a608,3,Review,Very satisfied.,2026-05-16 19:05:07.411541,2026-05-16 19:05:07.411542
f9633a81,c12e221d,1,Review,Recommend.,2026-05-16 19:05:07.411557,2026-05-16 19:05:07.411557
fedbe4ae,2723eb32,5,Review,,2026-05-16 19:05:07.411568,2026-05-16 19:05:07.411568
b1703066,f2a3f554,3,Review,,2026-05-16 19:05:07.411579,2026-05-16 19:05:07.411579
fafd939a,2fb86cbc,5,Review,,2026-05-16 19:05:07.411589,2026-05-16 19:05:07.411590
7f0c0aa1,71653b2c,5,Review,,2026-05-16 19:05:07.411600,2026-05-16 19:05:07.411600
913d0e43,5160d5cf,1,Review,Never arrived.,2026-05-16 19:05:07.411615,2026-05-16 19:05:07.411615
a254c410,88b92b71,5,Review,,2026-05-16 19:05:07.411626,2026-05-16 19:05:07.411626
3425a60f,10a2844e,5,Review,,2026-05-16 19:05:07.411637,2026-05-16 19:05:07.411637
d941e640,b9a6f6c1,4,Review,,2026-05-16 19:05:07.411651,2026-05-16 19:05:07.411652
c0e85f91,589fb873,5,Review,,2026-05-16 19:05:07.411664,2026-05-16 19:05:07.411665
8567c4d6,88542d9a,4,Review,,2026-05-16 19:05:07.411676,2026-05-16 19:05:07.411676
51ff1ad8,48139b4e,5,Review,,2026-05-16 19:05:07.411687,2026-05-16 19:05:07.411687
ca09652a,1692c17a,4,Review,,2026-05-16 19:05:07.411698,2026-05-16 19:05:07.411699
15db20fb,cadebd24,5,Review,,2026-05-16 19:05:07.411712,2026-05-16 19:05:07.411713
d30bee78,6052b24c,5,Review,Excellent service.,2026-05-16 19:05:07.411733,2026-05-16 19:05:07.411733
243d508e,75f170b5,5,Review,,2026-05-16 19:05:07.411745,2026-05-16 19:05:07.411745
e8484af1,289f62ee,5,Review,,2026-05-16 19:05:07.411757,2026-05-16 19:05:07.411758
deaba27b,78af91bc,5,Review,,2026-05-16 19:05:07.411769,2026-05-16 19:05:07.411769
de41353f,71908f5d,5,Review,,2026-05-16 19:05:07.411781,2026-05-16 19:05:07.411781
d9c03f4b,1d5e0755,3,Review,,2026-05-16 19:05:07.411792,2026-05-16 19:05:07.411793
ee353cbf,c50429d9,5,Review,Excellent service.,2026-05-16 19:05:07.411809,2026-05-16 19:05:07.411810
02f8a4da,3181a4cc,5,Review,Very satisfied.,2026-05-16 19:05:07.411827,2026-05-16 19:05:07.411827
2bf73ac9,a17205f0,4,Review,,2026-05-16 19:05:07.411839,2026-05-16 19:05:07.411839
d9284013,74a983b7,5,Review,Excellent service.,2026-05-16 19:05:07.411859,2026-05-16 19:05:07.411860
c53e7f06,790eb3e0,3,Review,,2026-05-16 19:05:07.411875,2026-05-16 19:05:07.411876
94b41181,03e041a4,5,Review,Excellent service.,2026-05-16 19:05:07.411895,2026-05-16 19:05:07.411896
2706d189,623139bf,5,Review,,2026-05-16 19:05:07.411907,2026-05-16 19:05:07.411907
d517285c,c24d2611,4,Review,,2026-05-16 19:05:07.411918,2026-05-16 19:05:07.411918
ff7b6180,6e35dc4d,5,Review,,2026-05-16 19:05:07.411929,2026-05-16 19:05:07.411929
ec8c1714,4847a68e,5,Review,,2026-05-16 19:05:07.411939,2026-05-16 19:05:07.411940
35ad60e3,d0bf6e3f,3,Review,,2026-05-16 19:05:07.411950,2026-05-16 19:05:07.411951
eaebdf16,052b7778,4,Review,,2026-05-16 19:05:07.411961,2026-05-16 19:05:07.411961
fa90816e,829d3d31,3,Review,,2026-05-16 19:05:07.411971,2026-05-16 19:05:07.411972
21465a5d,35a66221,5,Review,Great product!,2026-05-16 19:05:07.411988,2026-05-16 19:05:07.411988
b1d9a67a,6f9bbe2d,3,Review,,2026-05-16 19:05:07.411998,2026-05-16 19:05:07.411999
352da7ed,5223ae8c,3,Review,,2026-05-16 19:05:07.412009,2026-05-16 19:05:07.412010
57e6f348,b2c929cc,5,Review,,2026-05-16 19:05:07.412020,2026-05-16 19:05:07.412021
1d54ef33,6905e635,5,Review,Great product!,2026-05-16 19:05:07.412036,2026-05-16 19:05:07.412037
49d2615c,b249fb31,5,Review,,2026-05-16 19:05:07.412048,2026-05-16 19:05:07.412048
714d8b02,033c07c7,3,Review,,2026-05-16 19:05:07.412058,2026-05-16 19:05:07.412059
1ddde035,1ddc4c3b,4,Review,,2026-05-16 19:05:07.412069,2026-05-16 19:05:07.412070
d0e74157,18c72523,5,Review,Arrived late.,2026-05-16 19:05:07.412086,2026-05-16 19:05:07.412086
d99ea270,70a5a94d,5,Review,,2026-05-16 19:05:07.412097,2026-05-16 19:05:07.412097
5a6145c9,58c51c23,5,Review,,2026-05-16 19:05:07.412108,2026-05-16 19:05:07.412108
b6dcb47a,08b30bae,1,Review,Great product!,2026-05-16 19:05:07.412124,2026-05-16 19:05:07.412124
e0abaa66,bc1de7b0,4,Review,,2026-05-16 19:05:07.412135,2026-05-16 19:05:07.412135
846b0426,4a088e88,4,Review,,2026-05-16 19:05:07.412146,2026-05-16 19:05:07.412146
53b81c79,ca8f7319,3,Review,,2026-05-16 19:05:07.412157,2026-05-16 19:05:07.412157
d5422b37,133d8b5a,5,Review,Product damaged.,2026-05-16 19:05:07.412173,2026-05-16 19:05:07.412173
9091c416,99ce8047,5,Review,Never arrived.,2026-05-16 19:05:07.412189,2026-05-16 19:05:07.412189
9d5efa30,90e355b8,5,Review,,2026-05-16 19:05:07.412200,2026-05-16 19:05:07.412200
f1caf4cc,7f23c950,5,Review,,2026-05-16 19:05:07.412210,2026-05-16 19:05:07.412211
ec247fd5,4645caa5,1,Review,Product damaged.,2026-05-16 19:05:07.412226,2026-05-16 19:05:07.412226
8a92267f,de8c878f,3,Review,Bad quality.,2026-05-16 19:05:07.412242,2026-05-16 19:05:07.412242
3fbf06b8,20419ec2,4,Review,,2026-05-16 19:05:07.412252,2026-05-16 19:05:07.412253
e10c6d79,aeb15ef8,3,Review,,2026-05-16 19:05:07.412263,2026-05-16 19:05:07.412263
87c6f0ad,e472ca95,5,Review,,2026-05-16 19:05:07.412273,2026-05-16 19:05:07.412274
060355f0,f68fb81d,2,Review,Recommend.,2026-05-16 19:05:07.412289,2026-05-16 19:05:07.412289
2cb222c5,59f3201c,5,Review,,2026-05-16 19:05:07.412299,2026-05-16 19:05:07.412300
01b5fbfc,c1f8bfbe,1,Review,Fast delivery.,2026-05-16 19:05:07.412315,2026-05-16 19:05:07.412316
7667c96b,c5732fc5,5,Review,,2026-05-16 19:05:07.412326,2026-05-16 19:05:07.412326
ce81d391,8cd6c398,4,Review,,2026-05-16 19:05:07.412337,2026-05-16 19:05:07.412337
59fe5c3e,92a1d960,5,Review,,2026-05-16 19:05:07.412347,2026-05-16 19:05:07.412348
24514035,289863ba,5,Review,,2026-05-16 19:05:07.412358,2026-05-16 19:05:07.412358
fe33b4cf,c889e985,1,Review,Okay product.,2026-05-16 19:05:07.412373,2026-05-16 19:05:07.412373
84f116e3,33ad4654,5,Review,,2026-05-16 19:05:07.412384,2026-05-16 19:05:07.412384
04715983,1b35108d,5,Review,,2026-05-16 19:05:07.412394,2026-05-16 19:05:07.412394
1b10e0d2,734d3dd4,4,Review,,2026-05-16 19:05:07.412405,2026-05-16 19:05:07.412405
0b50e196,be52e78b,1,Review,Great product!,2026-05-16 19:05:07.412420,2026-05-16 19:05:07.412420
e89da954,edf771c5,4,Review,,2026-05-16 19:05:07.412431,2026-05-16 19:05:07.412431
ff2effd8,75fc86bb,3,Review,Fast delivery.,2026-05-16 19:05:07.412446,2026-05-16 19:05:07.412447
a5735b45,1e288975,5,Review,,2026-05-16 19:05:07.412457,2026-05-16 19:05:07.412457
3ff51356,830dfcbf,5,Review,Okay product.,2026-05-16 19:05:07.412473,2026-05-16 19:05:07.412473
c1012feb,1c1d2c41,4,Review,,2026-05-16 19:05:07.412484,2026-05-16 19:05:07.412484
e89e8149,8117abb1,4,Review,Bad quality.,2026-05-16 19:05:07.412500,2026-05-16 19:05:07.412500
36fdbb33,4d9fa2c6,4,Review,,2026-05-16 19:05:07.412511,2026-05-16 19:05:07.412511
43c20c36,627709dc,5,Review,,2026-05-16 19:05:07.412521,2026-05-16 19:05:07.412522
4a371fb1,c5a61583,5,Review,Product damaged.,2026-05-16 19:05:07.412538,2026-05-16 19:05:07.412538
b6844e05,64617a13,2,Review,Product damaged.,2026-05-16 19:05:07.412554,2026-05-16 19:05:07.412554
89fdd730,da2297cb,5,Review,,2026-05-16 19:05:07.412564,2026-05-16 19:05:07.412565
0f71875a,43ab87ad,5,Review,,2026-05-16 19:05:07.412575,2026-05-16 19:05:07.412575
314eb746,e192c0b8,5,Review,Fast delivery.,2026-05-16 19:05:07.412591,2026-05-16 19:05:07.412591
8bb04644,72d050dc,1,Review,Bad quality.,2026-05-16 19:05:07.412606,2026-05-16 19:05:07.412606
b972ab6e,cdeaadf4,5,Review,,2026-05-16 19:05:07.412617,2026-05-16 19:05:07.412617
d29c4c7c,9003322e,4,Review,,2026-05-16 19:05:07.412627,2026-05-16 19:05:07.412627
cb4714c6,49bbfc2d,5,Review,,2026-05-16 19:05:07.412637,2026-05-16 19:05:07.412638
b71d6498,e63acd94,3,Review,,2026-05-16 19:05:07.412648,2026-05-16 19:05:07.412648
a970bf68,232992d9,1,Review,Very satisfied.,2026-05-16 19:05:07.412663,2026-05-16 19:05:07.412664
dee5c95b,92cd856c,1,Review,Bad quality.,2026-05-16 19:05:07.412679,2026-05-16 19:05:07.412679
06ee1e5b,c42ee570,5,Review,,2026-05-16 19:05:07.412689,2026-05-16 19:05:07.412690
3c6e0d83,63223d9d,5,Review,,2026-05-16 19:05:07.412700,2026-05-16 19:05:07.412700
726519df,59e94ead,5,Review,,2026-05-16 19:05:07.412710,2026-05-16 19:05:07.412710
f4d538c4,6208b979,4,Review,,2026-05-16 19:05:07.412721,2026-05-16 19:05:07.412721
edd8e961,db42cb3f,4,Review,Arrived late.,2026-05-16 19:05:07.412737,2026-05-16 19:05:07.412738
43ab3e52,9bbb695e,3,Review,Excellent service.,2026-05-16 19:05:07.412753,2026-05-16 19:05:07.412753
9b88304e,0148ff3c,5,Review,,2026-05-16 19:05:07.412766,2026-05-16 19:05:07.412766
be8ed389,6f281b79,2,Review,Bad quality.,2026-05-16 19:05:07.412782,2026-05-16 19:05:07.412782
c782f1fe,9ab854d5,1,Review,Never arrived.,2026-05-16 19:05:07.412797,2026-05-16 19:05:07.412798
8515404f,7a65fc83,5,Review,,2026-05-16 19:05:07.412808,2026-05-16 19:05:07.412808
d4959124,054cf738,3,Review,,2026-05-16 19:05:07.412819,2026-05-16 19:05:07.412819
37ef36ef,2675e8f7,5,Review,,2026-05-16 19:05:07.412829,2026-05-16 19:05:07.412829
29b75338,b3773646,5,Review,Never arrived.,2026-05-16 19:05:07.412845,2026-05-16 19:05:07.412845
3af837b7,450e5840,3,Review,,2026-05-16 19:05:07.412855,2026-05-16 19:05:07.412855
4c88e2bd,5c55e7d3,5,Review,,2026-05-16 19:05:07.412866,2026-05-16 19:05:07.412866
76e263b1,1a54885a,2,Review,Never arrived.,2026-05-16 19:05:07.412881,2026-05-16 19:05:07.412882
757d9fdb,9c5eb940,5,Review,Product damaged.,2026-05-16 19:05:07.412897,2026-05-16 19:05:07.412897
15409c21,0f07df1a,5,Review,,2026-05-16 19:05:07.412908,2026-05-16 19:05:07.412908
a10014d8,71c71197,5,Review,Fast delivery.,2026-05-16 19:05:07.412923,2026-05-16 19:05:07.412924
8978318b,3de7836f,3,Review,Recommend.,2026-05-16 19:05:07.412939,2026-05-16 19:05:07.412939
c41bf49d,5c86e598,5,Review,,2026-05-16 19:05:07.412950,2026-05-16 19:05:07.412950
706f5afa,2e4939ee,5,Review,,2026-05-16 19:05:07.412960,2026-05-16 19:05:07.412960
0a8b0777,8bef4f45,5,Review,Arrived late.,2026-05-16 19:05:07.412976,2026-05-16 19:05:07.412976
7de9e421,6cfe7b37,1,Review,Excellent service.,2026-05-16 19:05:07.412991,2026-05-16 19:05:07.412992
5b1d4670,696bd527,5,Review,,2026-05-16 19:05:07.413002,2026-05-16 19:05:07.413002
0b08afec,9fbfa40f,5,Review,,2026-05-16 19:05:07.413013,2026-05-16 19:05:07.413013
1709f071,0f5ac6cb,1,Review,Arrived late.,2026-05-16 19:05:07.413028,2026-05-16 19:05:07.413029
df4e335b,db6a02a4,5,Review,,2026-05-16 19:05:07.413039,2026-05-16 19:05:07.413039
069a7fd5,a702abe9,4,Review,,2026-05-16 19:05:07.413050,2026-05-16 19:05:07.413050
ed77b115,2589e6e1,4,Review,Excellent service.,2026-05-16 19:05:07.413066,2026-05-16 19:05:07.413066
db9d6483,76c1e259,1,Review,Great product!,2026-05-16 19:05:07.413082,2026-05-16 19:05:07.413082
2f301ac7,de535f39,5,Review,,2026-05-16 19:05:07.413092,2026-05-16 19:05:07.413093
9ed0ee0b,97fc1beb,1,Review,Recommend.,2026-05-16 19:05:07.413108,2026-05-16 19:05:07.413108
e39f2f87,24531ff8,5,Review,,2026-05-16 19:05:07.413118,2026-05-16 19:05:07.413118
7c8fe0b5,da1eae9b,5,Review,,2026-05-16 19:05:07.413129,2026-05-16 19:05:07.413129
f80c0c5c,cafc2f36,4,Review,,2026-05-16 19:05:07.413139,2026-05-16 19:05:07.413139
67706f78,a05abea5,4,Review,Bad quality.,2026-05-16 19:05:07.413155,2026-05-16 19:05:07.413155
d25ce4fb,04360f29,5,Review,,2026-05-16 19:05:07.413165,2026-05-16 19:05:07.413166
d303fbed,723f8350,5,Review,,2026-05-16 19:05:07.413176,2026-05-16 19:05:07.413176
d4ea521f,21f4d8da,5,Review,,2026-05-16 19:05:07.413186,2026-05-16 19:05:07.413187
957187cf,31ff660b,3,Review,,2026-05-16 19:05:07.413197,2026-05-16 19:05:07.413197
31b2ecf5,3266fc2e,5,Review,,2026-05-16 19:05:07.413208,2026-05-16 19:05:07.413208
925f06a5,5b15348f,5,Review,,2026-05-16 19:05:07.413219,2026-05-16 19:05:07.413219
211c6b7b,c038317d,1,Review,Arrived late.,2026-05-16 19:05:07.413234,2026-05-16 19:05:07.413234
76ca6168,5b37b894,5,Review,,2026-05-16 19:05:07.413245,2026-05-16 19:05:07.413245
7af3b6fe,593b3b7d,5,Review,,2026-05-16 19:05:07.413255,2026-05-16 19:05:07.413256
31544711,b983a722,1,Review,Excellent service.,2026-05-16 19:05:07.413271,2026-05-16 19:05:07.413271
a1e8b6f7,4471dcda,5,Review,,2026-05-16 19:05:07.413282,2026-05-16 19:05:07.413283
96535134,5ec40fa1,5,Review,,2026-05-16 19:05:07.413293,2026-05-16 19:05:07.413294
34b60a85,8f6f0dde,4,Review,,2026-05-16 19:05:07.413304,2026-05-16 19:05:07.413305
47249b74,b7f0dc55,5,Review,,2026-05-16 19:05:07.413315,2026-05-16 19:05:07.413315
2c18a3a8,f3dd1583,5,Review,,2026-05-16 19:05:07.413325,2026-05-16 19:05:07.413326
e6f40df8,99797944,1,Review,Very satisfied.,2026-05-16 19:05:07.413341,2026-05-16 19:05:07.413341
2961e2d1,3fe3b8bb,5,Review,Fast delivery.,2026-05-16 19:05:07.413357,2026-05-16 19:05:07.413357
73c43794,5188bae1,5,Review,,2026-05-16 19:05:07.413368,2026-05-16 19:05:07.413368
8c71cea9,1d755888,3,Review,,2026-05-16 19:05:07.413378,2026-05-16 19:05:07.413379
ae8c99ec,d6fc562f,4,Review,,2026-05-16 19:05:07.413389,2026-05-16 19:05:07.413389
c1bebe8c,82956554,3,Review,,2026-05-16 19:05:07.413400,2026-05-16 19:05:07.413400
f5cffcd7,40f92553,3,Review,,2026-05-16 19:05:07.413410,2026-05-16 19:05:07.413410
58935fcf,b612c2dc,4,Review,,2026-05-16 19:05:07.413420,2026-05-16 19:05:07.413421
0a82248e,3eec5d15,4,Review,,2026-05-16 19:05:07.413431,2026-05-16 19:05:07.413431
3dd096fc,ffc69fcc,4,Review,,2026-05-16 19:05:07.413441,2026-05-16 19:05:07.413442
bd0b8e84,07594158,1,Review,Very satisfied.,2026-05-16 19:05:07.413457,2026-05-16 19:05:07.413457
d4ba18f0,0d7f850e,4,Review,,2026-05-16 19:05:07.413468,2026-05-16 19:05:07.413468
14bb6078,d4d77df2,5,Review,,2026-05-16 19:05:07.413478,2026-05-16 19:05:07.413479
c7d5c346,752a395f,5,Review,,2026-05-16 19:05:07.413489,2026-05-16 19:05:07.413489
f225f5b0,c0eada2d,3,Review,,2026-05-16 19:05:07.413499,2026-05-16 19:05:07.413499
8adcc6f8,c5a50ebc,5,Review,,2026-05-16 19:05:07.413509,2026-05-16 19:05:07.413510
dab74ff1,6519ff3d,1,Review,Bad quality.,2026-05-16 19:05:07.413525,2026-05-16 19:05:07.413525
03121693,1f06757d,5,Review,,2026-05-16 19:05:07.413536,2026-05-16 19:05:07.413536
27bdef8e,4a5a4091,1,Review,Bad quality.,2026-05-16 19:05:07.413551,2026-05-16 19:05:07.413552
064db170,2ad11441,5,Review,Fast delivery.,2026-05-16 19:05:07.413567,2026-05-16 19:05:07.413568
1c7e2faf,9e2e77bf,5,Review,Never arrived.,2026-05-16 19:05:07.413583,2026-05-16 19:05:07.413583
3f8b0b6e,e0ae8842,3,Review,Arrived late.,2026-05-16 19:05:07.413599,2026-05-16 19:05:07.413599
7bd99658,d3d18b0b,5,Review,,2026-05-16 19:05:07.413609,2026-05-16 19:05:07.413610
e898b1c5,7fef1b0b,3,Review,,2026-05-16 19:05:07.413620,2026-05-16 19:05:07.413620
1f3a8028,eee6d1fc,5,Review,,2026-05-16 19:05:07.413630,2026-05-16 19:05:07.413631
fb76a239,7ec2088b,5,Review,,2026-05-16 19:05:07.413641,2026-05-16 19:05:07.413641
a26bb887,022f0faf,5,Review,,2026-05-16 19:05:07.413651,2026-05-16 19:05:07.413651
70bf050f,6d86f74c,4,Review,,2026-05-16 19:05:07.413662,2026-05-16 19:05:07.413662
c2f6ee76,38372a25,5,Review,,2026-05-16 19:05:07.413672,2026-05-16 19:05:07.413672
b020a4cf,158b8db3,5,Review,,2026-05-16 19:05:07.413682,2026-05-16 19:05:07.413683
74301df2,bd52d8ff,4,Review,,2026-05-16 19:05:07.413693,2026-05-16 19:05:07.413693
c94fe392,3a2f6f35,5,Review,,2026-05-16 19:05:07.413704,2026-05-16 19:05:07.413704
8014154b,fa4ff7e8,4,Review,,2026-05-16 19:05:07.413714,2026-05-16 19:05:07.413715
290af5d4,878431a2,5,Review,Recommend.,2026-05-16 19:05:07.413730,2026-05-16 19:05:07.413730
01559cb2,4a16550d,3,Review,,2026-05-16 19:05:07.413741,2026-05-16 19:05:07.413741
104c09f6,e2187b89,5,Review,,2026-05-16 19:05:07.413752,2026-05-16 19:05:07.413752
d755491b,fc9517cc,4,Review,,2026-05-16 19:05:07.413763,2026-05-16 19:05:07.413763
78d5477b,296fd5d7,5,Review,,2026-05-16 19:05:07.413774,2026-05-16 19:05:07.413775
63aaf368,ba657197,3,Review,,2026-05-16 19:05:07.413785,2026-05-16 19:05:07.413785
fb7a5cc9,3185b5c3,5,Review,Excellent service.,2026-05-16 19:05:07.413801,2026-05-16 19:05:07.413801
fe5f7867,819bdbb5,5,Review,,2026-05-16 19:05:07.413812,2026-05-16 19:05:07.413812
62ad56c7,b27a5163,3,Review,,2026-05-16 19:05:07.413822,2026-05-16 19:05:07.413822
4c9c22d3,95eaab9b,1,Review,Product damaged.,2026-05-16 19:05:07.413837,2026-05-16 19:05:07.413838
eef54807,e29dd240,4,Review,,2026-05-16 19:05:07.413848,2026-05-16 19:05:07.413848
2fe8ec80,10fecdac,5,Review,,2026-05-16 19:05:07.413859,2026-05-16 19:05:07.413859
2c194231,45d0d48e,1,Review,Excellent service.,2026-05-16 19:05:07.413874,2026-05-16 19:05:07.413874
5c9ce808,23bcdace,3,Review,Fast delivery.,2026-05-16 19:05:07.413890,2026-05-16 19:05:07.413890
71cbc0ff,03480d8f,5,Review,,2026-05-16 19:05:07.413900,2026-05-16 19:05:07.413901
eac7950b,77779991,4,Review,Product damaged.,2026-05-16 19:05:07.413916,2026-05-16 19:05:07.413917
e6c76d03,8ae2efd8,5,Review,,2026-05-16 19:05:07.413927,2026-05-16 19:05:07.413928
34efb026,7a83d8a7,5,Review,,2026-05-16 19:05:07.413938,2026-05-16 19:05:07.413938
0c19cfab,441b116c,4,Review,Never arrived.,2026-05-16 19:05:07.413954,2026-05-16 19:05:07.413954
da997ee0,1b438f2c,5,Review,,2026-05-16 19:05:07.413965,2026-05-16 19:05:07.413965
c9e66d69,ced6d7ba,3,Review,,2026-05-16 19:05:07.413975,2026-05-16 19:05:07.413975
409ada2b,36073542,2,Review,Recommend.,2026-05-16 19:05:07.413991,2026-05-16 19:05:07.413991
18e91d00,380651be,5,Review,,2026-05-16 19:05:07.414001,2026-05-16 19:05:07.414001
44d471a3,229ac715,3,Review,,2026-05-16 19:05:07.414012,2026-05-16 19:05:07.414012
84790fe7,d5fd1592,5,Review,,2026-05-16 19:05:07.414022,2026-05-16 19:05:07.414023
593de5dd,1462b575,1,Review,Very satisfied.,2026-05-16 19:05:07.414038,2026-05-16 19:05:07.414038
0ee15de6,1367a6db,5,Review,,2026-05-16 19:05:07.414049,2026-05-16 19:05:07.414049
109a2a94,64942d6c,5,Review,,2026-05-16 19:05:07.414059,2026-05-16 19:05:07.414059
80ddc24c,6e7f9c0e,5,Review,,2026-05-16 19:05:07.414070,2026-05-16 19:05:07.414070
b27c4d48,b8e979ce,5,Review,,2026-05-16 19:05:07.414080,2026-05-16 19:05:07.414080
893357e9,1ed966fc,4,Review,,2026-05-16 19:05:07.414091,2026-05-16 19:05:07.414091
6548f572,a42d3020,5,Review,,2026-05-16 19:05:07.414102,2026-05-16 19:05:07.414102
0ae1e2e5,d02519be,4,Review,,2026-05-16 19:05:07.414112,2026-05-16 19:05:07.414112
a3549178,d670f7c2,2,Review,Okay product.,2026-05-16 19:05:07.414128,2026-05-16 19:05:07.414128
97cc9ee8,973e9743,5,Review,,2026-05-16 19:05:07.414139,2026-05-16 19:05:07.414139
11ddb6a7,b25b97b9,5,Review,,2026-05-16 19:05:07.414149,2026-05-16 19:05:07.414149
6ba79318,d736aa11,1,Review,Recommend.,2026-05-16 19:05:07.414165,2026-05-16 19:05:07.414165
fc43ff18,e3bf8432,5,Review,Recommend.,2026-05-16 19:05:07.414180,2026-05-16 19:05:07.414181
33316c1b,467a6721,3,Review,,2026-05-16 19:05:07.414191,2026-05-16 19:05:07.414191
a326e620,4ccd5fc5,5,Review,,2026-05-16 19:05:07.414201,2026-05-16 19:05:07.414202
3a686fcd,af0e434b,5,Review,,2026-05-16 19:05:07.414212,2026-05-16 19:05:07.414212
6bd2163b,f20761f3,5,Review,Fast delivery.,2026-05-16 19:05:07.414227,2026-05-16 19:05:07.414228
6588591f,9768f986,4,Review,,2026-05-16 19:05:07.414238,2026-05-16 19:05:07.414238
de065e95,dfbf3738,4,Review,,2026-05-16 19:05:07.414248,2026-05-16 19:05:07.414249
f0fdfe64,b12e547b,1,Review,Okay product.,2026-05-16 19:05:07.414264,2026-05-16 19:05:07.414264
ce999450,4baf596f,4,Review,Arrived late.,2026-05-16 19:05:07.414279,2026-05-16 19:05:07.414280
74986d79,9ad35d3a,5,Review,Product damaged.,2026-05-16 19:05:07.414295,2026-05-16 19:05:07.414296
89a4c3f6,ae62bbd0,5,Review,,2026-05-16 19:05:07.414306,2026-05-16 19:05:07.414306
b685076f,38b84c7c,5,Review,,2026-05-16 19:05:07.414316,2026-05-16 19:05:07.414317
f727f59c,33750d33,5,Review,,2026-05-16 19:05:07.414327,2026-05-16 19:05:07.414327
83caed67,aa925d5c,4,Review,,2026-05-16 19:05:07.414337,2026-05-16 19:05:07.414338
8ce731c3,0c2b1953,5,Review,Fast delivery.,2026-05-16 19:05:07.414353,2026-05-16 19:05:07.414353
09558b27,4d55c297,5,Review,,2026-05-16 19:05:07.414363,2026-05-16 19:05:07.414364
f67bfc8a,7035cc0d,4,Review,,2026-05-16 19:05:07.414374,2026-05-16 19:05:07.414374
0455bea1,2cf54e3c,5,Review,,2026-05-16 19:05:07.414384,2026-05-16 19:05:07.414385
ea66b8ba,ed377c08,5,Review,,2026-05-16 19:05:07.414395,2026-05-16 19:05:07.414395
bff4d379,cce83a0f,3,Review,,2026-05-16 19:05:07.414409,2026-05-16 19:05:07.414409
f6a3810c,6104081a,1,Review,Recommend.,2026-05-16 19:05:07.414425,2026-05-16 19:05:07.414425
b0836d76,5266eb18,5,Review,,2026-05-16 19:05:07.414436,2026-05-16 19:05:07.414436
d102870b,cffdd447,2,Review,Okay product.,2026-05-16 19:05:07.414451,2026-05-16 19:05:07.414451
92b6cb37,0431b9e0,1,Review,Bad quality.,2026-05-16 19:05:07.414466,2026-05-16 19:05:07.414467
3b557e10,afb7d0e6,5,Review,,2026-05-16 19:05:07.414477,2026-05-16 19:05:07.414477
05d48e2b,80a018aa,4,Review,,2026-05-16 19:05:07.414487,2026-05-16 19:05:07.414488
da3bbf68,625e27fa,5,Review,Bad quality.,2026-05-16 19:05:07.414503,2026-05-16 19:05:07.414503
99d258b5,e50019b2,2,Review,Excellent service.,2026-05-16 19:05:07.414519,2026-05-16 19:05:07.414519
b6aeab43,dc320998,5,Review,,2026-05-16 19:05:07.414529,2026-05-16 19:05:07.414529
78a4e481,9ac69c1f,5,Review,Excellent service.,2026-05-16 19:05:07.414544,2026-05-16 19:05:07.414545
89c27226,8c44042f,5,Review,,2026-05-16 19:05:07.414555,2026-05-16 19:05:07.414555
95855be8,99c6e161,5,Review,,2026-05-16 19:05:07.414566,2026-05-16 19:05:07.414566
559eb54f,a49146e8,5,Review,,2026-05-16 19:05:07.414576,2026-05-16 19:05:07.414576
43b8ae87,da7dfcac,4,Review,,2026-05-16 19:05:07.414586,2026-05-16 19:05:07.414587
9bcd54be,c0f84b42,2,Review,Okay product.,2026-05-16 19:05:07.414602,2026-05-16 19:05:07.414602
21034576,802d3f56,5,Review,,2026-05-16 19:05:07.414613,2026-05-16 19:05:07.414613
1d9813d6,11ad0f0f,4,Review,,2026-05-16 19:05:07.414623,2026-05-16 19:05:07.414623
e948b55f,5ac54666,2,Review,Great product!,2026-05-16 19:05:07.414639,2026-05-16 19:05:07.414639
32b62ef1,5922de0c,4,Review,Recommend.,2026-05-16 19:05:07.414654,2026-05-16 19:05:07.414655
dfe558e0,bffce756,3,Review,,2026-05-16 19:05:07.414665,2026-05-16 19:05:07.414665
8d9af2c7,c133f530,4,Review,,2026-05-16 19:05:07.414675,2026-05-16 19:05:07.414676
0a2ff3da,edc97ebe,5,Review,,2026-05-16 19:05:07.414686,2026-05-16 19:05:07.414686
7b316fd4,3dfa7ae3,5,Review,,2026-05-16 19:05:07.414696,2026-05-16 19:05:07.414696
2794acff,2102a4d9,5,Review,,2026-05-16 19:05:07.414706,2026-05-16 19:05:07.414707
00a2bfce,6ac9e7a5,5,Review,Okay product.,2026-05-16 19:05:07.414723,2026-05-16 19:05:07.414723
918f73cc,a53d4898,4,Review,Bad quality.,2026-05-16 19:05:07.414738,2026-05-16 19:05:07.414739
121d3ec7,584028a8,5,Review,,2026-05-16 19:05:07.414749,2026-05-16 19:05:07.414749
9587ebfe,65e62092,2,Review,Excellent service.,2026-05-16 19:05:07.414764,2026-05-16 19:05:07.414764
0d0e07f6,1d1e4778,4,Review,,2026-05-16 19:05:07.414777,2026-05-16 19:05:07.414777
53a46b64,94903928,5,Review,,2026-05-16 19:05:07.414787,2026-05-16 19:05:07.414788
8f9a7c52,8a60ca7f,4,Review,,2026-05-16 19:05:07.414798,2026-05-16 19:05:07.414798
886ae14b,510ba59c,5,Review,,2026-05-16 19:05:07.414808,2026-05-16 19:05:07.414809
5408a66f,cb84a60b,5,Review,Arrived late.,2026-05-16 19:05:07.414824,2026-05-16 19:05:07.414825
cf407b6a,ffd91f68,5,Review,,2026-05-16 19:05:07.414835,2026-05-16 19:05:07.414835
4fd65b28,293a89c7,5,Review,,2026-05-16 19:05:07.414845,2026-05-16 19:05:07.414846
e4c6ca60,8847ce48,5,Review,,2026-05-16 19:05:07.414856,2026-05-16 19:05:07.414856
41b7fe64,374d3806,5,Review,Great product!,2026-05-16 19:05:07.414871,2026-05-16 19:05:07.414872
b665542d,4d2df1b0,5,Review,,2026-05-16 19:05:07.414882,2026-05-16 19:05:07.414882
a2e6d780,732a7967,5,Review,Very satisfied.,2026-05-16 19:05:07.414897,2026-05-16 19:05:07.414898
7da8d5fd,7fb90c9a,5,Review,,2026-05-16 19:05:07.414908,2026-05-16 19:05:07.414908
15f8b5f9,ebc9f1f8,5,Review,,2026-05-16 19:05:07.414919,2026-05-16 19:05:07.414919
7cd0315d,d2c1f424,5,Review,Arrived late.,2026-05-16 19:05:07.414935,2026-05-16 19:05:07.414935
12816095,e5c7a231,5,Review,Okay product.,2026-05-16 19:05:07.414950,2026-05-16 19:05:07.414951
9943c105,5436c899,5,Review,,2026-05-16 19:05:07.414961,2026-05-16 19:05:07.414961
39a9fa7a,3adffc84,5,Review,Never arrived.,2026-05-16 19:05:07.414979,2026-05-16 19:05:07.414979
a576db60,2dae1dc2,1,Review,Recommend.,2026-05-16 19:05:07.414994,2026-05-16 19:05:07.414995
5b9fb5ec,554a50af,4,Review,Great product!,2026-05-16 19:05:07.415010,2026-05-16 19:05:07.415011
e4737640,f1ca79c8,3,Review,,2026-05-16 19:05:07.415021,2026-05-16 19:05:07.415021
4c833c8a,e811496e,3,Review,,2026-05-16 19:05:07.415031,2026-05-16 19:05:07.415032
5cb0daca,2eb62c94,2,Review,Product damaged.,2026-05-16 19:05:07.415047,2026-05-16 19:05:07.415047
e398d81b,1bd8f29a,5,Review,Arrived late.,2026-05-16 19:05:07.415063,2026-05-16 19:05:07.415063
fa9187bc,507dfdca,5,Review,Very satisfied.,2026-05-16 19:05:07.415079,2026-05-16 19:05:07.415079
d6b59f5d,455ae6c7,5,Review,,2026-05-16 19:05:07.415089,2026-05-16 19:05:07.415090
f8931ff7,bdc68f8e,2,Review,Fast delivery.,2026-05-16 19:05:07.415105,2026-05-16 19:05:07.415106
3794b74b,563ff092,1,Review,Bad quality.,2026-05-16 19:05:07.415121,2026-05-16 19:05:07.415121
d0e30920,8112050b,5,Review,,2026-05-16 19:05:07.415131,2026-05-16 19:05:07.415132
5dca5072,7a914916,5,Review,,2026-05-16 19:05:07.415142,2026-05-16 19:05:07.415142
71dfac9c,b01932d7,3,Review,,2026-05-16 19:05:07.415152,2026-05-16 19:05:07.415153
f193ef5e,26dfd63c,5,Review,,2026-05-16 19:05:07.415163,2026-05-16 19:05:07.415163
a68d203c,cc2ac483,5,Review,Never arrived.,2026-05-16 19:05:07.415179,2026-05-16 19:05:07.415180
841541bd,12f28846,3,Review,Arrived late.,2026-05-16 19:05:07.415195,2026-05-16 19:05:07.415195
5b41d8eb,967057cf,5,Review,Excellent service.,2026-05-16 19:05:07.415211,2026-05-16 19:05:07.415211
d8349c0d,ada43647,1,Review,Very satisfied.,2026-05-16 19:05:07.415227,2026-05-16 19:05:07.415227
aacf597b,ed8a5697,5,Review,Very satisfied.,2026-05-16 19:05:07.415242,2026-05-16 19:05:07.415243
0556a638,16af272e,5,Review,,2026-05-16 19:05:07.415253,2026-05-16 19:05:07.415253
abf9f945,6b613fde,5,Review,,2026-05-16 19:05:07.415263,2026-05-16 19:05:07.415264
376a2396,511bc69e,4,Review,,2026-05-16 19:05:07.415274,2026-05-16 19:05:07.415274
1ed2d6d6,3fe95d08,5,Review,,2026-05-16 19:05:07.415284,2026-05-16 19:05:07.415284
7ca3aefe,4a51c2d6,3,Review,,2026-05-16 19:05:07.415295,2026-05-16 19:05:07.415295
ae02f7b3,35993bcc,5,Review,,2026-05-16 19:05:07.415305,2026-05-16 19:05:07.415305
6c1acce6,78d49890,4,Review,,2026-05-16 19:05:07.415317,2026-05-16 19:05:07.415317
a9b5bd49,c16c9519,5,Review,Recommend.,2026-05-16 19:05:07.415333,2026-05-16 19:05:07.415333
12b0a4d5,b233eb7d,4,Review,,2026-05-16 19:05:07.415343,2026-05-16 19:05:07.415344
a17f3c02,7851a5c7,4,Review,,2026-05-16 19:05:07.415354,2026-05-16 19:05:07.415354
882f3f0b,9c205d4c,5,Review,,2026-05-16 19:05:07.415364,2026-05-16 19:05:07.415364
7e647e54,4466a2fb,3,Review,,2026-05-16 19:05:07.415375,2026-05-16 19:05:07.415375
b6c8a03a,0538eb2d,2,Review,Very satisfied.,2026-05-16 19:05:07.415390,2026-05-16 19:05:07.415390
3e72517b,5c59286b,5,Review,,2026-05-16 19:05:07.415401,2026-05-16 19:05:07.415401
cedb7581,d7207680,3,Review,Fast delivery.,2026-05-16 19:05:07.415416,2026-05-16 19:05:07.415417
97ec8a61,ed9aa040,5,Review,,2026-05-16 19:05:07.415427,2026-05-16 19:05:07.415427
c89ec064,2dbd8352,4,Review,Very satisfied.,2026-05-16 19:05:07.415443,2026-05-16 19:05:07.415443
84dd0c1e,e62d08a3,5,Review,,2026-05-16 19:05:07.415453,2026-05-16 19:05:07.415454
ab541a5a,6436890a,2,Review,Okay product.,2026-05-16 19:05:07.415469,2026-05-16 19:05:07.415469
de99d10f,99407ce3,5,Review,,2026-05-16 19:05:07.415480,2026-05-16 19:05:07.415480
e8637ecc,7de449e4,5,Review,,2026-05-16 19:05:07.415490,2026-05-16 19:05:07.415490
ac48a91a,d42cae94,5,Review,Very satisfied.,2026-05-16 19:05:07.415506,2026-05-16 19:05:07.415506
505f52e5,9a0be8d0,5,Review,,2026-05-16 19:05:07.415517,2026-05-16 19:05:07.415517
a197c9f5,b24236ed,4,Review,,2026-05-16 19:05:07.415527,2026-05-16 19:05:07.415527
d2a7a9c1,af8a2651,4,Review,Fast delivery.,2026-05-16 19:05:07.415543,2026-05-16 19:05:07.415543
9131a70c,f18f7234,1,Review,Bad quality.,2026-05-16 19:05:07.415558,2026-05-16 19:05:07.415558
6e262d50,649f47c0,4,Review,Fast delivery.,2026-05-16 19:05:07.415574,2026-05-16 19:05:07.415574
5d3c8a8c,6d59c561,5,Review,,2026-05-16 19:05:07.415584,2026-05-16 19:05:07.415584
608a0f59,eaac7c17,2,Review,Arrived late.,2026-05-16 19:05:07.415600,2026-05-16 19:05:07.415600
e035c4e2,8ac4b0fe,4,Review,,2026-05-16 19:05:07.415610,2026-05-16 19:05:07.415611
7c81ff48,6c4b6951,1,Review,Never arrived.,2026-05-16 19:05:07.415626,2026-05-16 19:05:07.415626
77bdb1e4,a5864976,4,Review,,2026-05-16 19:05:07.415636,2026-05-16 19:05:07.415637
abb451f1,b5d4a53e,1,Review,Product damaged.,2026-05-16 19:05:07.415652,2026-05-16 19:05:07.415653
c1d665a0,d4d1edc3,5,Review,,2026-05-16 19:05:07.415663,2026-05-16 19:05:07.415663
ae129bd8,047e87b7,5,Review,,2026-05-16 19:05:07.415673,2026-05-16 19:05:07.415674
1425ecc1,424869b4,4,Review,,2026-05-16 19:05:07.415685,2026-05-16 19:05:07.415685
21473549,ee238abf,5,Review,Product damaged.,2026-05-16 19:05:07.415701,2026-05-16 19:05:07.415701
e1f9e398,7f711893,5,Review,Never arrived.,2026-05-16 19:05:07.415717,2026-05-16 19:05:07.415717
8cb49fd3,7fcd0d52,3,Review,,2026-05-16 19:05:07.415727,2026-05-16 19:05:07.415728
54eae43d,d78c1db7,2,Review,Recommend.,2026-05-16 19:05:07.415743,2026-05-16 19:05:07.415743
23ac90a6,aef720c7,5,Review,,2026-05-16 19:05:07.415753,2026-05-16 19:05:07.415753
b7704f86,ebd30f70,5,Review,Never arrived.,2026-05-16 19:05:07.415769,2026-05-16 19:05:07.415769
24b48ced,c7990b5a,5,Review,Fast delivery.,2026-05-16 19:05:07.415785,2026-05-16 19:05:07.415785
e10cd4ca,9a528722,5,Review,,2026-05-16 19:05:07.415795,2026-05-16 19:05:07.415795
7e2fc08a,38d116fc,5,Review,,2026-05-16 19:05:07.415806,2026-05-16 19:05:07.415806
210207f8,1a00f4cf,5,Review,,2026-05-16 19:05:07.415816,2026-05-16 19:05:07.415816
9d3e93fe,9b3ea95d,3,Review,Arrived late.,2026-05-16 19:05:07.415832,2026-05-16 19:05:07.415832
5f02f3ec,e9beb19a,5,Review,Bad quality.,2026-05-16 19:05:07.415848,2026-05-16 19:05:07.415848
ed59f740,ed7318cf,5,Review,Fast delivery.,2026-05-16 19:05:07.415863,2026-05-16 19:05:07.415864
08edeff0,bcd3faf3,3,Review,,2026-05-16 19:05:07.415874,2026-05-16 19:05:07.415874
e3cde4ed,57fb59cf,5,Review,,2026-05-16 19:05:07.415885,2026-05-16 19:05:07.415885
2933c1f6,e814013d,1,Review,Great product!,2026-05-16 19:05:07.415900,2026-05-16 19:05:07.415900
5e35c859,249ecd97,5,Review,,2026-05-16 19:05:07.415911,2026-05-16 19:05:07.415911
c14e5cb9,8ee3a9f4,5,Review,,2026-05-16 19:05:07.415921,2026-05-16 19:05:07.415921
e885d9c5,7cb687e1,3,Review,,2026-05-16 19:05:07.415932,2026-05-16 19:05:07.415932
8a87524c,6f81e59a,3,Review,,2026-05-16 19:05:07.415942,2026-05-16 19:05:07.415942
74d3e580,8e75654f,4,Review,,2026-05-16 19:05:07.415953,2026-05-16 19:05:07.415953
2c2acbc8,3808b229,5,Review,,2026-05-16 19:05:07.415963,2026-05-16 19:05:07.415964
7020d32d,ef342758,5,Review,,2026-05-16 19:05:07.415974,2026-05-16 19:05:07.415974
1537c9a5,d5381dab,5,Review,,2026-05-16 19:05:07.415984,2026-05-16 19:05:07.415985
d21eb946,55cacaaa,5,Review,,2026-05-16 19:05:07.415995,2026-05-16 19:05:07.415995
aedd8c6c,b01fcb0a,5,Review,,2026-05-16 19:05:07.416005,2026-05-16 19:05:07.416005
ccf1f798,3b951aba,5,Review,Very satisfied.,2026-05-16 19:05:07.416021,2026-05-16 19:05:07.416021
a2089318,823d1da5,1,Review,Excellent service.,2026-05-16 19:05:07.416037,2026-05-16 19:05:07.416037
5a8bf6e1,d99d95ba,2,Review,Excellent service.,2026-05-16 19:05:07.416052,2026-05-16 19:05:07.416052
d31f564f,ffc0c694,5,Review,Never arrived.,2026-05-16 19:05:07.416068,2026-05-16 19:05:07.416068
d5cb2356,9ec278fb,5,Review,,2026-05-16 19:05:07.416078,2026-05-16 19:05:07.416079
416d0fef,d1a4c354,5,Review,,2026-05-16 19:05:07.416089,2026-05-16 19:05:07.416089
cc156cff,a3d9b7d4,3,Review,Never arrived.,2026-05-16 19:05:07.416104,2026-05-16 19:05:07.416105
6234d7e1,622271a7,4,Review,Great product!,2026-05-16 19:05:07.416120,2026-05-16 19:05:07.416120
2392cf24,0d57556b,3,Review,,2026-05-16 19:05:07.416131,2026-05-16 19:05:07.416131
a84b63e4,70d1082f,3,Review,,2026-05-16 19:05:07.416143,2026-05-16 19:05:07.416143
219359f7,a88f1200,5,Review,,2026-05-16 19:05:07.416153,2026-05-16 19:05:07.416154
720a8312,f532c6df,5,Review,,2026-05-16 19:05:07.416164,2026-05-16 19:05:07.416164
1394ec71,6efed22b,4,Review,,2026-05-16 19:05:07.416174,2026-05-16 19:05:07.416174
cac53a36,97de34bd,5,Review,,2026-05-16 19:05:07.416185,2026-05-16 19:05:07.416185
f0d0add9,a613aac8,5,Review,,2026-05-16 19:05:07.416195,2026-05-16 19:05:07.416195
97a33714,2df4af09,4,Review,,2026-05-16 19:05:07.416206,2026-05-16 19:05:07.416206
06ff69e8,12d9a54c,5,Review,,2026-05-16 19:05:07.416216,2026-05-16 19:05:07.416216
55a05b6c,09c479c5,5,Review,Okay product.,2026-05-16 19:05:07.416232,2026-05-16 19:05:07.416232
fa63b781,ebeb31a2,5,Review,,2026-05-16 19:05:07.416243,2026-05-16 19:05:07.416243
6e3341f9,6f331916,5,Review,,2026-05-16 19:05:07.416253,2026-05-16 19:05:07.416253
bbd9528a,36eb957f,1,Review,Never arrived.,2026-05-16 19:05:07.416269,2026-05-16 19:05:07.416269
9e59d12c,a0b3b209,5,Review,,2026-05-16 19:05:07.416279,2026-05-16 19:05:07.416280
15b08bb1,b7648d21,4,Review,,2026-05-16 19:05:07.416291,2026-05-16 19:05:07.416291
cdf977fd,f3740f02,1,Review,Great product!,2026-05-16 19:05:07.416307,2026-05-16 19:05:07.416307
7dc332ed,e3ee9c90,5,Review,,2026-05-16 19:05:07.416318,2026-05-16 19:05:07.416318
3aa1048e,9baa4238,4,Review,,2026-05-16 19:05:07.416329,2026-05-16 19:05:07.416329
6f83a308,a0ec769f,1,Review,Fast delivery.,2026-05-16 19:05:07.416344,2026-05-16 19:05:07.416345
3549844a,2237ea99,3,Review,,2026-05-16 19:05:07.416355,2026-05-16 19:05:07.416355
969ed57f,7f7b775e,5,Review,,2026-05-16 19:05:07.416366,2026-05-16 19:05:07.416366
2ae98cc3,42df0be1,5,Review,,2026-05-16 19:05:07.416377,2026-05-16 19:05:07.416377
1beb162b,a9a907d5,3,Review,,2026-05-16 19:05:07.416387,2026-05-16 19:05:07.416387
0c1a73e5,a85ea0b4,4,Review,,2026-05-16 19:05:07.416398,2026-05-16 19:05:07.416398
8246afb8,549a7c5e,1,Review,Product damaged.,2026-05-16 19:05:07.416413,2026-05-16 19:05:07.416414
140fe570,0a9b58d7,2,Review,Never arrived.,2026-05-16 19:05:07.416429,2026-05-16 19:05:07.416430
347c7bea,12de4bc5,5,Review,,2026-05-16 19:05:07.416440,2026-05-16 19:05:07.416440
8c137e1d,49df6a41,5,Review,,2026-05-16 19:05:07.416451,2026-05-16 19:05:07.416451
5e8cafcc,f8a47869,2,Review,Very satisfied.,2026-05-16 19:05:07.416466,2026-05-16 19:05:07.416466
03b9843a,ed87d1a3,3,Review,,2026-05-16 19:05:07.416477,2026-05-16 19:05:07.416477
7069cb63,bee6a13b,3,Review,,2026-05-16 19:05:07.416487,2026-05-16 19:05:07.416488
dab0f20a,5513f9db,4,Review,Excellent service.,2026-05-16 19:05:07.416503,2026-05-16 19:05:07.416503
03765cf1,05d20a4c,3,Review,,2026-05-16 19:05:07.416514,2026-05-16 19:05:07.416514
744977b0,8e174f3e,5,Review,,2026-05-16 19:05:07.416524,2026-05-16 19:05:07.416524
243c7bb4,bc181cbd,5,Review,,2026-05-16 19:05:07.416535,2026-05-16 19:05:07.416535
38ac48e2,f498c296,5,Review,,2026-05-16 19:05:07.416545,2026-05-16 19:05:07.416545
26f1218a,5b9e7fb6,5,Review,,2026-05-16 19:05:07.416555,2026-05-16 19:05:07.416556
c613fc64,3936b805,5,Review,Excellent service.,2026-05-16 19:05:07.416571,2026-05-16 19:05:07.416571
0576a31c,7dd42de4,1,Review,Never arrived.,2026-05-16 19:05:07.416587,2026-05-16 19:05:07.416587
cb5a58dc,959e2965,4,Review,,2026-05-16 19:05:07.416597,2026-05-16 19:05:07.416597
42012ad5,b450156f,5,Review,Excellent service.,2026-05-16 19:05:07.416613,2026-05-16 19:05:07.416613
084df2a5,38354fe6,5,Review,,2026-05-16 19:05:07.416626,2026-05-16 19:05:07.416626
d3e6cef1,a29d149e,4,Review,Bad quality.,2026-05-16 19:05:07.416645,2026-05-16 19:05:07.416646
537266b4,33473128,5,Review,,2026-05-16 19:05:07.416657,2026-05-16 19:05:07.416658
d5dfa8e4,3effd874,5,Review,,2026-05-16 19:05:07.416672,2026-05-16 19:05:07.416673
5f2d15e1,55c65bd6,2,Review,Arrived late.,2026-05-16 19:05:07.416690,2026-05-16 19:05:07.416690
d714a294,6ab0995d,3,Review,,2026-05-16 19:05:07.416703,2026-05-16 19:05:07.416703
a3f7b70f,4bf341b4,5,Review,,2026-05-16 19:05:07.416718,2026-05-16 19:05:07.416718
3f29f3ca,75c97c85,4,Review,,2026-05-16 19:05:07.416730,2026-05-16 19:05:07.416730
81be667c,4c7834fe,5,Review,,2026-05-16 19:05:07.416743,2026-05-16 19:05:07.416743
14a2331a,b25400c9,5,Review,,2026-05-16 19:05:07.416755,2026-05-16 19:05:07.416756
0de68c8b,dfbb7231,5,Review,,2026-05-16 19:05:07.416766,2026-05-16 19:05:07.416767
a32100e5,7b3c3335,5,Review,,2026-05-16 19:05:07.416777,2026-05-16 19:05:07.416777
ed1e8073,53a15dbe,5,Review,Bad quality.,2026-05-16 19:05:07.416794,2026-05-16 19:05:07.416794
19ecd965,94006b41,5,Review,,2026-05-16 19:05:07.416805,2026-05-16 19:05:07.416805
07118403,4fe46b0c,5,Review,,2026-05-16 19:05:07.416816,2026-05-16 19:05:07.416817
cf0c9e3b,a6a2a072,5,Review,,2026-05-16 19:05:07.416828,2026-05-16 19:05:07.416828
4ed8e020,2ad3e431,5,Review,Never arrived.,2026-05-16 19:05:07.416851,2026-05-16 19:05:07.416851
806b1d01,a3e41c26,1,Review,Fast delivery.,2026-05-16 19:05:07.416873,2026-05-16 19:05:07.416873
bb18d52e,1328c223,1,Review,Very satisfied.,2026-05-16 19:05:07.416888,2026-05-16 19:05:07.416888
12e10c7a,1394beda,5,Review,,2026-05-16 19:05:07.416899,2026-05-16 19:05:07.416899
f6c359a2,279908b1,4,Review,,2026-05-16 19:05:07.416909,2026-05-16 19:05:07.416909
2427d192,f472a615,5,Review,,2026-05-16 19:05:07.416920,2026-05-16 19:05:07.416920
5f96e6e9,f4a728ab,3,Review,,2026-05-16 19:05:07.416930,2026-05-16 19:05:07.416930
c7e58a8d,ade3bed0,4,Review,Recommend.,2026-05-16 19:05:07.416945,2026-05-16 19:05:07.416946
4ca86dbd,788911d8,5,Review,Fast delivery.,2026-05-16 19:05:07.416961,2026-05-16 19:05:07.416962
6329cf51,a6c775a6,4,Review,,2026-05-16 19:05:07.416972,2026-05-16 19:05:07.416972
578807f9,11071487,3,Review,,2026-05-16 19:05:07.416982,2026-05-16 19:05:07.416983
1b7e0121,c8fff6ad,2,Review,Fast delivery.,2026-05-16 19:05:07.416998,2026-05-16 19:05:07.416998
973990a0,f72bf19b,4,Review,,2026-05-16 19:05:07.417008,2026-05-16 19:05:07.417009
3cecab44,196fff0b,1,Review,Okay product.,2026-05-16 19:05:07.417024,2026-05-16 19:05:07.417024
cebb83e4,3f9ecac6,5,Review,Recommend.,2026-05-16 19:05:07.417039,2026-05-16 19:05:07.417039
7ab65762,31af639e,3,Review,,2026-05-16 19:05:07.417050,2026-05-16 19:05:07.417050
5c9de296,b7eeae2d,5,Review,,2026-05-16 19:05:07.417060,2026-05-16 19:05:07.417061
96005ca9,d375aea6,5,Review,,2026-05-16 19:05:07.417071,2026-05-16 19:05:07.417071
f072a8f7,f11f4e1b,1,Review,Never arrived.,2026-05-16 19:05:07.417086,2026-05-16 19:05:07.417086
905ab0e9,e3d8035f,5,Review,,2026-05-16 19:05:07.417096,2026-05-16 19:05:07.417097
475bb731,dd2b8d41,5,Review,,2026-05-16 19:05:07.417107,2026-05-16 19:05:07.417107
114d9ad6,76084022,3,Review,,2026-05-16 19:05:07.417117,2026-05-16 19:05:07.417117
675f1d4d,2cd00f86,4,Review,Never arrived.,2026-05-16 19:05:07.417134,2026-05-16 19:05:07.417134
46cf086d,319f0271,4,Review,,2026-05-16 19:05:07.417145,2026-05-16 19:05:07.417145
036c389f,244fb914,5,Review,,2026-05-16 19:05:07.417156,2026-05-16 19:05:07.417156
f1b9a770,660dd245,5,Review,,2026-05-16 19:05:07.417167,2026-05-16 19:05:07.417167
e25f50c1,867b07ac,4,Review,,2026-05-16 19:05:07.417177,2026-05-16 19:05:07.417178
f8591622,87a4bdf9,5,Review,,2026-05-16 19:05:07.417188,2026-05-16 19:05:07.417189
401b9b6e,0cd0e3ad,1,Review,Bad quality.,2026-05-16 19:05:07.417204,2026-05-16 19:05:07.417204
6fbc8837,89fa8790,5,Review,,2026-05-16 19:05:07.417215,2026-05-16 19:05:07.417215
4d846996,09096be0,1,Review,Never arrived.,2026-05-16 19:05:07.417230,2026-05-16 19:05:07.417230
fe484a6e,d680b51b,1,Review,Never arrived.,2026-05-16 19:05:07.417245,2026-05-16 19:05:07.417246
a17bbb7a,a1593de4,5,Review,,2026-05-16 19:05:07.417256,2026-05-16 19:05:07.417256
f8d7143c,07c01356,5,Review,,2026-05-16 19:05:07.417266,2026-05-16 19:05:07.417266
6c51fe04,cd6da15a,4,Review,,2026-05-16 19:05:07.417276,2026-05-16 19:05:07.417277
bb9e6227,6e8c3096,4,Review,,2026-05-16 19:05:07.417287,2026-05-16 19:05:07.417287
e8c8ad32,0e8d2280,4,Review,,2026-05-16 19:05:07.417297,2026-05-16 19:05:07.417297
5443cfc5,4d087eac,5,Review,,2026-05-16 19:05:07.417308,2026-05-16 19:05:07.417308
bf595e57,25e68489,4,Review,Arrived late.,2026-05-16 19:05:07.417323,2026-05-16 19:05:07.417323
86ec486b,b2541497,5,Review,,2026-05-16 19:05:07.417334,2026-05-16 19:05:07.417334
e398b8b4,51f9ca94,5,Review,,2026-05-16 19:05:07.417344,2026-05-16 19:05:07.417344
35b590dc,7f926172,3,Review,,2026-05-16 19:05:07.417355,2026-05-16 19:05:07.417355
49cb7d56,57282939,1,Review,Recommend.,2026-05-16 19:05:07.417370,2026-05-16 19:05:07.417371
0ab58666,c84a466e,5,Review,,2026-05-16 19:05:07.417381,2026-05-16 19:05:07.417381
945304fc,0da70bd7,3,Review,,2026-05-16 19:05:07.417391,2026-05-16 19:05:07.417392
533e8891,2ac1d8e3,5,Review,,2026-05-16 19:05:07.417402,2026-05-16 19:05:07.417402
283b231a,2bf51231,5,Review,,2026-05-16 19:05:07.417412,2026-05-16 19:05:07.417413
b6094efb,98ac82ee,2,Review,Never arrived.,2026-05-16 19:05:07.417428,2026-05-16 19:05:07.417428
2cbdd3e1,e40ddf69,5,Review,,2026-05-16 19:05:07.417440,2026-05-16 19:05:07.417440
f1b146d5,55269679,5,Review,,2026-05-16 19:05:07.417451,2026-05-16 19:05:07.417451
c3f69be3,49cf6d40,5,Review,,2026-05-16 19:05:07.417461,2026-05-16 19:05:07.417461
0b34cdc2,720d5657,1,Review,Very satisfied.,2026-05-16 19:05:07.417477,2026-05-16 19:05:07.417477
f5fa0738,0811f3ab,5,Review,Excellent service.,2026-05-16 19:05:07.417492,2026-05-16 19:05:07.417493
2b42e540,5bd85b52,5,Review,,2026-05-16 19:05:07.417503,2026-05-16 19:05:07.417503
7f508eb2,fc9166e9,4,Review,,2026-05-16 19:05:07.417513,2026-05-16 19:05:07.417513
0adeb97e,147268a7,5,Review,,2026-05-16 19:05:07.417524,2026-05-16 19:05:07.417524
bea69c7e,07787eb5,5,Review,,2026-05-16 19:05:07.417534,2026-05-16 19:05:07.417534
0487223b,6fb7eff6,5,Review,,2026-05-16 19:05:07.417544,2026-05-16 19:05:07.417545
2bebc013,6830b2bb,5,Review,,2026-05-16 19:05:07.417555,2026-05-16 19:05:07.417555
36734182,3e1cc94b,5,Review,,2026-05-16 19:05:07.417565,2026-05-16 19:05:07.417566
55d61244,b8b0576e,5,Review,,2026-05-16 19:05:07.417576,2026-05-16 19:05:07.417576
231387ff,be0d6bd2,5,Review,,2026-05-16 19:05:07.417586,2026-05-16 19:05:07.417586
e2d441bf,cf56178c,5,Review,,2026-05-16 19:05:07.417596,2026-05-16 19:05:07.417597
ec09e32b,a7eceab8,4,Review,Recommend.,2026-05-16 19:05:07.417612,2026-05-16 19:05:07.417612
d5ae54d6,223d9ce4,5,Review,,2026-05-16 19:05:07.417623,2026-05-16 19:05:07.417623
002ca574,349c4f85,5,Review,Very satisfied.,2026-05-16 19:05:07.417638,2026-05-16 19:05:07.417639
547bec86,bdae3893,5,Review,,2026-05-16 19:05:07.417649,2026-05-16 19:05:07.417649
a7c1c564,9ff70393,5,Review,,2026-05-16 19:05:07.417659,2026-05-16 19:05:07.417660
e694057a,435b218f,5,Review,,2026-05-16 19:05:07.417670,2026-05-16 19:05:07.417670
3e1774c0,c2f4780c,5,Review,,2026-05-16 19:05:07.417680,2026-05-16 19:05:07.417680
f7d73f72,19aa82cd,1,Review,Fast delivery.,2026-05-16 19:05:07.417696,2026-05-16 19:05:07.417696
d551672c,9bf27b07,3,Review,,2026-05-16 19:05:07.417706,2026-05-16 19:05:07.417706
a4f79ae0,ec3eb823,5,Review,,2026-05-16 19:05:07.417717,2026-05-16 19:05:07.417717
fbf6fec2,6ca6a65b,4,Review,,2026-05-16 19:05:07.417727,2026-05-16 19:05:07.417727
3c0231d1,1eb59cf8,3,Review,,2026-05-16 19:05:07.417737,2026-05-16 19:05:07.417738
3c5d6930,d2d9d533,1,Review,Bad quality.,2026-05-16 19:05:07.417753,2026-05-16 19:05:07.417753
8ea2742a,495173bb,4,Review,,2026-05-16 19:05:07.417765,2026-05-16 19:05:07.417765
a75f927a,85b9d7ef,5,Review,,2026-05-16 19:05:07.417776,2026-05-16 19:05:07.417776
0cdb0720,9c0b5639,4,Review,,2026-05-16 19:05:07.417786,2026-05-16 19:05:07.417787
69ea8283,f9de507c,5,Review,,2026-05-16 19:05:07.417797,2026-05-16 19:05:07.417797
516dc067,d54a69bb,5,Review,,2026-05-16 19:05:07.417808,2026-05-16 19:05:07.417808
451e67cb,e907e9ce,5,Review,,2026-05-16 19:05:07.417818,2026-05-16 19:05:07.417818
9cec686a,5538549b,4,Review,,2026-05-16 19:05:07.417828,2026-05-16 19:05:07.417829
675077ff,40ab9fdc,5,Review,,2026-05-16 19:05:07.417839,2026-05-16 19:05:07.417839
b267a42d,3ceeea7d,1,Review,Bad quality.,2026-05-16 19:05:07.417854,2026-05-16 19:05:07.417855
971fe357,9d973c83,5,Review,Excellent service.,2026-05-16 19:05:07.417870,2026-05-16 19:05:07.417870
74b944cc,e9eef99d,5,Review,,2026-05-16 19:05:07.417881,2026-05-16 19:05:07.417881
1a5ac87c,0337fe4c,5,Review,,2026-05-16 19:05:07.417891,2026-05-16 19:05:07.417892
6c67af69,b04573f9,4,Review,,2026-05-16 19:05:07.417902,2026-05-16 19:05:07.417902
8fa63be6,034b0eb6,5,Review,,2026-05-16 19:05:07.417912,2026-05-16 19:05:07.417912
7b6c18fe,02af44c4,5,Review,,2026-05-16 19:05:07.417922,2026-05-16 19:05:07.417923
20405caa,8865b123,5,Review,Fast delivery.,2026-05-16 19:05:07.417938,2026-05-16 19:05:07.417938
df1e79b5,ef6ce3a2,5,Review,,2026-05-16 19:05:07.417949,2026-05-16 19:05:07.417949
0bf84815,6973de41,3,Review,,2026-05-16 19:05:07.417959,2026-05-16 19:05:07.417960
c8e2a8cd,3942d911,1,Review,Bad quality.,2026-05-16 19:05:07.417975,2026-05-16 19:05:07.417975
228984d3,a858ab49,5,Review,,2026-05-16 19:05:07.417986,2026-05-16 19:05:07.417986
08de6ec2,dcd7b846,5,Review,Never arrived.,2026-05-16 19:05:07.418001,2026-05-16 19:05:07.418002
b65c0e94,bd0c4221,5,Review,Bad quality.,2026-05-16 19:05:07.418017,2026-05-16 19:05:07.418017
857d5da0,93f104e4,1,Review,Very satisfied.,2026-05-16 19:05:07.418033,2026-05-16 19:05:07.418033
39f208af,6fe4f507,5,Review,,2026-05-16 19:05:07.418045,2026-05-16 19:05:07.418045
b3ef89f7,d646fa54,5,Review,,2026-05-16 19:05:07.418056,2026-05-16 19:05:07.418056
57ee5ab6,dba63ec0,5,Review,,2026-05-16 19:05:07.418066,2026-05-16 19:05:07.418067
83859568,734125c1,5,Review,Bad quality.,2026-05-16 19:05:07.418082,2026-05-16 19:05:07.418082
fee1044b,86bee48b,4,Review,Arrived late.,2026-05-16 19:05:07.418099,2026-05-16 19:05:07.418099
6e004d3c,79e2de07,5,Review,,2026-05-16 19:05:07.418109,2026-05-16 19:05:07.418110
70e7f0cb,4cfc7789,4,Review,Arrived late.,2026-05-16 19:05:07.418125,2026-05-16 19:05:07.418125
d952fad2,38075849,4,Review,,2026-05-16 19:05:07.418136,2026-05-16 19:05:07.418136
77fdd1ff,f8efd8a4,5,Review,,2026-05-16 19:05:07.418147,2026-05-16 19:05:07.418147
e923d55c,573d8458,4,Review,Very satisfied.,2026-05-16 19:05:07.418163,2026-05-16 19:05:07.418163
7f976dcc,1f5df65e,4,Review,,2026-05-16 19:05:07.418173,2026-05-16 19:05:07.418174
7b5e6d3c,82069409,5,Review,,2026-05-16 19:05:07.418184,2026-05-16 19:05:07.418184
c43bb411,7bd563b9,5,Review,,2026-05-16 19:05:07.418194,2026-05-16 19:05:07.418195
5ad12e75,fdee1729,5,Review,,2026-05-16 19:05:07.418205,2026-05-16 19:05:07.418205
e10812b0,cc0e08d0,5,Review,,2026-05-16 19:05:07.418215,2026-05-16 19:05:07.418216
a8cff270,55c04fe2,1,Review,Okay product.,2026-05-16 19:05:07.418231,2026-05-16 19:05:07.418231
9e1e603a,232fd353,5,Review,Bad quality.,2026-05-16 19:05:07.418247,2026-05-16 19:05:07.418247
eee8880c,da5cd83b,5,Review,,2026-05-16 19:05:07.418258,2026-05-16 19:05:07.418258
6f66ced7,7c260810,5,Review,,2026-05-16 19:05:07.418268,2026-05-16 19:05:07.418269
2b49f7fb,71fbcae1,4,Review,,2026-05-16 19:05:07.418279,2026-05-16 19:05:07.418279
7938ec57,3a8528d8,5,Review,,2026-05-16 19:05:07.418290,2026-05-16 19:05:07.418290
f83e020b,bdbc7aea,5,Review,Arrived late.,2026-05-16 19:05:07.418305,2026-05-16 19:05:07.418306
54e19f37,1a394531,5,Review,Never arrived.,2026-05-16 19:05:07.418322,2026-05-16 19:05:07.418322
56511800,c710adec,1,Review,Arrived late.,2026-05-16 19:05:07.418339,2026-05-16 19:05:07.418339
dba3d778,57098b5d,1,Review,Okay product.,2026-05-16 19:05:07.418355,2026-05-16 19:05:07.418355
24c0765e,d55b9938,2,Review,Recommend.,2026-05-16 19:05:07.418370,2026-05-16 19:05:07.418371
841cd9ed,04a9a7b0,5,Review,,2026-05-16 19:05:07.418381,2026-05-16 19:05:07.418381
9e50dc1b,bad5fbb2,4,Review,,2026-05-16 19:05:07.418392,2026-05-16 19:05:07.418392
46c2fb0b,7ffd0a48,5,Review,,2026-05-16 19:05:07.418402,2026-05-16 19:05:07.418402
7b8399bf,c38203a7,1,Review,Arrived late.,2026-05-16 19:05:07.418417,2026-05-16 19:05:07.418418
75a48b6d,705146c0,5,Review,,2026-05-16 19:05:07.418428,2026-05-16 19:05:07.418428
944356b5,92a2b6ba,5,Review,,2026-05-16 19:05:07.418439,2026-05-16 19:05:07.418439
5197a567,2eb5be63,5,Review,,2026-05-16 19:05:07.418449,2026-05-16 19:05:07.418449
68673d80,37ed7857,5,Review,Never arrived.,2026-05-16 19:05:07.418465,2026-05-16 19:05:07.418465
757f5d24,57b7694e,5,Review,,2026-05-16 19:05:07.418475,2026-05-16 19:05:07.418475
9c905856,d51cbffb,5,Review,,2026-05-16 19:05:07.418485,2026-05-16 19:05:07.418486
9fce114c,1d5bdb53,1,Review,Never arrived.,2026-05-16 19:05:07.418501,2026-05-16 19:05:07.418501
b428a8f1,1c326cac,1,Review,Recommend.,2026-05-16 19:05:07.418516,2026-05-16 19:05:07.418516
50742ff4,de838486,5,Review,,2026-05-16 19:05:07.418527,2026-05-16 19:05:07.418527
dcce1290,00065c0b,5,Review,Product damaged.,2026-05-16 19:05:07.418542,2026-05-16 19:05:07.418543
7a67374c,cadbb747,5,Review,,2026-05-16 19:05:07.418553,2026-05-16 19:05:07.418553
d7f714de,0b293f04,4,Review,Excellent service.,2026-05-16 19:05:07.418568,2026-05-16 19:05:07.418569
f2e06c60,6e237eaa,5,Review,,2026-05-16 19:05:07.418579,2026-05-16 19:05:07.418579
f1112a90,e06c98ba,1,Review,Fast delivery.,2026-05-16 19:05:07.418594,2026-05-16 19:05:07.418594
ac5480f7,60a728b1,5,Review,,2026-05-16 19:05:07.418605,2026-05-16 19:05:07.418605
26328bef,08f335d9,3,Review,,2026-05-16 19:05:07.418615,2026-05-16 19:05:07.418615
11b03baa,439d076d,5,Review,,2026-05-16 19:05:07.418626,2026-05-16 19:05:07.418626
11712a5c,08330330,5,Review,,2026-05-16 19:05:07.418636,2026-05-16 19:05:07.418636
2e41fd91,81d9abad,5,Review,,2026-05-16 19:05:07.418646,2026-05-16 19:05:07.418646
2a458f93,ee07330c,5,Review,,2026-05-16 19:05:07.418656,2026-05-16 19:05:07.418657
a4d4cdb7,3ff1f893,5,Review,,2026-05-16 19:05:07.418667,2026-05-16 19:05:07.418667
9e5cd0e4,32cfcfe7,5,Review,,2026-05-16 19:05:07.418677,2026-05-16 19:05:07.418678
d74375e6,24a164ff,5,Review,,2026-05-16 19:05:07.418688,2026-05-16 19:05:07.418688
a19486e6,57c55633,5,Review,,2026-05-16 19:05:07.418698,2026-05-16 19:05:07.418698
66f022e1,e35069de,5,Review,,2026-05-16 19:05:07.418708,2026-05-16 19:05:07.418708
c21940bd,bad27449,4,Review,,2026-05-16 19:05:07.418720,2026-05-16 19:05:07.418720
0cc22a0a,7c8cd364,3,Review,,2026-05-16 19:05:07.418730,2026-05-16 19:05:07.418731
bcbf95f7,909e7dc5,4,Review,,2026-05-16 19:05:07.418741,2026-05-16 19:05:07.418741
8a28d60b,3207db32,4,Review,Recommend.,2026-05-16 19:05:07.418757,2026-05-16 19:05:07.418757
e6637ded,ff508833,4,Review,,2026-05-16 19:05:07.418767,2026-05-16 19:05:07.418767
30ba8b26,3f6dbbae,4,Review,,2026-05-16 19:05:07.418778,2026-05-16 19:05:07.418778
346ba80b,45d1a94e,4,Review,Product damaged.,2026-05-16 19:05:07.418794,2026-05-16 19:05:07.418794
39918976,be0bc69a,4,Review,,2026-05-16 19:05:07.418804,2026-05-16 19:05:07.418805
e9c3d9be,9d766b2f,1,Review,Never arrived.,2026-05-16 19:05:07.418820,2026-05-16 19:05:07.418820
2d46d953,5c2bc2bb,4,Review,Bad quality.,2026-05-16 19:05:07.418835,2026-05-16 19:05:07.418836
30ad1e64,bfa9a623,1,Review,Excellent service.,2026-05-16 19:05:07.418851,2026-05-16 19:05:07.418851
d50b6880,401ae962,5,Review,,2026-05-16 19:05:07.418861,2026-05-16 19:05:07.418862
2a19e23f,239b1541,5,Review,,2026-05-16 19:05:07.418872,2026-05-16 19:05:07.418872
fad7d9f2,20294b36,5,Review,,2026-05-16 19:05:07.418882,2026-05-16 19:05:07.418883
64b77750,f548412a,3,Review,,2026-05-16 19:05:07.418893,2026-05-16 19:05:07.418893
8d9b9570,9fa51e1c,2,Review,Great product!,2026-05-16 19:05:07.418908,2026-05-16 19:05:07.418909
254c0605,0390ac75,5,Review,,2026-05-16 19:05:07.418919,2026-05-16 19:05:07.418919
2558adeb,1d369a86,5,Review,,2026-05-16 19:05:07.418929,2026-05-16 19:05:07.418929
530e6810,a9ecbc25,2,Review,Great product!,2026-05-16 19:05:07.418945,2026-05-16 19:05:07.418945
eeed25c7,d67509ea,5,Review,Recommend.,2026-05-16 19:05:07.418960,2026-05-16 19:05:07.418961
6ad0bfab,5b2deaf6,4,Review,,2026-05-16 19:05:07.418971,2026-05-16 19:05:07.418971
f81a1dd4,ec3d8950,4,Review,Very satisfied.,2026-05-16 19:05:07.418987,2026-05-16 19:05:07.418987
f935874b,6d2e4285,5,Review,,2026-05-16 19:05:07.418997,2026-05-16 19:05:07.418997
51a5b275,5d24c382,5,Review,,2026-05-16 19:05:07.419007,2026-05-16 19:05:07.419008
85b3b807,016bd00b,5,Review,,2026-05-16 19:05:07.419018,2026-05-16 19:05:07.419018
5e5042e8,572e60f0,5,Review,,2026-05-16 19:05:07.419028,2026-05-16 19:05:07.419028
fb230f53,27ec67cb,5,Review,,2026-05-16 19:05:07.419038,2026-05-16 19:05:07.419039
59ca6abb,3cb39785,5,Review,,2026-05-16 19:05:07.419049,2026-05-16 19:05:07.419049
2b6eba7f,e366d813,5,Review,,2026-05-16 19:05:07.419059,2026-05-16 19:05:07.419059
58e6b06a,1f407292,4,Review,,2026-05-16 19:05:07.419069,2026-05-16 19:05:07.419070
ac998aaa,92d84ade,5,Review,,2026-05-16 19:05:07.419080,2026-05-16 19:05:07.419080
bf80410d,6bb9579e,2,Review,Arrived late.,2026-05-16 19:05:07.419095,2026-05-16 19:05:07.419095
52b4c671,8dec98d5,5,Review,,2026-05-16 19:05:07.419107,2026-05-16 19:05:07.419107
44421701,b50b6243,5,Review,,2026-05-16 19:05:07.419118,2026-05-16 19:05:07.419118
5b6fc9bc,92320c8a,5,Review,,2026-05-16 19:05:07.419129,2026-05-16 19:05:07.419129
6ce8c27b,0ddb82f6,5,Review,,2026-05-16 19:05:07.419139,2026-05-16 19:05:07.419140
72baff4b,4ff57138,5,Review,,2026-05-16 19:05:07.419150,2026-05-16 19:05:07.419150
1590b648,ba335c96,1,Review,Great product!,2026-05-16 19:05:07.419166,2026-05-16 19:05:07.419166
6d3b509d,fc624c3c,5,Review,,2026-05-16 19:05:07.419176,2026-05-16 19:05:07.419177
7d15bca4,dddb28ab,5,Review,,2026-05-16 19:05:07.419187,2026-05-16 19:05:07.419187
f76b15af,ffb25810,5,Review,,2026-05-16 19:05:07.419197,2026-05-16 19:05:07.419197
6de44164,7de2893f,5,Review,,2026-05-16 19:05:07.419207,2026-05-16 19:05:07.419208
04079868,8a1ebdd0,5,Review,,2026-05-16 19:05:07.419218,2026-05-16 19:05:07.419218
30095ba2,cf37628f,5,Review,Excellent service.,2026-05-16 19:05:07.419233,2026-05-16 19:05:07.419234
835ae164,66d98cc7,5,Review,,2026-05-16 19:05:07.419244,2026-05-16 19:05:07.419245
d5b45781,d79a1d06,4,Review,,2026-05-16 19:05:07.419255,2026-05-16 19:05:07.419255
5b9e5867,5efae50f,3,Review,Never arrived.,2026-05-16 19:05:07.419271,2026-05-16 19:05:07.419271
c836404e,3ed384c9,5,Review,,2026-05-16 19:05:07.419281,2026-05-16 19:05:07.419281
f9c06c2f,d8b198f2,5,Review,,2026-05-16 19:05:07.419292,2026-05-16 19:05:07.419292
ef9b671f,cc994cda,1,Review,Okay product.,2026-05-16 19:05:07.419307,2026-05-16 19:05:07.419307
981e07a1,1b32c2dd,5,Review,,2026-05-16 19:05:07.419319,2026-05-16 19:05:07.419319
ddef4903,032b88b1,5,Review,,2026-05-16 19:05:07.419330,2026-05-16 19:05:07.419330
2805e748,75b74bed,5,Review,,2026-05-16 19:05:07.419340,2026-05-16 19:05:07.419340
323950f8,8dd24c0d,4,Review,Bad quality.,2026-05-16 19:05:07.419356,2026-05-16 19:05:07.419356
a2836f37,201bb0cb,2,Review,Excellent service.,2026-05-16 19:05:07.419372,2026-05-16 19:05:07.419373
c43a8d50,49a3c6fe,4,Review,,2026-05-16 19:05:07.419387,2026-05-16 19:05:07.419387
0d9343c0,74b140b3,1,Review,Excellent service.,2026-05-16 19:05:07.419403,2026-05-16 19:05:07.419404
ff94b3c1,5ebd4858,1,Review,Excellent service.,2026-05-16 19:05:07.419422,2026-05-16 19:05:07.419423
c1278c8c,5df7ffd0,5,Review,,2026-05-16 19:05:07.419439,2026-05-16 19:05:07.419439
0ccda3a8,0484386c,5,Review,,2026-05-16 19:05:07.419451,2026-05-16 19:05:07.419451
bbb537c9,2b15aef9,5,Review,,2026-05-16 19:05:07.419463,2026-05-16 19:05:07.419463
909bae6e,34f1787c,1,Review,Bad quality.,2026-05-16 19:05:07.419479,2026-05-16 19:05:07.419479
158b67a8,34d9c1a8,5,Review,,2026-05-16 19:05:07.419490,2026-05-16 19:05:07.419491
c640792f,83d1e2ae,5,Review,,2026-05-16 19:05:07.419502,2026-05-16 19:05:07.419502
c6e09f5e,e19b71c0,5,Review,,2026-05-16 19:05:07.419512,2026-05-16 19:05:07.419513
594bf52b,84905b36,1,Review,Great product!,2026-05-16 19:05:07.419531,2026-05-16 19:05:07.419531
626be079,e811d932,5,Review,,2026-05-16 19:05:07.419546,2026-05-16 19:05:07.419546
6c0f1350,0ad5378f,1,Review,Never arrived.,2026-05-16 19:05:07.419562,2026-05-16 19:05:07.419563
29d9161a,d222b19c,5,Review,Okay product.,2026-05-16 19:05:07.419580,2026-05-16 19:05:07.419580
8c338146,93708740,5,Review,Bad quality.,2026-05-16 19:05:07.419602,2026-05-16 19:05:07.419603
a6e2b0a5,89885429,4,Review,Never arrived.,2026-05-16 19:05:07.419624,2026-05-16 19:05:07.419624
dc5da13c,a4822454,3,Review,,2026-05-16 19:05:07.419635,2026-05-16 19:05:07.419636
9bb5fb60,e4512e28,4,Review,,2026-05-16 19:05:07.419647,2026-05-16 19:05:07.419647
a39d74ed,25e866b6,4,Review,Never arrived.,2026-05-16 19:05:07.419666,2026-05-16 19:05:07.419666
f01285a2,31882cfc,2,Review,Product damaged.,2026-05-16 19:05:07.419688,2026-05-16 19:05:07.419688
853dfad8,ae791f0c,5,Review,,2026-05-16 19:05:07.419704,2026-05-16 19:05:07.419704
04587514,31cf83f2,5,Review,,2026-05-16 19:05:07.419722,2026-05-16 19:05:07.419722
66d046de,3cf30382,5,Review,,2026-05-16 19:05:07.419733,2026-05-16 19:05:07.419733
6bd4b10c,f12b9937,4,Review,,2026-05-16 19:05:07.419744,2026-05-16 19:05:07.419745
b82f8aec,d5d41569,5,Review,,2026-05-16 19:05:07.419755,2026-05-16 19:05:07.419755
a78e047f,43a9c131,4,Review,,2026-05-16 19:05:07.419766,2026-05-16 19:05:07.419766
13169142,966829ab,4,Review,,2026-05-16 19:05:07.419777,2026-05-16 19:05:07.419777
3f389e92,44a0e247,2,Review,Recommend.,2026-05-16 19:05:07.419793,2026-05-16 19:05:07.419793
2d3226dc,43a1e0f8,2,Review,Recommend.,2026-05-16 19:05:07.419809,2026-05-16 19:05:07.419809
26faf08a,71b419a0,5,Review,,2026-05-16 19:05:07.419819,2026-05-16 19:05:07.419820
5972a723,957e6f71,5,Review,,2026-05-16 19:05:07.419830,2026-05-16 19:05:07.419830
27afa9b5,13ea4251,3,Review,Fast delivery.,2026-05-16 19:05:07.419846,2026-05-16 19:05:07.419846
97bccc7d,105454ca,4,Review,,2026-05-16 19:05:07.419856,2026-05-16 19:05:07.419857
39f77ec4,019d088e,5,Review,Recommend.,2026-05-16 19:05:07.419872,2026-05-16 19:05:07.419873
690ad5b1,83870b6a,5,Review,,2026-05-16 19:05:07.419883,2026-05-16 19:05:07.419883
c542c7ae,b2af94e4,5,Review,,2026-05-16 19:05:07.419893,2026-05-16 19:05:07.419894
033381a7,a572426d,3,Review,,2026-05-16 19:05:07.419904,2026-05-16 19:05:07.419904
26a580ab,94a1a8ac,3,Review,Okay product.,2026-05-16 19:05:07.419919,2026-05-16 19:05:07.419920
a2705835,ae7e51b2,5,Review,,2026-05-16 19:05:07.419930,2026-05-16 19:05:07.419930
18a0985a,34de9027,5,Review,,2026-05-16 19:05:07.419940,2026-05-16 19:05:07.419941
51d90765,a3289bb7,5,Review,,2026-05-16 19:05:07.419951,2026-05-16 19:05:07.419951
85ecd07c,5847cba2,5,Review,,2026-05-16 19:05:07.419962,2026-05-16 19:05:07.419962
46e1995a,ef7fb5c0,2,Review,Arrived late.,2026-05-16 19:05:07.419977,2026-05-16 19:05:07.419977
79fa177b,d74e4f2d,1,Review,Never arrived.,2026-05-16 19:05:07.419993,2026-05-16 19:05:07.419993
70b5e5d5,09b05254,5,Review,Arrived late.,2026-05-16 19:05:07.420009,2026-05-16 19:05:07.420009
782fb6d5,ad9d289e,3,Review,Bad quality.,2026-05-16 19:05:07.420025,2026-05-16 19:05:07.420025
abe0e8c6,aa37aa8f,4,Review,,2026-05-16 19:05:07.420035,2026-05-16 19:05:07.420036
4dc9e474,2ee12473,2,Review,Bad quality.,2026-05-16 19:05:07.420052,2026-05-16 19:05:07.420053
3a0ee786,ef867ae3,1,Review,Product damaged.,2026-05-16 19:05:07.420068,2026-05-16 19:05:07.420068
85326523,d4f594b9,4,Review,,2026-05-16 19:05:07.420078,2026-05-16 19:05:07.420078
1732ceeb,689ab00e,5,Review,,2026-05-16 19:05:07.420089,2026-05-16 19:05:07.420089
53431a8a,f11db412,5,Review,,2026-05-16 19:05:07.420099,2026-05-16 19:05:07.420099
020abf62,a3e0ed93,5,Review,Excellent service.,2026-05-16 19:05:07.420115,2026-05-16 19:05:07.420115
8ea5795d,ef526989,5,Review,,2026-05-16 19:05:07.420125,2026-05-16 19:05:07.420126
106d63d2,7a410c93,5,Review,,2026-05-16 19:05:07.420136,2026-05-16 19:05:07.420137
d070fa74,da6ec207,4,Review,Product damaged.,2026-05-16 19:05:07.420152,2026-05-16 19:05:07.420153
ba733923,a72ce58d,3,Review,Fast delivery.,2026-05-16 19:05:07.420168,2026-05-16 19:05:07.420168
f56d9498,7999361b,5,Review,,2026-05-16 19:05:07.420178,2026-05-16 19:05:07.420179
e1008476,f31a401c,4,Review,,2026-05-16 19:05:07.420189,2026-05-16 19:05:07.420189
5c460413,4cd7332d,5,Review,,2026-05-16 19:05:07.420199,2026-05-16 19:05:07.420200
2f5b17db,fc758679,1,Review,Product damaged.,2026-05-16 19:05:07.420221,2026-05-16 19:05:07.420221
6a908c60,ad62a587,3,Review,,2026-05-16 19:05:07.420235,2026-05-16 19:05:07.420236
2857144a,e12906be,4,Review,Arrived late.,2026-05-16 19:05:07.420252,2026-05-16 19:05:07.420252
88362278,5ece79b6,5,Review,,2026-05-16 19:05:07.420262,2026-05-16 19:05:07.420263
3fd904b0,ba0649a7,1,Review,Fast delivery.,2026-05-16 19:05:07.420278,2026-05-16 19:05:07.420278
f1d13640,99369cb4,4,Review,Fast delivery.,2026-05-16 19:05:07.420293,2026-05-16 19:05:07.420293
6b5db493,a6a467f9,3,Review,,2026-05-16 19:05:07.420307,2026-05-16 19:05:07.420307
4c3fe457,6f79d6af,3,Review,,2026-05-16 19:05:07.420322,2026-05-16 19:05:07.420322
a4e68056,ede8942d,4,Review,,2026-05-16 19:05:07.420336,2026-05-16 19:05:07.420337
f77c895e,45d754ee,5,Review,,2026-05-16 19:05:07.420350,2026-05-16 19:05:07.420350
0adbd714,12c3a496,5,Review,,2026-05-16 19:05:07.420364,2026-05-16 19:05:07.420365
e572917e,1d4e976f,5,Review,,2026-05-16 19:05:07.420378,2026-05-16 19:05:07.420379
fab15b43,4b7c1596,5,Review,,2026-05-16 19:05:07.420390,2026-05-16 19:05:07.420390
c2582755,d509d185,5,Review,,2026-05-16 19:05:07.420400,2026-05-16 19:05:07.420401
57662eff,1b915b7a,4,Review,,2026-05-16 19:05:07.420411,2026-05-16 19:05:07.420411
a4e71a90,867a24e8,1,Review,Very satisfied.,2026-05-16 19:05:07.420427,2026-05-16 19:05:07.420427
2c29db0a,abe575f7,3,Review,,2026-05-16 19:05:07.420437,2026-05-16 19:05:07.420438
9597a308,14674c4b,4,Review,,2026-05-16 19:05:07.420449,2026-05-16 19:05:07.420449
73b37701,fa8ecdc6,1,Review,Product damaged.,2026-05-16 19:05:07.420465,2026-05-16 19:05:07.420465
f083fb36,77bc338d,4,Review,,2026-05-16 19:05:07.420475,2026-05-16 19:05:07.420476
02fd0463,83559002,1,Review,Bad quality.,2026-05-16 19:05:07.420491,2026-05-16 19:05:07.420491
2c913abb,df48a4ca,5,Review,,2026-05-16 19:05:07.420501,2026-05-16 19:05:07.420502
691ffb78,732c4321,5,Review,,2026-05-16 19:05:07.420512,2026-05-16 19:05:07.420512
74b0d878,d288fe4b,5,Review,,2026-05-16 19:05:07.420522,2026-05-16 19:05:07.420523
717a0c4e,f52f7f54,5,Review,,2026-05-16 19:05:07.420533,2026-05-16 19:05:07.420533
b29eecc6,fe879db8,5,Review,Excellent service.,2026-05-16 19:05:07.420548,2026-05-16 19:05:07.420549
42eb4ca0,9fe349fb,5,Review,,2026-05-16 19:05:07.420559,2026-05-16 19:05:07.420559
17d9805a,dbca1244,2,Review,Never arrived.,2026-05-16 19:05:07.420574,2026-05-16 19:05:07.420574
ca8f64ac,dd740f3b,1,Review,Fast delivery.,2026-05-16 19:05:07.420589,2026-05-16 19:05:07.420590
dec00754,cbf4b303,5,Review,,2026-05-16 19:05:07.420600,2026-05-16 19:05:07.420600
cf72db15,3bd3fc60,5,Review,,2026-05-16 19:05:07.420610,2026-05-16 19:05:07.420611
47c9267e,17beb07b,4,Review,,2026-05-16 19:05:07.420621,2026-05-16 19:05:07.420621
d9b26c58,93a42b9e,5,Review,,2026-05-16 19:05:07.420631,2026-05-16 19:05:07.420631
2a556c3f,a10790bd,5,Review,,2026-05-16 19:05:07.420641,2026-05-16 19:05:07.420641
d50e3c87,a22f8ded,5,Review,Fast delivery.,2026-05-16 19:05:07.420657,2026-05-16 19:05:07.420657
0448ef8c,340e5615,3,Review,,2026-05-16 19:05:07.420668,2026-05-16 19:05:07.420668
2c4c9db1,f25298ff,5,Review,Product damaged.,2026-05-16 19:05:07.420683,2026-05-16 19:05:07.420684
dd90ed9d,f27018d9,5,Review,,2026-05-16 19:05:07.420694,2026-05-16 19:05:07.420694
abedbed5,a2400562,4,Review,Never arrived.,2026-05-16 19:05:07.420709,2026-05-16 19:05:07.420710
016c4d63,ba5593fa,2,Review,Arrived late.,2026-05-16 19:05:07.420725,2026-05-16 19:05:07.420725
eac9cfa2,64d5d1cb,5,Review,,2026-05-16 19:05:07.420735,2026-05-16 19:05:07.420736
621159da,e07f535d,4,Review,,2026-05-16 19:05:07.420746,2026-05-16 19:05:07.420746
5fd45aef,8847f713,4,Review,Very satisfied.,2026-05-16 19:05:07.420761,2026-05-16 19:05:07.420761
1f12a0ba,af913ece,5,Review,,2026-05-16 19:05:07.420773,2026-05-16 19:05:07.420774
0d8eb8a5,67da3335,5,Review,,2026-05-16 19:05:07.420784,2026-05-16 19:05:07.420784
a8c1c732,3bbf6bcc,5,Review,,2026-05-16 19:05:07.420794,2026-05-16 19:05:07.420795
79d18b1c,8b931e9a,5,Review,,2026-05-16 19:05:07.420805,2026-05-16 19:05:07.420805
cbeead4b,d73127c6,4,Review,,2026-05-16 19:05:07.420815,2026-05-16 19:05:07.420815
8ab6f049,b2533a7a,5,Review,Arrived late.,2026-05-16 19:05:07.420831,2026-05-16 19:05:07.420831
8db1335b,bd83f570,5,Review,,2026-05-16 19:05:07.420842,2026-05-16 19:05:07.420842
3e197981,e5edc440,5,Review,Recommend.,2026-05-16 19:05:07.420857,2026-05-16 19:05:07.420858
b2737957,8f980b8f,5,Review,,2026-05-16 19:05:07.420868,2026-05-16 19:05:07.420868
270a6a8a,f0b7e006,4,Review,,2026-05-16 19:05:07.420878,2026-05-16 19:05:07.420878
6874ccaf,57f48360,3,Review,,2026-05-16 19:05:07.420888,2026-05-16 19:05:07.420889
edbfa85e,80ade360,4,Review,,2026-05-16 19:05:07.420899,2026-05-16 19:05:07.420899
58bdf2f6,0abe8201,1,Review,Never arrived.,2026-05-16 19:05:07.420914,2026-05-16 19:05:07.420914
21fcca67,8040a89c,3,Review,,2026-05-16 19:05:07.420925,2026-05-16 19:05:07.420925
db70b582,01644ff9,4,Review,,2026-05-16 19:05:07.420935,2026-05-16 19:05:07.420936
2d7875e9,b316889a,5,Review,,2026-05-16 19:05:07.420946,2026-05-16 19:05:07.420946
0900a32f,15cd9616,2,Review,Product damaged.,2026-05-16 19:05:07.420961,2026-05-16 19:05:07.420961
248ae01c,ed0655b0,5,Review,Arrived late.,2026-05-16 19:05:07.420977,2026-05-16 19:05:07.420977
73fa345c,a84622d2,5,Review,Never arrived.,2026-05-16 19:05:07.420992,2026-05-16 19:05:07.420993
cb876072,d7fbc5ae,4,Review,,2026-05-16 19:05:07.421003,2026-05-16 19:05:07.421003
a0366d84,50771bf1,5,Review,Excellent service.,2026-05-16 19:05:07.421019,2026-05-16 19:05:07.421019
89167870,123af8c5,5,Review,,2026-05-16 19:05:07.421029,2026-05-16 19:05:07.421030
fedb5b49,7e4fb79f,5,Review,Recommend.,2026-05-16 19:05:07.421045,2026-05-16 19:05:07.421045
29f73625,21a07303,5,Review,,2026-05-16 19:05:07.421055,2026-05-16 19:05:07.421056
c892fdec,40f7a609,5,Review,,2026-05-16 19:05:07.421066,2026-05-16 19:05:07.421066
5cb4d973,11fce3c7,4,Review,,2026-05-16 19:05:07.421076,2026-05-16 19:05:07.421076
21f2760a,355c7066,5,Review,Okay product.,2026-05-16 19:05:07.421092,2026-05-16 19:05:07.421092
d2c43db5,60023dff,5,Review,,2026-05-16 19:05:07.421102,2026-05-16 19:05:07.421103
3e015c32,1fc4fbf5,3,Review,,2026-05-16 19:05:07.421113,2026-05-16 19:05:07.421113
58bf1601,8c620368,2,Review,Fast delivery.,2026-05-16 19:05:07.421128,2026-05-16 19:05:07.421128
0ceabe8a,b78941ab,5,Review,,2026-05-16 19:05:07.421140,2026-05-16 19:05:07.421141
2e6d227e,f7bf9dfd,1,Review,Very satisfied.,2026-05-16 19:05:07.421156,2026-05-16 19:05:07.421157
f53858d7,1ef502a1,2,Review,Okay product.,2026-05-16 19:05:07.421172,2026-05-16 19:05:07.421172
74077b9d,4ed41c8d,5,Review,,2026-05-16 19:05:07.421183,2026-05-16 19:05:07.421183
621c2fa6,d9a954e8,5,Review,,2026-05-16 19:05:07.421194,2026-05-16 19:05:07.421194
abc170f8,ab3075c0,5,Review,,2026-05-16 19:05:07.421204,2026-05-16 19:05:07.421205
d0af5c7f,c611fbdc,4,Review,,2026-05-16 19:05:07.421215,2026-05-16 19:05:07.421215
abb2cef3,4d156c4e,4,Review,Excellent service.,2026-05-16 19:05:07.421231,2026-05-16 19:05:07.421231
5e1adb38,e7b69afc,3,Review,,2026-05-16 19:05:07.421241,2026-05-16 19:05:07.421242
6cb23086,c57aa784,4,Review,,2026-05-16 19:05:07.421252,2026-05-16 19:05:07.421252
9fd2128c,867b8593,4,Review,Recommend.,2026-05-16 19:05:07.421268,2026-05-16 19:05:07.421268
99fa88e3,4e5c4ee5,5,Review,Never arrived.,2026-05-16 19:05:07.421284,2026-05-16 19:05:07.421284
a2f20a4f,eaeb3298,5,Review,,2026-05-16 19:05:07.421295,2026-05-16 19:05:07.421295
a4b63e60,ad8d3050,4,Review,Excellent service.,2026-05-16 19:05:07.421310,2026-05-16 19:05:07.421311
a9bd1c0d,70c1683c,1,Review,Excellent service.,2026-05-16 19:05:07.421326,2026-05-16 19:05:07.421326
be22fcdd,21a1801b,5,Review,,2026-05-16 19:05:07.421336,2026-05-16 19:05:07.421337
94da3dd9,e6a14dcd,5,Review,,2026-05-16 19:05:07.421347,2026-05-16 19:05:07.421347
7a035237,2ac92fa2,5,Review,,2026-05-16 19:05:07.421358,2026-05-16 19:05:07.421358
020f55d9,5490d92d,2,Review,Okay product.,2026-05-16 19:05:07.421373,2026-05-16 19:05:07.421373
6217fb3d,b428f1ca,3,Review,,2026-05-16 19:05:07.421383,2026-05-16 19:05:07.421384
531a168e,789917a0,5,Review,,2026-05-16 19:05:07.421394,2026-05-16 19:05:07.421394
27ee9725,7bb75ee3,5,Review,Okay product.,2026-05-16 19:05:07.421410,2026-05-16 19:05:07.421410
eee5716d,96f900ee,5,Review,,2026-05-16 19:05:07.421421,2026-05-16 19:05:07.421421
f3b77bba,63d23ebc,1,Review,Okay product.,2026-05-16 19:05:07.421436,2026-05-16 19:05:07.421436
476e2a42,cf5d450b,1,Review,Fast delivery.,2026-05-16 19:05:07.421451,2026-05-16 19:05:07.421452
568df7d9,ecc489f7,5,Review,,2026-05-16 19:05:07.421462,2026-05-16 19:05:07.421462
daf25254,12f377ce,5,Review,Excellent service.,2026-05-16 19:05:07.421478,2026-05-16 19:05:07.421478
770fbfe2,5fc198bc,5,Review,,2026-05-16 19:05:07.421489,2026-05-16 19:05:07.421489
9a32b6db,9b8c5bed,5,Review,,2026-05-16 19:05:07.421501,2026-05-16 19:05:07.421501
e2ac5b1e,78560e69,5,Review,Okay product.,2026-05-16 19:05:07.421517,2026-05-16 19:05:07.421517
c0cf1273,cdfab18b,5,Review,,2026-05-16 19:05:07.421528,2026-05-16 19:05:07.421528
c3aa8b90,808598f4,3,Review,,2026-05-16 19:05:07.421538,2026-05-16 19:05:07.421538
c365bd8c,4ee39ab0,5,Review,,2026-05-16 19:05:07.421548,2026-05-16 19:05:07.421549
cea261cc,3735430a,3,Review,,2026-05-16 19:05:07.421559,2026-05-16 19:05:07.421559
8ba94942,ccec645b,5,Review,,2026-05-16 19:05:07.421570,2026-05-16 19:05:07.421570
c5f6afb4,83e9ea29,1,Review,Excellent service.,2026-05-16 19:05:07.421585,2026-05-16 19:05:07.421586
24c94c94,c00e6ffc,5,Review,Excellent service.,2026-05-16 19:05:07.421601,2026-05-16 19:05:07.421601
e8e596be,2351e90e,3,Review,,2026-05-16 19:05:07.421611,2026-05-16 19:05:07.421612
968d04a5,3a863a2a,5,Review,,2026-05-16 19:05:07.421622,2026-05-16 19:05:07.421622
a55efd21,905a4770,5,Review,,2026-05-16 19:05:07.421632,2026-05-16 19:05:07.421633
604eefc1,a55117a0,4,Review,,2026-05-16 19:05:07.421643,2026-05-16 19:05:07.421643
cb7e7457,dc25d714,4,Review,,2026-05-16 19:05:07.421653,2026-05-16 19:05:07.421653
6b1d62e7,add5ecac,4,Review,,2026-05-16 19:05:07.421663,2026-05-16 19:05:07.421664
58288596,806a3e85,5,Review,,2026-05-16 19:05:07.421674,2026-05-16 19:05:07.421674
a17d46dc,49c130da,5,Review,,2026-05-16 19:05:07.421684,2026-05-16 19:05:07.421685
77680c82,9bd11ab2,5,Review,,2026-05-16 19:05:07.421695,2026-05-16 19:05:07.421695
eb881575,525b97a0,5,Review,,2026-05-16 19:05:07.421705,2026-05-16 19:05:07.421705
031db4c0,c26140cb,4,Review,,2026-05-16 19:05:07.421715,2026-05-16 19:05:07.421716
95621151,3bf190bf,5,Review,,2026-05-16 19:05:07.421726,2026-05-16 19:05:07.421726
3abb7375,c670114f,4,Review,,2026-05-16 19:05:07.421736,2026-05-16 19:05:07.421736
d5cc6e11,529b32ed,5,Review,,2026-05-16 19:05:07.421746,2026-05-16 19:05:07.421746
52fd6d7d,5dd52fa8,5,Review,,2026-05-16 19:05:07.421756,2026-05-16 19:05:07.421757
2d168b99,0b7924ab,5,Review,,2026-05-16 19:05:07.421767,2026-05-16 19:05:07.421767
75c54f09,84707f0a,3,Review,,2026-05-16 19:05:07.421777,2026-05-16 19:05:07.421778
93fafe14,cb8260d6,5,Review,Okay product.,2026-05-16 19:05:07.421793,2026-05-16 19:05:07.421793
c03ebb0f,ecaf75d1,1,Review,Okay product.,2026-05-16 19:05:07.421809,2026-05-16 19:05:07.421809
0601764e,903fdece,1,Review,Bad quality.,2026-05-16 19:05:07.421824,2026-05-16 19:05:07.421824
37f0636d,34d8aca1,5,Review,,2026-05-16 19:05:07.421836,2026-05-16 19:05:07.421837
e329f907,827e5cf5,4,Review,,2026-05-16 19:05:07.421847,2026-05-16 19:05:07.421847
b4643b94,0a83d2b4,1,Review,Recommend.,2026-05-16 19:05:07.421862,2026-05-16 19:05:07.421863
39148413,945a2245,4,Review,,2026-05-16 19:05:07.421873,2026-05-16 19:05:07.421873
72c5d0ee,86069399,5,Review,Recommend.,2026-05-16 19:05:07.421888,2026-05-16 19:05:07.421889
e4a2e58b,312c846f,5,Review,,2026-05-16 19:05:07.421899,2026-05-16 19:05:07.421899
449713e0,8c6354e6,4,Review,,2026-05-16 19:05:07.421910,2026-05-16 19:05:07.421910
a01760b9,5c4b7010,1,Review,Bad quality.,2026-05-16 19:05:07.421925,2026-05-16 19:05:07.421925
eb911d34,dcc70036,5,Review,,2026-05-16 19:05:07.421936,2026-05-16 19:05:07.421936
930f2897,5c408a80,1,Review,Okay product.,2026-05-16 19:05:07.421951,2026-05-16 19:05:07.421951
c733c650,5e4c98d2,4,Review,Bad quality.,2026-05-16 19:05:07.421967,2026-05-16 19:05:07.421967
36921a68,2681c13f,1,Review,Arrived late.,2026-05-16 19:05:07.421982,2026-05-16 19:05:07.421982
04065961,9f2a0294,1,Review,Fast delivery.,2026-05-16 19:05:07.421998,2026-05-16 19:05:07.421998
eac6c7ef,7bfcd7c3,5,Review,,2026-05-16 19:05:07.422008,2026-05-16 19:05:07.422009
5fc7bb2c,504d69e6,5,Review,,2026-05-16 19:05:07.422019,2026-05-16 19:05:07.422019
c7151704,d6dd98f1,5,Review,,2026-05-16 19:05:07.422029,2026-05-16 19:05:07.422030
bb2c45b7,3539ec90,5,Review,,2026-05-16 19:05:07.422040,2026-05-16 19:05:07.422040
a6e66401,1bdf4061,3,Review,,2026-05-16 19:05:07.422050,2026-05-16 19:05:07.422051
f1a36a02,457a209d,5,Review,,2026-05-16 19:05:07.422061,2026-05-16 19:05:07.422061
97a2f176,02b158cf,1,Review,Product damaged.,2026-05-16 19:05:07.422076,2026-05-16 19:05:07.422077
2cd3db69,b9fcf146,4,Review,,2026-05-16 19:05:07.422087,2026-05-16 19:05:07.422087
a7da1aae,d1ca3544,4,Review,Arrived late.,2026-05-16 19:05:07.422103,2026-05-16 19:05:07.422103
326554a7,be2bb8d6,5,Review,,2026-05-16 19:05:07.422113,2026-05-16 19:05:07.422114
ae19d93a,bc07d247,1,Review,Recommend.,2026-05-16 19:05:07.422129,2026-05-16 19:05:07.422129
9bac5a0b,641c2bee,5,Review,,2026-05-16 19:05:07.422139,2026-05-16 19:05:07.422140
e26f6f02,6941692e,5,Review,,2026-05-16 19:05:07.422150,2026-05-16 19:05:07.422150
4d188e5a,ddc3e445,5,Review,Fast delivery.,2026-05-16 19:05:07.422167,2026-05-16 19:05:07.422167
29393344,4407bbeb,4,Review,Arrived late.,2026-05-16 19:05:07.422182,2026-05-16 19:05:07.422183
58417141,bb2ebafe,5,Review,,2026-05-16 19:05:07.422193,2026-05-16 19:05:07.422193
cc95e36a,ed83a486,5,Review,,2026-05-16 19:05:07.422204,2026-05-16 19:05:07.422204
9f9358a9,bee3605b,5,Review,,2026-05-16 19:05:07.422214,2026-05-16 19:05:07.422215
1b6ef8fc,7f0787f2,5,Review,,2026-05-16 19:05:07.422225,2026-05-16 19:05:07.422225
8d904b3f,0f7614ce,5,Review,,2026-05-16 19:05:07.422235,2026-05-16 19:05:07.422236
3a207033,d1c7fecf,5,Review,,2026-05-16 19:05:07.422246,2026-05-16 19:05:07.422246
3c1fb18a,6b4125e8,5,Review,,2026-05-16 19:05:07.422257,2026-05-16 19:05:07.422257
9857390b,ad44dcc1,2,Review,Arrived late.,2026-05-16 19:05:07.422272,2026-05-16 19:05:07.422272
73f26c49,3688b060,5,Review,Okay product.,2026-05-16 19:05:07.422288,2026-05-16 19:05:07.422288
9e4ad9f6,6818c6ba,4,Review,,2026-05-16 19:05:07.422298,2026-05-16 19:05:07.422299
f4a9c64a,b69c0bed,5,Review,,2026-05-16 19:05:07.422309,2026-05-16 19:05:07.422309
2b23e248,569299b8,5,Review,,2026-05-16 19:05:07.422319,2026-05-16 19:05:07.422319
fe0089c1,febf3109,3,Review,Very satisfied.,2026-05-16 19:05:07.422335,2026-05-16 19:05:07.422335
bbfd3913,e2c53e70,4,Review,,2026-05-16 19:05:07.422346,2026-05-16 19:05:07.422346
5cb8cdb3,53bc2df0,5,Review,,2026-05-16 19:05:07.422356,2026-05-16 19:05:07.422356
3c17af9f,3ad87d96,4,Review,,2026-05-16 19:05:07.422366,2026-05-16 19:05:07.422367
03846458,8c81b44d,5,Review,Arrived late.,2026-05-16 19:05:07.422382,2026-05-16 19:05:07.422382
42ccd737,7236fbaf,5,Review,,2026-05-16 19:05:07.422393,2026-05-16 19:05:07.422393
7880e85e,1047c239,3,Review,,2026-05-16 19:05:07.422403,2026-05-16 19:05:07.422403
6d28ddf3,fa983ac8,5,Review,,2026-05-16 19:05:07.422413,2026-05-16 19:05:07.422414
ca0c28cc,1aca4691,5,Review,Excellent service.,2026-05-16 19:05:07.422429,2026-05-16 19:05:07.422429
c0acacca,62c8f32f,4,Review,,2026-05-16 19:05:07.422440,2026-05-16 19:05:07.422440
8161fbd5,4011186f,5,Review,,2026-05-16 19:05:07.422450,2026-05-16 19:05:07.422450
3bac5073,c6edb64a,4,Review,Excellent service.,2026-05-16 19:05:07.422466,2026-05-16 19:05:07.422466
3276952a,b725dd5f,4,Review,,2026-05-16 19:05:07.422478,2026-05-16 19:05:07.422478
80eed785,3f8c1f8a,2,Review,Very satisfied.,2026-05-16 19:05:07.422493,2026-05-16 19:05:07.422493
fec1838b,71e07684,5,Review,,2026-05-16 19:05:07.422504,2026-05-16 19:05:07.422504
175e4d1f,80fcac2f,5,Review,,2026-05-16 19:05:07.422514,2026-05-16 19:05:07.422514
f93bd39f,3eddc2b8,5,Review,,2026-05-16 19:05:07.422525,2026-05-16 19:05:07.422525
b60a79f9,4f2ff1bb,5,Review,Fast delivery.,2026-05-16 19:05:07.422540,2026-05-16 19:05:07.422541
18ac0eb8,e6e9449e,5,Review,,2026-05-16 19:05:07.422551,2026-05-16 19:05:07.422551
80980a8d,18790f04,4,Review,,2026-05-16 19:05:07.422561,2026-05-16 19:05:07.422562
bdf91cb7,545380f8,4,Review,,2026-05-16 19:05:07.422572,2026-05-16 19:05:07.422572
b76872b1,9be0e33b,3,Review,,2026-05-16 19:05:07.422583,2026-05-16 19:05:07.422583
396c34de,125b8382,5,Review,,2026-05-16 19:05:07.422593,2026-05-16 19:05:07.422593
38732864,68f2846b,5,Review,,2026-05-16 19:05:07.422603,2026-05-16 19:05:07.422604
300c4e17,bd43f5de,5,Review,,2026-05-16 19:05:07.422614,2026-05-16 19:05:07.422614
f22f6cff,ca95bb8f,5,Review,,2026-05-16 19:05:07.422624,2026-05-16 19:05:07.422624
2335170f,96b25f32,3,Review,,2026-05-16 19:05:07.422635,2026-05-16 19:05:07.422635
50171426,b707a83a,5,Review,,2026-05-16 19:05:07.422645,2026-05-16 19:05:07.422646
5f24f972,639ddcfd,5,Review,,2026-05-16 19:05:07.422656,2026-05-16 19:05:07.422656
46396e61,f5e618fe,5,Review,,2026-05-16 19:05:07.422666,2026-05-16 19:05:07.422666
9003b6c1,62d641d5,5,Review,,2026-05-16 19:05:07.422677,2026-05-16 19:05:07.422677
ec90708d,7ed4a114,5,Review,Bad quality.,2026-05-16 19:05:07.422692,2026-05-16 19:05:07.422693
96deec39,b3b621a4,5,Review,,2026-05-16 19:05:07.422703,2026-05-16 19:05:07.422703
1f258dde,f34066ee,5,Review,Okay product.,2026-05-16 19:05:07.422719,2026-05-16 19:05:07.422719
50a67ea0,401cb91f,5,Review,,2026-05-16 19:05:07.422729,2026-05-16 19:05:07.422729
bb3cbbe6,8d29bf16,3,Review,,2026-05-16 19:05:07.422740,2026-05-16 19:05:07.422740
31905f3e,df4d1d76,3,Review,Recommend.,2026-05-16 19:05:07.422755,2026-05-16 19:05:07.422756
b1937cb2,5d53d87e,5,Review,,2026-05-16 19:05:07.422768,2026-05-16 19:05:07.422768
00f65a6a,a465994a,5,Review,,2026-05-16 19:05:07.422780,2026-05-16 19:05:07.422780
6b2bbb83,3435cf53,5,Review,,2026-05-16 19:05:07.422790,2026-05-16 19:05:07.422790
a42bf9c9,e2616457,5,Review,,2026-05-16 19:05:07.422801,2026-05-16 19:05:07.422801
f7e308cf,f092dc32,1,Review,Excellent service.,2026-05-16 19:05:07.422816,2026-05-16 19:05:07.422816
28a6abe7,666a4396,5,Review,,2026-05-16 19:05:07.422827,2026-05-16 19:05:07.422827
8c9bf3a9,7bd9fd45,3,Review,,2026-05-16 19:05:07.422837,2026-05-16 19:05:07.422837
f7f4f270,d53ed1ad,5,Review,,2026-05-16 19:05:07.422848,2026-05-16 19:05:07.422848
a74de838,06fe32df,5,Review,Never arrived.,2026-05-16 19:05:07.422863,2026-05-16 19:05:07.422864
b442bb2c,16658e50,4,Review,,2026-05-16 19:05:07.422874,2026-05-16 19:05:07.422874
115b525f,7a291785,5,Review,,2026-05-16 19:05:07.422884,2026-05-16 19:05:07.422885
6305d2f3,c50230b6,4,Review,Excellent service.,2026-05-16 19:05:07.422900,2026-05-16 19:05:07.422900
789beb0f,a911c133,5,Review,,2026-05-16 19:05:07.422911,2026-05-16 19:05:07.422911
bacd5572,967fa867,3,Review,Recommend.,2026-05-16 19:05:07.422927,2026-05-16 19:05:07.422927
606cf2e3,85696e27,5,Review,Very satisfied.,2026-05-16 19:05:07.422942,2026-05-16 19:05:07.422943
5b11cc1c,a812b70e,5,Review,,2026-05-16 19:05:07.422953,2026-05-16 19:05:07.422953
337c15cb,b4fb5489,5,Review,,2026-05-16 19:05:07.422964,2026-05-16 19:05:07.422964
0a43f1a8,5de8407f,3,Review,,2026-05-16 19:05:07.422974,2026-05-16 19:05:07.422975
e24e70c5,88a20637,4,Review,,2026-05-16 19:05:07.422985,2026-05-16 19:05:07.422985
a7bce3d4,ea1a8152,5,Review,Great product!,2026-05-16 19:05:07.423000,2026-05-16 19:05:07.423001
ba87ac7b,9b82bdc6,5,Review,,2026-05-16 19:05:07.423011,2026-05-16 19:05:07.423011
c9fe53db,20681260,4,Review,,2026-05-16 19:05:07.423022,2026-05-16 19:05:07.423022
f45bc172,08960539,5,Review,,2026-05-16 19:05:07.423032,2026-05-16 19:05:07.423032
3bfd4cce,640834bf,5,Review,Great product!,2026-05-16 19:05:07.423048,2026-05-16 19:05:07.423048
d3db25b4,c6dd7cde,3,Review,Excellent service.,2026-05-16 19:05:07.423065,2026-05-16 19:05:07.423065
49a06b14,ec6f6d18,2,Review,Product damaged.,2026-05-16 19:05:07.423081,2026-05-16 19:05:07.423081
8e335aa3,eceda361,3,Review,,2026-05-16 19:05:07.423092,2026-05-16 19:05:07.423092
4346cbcf,a874f022,5,Review,,2026-05-16 19:05:07.423102,2026-05-16 19:05:07.423102
ad75152f,6093f20a,5,Review,,2026-05-16 19:05:07.423113,2026-05-16 19:05:07.423113
00ccb1d9,41fbe0d7,5,Review,,2026-05-16 19:05:07.423124,2026-05-16 19:05:07.423124
ee870d3e,f36ad587,5,Review,,2026-05-16 19:05:07.423134,2026-05-16 19:05:07.423134
68926eee,1481795d,1,Review,Great product!,2026-05-16 19:05:07.423150,2026-05-16 19:05:07.423150
9f4e962f,d4d275ff,5,Review,,2026-05-16 19:05:07.423163,2026-05-16 19:05:07.423163
e3884421,14198b4b,5,Review,,2026-05-16 19:05:07.423173,2026-05-16 19:05:07.423174
dd6d80ec,e18bc333,2,Review,Fast delivery.,2026-05-16 19:05:07.423188,2026-05-16 19:05:07.423189
6179fa01,2ac7eeb2,5,Review,Arrived late.,2026-05-16 19:05:07.423204,2026-05-16 19:05:07.423204
69c6d489,d087802a,3,Review,,2026-05-16 19:05:07.423215,2026-05-16 19:05:07.423215
79a5316d,c3551401,5,Review,,2026-05-16 19:05:07.423225,2026-05-16 19:05:07.423226
7feda747,08bc68e2,4,Review,,2026-05-16 19:05:07.423236,2026-05-16 19:05:07.423236
f8067372,6bb37bc5,5,Review,,2026-05-16 19:05:07.423246,2026-05-16 19:05:07.423246
4c5b3184,aea6e604,5,Review,,2026-05-16 19:05:07.423256,2026-05-16 19:05:07.423257
7ebfc513,c8956da9,1,Review,Product damaged.,2026-05-16 19:05:07.423272,2026-05-16 19:05:07.423272
f6dd6303,82817a00,5,Review,,2026-05-16 19:05:07.423283,2026-05-16 19:05:07.423283
d7c214d1,eab430d4,4,Review,,2026-05-16 19:05:07.423293,2026-05-16 19:05:07.423293
5b9c121b,680bb095,4,Review,,2026-05-16 19:05:07.423303,2026-05-16 19:05:07.423304
28e61bb2,0c4d3d9d,1,Review,Fast delivery.,2026-05-16 19:05:07.423319,2026-05-16 19:05:07.423319
9d7a48ff,973b8c2c,5,Review,,2026-05-16 19:05:07.423329,2026-05-16 19:05:07.423330
9897f9e3,0b77fbe5,4,Review,,2026-05-16 19:05:07.423340,2026-05-16 19:05:07.423340
2edf4384,503fee0f,5,Review,,2026-05-16 19:05:07.423350,2026-05-16 19:05:07.423351
08a120ec,75680cd8,5,Review,,2026-05-16 19:05:07.423361,2026-05-16 19:05:07.423361
b4ffbf4e,9be4108d,1,Review,Excellent service.,2026-05-16 19:05:07.423376,2026-05-16 19:05:07.423376
683ed265,8c38d64c,5,Review,,2026-05-16 19:05:07.423387,2026-05-16 19:05:07.423387
2ef1b01a,c0d8e631,4,Review,,2026-05-16 19:05:07.423397,2026-05-16 19:05:07.423398
86bf0b49,281b1d1a,5,Review,,2026-05-16 19:05:07.423408,2026-05-16 19:05:07.423408
982b455a,59a377ae,5,Review,,2026-05-16 19:05:07.423418,2026-05-16 19:05:07.423418
39fdc392,44fe4e3b,5,Review,Never arrived.,2026-05-16 19:05:07.423434,2026-05-16 19:05:07.423434
004d2ebc,a0316727,3,Review,Arrived late.,2026-05-16 19:05:07.423451,2026-05-16 19:05:07.423451
bfbbff6e,0bf91353,5,Review,Very satisfied.,2026-05-16 19:05:07.423467,2026-05-16 19:05:07.423467
e9f6f18b,1e1cb562,3,Review,,2026-05-16 19:05:07.423477,2026-05-16 19:05:07.423478
f482ff93,7d2413c6,5,Review,Recommend.,2026-05-16 19:05:07.423493,2026-05-16 19:05:07.423493
e11c03e3,48a12f80,5,Review,,2026-05-16 19:05:07.423504,2026-05-16 19:05:07.423504
7347d3c0,3ef30699,1,Review,Very satisfied.,2026-05-16 19:05:07.423519,2026-05-16 19:05:07.423519
96b0af3e,58496fd5,5,Review,,2026-05-16 19:05:07.423530,2026-05-16 19:05:07.423530
3aa74603,4e9d556e,5,Review,Fast delivery.,2026-05-16 19:05:07.423545,2026-05-16 19:05:07.423546
1bb1ac96,550312f1,5,Review,,2026-05-16 19:05:07.423556,2026-05-16 19:05:07.423556
3213f27a,65f581a7,1,Review,Okay product.,2026-05-16 19:05:07.423571,2026-05-16 19:05:07.423572
2717500b,11f5b136,2,Review,Great product!,2026-05-16 19:05:07.423587,2026-05-16 19:05:07.423587
076b0ebe,3dbde45f,5,Review,,2026-05-16 19:05:07.423598,2026-05-16 19:05:07.423598
db442441,c2aff994,2,Review,Product damaged.,2026-05-16 19:05:07.423613,2026-05-16 19:05:07.423613
dca13d52,2eeb76f0,5,Review,,2026-05-16 19:05:07.423623,2026-05-16 19:05:07.423623
ea7c2cd9,d5eb041a,4,Review,,2026-05-16 19:05:07.423634,2026-05-16 19:05:07.423634
891b4c0b,78acf2db,5,Review,,2026-05-16 19:05:07.423644,2026-05-16 19:05:07.423644
1e645823,b09b53d7,4,Review,,2026-05-16 19:05:07.423655,2026-05-16 19:05:07.423655
f1539925,94bcdb69,5,Review,,2026-05-16 19:05:07.423665,2026-05-16 19:05:07.423666
b5f7825b,35be3ba6,4,Review,,2026-05-16 19:05:07.423676,2026-05-16 19:05:07.423676
80d46889,b683cb61,3,Review,,2026-05-16 19:05:07.423686,2026-05-16 19:05:07.423686
f7cd52da,1d904ec3,5,Review,,2026-05-16 19:05:07.423697,2026-05-16 19:05:07.423697
48bb8460,5f79b29e,5,Review,,2026-05-16 19:05:07.423707,2026-05-16 19:05:07.423708
bb2b9201,aeed3917,5,Review,,2026-05-16 19:05:07.423718,2026-05-16 19:05:07.423718
549d1da2,21f49d76,5,Review,,2026-05-16 19:05:07.423730,2026-05-16 19:05:07.423730
93baee48,b5a3643a,5,Review,,2026-05-16 19:05:07.423740,2026-05-16 19:05:07.423741
f2f34d17,b002c69e,2,Review,Okay product.,2026-05-16 19:05:07.423756,2026-05-16 19:05:07.423756
5e79ff63,911c165b,5,Review,,2026-05-16 19:05:07.423766,2026-05-16 19:05:07.423767
687207a7,e2fb508d,5,Review,,2026-05-16 19:05:07.423777,2026-05-16 19:05:07.423778
04337c55,ecf9b89d,1,Review,Great product!,2026-05-16 19:05:07.423811,2026-05-16 19:05:07.423811
7cb7395f,55c901cd,1,Review,Okay product.,2026-05-16 19:05:07.423827,2026-05-16 19:05:07.423828
9ed0f672,6b237b96,3,Review,Excellent service.,2026-05-16 19:05:07.423844,2026-05-16 19:05:07.423844
610d7ced,85a700a3,5,Review,,2026-05-16 19:05:07.423855,2026-05-16 19:05:07.423855
131ffce5,c817b726,5,Review,,2026-05-16 19:05:07.423866,2026-05-16 19:05:07.423866
b801d5a8,b3d9fc8a,1,Review,Fast delivery.,2026-05-16 19:05:07.423881,2026-05-16 19:05:07.423882
c8328049,600caf04,5,Review,,2026-05-16 19:05:07.423892,2026-05-16 19:05:07.423893
e164eb4b,10e64b34,5,Review,Never arrived.,2026-05-16 19:05:07.423908,2026-05-16 19:05:07.423909
b9486d01,2b2f6420,3,Review,,2026-05-16 19:05:07.423919,2026-05-16 19:05:07.423919
408cbae2,e769a370,1,Review,Never arrived.,2026-05-16 19:05:07.423935,2026-05-16 19:05:07.423935
93fd971d,709937af,4,Review,,2026-05-16 19:05:07.423946,2026-05-16 19:05:07.423946
0313ed9c,a9f23ffa,5,Review,,2026-05-16 19:05:07.423957,2026-05-16 19:05:07.423957
f97a3765,ce249804,5,Review,,2026-05-16 19:05:07.423968,2026-05-16 19:05:07.423968
e9795e1c,15faf118,5,Review,,2026-05-16 19:05:07.423978,2026-05-16 19:05:07.423979
38a2fcdb,6396e02c,1,Review,Okay product.,2026-05-16 19:05:07.423994,2026-05-16 19:05:07.423994
7bdba8fe,d23b410e,1,Review,Okay product.,2026-05-16 19:05:07.424010,2026-05-16 19:05:07.424010
c2fae39f,213d7d28,3,Review,,2026-05-16 19:05:07.424021,2026-05-16 19:05:07.424021
d0b4a8c1,17e69d55,5,Review,,2026-05-16 19:05:07.424032,2026-05-16 19:05:07.424032
e1aabcf6,98948e8c,3,Review,,2026-05-16 19:05:07.424042,2026-05-16 19:05:07.424043
643dca2b,d8b79acc,1,Review,Bad quality.,2026-05-16 19:05:07.424059,2026-05-16 19:05:07.424059
398018b8,47f9fc84,4,Review,,2026-05-16 19:05:07.424071,2026-05-16 19:05:07.424071
23004cf9,64b48dec,1,Review,Recommend.,2026-05-16 19:05:07.424087,2026-05-16 19:05:07.424088
0096b37b,81cd497e,5,Review,,2026-05-16 19:05:07.424098,2026-05-16 19:05:07.424099
7b14a26a,2dc6f4b8,5,Review,,2026-05-16 19:05:07.424109,2026-05-16 19:05:07.424109
dc33d781,f2e58a19,1,Review,Bad quality.,2026-05-16 19:05:07.424125,2026-05-16 19:05:07.424125
1e45dd71,b7c9ab48,5,Review,,2026-05-16 19:05:07.424136,2026-05-16 19:05:07.424136
e228f9f0,75b1e43c,4,Review,,2026-05-16 19:05:07.424146,2026-05-16 19:05:07.424146
81403d3e,cdacbeaf,4,Review,,2026-05-16 19:05:07.424157,2026-05-16 19:05:07.424157
9fb1503f,42f54e62,4,Review,,2026-05-16 19:05:07.424168,2026-05-16 19:05:07.424168
8c50c3ce,e05b9691,3,Review,,2026-05-16 19:05:07.424178,2026-05-16 19:05:07.424179
db76739f,fbe8dbd6,5,Review,,2026-05-16 19:05:07.424189,2026-05-16 19:05:07.424189
deecedd9,944f391a,3,Review,,2026-05-16 19:05:07.424199,2026-05-16 19:05:07.424200
8c07e875,cfe4e3fd,4,Review,,2026-05-16 19:05:07.424210,2026-05-16 19:05:07.424210
08272d37,5f221d4c,4,Review,,2026-05-16 19:05:07.424221,2026-05-16 19:05:07.424221
67ad8b3e,3f59035c,3,Review,,2026-05-16 19:05:07.424231,2026-05-16 19:05:07.424232
333bbeb6,3a59572e,3,Review,,2026-05-16 19:05:07.424242,2026-05-16 19:05:07.424242
9423672c,a6028e54,5,Review,,2026-05-16 19:05:07.424253,2026-05-16 19:05:07.424253
518563e5,0512b4ad,5,Review,,2026-05-16 19:05:07.424263,2026-05-16 19:05:07.424264
ed53fe3d,c7260ad7,5,Review,Product damaged.,2026-05-16 19:05:07.424280,2026-05-16 19:05:07.424280
f0ea4c63,7f5aee00,5,Review,,2026-05-16 19:05:07.424290,2026-05-16 19:05:07.424291
e9cf1c9e,b0dedaa7,5,Review,Bad quality.,2026-05-16 19:05:07.424306,2026-05-16 19:05:07.424307
eed3bebd,f7e1697e,5,Review,,2026-05-16 19:05:07.424317,2026-05-16 19:05:07.424318
909de812,8b35b5cc,4,Review,,2026-05-16 19:05:07.424328,2026-05-16 19:05:07.424329
111e97e1,908f9f09,5,Review,,2026-05-16 19:05:07.424339,2026-05-16 19:05:07.424339
8c2dca7e,7fb7bbb2,5,Review,,2026-05-16 19:05:07.424350,2026-05-16 19:05:07.424350
0be9910d,d3eb64d4,5,Review,,2026-05-16 19:05:07.424360,2026-05-16 19:05:07.424361
c7907858,7c27eca8,5,Review,Very satisfied.,2026-05-16 19:05:07.424376,2026-05-16 19:05:07.424377
60f108eb,b865c669,3,Review,,2026-05-16 19:05:07.424389,2026-05-16 19:05:07.424389
e11de660,39394046,5,Review,,2026-05-16 19:05:07.424400,2026-05-16 19:05:07.424400
e2442b93,fcf4c0ac,3,Review,,2026-05-16 19:05:07.424410,2026-05-16 19:05:07.424411
6cabab8f,b0dda314,5,Review,Okay product.,2026-05-16 19:05:07.424426,2026-05-16 19:05:07.424427
e2b8ac7e,a9bdf9a2,4,Review,,2026-05-16 19:05:07.424437,2026-05-16 19:05:07.424437
e937b349,fc26d91c,4,Review,,2026-05-16 19:05:07.424448,2026-05-16 19:05:07.424448
8b12c327,bd4d3f2a,5,Review,,2026-05-16 19:05:07.424458,2026-05-16 19:05:07.424459
72d04e7b,a993c516,2,Review,Recommend.,2026-05-16 19:05:07.424474,2026-05-16 19:05:07.424474
5e08734a,3febbd42,5,Review,,2026-05-16 19:05:07.424485,2026-05-16 19:05:07.424485
7f488122,3834545e,5,Review,Product damaged.,2026-05-16 19:05:07.424501,2026-05-16 19:05:07.424501
e70daf2c,c6fdb4ec,5,Review,,2026-05-16 19:05:07.424511,2026-05-16 19:05:07.424512
98369e7c,141f9725,5,Review,,2026-05-16 19:05:07.424522,2026-05-16 19:05:07.424522
454d98df,db110617,5,Review,Bad quality.,2026-05-16 19:05:07.424538,2026-05-16 19:05:07.424538
076cf01b,91b5c2a8,5,Review,Never arrived.,2026-05-16 19:05:07.424554,2026-05-16 19:05:07.424555
ec1aef26,82f98186,5,Review,,2026-05-16 19:05:07.424565,2026-05-16 19:05:07.424565
2320944a,acaeefa3,4,Review,,2026-05-16 19:05:07.424576,2026-05-16 19:05:07.424576
b7ae510a,66e8532a,5,Review,,2026-05-16 19:05:07.424587,2026-05-16 19:05:07.424587
2dd1b708,c341941d,5,Review,,2026-05-16 19:05:07.424598,2026-05-16 19:05:07.424598
6453a861,b9ee9186,2,Review,Excellent service.,2026-05-16 19:05:07.424614,2026-05-16 19:05:07.424614
139e9914,4417734a,2,Review,Excellent service.,2026-05-16 19:05:07.424630,2026-05-16 19:05:07.424630
aecaee73,7eed7bf2,5,Review,Okay product.,2026-05-16 19:05:07.424648,2026-05-16 19:05:07.424648
47699ac9,0a445800,4,Review,,2026-05-16 19:05:07.424659,2026-05-16 19:05:07.424659
94d348f9,d8f2c1d9,1,Review,Very satisfied.,2026-05-16 19:05:07.424675,2026-05-16 19:05:07.424675
d5db1c79,992f3a42,5,Review,,2026-05-16 19:05:07.424686,2026-05-16 19:05:07.424686
73002edf,04e7b908,5,Review,,2026-05-16 19:05:07.424697,2026-05-16 19:05:07.424697
413f21de,a4a0194c,5,Review,,2026-05-16 19:05:07.424707,2026-05-16 19:05:07.424708
485b81c7,4cfea5aa,5,Review,,2026-05-16 19:05:07.424718,2026-05-16 19:05:07.424718
19b9fc93,ef454f34,3,Review,Very satisfied.,2026-05-16 19:05:07.424734,2026-05-16 19:05:07.424735
15354167,02673fdc,1,Review,Okay product.,2026-05-16 19:05:07.424750,2026-05-16 19:05:07.424751
687bba93,4e7f8487,5,Review,,2026-05-16 19:05:07.424762,2026-05-16 19:05:07.424762
416f85e7,b8062abf,2,Review,Fast delivery.,2026-05-16 19:05:07.424777,2026-05-16 19:05:07.424778
9f92ed7b,910c0063,1,Review,Fast delivery.,2026-05-16 19:05:07.424793,2026-05-16 19:05:07.424793
766871f0,3717f4d9,5,Review,Fast delivery.,2026-05-16 19:05:07.424809,2026-05-16 19:05:07.424810
5685cd04,2bbf9112,5,Review,,2026-05-16 19:05:07.424820,2026-05-16 19:05:07.424820
98573471,ee1a0758,5,Review,,2026-05-16 19:05:07.424831,2026-05-16 19:05:07.424831
667ecbcf,9ed2b02e,5,Review,Excellent service.,2026-05-16 19:05:07.424847,2026-05-16 19:05:07.424847
07c246ae,10929fca,5,Review,,2026-05-16 19:05:07.424857,2026-05-16 19:05:07.424858
a3efc341,9a9b628b,4,Review,,2026-05-16 19:05:07.424868,2026-05-16 19:05:07.424869
841c724b,5bb5ac44,1,Review,Never arrived.,2026-05-16 19:05:07.424884,2026-05-16 19:05:07.424884
adbc2050,037c93b8,5,Review,,2026-05-16 19:05:07.424895,2026-05-16 19:05:07.424895
2b09e550,b8dd78ad,5,Review,,2026-05-16 19:05:07.424905,2026-05-16 19:05:07.424906
b09b3308,02f30e0b,5,Review,Product damaged.,2026-05-16 19:05:07.424921,2026-05-16 19:05:07.424922
f6caeba7,67b24d3d,1,Review,Excellent service.,2026-05-16 19:05:07.424937,2026-05-16 19:05:07.424937
32529a8a,329892dc,1,Review,Great product!,2026-05-16 19:05:07.424953,2026-05-16 19:05:07.424953
4d7edbe7,7ed9c16a,5,Review,,2026-05-16 19:05:07.424964,2026-05-16 19:05:07.424964
5e869a7d,099806f3,3,Review,,2026-05-16 19:05:07.424975,2026-05-16 19:05:07.424975
0b0a833b,6357489b,1,Review,Never arrived.,2026-05-16 19:05:07.424991,2026-05-16 19:05:07.424991
1ccd3fae,cc6f1979,4,Review,,2026-05-16 19:05:07.425002,2026-05-16 19:05:07.425002
cd006e6e,85b6f83d,5,Review,,2026-05-16 19:05:07.425012,2026-05-16 19:05:07.425013
89b2ebd0,6821fe65,5,Review,,2026-05-16 19:05:07.425023,2026-05-16 19:05:07.425023
55572dfd,91887bcd,5,Review,Never arrived.,2026-05-16 19:05:07.425039,2026-05-16 19:05:07.425039
6dcd80f5,b14dfc20,4,Review,,2026-05-16 19:05:07.425050,2026-05-16 19:05:07.425050
9e3d3de6,1f3e8c7b,5,Review,Product damaged.,2026-05-16 19:05:07.425070,2026-05-16 19:05:07.425070
756e4c21,7609f95b,3,Review,,2026-05-16 19:05:07.425081,2026-05-16 19:05:07.425081
60f9148e,db8907da,4,Review,Arrived late.,2026-05-16 19:05:07.425097,2026-05-16 19:05:07.425098
dcaa315e,9f795ccb,3,Review,Never arrived.,2026-05-16 19:05:07.425113,2026-05-16 19:05:07.425114
c01902cb,f7967a56,5,Review,,2026-05-16 19:05:07.425124,2026-05-16 19:05:07.425125
cd18ce95,4599cd64,1,Review,Fast delivery.,2026-05-16 19:05:07.425140,2026-05-16 19:05:07.425141
4878092d,8be372f9,5,Review,,2026-05-16 19:05:07.425151,2026-05-16 19:05:07.425152
0134c05d,2b7c2fbe,1,Review,Very satisfied.,2026-05-16 19:05:07.425167,2026-05-16 19:05:07.425168
114ed27a,12f401d2,5,Review,,2026-05-16 19:05:07.425178,2026-05-16 19:05:07.425179
22e99182,c974d34c,5,Review,Never arrived.,2026-05-16 19:05:07.425195,2026-05-16 19:05:07.425195
7b3eda2d,d3a3516a,5,Review,,2026-05-16 19:05:07.425205,2026-05-16 19:05:07.425205
e947c19f,057a8ffd,4,Review,Great product!,2026-05-16 19:05:07.425221,2026-05-16 19:05:07.425222
3526de24,0b40005f,5,Review,Bad quality.,2026-05-16 19:05:07.425238,2026-05-16 19:05:07.425238
b4ed886f,60f800e5,5,Review,,2026-05-16 19:05:07.425249,2026-05-16 19:05:07.425249
1bf55461,804b4426,3,Review,,2026-05-16 19:05:07.425259,2026-05-16 19:05:07.425260
bb506e0b,dcbd5740,5,Review,,2026-05-16 19:05:07.425270,2026-05-16 19:05:07.425271
0e23297e,169669ff,5,Review,,2026-05-16 19:05:07.425281,2026-05-16 19:05:07.425282
0bf9a427,cfd24462,5,Review,,2026-05-16 19:05:07.425292,2026-05-16 19:05:07.425292
d5beafd7,aae654a7,3,Review,,2026-05-16 19:05:07.425303,2026-05-16 19:05:07.425303
1ae61c16,3aa87593,5,Review,,2026-05-16 19:05:07.425313,2026-05-16 19:05:07.425314
14b589ae,3792fafc,3,Review,,2026-05-16 19:05:07.425324,2026-05-16 19:05:07.425324
db6b91b3,8dff03cd,4,Review,,2026-05-16 19:05:07.425335,2026-05-16 19:05:07.425335
eeeb54f6,d6839195,4,Review,Great product!,2026-05-16 19:05:07.425351,2026-05-16 19:05:07.425351
fc00da6d,d08b1a9f,5,Review,,2026-05-16 19:05:07.425362,2026-05-16 19:05:07.425362
df0114de,427db31a,5,Review,,2026-05-16 19:05:07.425372,2026-05-16 19:05:07.425373
16e065cd,4c6ad4ee,3,Review,Great product!,2026-05-16 19:05:07.425389,2026-05-16 19:05:07.425389
180b853b,e71ca241,1,Review,Arrived late.,2026-05-16 19:05:07.425406,2026-05-16 19:05:07.425407
81678395,65c8fdac,4,Review,,2026-05-16 19:05:07.425417,2026-05-16 19:05:07.425417
a1dba255,ae602e0c,5,Review,,2026-05-16 19:05:07.425428,2026-05-16 19:05:07.425428
66aebb74,deeed10b,5,Review,Very satisfied.,2026-05-16 19:05:07.425444,2026-05-16 19:05:07.425444
91a69ed0,08c313bf,3,Review,,2026-05-16 19:05:07.425455,2026-05-16 19:05:07.425455
e293378e,acfb9677,3,Review,Bad quality.,2026-05-16 19:05:07.425471,2026-05-16 19:05:07.425472
bcf3ad62,d7b37825,3,Review,Very satisfied.,2026-05-16 19:05:07.425488,2026-05-16 19:05:07.425488
e593f670,a193d036,3,Review,,2026-05-16 19:05:07.425498,2026-05-16 19:05:07.425499
586942d8,6de3a145,4,Review,,2026-05-16 19:05:07.425509,2026-05-16 19:05:07.425510
409745f7,6539c884,3,Review,,2026-05-16 19:05:07.425520,2026-05-16 19:05:07.425520
829493c4,19b52cd9,5,Review,,2026-05-16 19:05:07.425530,2026-05-16 19:05:07.425531
38de2e53,408e30c2,5,Review,,2026-05-16 19:05:07.425541,2026-05-16 19:05:07.425541
8199c752,f2a90256,2,Review,Recommend.,2026-05-16 19:05:07.425557,2026-05-16 19:05:07.425557
826842c0,ebdc4d32,5,Review,Okay product.,2026-05-16 19:05:07.425573,2026-05-16 19:05:07.425573
8efbf992,6aeb01f9,4,Review,,2026-05-16 19:05:07.425584,2026-05-16 19:05:07.425584
4f254c72,08653ecc,5,Review,,2026-05-16 19:05:07.425595,2026-05-16 19:05:07.425595
7be956bc,43f9bf58,2,Review,Recommend.,2026-05-16 19:05:07.425610,2026-05-16 19:05:07.425611
c1b3fcd9,a74c6456,1,Review,Okay product.,2026-05-16 19:05:07.425626,2026-05-16 19:05:07.425627
b2ffaa86,951374b5,4,Review,,2026-05-16 19:05:07.425637,2026-05-16 19:05:07.425637
69ef3201,64206266,5,Review,,2026-05-16 19:05:07.425648,2026-05-16 19:05:07.425648
420b3c70,4b0d344b,4,Review,,2026-05-16 19:05:07.425659,2026-05-16 19:05:07.425659
646cbaeb,dbe38073,5,Review,,2026-05-16 19:05:07.425669,2026-05-16 19:05:07.425670
b522cdfe,53c251c0,2,Review,Okay product.,2026-05-16 19:05:07.425685,2026-05-16 19:05:07.425686
cc1da9fd,39261f48,1,Review,Bad quality.,2026-05-16 19:05:07.425701,2026-05-16 19:05:07.425701
54cc8680,0307076e,4,Review,,2026-05-16 19:05:07.425712,2026-05-16 19:05:07.425712
95321c6c,f51256c6,3,Review,,2026-05-16 19:05:07.425723,2026-05-16 19:05:07.425723
e37e9b01,d4195f91,4,Review,,2026-05-16 19:05:07.425735,2026-05-16 19:05:07.425735
b0046314,60eda27e,1,Review,Excellent service.,2026-05-16 19:05:07.425751,2026-05-16 19:05:07.425751
01665920,8d35bb4e,4,Review,,2026-05-16 19:05:07.425762,2026-05-16 19:05:07.425762
0536d61d,3593f948,4,Review,,2026-05-16 19:05:07.425773,2026-05-16 19:05:07.425773
2903abfe,2f82f26b,3,Review,,2026-05-16 19:05:07.425784,2026-05-16 19:05:07.425784
325780f5,d30927ad,5,Review,,2026-05-16 19:05:07.425795,2026-05-16 19:05:07.425795
4b47892c,7564a418,5,Review,,2026-05-16 19:05:07.425806,2026-05-16 19:05:07.425806
7ff4a508,5610d393,5,Review,,2026-05-16 19:05:07.425817,2026-05-16 19:05:07.425817
afad90ec,b16a3c3f,3,Review,,2026-05-16 19:05:07.425827,2026-05-16 19:05:07.425828
7f8f3e8e,4add87a4,5,Review,,2026-05-16 19:05:07.425838,2026-05-16 19:05:07.425838
54593595,129c79ce,5,Review,,2026-05-16 19:05:07.425849,2026-05-16 19:05:07.425849
3c2b98ab,e5eb06e0,5,Review,,2026-05-16 19:05:07.425859,2026-05-16 19:05:07.425860
20c851af,c6a1f099,5,Review,,2026-05-16 19:05:07.425870,2026-05-16 19:05:07.425871
6772c38c,e87d954d,1,Review,Fast delivery.,2026-05-16 19:05:07.425886,2026-05-16 19:05:07.425887
31a515a4,47ecdb27,5,Review,,2026-05-16 19:05:07.425898,2026-05-16 19:05:07.425898
fc07054c,87604e98,5,Review,,2026-05-16 19:05:07.425908,2026-05-16 19:05:07.425909
e0abf98f,3df07ea1,3,Review,Bad quality.,2026-05-16 19:05:07.425924,2026-05-16 19:05:07.425925
f68c5450,763364f2,5,Review,,2026-05-16 19:05:07.425935,2026-05-16 19:05:07.425935
ba81c841,e7874b41,5,Review,,2026-05-16 19:05:07.425946,2026-05-16 19:05:07.425946
a7b40294,35ee52f6,1,Review,Recommend.,2026-05-16 19:05:07.425962,2026-05-16 19:05:07.425962
4b3d9719,b79f73c5,4,Review,,2026-05-16 19:05:07.425972,2026-05-16 19:05:07.425973
47e75968,55120ae9,5,Review,,2026-05-16 19:05:07.425983,2026-05-16 19:05:07.425984
b4326341,b9c1f3d3,5,Review,,2026-05-16 19:05:07.425994,2026-05-16 19:05:07.425995
f054a662,3dfe0d5b,5,Review,,2026-05-16 19:05:07.426005,2026-05-16 19:05:07.426005
2f01b670,8ec14ce1,1,Review,Never arrived.,2026-05-16 19:05:07.426021,2026-05-16 19:05:07.426021
8f1db107,c23eb342,3,Review,,2026-05-16 19:05:07.426032,2026-05-16 19:05:07.426032
1a182f16,dc9724a7,5,Review,,2026-05-16 19:05:07.426042,2026-05-16 19:05:07.426043
11795219,69eba34a,4,Review,,2026-05-16 19:05:07.426053,2026-05-16 19:05:07.426053
92f05e8a,855d6557,4,Review,,2026-05-16 19:05:07.426064,2026-05-16 19:05:07.426064
aaae6bb7,561505a5,1,Review,Fast delivery.,2026-05-16 19:05:07.426079,2026-05-16 19:05:07.426080
f82199cf,b3ce5fed,1,Review,Okay product.,2026-05-16 19:05:07.426097,2026-05-16 19:05:07.426097
3120f901,f1f2330a,4,Review,,2026-05-16 19:05:07.426108,2026-05-16 19:05:07.426108
ae27cc93,21322e4d,4,Review,,2026-05-16 19:05:07.426119,2026-05-16 19:05:07.426119
e938172e,c8e736b5,5,Review,,2026-05-16 19:05:07.426130,2026-05-16 19:05:07.426130
f0cd3945,018715a5,5,Review,,2026-05-16 19:05:07.426140,2026-05-16 19:05:07.426141
8fc55667,cf33f7f2,4,Review,Recommend.,2026-05-16 19:05:07.426156,2026-05-16 19:05:07.426157
741bedb6,fc8c5750,2,Review,Arrived late.,2026-05-16 19:05:07.426173,2026-05-16 19:05:07.426173
16eb24eb,94d95651,5,Review,,2026-05-16 19:05:07.426184,2026-05-16 19:05:07.426184
9ae3f7c8,62195230,5,Review,,2026-05-16 19:05:07.426195,2026-05-16 19:05:07.426195
d3084f9a,f230e698,4,Review,,2026-05-16 19:05:07.426206,2026-05-16 19:05:07.426206
68c32539,89acef8a,5,Review,,2026-05-16 19:05:07.426217,2026-05-16 19:05:07.426217
b6b35ce8,ea6d2be2,4,Review,,2026-05-16 19:05:07.426227,2026-05-16 19:05:07.426228
71955af9,2b07f624,3,Review,Very satisfied.,2026-05-16 19:05:07.426244,2026-05-16 19:05:07.426244
0851ebf8,cb60fb9d,4,Review,,2026-05-16 19:05:07.426255,2026-05-16 19:05:07.426256
c0edbf21,afa87cf7,2,Review,Okay product.,2026-05-16 19:05:07.426271,2026-05-16 19:05:07.426272
d9044001,748ce146,5,Review,,2026-05-16 19:05:07.426282,2026-05-16 19:05:07.426282
4eeff1f6,d64b3f56,4,Review,,2026-05-16 19:05:07.426293,2026-05-16 19:05:07.426293
b702a2cf,3d332f06,5,Review,Great product!,2026-05-16 19:05:07.426309,2026-05-16 19:05:07.426309
dc02a8c2,70a14b5e,4,Review,,2026-05-16 19:05:07.426320,2026-05-16 19:05:07.426320
f6ac19c3,57974dda,5,Review,Excellent service.,2026-05-16 19:05:07.426336,2026-05-16 19:05:07.426336
2e1d88f4,c8d02178,5,Review,,2026-05-16 19:05:07.426347,2026-05-16 19:05:07.426347
aa2a98ae,099da1b4,1,Review,Arrived late.,2026-05-16 19:05:07.426363,2026-05-16 19:05:07.426363
1bf51f99,dbedca38,5,Review,Never arrived.,2026-05-16 19:05:07.426381,2026-05-16 19:05:07.426381
dc73914e,1f17935c,5,Review,,2026-05-16 19:05:07.426391,2026-05-16 19:05:07.426392
9b089bc7,544ccd7e,5,Review,,2026-05-16 19:05:07.426402,2026-05-16 19:05:07.426402
6a1efbd1,2c8a7ce3,5,Review,,2026-05-16 19:05:07.426413,2026-05-16 19:05:07.426413
9d859bef,d2161598,5,Review,Okay product.,2026-05-16 19:05:07.426430,2026-05-16 19:05:07.426430
600bcf83,1ff04a41,5,Review,,2026-05-16 19:05:07.426441,2026-05-16 19:05:07.426441
3260960f,ff53452a,2,Review,Very satisfied.,2026-05-16 19:05:07.426456,2026-05-16 19:05:07.426457
30360d45,3006aa45,4,Review,,2026-05-16 19:05:07.426467,2026-05-16 19:05:07.426468
4f73e799,477c1676,5,Review,,2026-05-16 19:05:07.426478,2026-05-16 19:05:07.426478
2074bfa3,d36b04ad,5,Review,,2026-05-16 19:05:07.426489,2026-05-16 19:05:07.426489
ce44155b,2c57c0ff,5,Review,Fast delivery.,2026-05-16 19:05:07.426505,2026-05-16 19:05:07.426505
aa753b34,b39b463c,1,Review,Very satisfied.,2026-05-16 19:05:07.426521,2026-05-16 19:05:07.426521
eb79d48c,41eadaa6,1,Review,Never arrived.,2026-05-16 19:05:07.426537,2026-05-16 19:05:07.426537
b2905a62,6eb6fdf5,5,Review,,2026-05-16 19:05:07.426548,2026-05-16 19:05:07.426548
bb3c1971,3187be4e,5,Review,,2026-05-16 19:05:07.426559,2026-05-16 19:05:07.426559
66a6e7d6,18d4fa33,5,Review,Arrived late.,2026-05-16 19:05:07.426575,2026-05-16 19:05:07.426575
f37ec2ea,93464a81,5,Review,,2026-05-16 19:05:07.426585,2026-05-16 19:05:07.426586
6a840dc6,37a3a445,4,Review,,2026-05-16 19:05:07.426596,2026-05-16 19:05:07.426596
c0c94a5b,8343aad4,5,Review,,2026-05-16 19:05:07.426607,2026-05-16 19:05:07.426607
c01408b8,db689649,5,Review,,2026-05-16 19:05:07.426617,2026-05-16 19:05:07.426618
2ef6331c,137bed25,4,Review,Fast delivery.,2026-05-16 19:05:07.426633,2026-05-16 19:05:07.426634
31a0ea5b,987859c6,5,Review,,2026-05-16 19:05:07.426644,2026-05-16 19:05:07.426645
f7a10e9b,36ea67c8,4,Review,,2026-05-16 19:05:07.426656,2026-05-16 19:05:07.426656
bef805ad,b900783b,3,Review,,2026-05-16 19:05:07.426667,2026-05-16 19:05:07.426667
696e3eec,15055d75,5,Review,,2026-05-16 19:05:07.426678,2026-05-16 19:05:07.426678
7b143ece,8bb68f4a,3,Review,,2026-05-16 19:05:07.426689,2026-05-16 19:05:07.426689
f2ae56c0,3ae3bd5a,4,Review,,2026-05-16 19:05:07.426702,2026-05-16 19:05:07.426702
79458fc8,f3751a9f,5,Review,,2026-05-16 19:05:07.426712,2026-05-16 19:05:07.426713
0a6ff0d9,59bd47fe,4,Review,Okay product.,2026-05-16 19:05:07.426729,2026-05-16 19:05:07.426729
fefa58a4,1e712ce1,5,Review,,2026-05-16 19:05:07.426740,2026-05-16 19:05:07.426740
43013928,d5c1de36,5,Review,,2026-05-16 19:05:07.426750,2026-05-16 19:05:07.426751
b4dac5c8,1fb18dc5,5,Review,,2026-05-16 19:05:07.426761,2026-05-16 19:05:07.426761
a2513567,547a0733,4,Review,Recommend.,2026-05-16 19:05:07.426778,2026-05-16 19:05:07.426778
72f2e199,4a00dc17,2,Review,Great product!,2026-05-16 19:05:07.426793,2026-05-16 19:05:07.426794
0a343911,c4118cc9,5,Review,,2026-05-16 19:05:07.426804,2026-05-16 19:05:07.426805
7d7436c0,cc36adf1,5,Review,Great product!,2026-05-16 19:05:07.426821,2026-05-16 19:05:07.426822
e0cbfa8a,0162ff28,5,Review,,2026-05-16 19:05:07.426832,2026-05-16 19:05:07.426832
52afe8a0,b55b8f19,5,Review,,2026-05-16 19:05:07.426843,2026-05-16 19:05:07.426843
c4c62d25,9d5b1460,5,Review,,2026-05-16 19:05:07.426854,2026-05-16 19:05:07.426854
c3ef5201,70992ee9,3,Review,Very satisfied.,2026-05-16 19:05:07.426870,2026-05-16 19:05:07.426870
db27db50,f99b5df3,5,Review,,2026-05-16 19:05:07.426881,2026-05-16 19:05:07.426881
fe5e0952,70bdbaeb,4,Review,,2026-05-16 19:05:07.426892,2026-05-16 19:05:07.426892
b09ebd5f,a8b97362,5,Review,,2026-05-16 19:05:07.426902,2026-05-16 19:05:07.426903
b36a170f,0eee93d6,5,Review,,2026-05-16 19:05:07.426913,2026-05-16 19:05:07.426913
fa4390b9,dd13c9cc,1,Review,Arrived late.,2026-05-16 19:05:07.426929,2026-05-16 19:05:07.426929
d30f2027,53924c59,5,Review,,2026-05-16 19:05:07.426939,2026-05-16 19:05:07.426940
f03a59be,4067ed96,5,Review,,2026-05-16 19:05:07.426950,2026-05-16 19:05:07.426951
859d886b,1b83f0d1,2,Review,Very satisfied.,2026-05-16 19:05:07.426967,2026-05-16 19:05:07.426967
ad9fc920,6b5e01be,5,Review,Product damaged.,2026-05-16 19:05:07.426983,2026-05-16 19:05:07.426984
8bcaa148,4f66bbbf,5,Review,,2026-05-16 19:05:07.426995,2026-05-16 19:05:07.426995
f7bde709,bc2e3600,4,Review,,2026-05-16 19:05:07.427006,2026-05-16 19:05:07.427006
954c2868,05dd140d,4,Review,,2026-05-16 19:05:07.427016,2026-05-16 19:05:07.427016
cadbb175,ea39de0a,5,Review,,2026-05-16 19:05:07.427027,2026-05-16 19:05:07.427028
28573067,0fc70fb8,4,Review,,2026-05-16 19:05:07.427040,2026-05-16 19:05:07.427041
2dcd9618,dde515f2,5,Review,,2026-05-16 19:05:07.427052,2026-05-16 19:05:07.427052
55763d11,ac9a7b7c,5,Review,Arrived late.,2026-05-16 19:05:07.427068,2026-05-16 19:05:07.427068
30efe8c7,ae7127bb,1,Review,Product damaged.,2026-05-16 19:05:07.427084,2026-05-16 19:05:07.427085
0d3a8245,e468067d,4,Review,,2026-05-16 19:05:07.427096,2026-05-16 19:05:07.427096
607f542f,2a8728cf,5,Review,,2026-05-16 19:05:07.427107,2026-05-16 19:05:07.427108
18cab2ee,6f557d3f,5,Review,,2026-05-16 19:05:07.427118,2026-05-16 19:05:07.427118
87648bc7,4ce564b7,5,Review,,2026-05-16 19:05:07.427129,2026-05-16 19:05:07.427129
6e8c1c88,3b8f4b50,5,Review,,2026-05-16 19:05:07.427140,2026-05-16 19:05:07.427140
312d0ba6,62bc64c8,4,Review,,2026-05-16 19:05:07.427150,2026-05-16 19:05:07.427151
34d1bfac,81f1b590,4,Review,,2026-05-16 19:05:07.427161,2026-05-16 19:05:07.427161
5fb26197,4c8f3383,5,Review,,2026-05-16 19:05:07.427172,2026-05-16 19:05:07.427172
720cfd8b,6fe2ff39,5,Review,,2026-05-16 19:05:07.427182,2026-05-16 19:05:07.427183
eafd8918,7c36c725,4,Review,,2026-05-16 19:05:07.427193,2026-05-16 19:05:07.427193
8ad4028d,96eb4335,1,Review,Fast delivery.,2026-05-16 19:05:07.427209,2026-05-16 19:05:07.427209
b4c9f714,44fdeca7,4,Review,,2026-05-16 19:05:07.427219,2026-05-16 19:05:07.427220
16b3f36a,ab3f293b,1,Review,Great product!,2026-05-16 19:05:07.427235,2026-05-16 19:05:07.427236
865e0cb5,0b86b4af,5,Review,,2026-05-16 19:05:07.427246,2026-05-16 19:05:07.427246
7daf70c8,c25497d2,5,Review,Excellent service.,2026-05-16 19:05:07.427263,2026-05-16 19:05:07.427263
e07d620f,aa74c043,5,Review,,2026-05-16 19:05:07.427274,2026-05-16 19:05:07.427274
38664204,8a3a7ab3,2,Review,Okay product.,2026-05-16 19:05:07.427290,2026-05-16 19:05:07.427291
af32dc5e,33ee199a,5,Review,,2026-05-16 19:05:07.427301,2026-05-16 19:05:07.427301
6a9a38a3,7b2b53c4,4,Review,Arrived late.,2026-05-16 19:05:07.427317,2026-05-16 19:05:07.427317
d461005a,d575cdb4,3,Review,,2026-05-16 19:05:07.427328,2026-05-16 19:05:07.427328
ca081dd2,d2bd04da,2,Review,Bad quality.,2026-05-16 19:05:07.427344,2026-05-16 19:05:07.427344
70a2fcb6,886a92b1,5,Review,,2026-05-16 19:05:07.427355,2026-05-16 19:05:07.427355
5efda1fe,7a4d047e,1,Review,Fast delivery.,2026-05-16 19:05:07.427370,2026-05-16 19:05:07.427371
4551f44c,5fc09dde,2,Review,Never arrived.,2026-05-16 19:05:07.427386,2026-05-16 19:05:07.427386
60e8e293,672a0d9a,5,Review,,2026-05-16 19:05:07.427397,2026-05-16 19:05:07.427397
40ec1161,2e9740e7,5,Review,,2026-05-16 19:05:07.427408,2026-05-16 19:05:07.427408
65fa6b54,798421b7,1,Review,Arrived late.,2026-05-16 19:05:07.427423,2026-05-16 19:05:07.427424
d180c226,60c2a993,4,Review,,2026-05-16 19:05:07.427436,2026-05-16 19:05:07.427436
51b384a3,7fd30a1d,5,Review,,2026-05-16 19:05:07.427447,2026-05-16 19:05:07.427447
7c37c3d0,5b722584,5,Review,Great product!,2026-05-16 19:05:07.427463,2026-05-16 19:05:07.427463
a29de0ba,2a43e942,5,Review,,2026-05-16 19:05:07.427474,2026-05-16 19:05:07.427474
aa346e83,65b631a1,5,Review,,2026-05-16 19:05:07.427485,2026-05-16 19:05:07.427485
27caf547,b548a3b6,5,Review,,2026-05-16 19:05:07.427495,2026-05-16 19:05:07.427496
6f29f39b,4f63dabf,5,Review,,2026-05-16 19:05:07.427506,2026-05-16 19:05:07.427506
47b3db2e,1ab9f00b,1,Review,Never arrived.,2026-05-16 19:05:07.427522,2026-05-16 19:05:07.427522
6501c216,8b349d4f,5,Review,,2026-05-16 19:05:07.427533,2026-05-16 19:05:07.427533
8196a4f1,461122cf,5,Review,,2026-05-16 19:05:07.427544,2026-05-16 19:05:07.427544
29587802,3bdf9bf2,5,Review,,2026-05-16 19:05:07.427554,2026-05-16 19:05:07.427555
948ec583,5338d3cf,5,Review,,2026-05-16 19:05:07.427565,2026-05-16 19:05:07.427565
61eb36cb,a8de785d,5,Review,,2026-05-16 19:05:07.427576,2026-05-16 19:05:07.427576
6de19832,add89195,5,Review,Arrived late.,2026-05-16 19:05:07.427592,2026-05-16 19:05:07.427592
2a270f01,adac03eb,5,Review,,2026-05-16 19:05:07.427602,2026-05-16 19:05:07.427603
6ef2af36,1d374992,5,Review,,2026-05-16 19:05:07.427613,2026-05-16 19:05:07.427613
fbc538de,e2051eca,4,Review,,2026-05-16 19:05:07.427624,2026-05-16 19:05:07.427624
b31a6534,45503c25,5,Review,,2026-05-16 19:05:07.427634,2026-05-16 19:05:07.427635
a85602a6,bb84c146,4,Review,,2026-05-16 19:05:07.427645,2026-05-16 19:05:07.427645
ff55752c,fcc78f30,5,Review,,2026-05-16 19:05:07.427656,2026-05-16 19:05:07.427656
47045f40,80640303,5,Review,,2026-05-16 19:05:07.427666,2026-05-16 19:05:07.427667
195bd544,c9d28686,5,Review,,2026-05-16 19:05:07.427677,2026-05-16 19:05:07.427677
4ace505b,7782bd04,3,Review,,2026-05-16 19:05:07.427688,2026-05-16 19:05:07.427688
5b3ef336,98e69dcc,5,Review,,2026-05-16 19:05:07.427698,2026-05-16 19:05:07.427699
4eb5bfc7,cfb4f151,5,Review,,2026-05-16 19:05:07.427709,2026-05-16 19:05:07.427710
28c501f8,09d7f3ca,5,Review,,2026-05-16 19:05:07.427720,2026-05-16 19:05:07.427720
06dfb0a3,9fd459fa,5,Review,Product damaged.,2026-05-16 19:05:07.427736,2026-05-16 19:05:07.427736
92614264,1e8dfade,5,Review,,2026-05-16 19:05:07.427747,2026-05-16 19:05:07.427747
5f3a1d7f,e16d1e22,5,Review,,2026-05-16 19:05:07.427758,2026-05-16 19:05:07.427758
64846bcd,ee7fa0ca,5,Review,,2026-05-16 19:05:07.427769,2026-05-16 19:05:07.427769
41321618,52339949,4,Review,,2026-05-16 19:05:07.427780,2026-05-16 19:05:07.427780
068e50f2,495d08e5,4,Review,,2026-05-16 19:05:07.427791,2026-05-16 19:05:07.427791
d027eeed,6082c175,5,Review,,2026-05-16 19:05:07.427803,2026-05-16 19:05:07.427803
91f79b5c,2f4cf643,4,Review,,2026-05-16 19:05:07.427814,2026-05-16 19:05:07.427814
2cf6a9e1,d838b8a0,5,Review,Great product!,2026-05-16 19:05:07.427830,2026-05-16 19:05:07.427830
537b630d,7f27e9cb,5,Review,,2026-05-16 19:05:07.427841,2026-05-16 19:05:07.427841
bf14a008,63ce0165,3,Review,,2026-05-16 19:05:07.427852,2026-05-16 19:05:07.427852
3bb6daf6,004af778,5,Review,,2026-05-16 19:05:07.427863,2026-05-16 19:05:07.427863
f89fbef3,d0f97f7c,2,Review,Product damaged.,2026-05-16 19:05:07.427879,2026-05-16 19:05:07.427879
20d9d90b,0e8afaa5,5,Review,,2026-05-16 19:05:07.427890,2026-05-16 19:05:07.427890
8068415c,5f22bf6d,3,Review,,2026-05-16 19:05:07.427900,2026-05-16 19:05:07.427901
8032ebc1,122f6156,5,Review,,2026-05-16 19:05:07.427911,2026-05-16 19:05:07.427912
73011d9a,af80aba7,5,Review,,2026-05-16 19:05:07.427922,2026-05-16 19:05:07.427922
8379c124,71e4d112,5,Review,,2026-05-16 19:05:07.427933,2026-05-16 19:05:07.427933
5a3c550f,64a66ae3,4,Review,,2026-05-16 19:05:07.427943,2026-05-16 19:05:07.427944
ecd200bb,a5c2d86d,1,Review,Very satisfied.,2026-05-16 19:05:07.427959,2026-05-16 19:05:07.427960
7ee98378,5ff8fe14,4,Review,,2026-05-16 19:05:07.427970,2026-05-16 19:05:07.427971
969c7f2a,da905612,3,Review,,2026-05-16 19:05:07.427981,2026-05-16 19:05:07.427981
3f08e91a,8b245b72,5,Review,Fast delivery.,2026-05-16 19:05:07.427997,2026-05-16 19:05:07.427997
324779b7,f4b981eb,5,Review,,2026-05-16 19:05:07.428008,2026-05-16 19:05:07.428008
27c37cf8,2bc085b6,5,Review,,2026-05-16 19:05:07.428019,2026-05-16 19:05:07.428019
31a0f72a,f0e78c11,5,Review,Arrived late.,2026-05-16 19:05:07.428035,2026-05-16 19:05:07.428035
8e026d3b,a9b3ed39,3,Review,,2026-05-16 19:05:07.428046,2026-05-16 19:05:07.428046
431b0ab6,14756478,5,Review,,2026-05-16 19:05:07.428057,2026-05-16 19:05:07.428057
5505565e,14f11ad2,5,Review,Fast delivery.,2026-05-16 19:05:07.428073,2026-05-16 19:05:07.428074
637767a8,cc07d7b4,4,Review,,2026-05-16 19:05:07.428084,2026-05-16 19:05:07.428085
e1334c7c,bcf9864b,5,Review,,2026-05-16 19:05:07.428095,2026-05-16 19:05:07.428096
39abdba6,ec0e8483,4,Review,Excellent service.,2026-05-16 19:05:07.428112,2026-05-16 19:05:07.428112
ae9ac1ce,3015d6be,3,Review,,2026-05-16 19:05:07.428123,2026-05-16 19:05:07.428123
823e42ad,b3274836,2,Review,Recommend.,2026-05-16 19:05:07.428140,2026-05-16 19:05:07.428141
90599127,f88eb27d,2,Review,Excellent service.,2026-05-16 19:05:07.428156,2026-05-16 19:05:07.428157
87570488,b2472d43,5,Review,,2026-05-16 19:05:07.428167,2026-05-16 19:05:07.428168
0e11dc17,05351f6d,5,Review,,2026-05-16 19:05:07.428178,2026-05-16 19:05:07.428179
387dbac3,493faa58,1,Review,Arrived late.,2026-05-16 19:05:07.428194,2026-05-16 19:05:07.428194
815cf567,b06eb501,5,Review,,2026-05-16 19:05:07.428205,2026-05-16 19:05:07.428205
0cbf1ae6,24b09c3a,5,Review,,2026-05-16 19:05:07.428216,2026-05-16 19:05:07.428216
b0a0443a,57df3a85,4,Review,Product damaged.,2026-05-16 19:05:07.428232,2026-05-16 19:05:07.428233
483ac1b3,1d0d4e4d,4,Review,Great product!,2026-05-16 19:05:07.428248,2026-05-16 19:05:07.428249
563e7045,d9d64f4f,2,Review,Product damaged.,2026-05-16 19:05:07.428264,2026-05-16 19:05:07.428264
ff64a235,50a9e0ec,5,Review,,2026-05-16 19:05:07.428275,2026-05-16 19:05:07.428275
66444a36,57ec70b7,1,Review,Recommend.,2026-05-16 19:05:07.428291,2026-05-16 19:05:07.428291
0ca35e42,4dc831d5,3,Review,,2026-05-16 19:05:07.428302,2026-05-16 19:05:07.428302
0d00932f,5772148e,5,Review,,2026-05-16 19:05:07.428314,2026-05-16 19:05:07.428314
10e8d36f,c3b100ee,3,Review,Bad quality.,2026-05-16 19:05:07.428330,2026-05-16 19:05:07.428330
a7851214,179e6689,4,Review,,2026-05-16 19:05:07.428341,2026-05-16 19:05:07.428341
7ba43e20,08f3aeda,1,Review,Product damaged.,2026-05-16 19:05:07.428357,2026-05-16 19:05:07.428357
41818b49,ef69f725,3,Review,Okay product.,2026-05-16 19:05:07.428373,2026-05-16 19:05:07.428373
7a630f0a,9e43331a,3,Review,,2026-05-16 19:05:07.428384,2026-05-16 19:05:07.428384
9150243f,6632bf83,5,Review,,2026-05-16 19:05:07.428396,2026-05-16 19:05:07.428396
da0c2fa4,be6353e6,5,Review,,2026-05-16 19:05:07.428407,2026-05-16 19:05:07.428407
4f2fc368,321eb3ae,4,Review,,2026-05-16 19:05:07.428418,2026-05-16 19:05:07.428418
5bd70608,aed5b1b9,5,Review,,2026-05-16 19:05:07.428429,2026-05-16 19:05:07.428429
786c80ed,688163cc,3,Review,,2026-05-16 19:05:07.428440,2026-05-16 19:05:07.428440
c29d2605,a111b22d,4,Review,Great product!,2026-05-16 19:05:07.428456,2026-05-16 19:05:07.428456
99242f19,5766e038,4,Review,,2026-05-16 19:05:07.428467,2026-05-16 19:05:07.428467
a824e7f5,94531ef2,1,Review,Recommend.,2026-05-16 19:05:07.428483,2026-05-16 19:05:07.428484
59bfea9a,ae4e3ec4,5,Review,Recommend.,2026-05-16 19:05:07.428500,2026-05-16 19:05:07.428500
00af314d,1164c2a1,1,Review,Arrived late.,2026-05-16 19:05:07.428516,2026-05-16 19:05:07.428516
ddfec657,36ab806f,4,Review,Fast delivery.,2026-05-16 19:05:07.428532,2026-05-16 19:05:07.428532
62784f5f,acc1eb81,5,Review,,2026-05-16 19:05:07.428543,2026-05-16 19:05:07.428544
bfc5a6fc,592a5177,5,Review,,2026-05-16 19:05:07.428555,2026-05-16 19:05:07.428555
99451402,591321c1,4,Review,,2026-05-16 19:05:07.428566,2026-05-16 19:05:07.428566
8b4d24ba,c965a7cf,4,Review,,2026-05-16 19:05:07.428577,2026-05-16 19:05:07.428577
816577ee,f0d22ef5,4,Review,,2026-05-16 19:05:07.428588,2026-05-16 19:05:07.428588
1a151318,17bbde96,3,Review,,2026-05-16 19:05:07.428599,2026-05-16 19:05:07.428600
0cda22fb,ae577b29,5,Review,,2026-05-16 19:05:07.428611,2026-05-16 19:05:07.428611
49cc1b6a,1dc6dbd6,5,Review,Very satisfied.,2026-05-16 19:05:07.428627,2026-05-16 19:05:07.428627
fb36b9ae,c5e2e8e2,3,Review,,2026-05-16 19:05:07.428638,2026-05-16 19:05:07.428639
b5eaede6,1a593fe2,5,Review,,2026-05-16 19:05:07.428650,2026-05-16 19:05:07.428650
0e3e7d2c,dcaca9a4,4,Review,,2026-05-16 19:05:07.428661,2026-05-16 19:05:07.428661
af9f5cac,74f5459d,5,Review,,2026-05-16 19:05:07.428672,2026-05-16 19:05:07.428672
bc963798,acd82c17,1,Review,Product damaged.,2026-05-16 19:05:07.428688,2026-05-16 19:05:07.428688
abcc3043,826c89f0,3,Review,,2026-05-16 19:05:07.428699,2026-05-16 19:05:07.428699
6f53dc45,02ba8ea6,5,Review,Product damaged.,2026-05-16 19:05:07.428715,2026-05-16 19:05:07.428715
1268e5dd,2fe7f4a0,5,Review,,2026-05-16 19:05:07.428726,2026-05-16 19:05:07.428726
a6a4d697,c7c0c161,5,Review,,2026-05-16 19:05:07.428736,2026-05-16 19:05:07.428737
1dd43401,40011f02,4,Review,,2026-05-16 19:05:07.428747,2026-05-16 19:05:07.428748
9a8e2fa6,e58a37f6,5,Review,,2026-05-16 19:05:07.428758,2026-05-16 19:05:07.428758
d905922d,da35c30f,5,Review,Very satisfied.,2026-05-16 19:05:07.428774,2026-05-16 19:05:07.428774
45664d95,95c8da29,5,Review,,2026-05-16 19:05:07.428785,2026-05-16 19:05:07.428785
7ff7f48e,42c59aa3,5,Review,,2026-05-16 19:05:07.428795,2026-05-16 19:05:07.428796
3dc11d59,d108e068,5,Review,,2026-05-16 19:05:07.428808,2026-05-16 19:05:07.428808
e7ef65f6,e4d9f37d,3,Review,Arrived late.,2026-05-16 19:05:07.428824,2026-05-16 19:05:07.428824
fd310430,7868739e,3,Review,,2026-05-16 19:05:07.428835,2026-05-16 19:05:07.428835
023b17a0,4a2d7e03,5,Review,,2026-05-16 19:05:07.428846,2026-05-16 19:05:07.428846
89fd8dd2,c420d193,5,Review,,2026-05-16 19:05:07.428856,2026-05-16 19:05:07.428857
010fe37b,03771e69,5,Review,Great product!,2026-05-16 19:05:07.428872,2026-05-16 19:05:07.428873
9cbe4642,9501c443,1,Review,Bad quality.,2026-05-16 19:05:07.428889,2026-05-16 19:05:07.428889
4b2ff46b,b3d5c9b9,5,Review,,2026-05-16 19:05:07.428899,2026-05-16 19:05:07.428900
efa9fc0e,112bf4c0,5,Review,Arrived late.,2026-05-16 19:05:07.428915,2026-05-16 19:05:07.428916
b5c25ded,32cb12da,5,Review,Bad quality.,2026-05-16 19:05:07.428932,2026-05-16 19:05:07.428932
39d8fdb3,a57642d4,5,Review,,2026-05-16 19:05:07.428942,2026-05-16 19:05:07.428943
4591fe9a,38aa83f7,5,Review,,2026-05-16 19:05:07.428953,2026-05-16 19:05:07.428953
df2689a4,09aff4e9,4,Review,,2026-05-16 19:05:07.428964,2026-05-16 19:05:07.428964
69506e06,6f57c9cb,3,Review,,2026-05-16 19:05:07.428975,2026-05-16 19:05:07.428975
e9185af0,a76c2ce1,4,Review,Fast delivery.,2026-05-16 19:05:07.428991,2026-05-16 19:05:07.428991
7c5e8ce6,b0cf8bf6,4,Review,,2026-05-16 19:05:07.429003,2026-05-16 19:05:07.429003
059c0953,8ae852b4,5,Review,,2026-05-16 19:05:07.429014,2026-05-16 19:05:07.429014
76d09439,53eaedee,4,Review,,2026-05-16 19:05:07.429025,2026-05-16 19:05:07.429025
161eb43b,d5dc2d45,5,Review,,2026-05-16 19:05:07.429036,2026-05-16 19:05:07.429036
b23dbc20,3adde1f6,4,Review,Product damaged.,2026-05-16 19:05:07.429052,2026-05-16 19:05:07.429052
431c3926,114b19b4,5,Review,,2026-05-16 19:05:07.429063,2026-05-16 19:05:07.429063
5d34af43,fef9f11c,4,Review,,2026-05-16 19:05:07.429074,2026-05-16 19:05:07.429074
0b8b7199,06cb324a,4,Review,,2026-05-16 19:05:07.429084,2026-05-16 19:05:07.429085
2735070d,96232090,5,Review,,2026-05-16 19:05:07.429095,2026-05-16 19:05:07.429095
afe7eb60,594e1e31,5,Review,,2026-05-16 19:05:07.429106,2026-05-16 19:05:07.429106
170cd13b,2c131df6,4,Review,Product damaged.,2026-05-16 19:05:07.429122,2026-05-16 19:05:07.429122
f1d41fa0,fd1753e6,2,Review,Excellent service.,2026-05-16 19:05:07.429140,2026-05-16 19:05:07.429140
c8b0c049,5ede4fee,3,Review,,2026-05-16 19:05:07.429151,2026-05-16 19:05:07.429151
c05b7f45,e2225ad9,4,Review,,2026-05-16 19:05:07.429162,2026-05-16 19:05:07.429162
5ebb525a,f2ddc5aa,4,Review,,2026-05-16 19:05:07.429173,2026-05-16 19:05:07.429174
1cf90dd3,7eb06d8a,4,Review,,2026-05-16 19:05:07.429184,2026-05-16 19:05:07.429184
73ac7234,227e29e2,4,Review,,2026-05-16 19:05:07.429195,2026-05-16 19:05:07.429195
a42dbd1a,7f65e5a5,4,Review,,2026-05-16 19:05:07.429206,2026-05-16 19:05:07.429206
98b4f06e,ab9e3518,5,Review,,2026-05-16 19:05:07.429216,2026-05-16 19:05:07.429217
e5d84d42,3593b02d,4,Review,,2026-05-16 19:05:07.429228,2026-05-16 19:05:07.429229
eaae173f,458eb190,5,Review,,2026-05-16 19:05:07.429239,2026-05-16 19:05:07.429239
1e7d4560,132e7db3,5,Review,,2026-05-16 19:05:07.429250,2026-05-16 19:05:07.429250
9b75ddf1,7e931acc,5,Review,,2026-05-16 19:05:07.429260,2026-05-16 19:05:07.429260
72a81ac6,60abf98b,4,Review,Very satisfied.,2026-05-16 19:05:07.429276,2026-05-16 19:05:07.429277
8238d89b,25059d07,3,Review,,2026-05-16 19:05:07.429287,2026-05-16 19:05:07.429287
a778e682,4bf26787,5,Review,,2026-05-16 19:05:07.429298,2026-05-16 19:05:07.429298
0ebd5789,55cf53ef,5,Review,Okay product.,2026-05-16 19:05:07.429314,2026-05-16 19:05:07.429314
bd22e8bf,ef3c41c0,5,Review,,2026-05-16 19:05:07.429325,2026-05-16 19:05:07.429325
df76b982,4e6d8faa,4,Review,,2026-05-16 19:05:07.429336,2026-05-16 19:05:07.429336
3d0a1aaa,524cc4a5,5,Review,,2026-05-16 19:05:07.429346,2026-05-16 19:05:07.429347
9463b754,badb9a27,4,Review,,2026-05-16 19:05:07.429357,2026-05-16 19:05:07.429358
26156bc9,c5aaedf4,5,Review,,2026-05-16 19:05:07.429369,2026-05-16 19:05:07.429369
393b517c,894fbf4b,1,Review,Great product!,2026-05-16 19:05:07.429385,2026-05-16 19:05:07.429385
c7346e5c,bcf12f7b,5,Review,,2026-05-16 19:05:07.429396,2026-05-16 19:05:07.429396
d4f3d975,7f63e7ef,1,Review,Fast delivery.,2026-05-16 19:05:07.429411,2026-05-16 19:05:07.429412
6d7ba38e,5418e6bc,5,Review,,2026-05-16 19:05:07.429422,2026-05-16 19:05:07.429423
aa27d86f,4fdb3dea,5,Review,Product damaged.,2026-05-16 19:05:07.429439,2026-05-16 19:05:07.429439
4f5548f8,cbc88092,5,Review,,2026-05-16 19:05:07.429451,2026-05-16 19:05:07.429452
19ce2ce1,fa238d35,5,Review,,2026-05-16 19:05:07.429462,2026-05-16 19:05:07.429462
3d9a0a35,b840db66,5,Review,,2026-05-16 19:05:07.429473,2026-05-16 19:05:07.429473
1e16fa34,74b021cd,2,Review,Okay product.,2026-05-16 19:05:07.429489,2026-05-16 19:05:07.429489
6921a3a4,a968e309,5,Review,,2026-05-16 19:05:07.429500,2026-05-16 19:05:07.429500
756af3ec,90ca8207,5,Review,,2026-05-16 19:05:07.429511,2026-05-16 19:05:07.429511
6b611185,1c92be9e,3,Review,,2026-05-16 19:05:07.429521,2026-05-16 19:05:07.429522
340fd46a,255685e2,5,Review,,2026-05-16 19:05:07.429532,2026-05-16 19:05:07.429532
a3be6383,990fd8c1,5,Review,,2026-05-16 19:05:07.429543,2026-05-16 19:05:07.429543
3e06f90c,73b0139d,1,Review,Arrived late.,2026-05-16 19:05:07.429559,2026-05-16 19:05:07.429559
c5974d23,510e31ef,5,Review,,2026-05-16 19:05:07.429570,2026-05-16 19:05:07.429570
6067ff29,76d153f6,5,Review,,2026-05-16 19:05:07.429581,2026-05-16 19:05:07.429581
3cfc1df8,3a0f1f55,5,Review,Never arrived.,2026-05-16 19:05:07.429597,2026-05-16 19:05:07.429597
5d502dda,ba9eee1c,4,Review,,2026-05-16 19:05:07.429608,2026-05-16 19:05:07.429608
34dd6c5f,496b5d16,5,Review,,2026-05-16 19:05:07.429619,2026-05-16 19:05:07.429619
5e7f2114,c8886a1c,5,Review,,2026-05-16 19:05:07.429629,2026-05-16 19:05:07.429630
c7b5ac6f,dc3e4417,1,Review,Excellent service.,2026-05-16 19:05:07.429645,2026-05-16 19:05:07.429645
609032de,96bdc159,5,Review,Great product!,2026-05-16 19:05:07.429662,2026-05-16 19:05:07.429662
03b6f419,162ae40a,4,Review,,2026-05-16 19:05:07.429672,2026-05-16 19:05:07.429673
60994fbf,ec2df564,5,Review,,2026-05-16 19:05:07.429683,2026-05-16 19:05:07.429684
c584e91d,8467f37d,5,Review,,2026-05-16 19:05:07.429694,2026-05-16 19:05:07.429694
00c6889d,8de98362,4,Review,Product damaged.,2026-05-16 19:05:07.429710,2026-05-16 19:05:07.429711
4abb90ad,b8fd8d6d,4,Review,,2026-05-16 19:05:07.429722,2026-05-16 19:05:07.429722
e79e443e,46275e5f,5,Review,,2026-05-16 19:05:07.429733,2026-05-16 19:05:07.429733
a2fc113c,7b6d1ff8,3,Review,,2026-05-16 19:05:07.429744,2026-05-16 19:05:07.429744
0e148bee,3e564437,5,Review,,2026-05-16 19:05:07.429755,2026-05-16 19:05:07.429755
798f56c7,e9cb747b,5,Review,Very satisfied.,2026-05-16 19:05:07.429773,2026-05-16 19:05:07.429773
f7db5573,5b3d148b,5,Review,,2026-05-16 19:05:07.429784,2026-05-16 19:05:07.429785
b2312895,c3dad4ec,4,Review,,2026-05-16 19:05:07.429795,2026-05-16 19:05:07.429796
6e317e27,1303ed99,5,Review,,2026-05-16 19:05:07.429806,2026-05-16 19:05:07.429807
f2ae311f,eebf80f0,4,Review,Fast delivery.,2026-05-16 19:05:07.429823,2026-05-16 19:05:07.429823
d69d9ea0,39f58765,3,Review,,2026-05-16 19:05:07.429834,2026-05-16 19:05:07.429834
0b4e13db,5ec63390,5,Review,,2026-05-16 19:05:07.429845,2026-05-16 19:05:07.429845
177c4e4a,47e0d8b0,5,Review,,2026-05-16 19:05:07.429856,2026-05-16 19:05:07.429856
6fb5eed9,4de4b7ba,5,Review,,2026-05-16 19:05:07.429867,2026-05-16 19:05:07.429867
e4e017a6,37b12a78,4,Review,,2026-05-16 19:05:07.429877,2026-05-16 19:05:07.429878
387263cd,03f782a0,1,Review,Okay product.,2026-05-16 19:05:07.429893,2026-05-16 19:05:07.429894
a2b3b445,2ea59c4f,5,Review,,2026-05-16 19:05:07.429904,2026-05-16 19:05:07.429905
f295921e,88a245da,4,Review,,2026-05-16 19:05:07.429915,2026-05-16 19:05:07.429915
055b18d4,73ecb672,2,Review,Product damaged.,2026-05-16 19:05:07.429931,2026-05-16 19:05:07.429932
dbacd978,3c09e4db,3,Review,,2026-05-16 19:05:07.429942,2026-05-16 19:05:07.429943
d8574774,c253b31d,3,Review,,2026-05-16 19:05:07.429953,2026-05-16 19:05:07.429954
6ca75805,6459e472,5,Review,,2026-05-16 19:05:07.429964,2026-05-16 19:05:07.429964
a21604fe,af586056,5,Review,Product damaged.,2026-05-16 19:05:07.429980,2026-05-16 19:05:07.429980
4bd611c6,9c3bde95,5,Review,,2026-05-16 19:05:07.429991,2026-05-16 19:05:07.429991
1268194e,26f52cfa,4,Review,,2026-05-16 19:05:07.430001,2026-05-16 19:05:07.430002
27c2cf4b,1de13e7a,5,Review,,2026-05-16 19:05:07.430012,2026-05-16 19:05:07.430012
82dbe5e9,e36d7fcb,4,Review,,2026-05-16 19:05:07.430023,2026-05-16 19:05:07.430023
d231f000,2052c008,4,Review,,2026-05-16 19:05:07.430033,2026-05-16 19:05:07.430034
08c84ef6,7ae85088,1,Review,Very satisfied.,2026-05-16 19:05:07.430049,2026-05-16 19:05:07.430050
ade81045,02bd6706,4,Review,Product damaged.,2026-05-16 19:05:07.430066,2026-05-16 19:05:07.430067
c66cf50b,12c80264,1,Review,Excellent service.,2026-05-16 19:05:07.430082,2026-05-16 19:05:07.430083
72592195,dfdd9236,5,Review,,2026-05-16 19:05:07.430095,2026-05-16 19:05:07.430095
6b96388c,74a81bd6,2,Review,Excellent service.,2026-05-16 19:05:07.430111,2026-05-16 19:05:07.430111
bf6021cc,c53e6f75,5,Review,,2026-05-16 19:05:07.430121,2026-05-16 19:05:07.430122
f46e9e8a,74339801,3,Review,,2026-05-16 19:05:07.430132,2026-05-16 19:05:07.430132
e8ebcbed,019bfdeb,5,Review,,2026-05-16 19:05:07.430143,2026-05-16 19:05:07.430143
f7e9f8d6,f14bf0ad,5,Review,Product damaged.,2026-05-16 19:05:07.430159,2026-05-16 19:05:07.430159
058835ce,a820b32d,3,Review,,2026-05-16 19:05:07.430172,2026-05-16 19:05:07.430172
d750ea65,9bc823a2,1,Review,Bad quality.,2026-05-16 19:05:07.430193,2026-05-16 19:05:07.430193
3af08024,1db68f0c,1,Review,Excellent service.,2026-05-16 19:05:07.430212,2026-05-16 19:05:07.430212
9a5b0d14,292973c4,2,Review,Great product!,2026-05-16 19:05:07.430227,2026-05-16 19:05:07.430228
197c0a94,1470c5ba,1,Review,Bad quality.,2026-05-16 19:05:07.430243,2026-05-16 19:05:07.430243
56db4fed,1ade9e83,4,Review,,2026-05-16 19:05:07.430257,2026-05-16 19:05:07.430257
e9f27d8d,a041541f,5,Review,,2026-05-16 19:05:07.430271,2026-05-16 19:05:07.430271
4803275d,5f953b41,5,Review,,2026-05-16 19:05:07.430285,2026-05-16 19:05:07.430285
66821a8b,d2811ffd,1,Review,Recommend.,2026-05-16 19:05:07.430301,2026-05-16 19:05:07.430301
625de094,01828c2c,1,Review,Bad quality.,2026-05-16 19:05:07.430317,2026-05-16 19:05:07.430317
4cddde2c,8d79019b,5,Review,,2026-05-16 19:05:07.430328,2026-05-16 19:05:07.430328
5f036a62,4182bd90,3,Review,Great product!,2026-05-16 19:05:07.430344,2026-05-16 19:05:07.430345
9a290711,58d6a9a6,5,Review,,2026-05-16 19:05:07.430357,2026-05-16 19:05:07.430357
c7c3a00d,2a4b8f5e,5,Review,,2026-05-16 19:05:07.430371,2026-05-16 19:05:07.430372
d0322011,eb385f31,4,Review,,2026-05-16 19:05:07.430386,2026-05-16 19:05:07.430386
8b48ddcc,b61b5671,5,Review,,2026-05-16 19:05:07.430400,2026-05-16 19:05:07.430401
cd2fda56,7a02cf6b,5,Review,Great product!,2026-05-16 19:05:07.430417,2026-05-16 19:05:07.430417
2a9449f1,b5b65ba6,4,Review,,2026-05-16 19:05:07.430428,2026-05-16 19:05:07.430428
9802c0d5,f6488bc4,5,Review,,2026-05-16 19:05:07.430439,2026-05-16 19:05:07.430439
ac15fb19,1199167c,5,Review,,2026-05-16 19:05:07.430450,2026-05-16 19:05:07.430450
662737d1,68f5a484,5,Review,,2026-05-16 19:05:07.430463,2026-05-16 19:05:07.430464
a13549d7,686a4380,4,Review,,2026-05-16 19:05:07.430474,2026-05-16 19:05:07.430474
cd3cb160,b1e4face,5,Review,,2026-05-16 19:05:07.430485,2026-05-16 19:05:07.430485
2b5fe6b2,532b7a1b,5,Review,,2026-05-16 19:05:07.430495,2026-05-16 19:05:07.430495
bc98ae43,f763325b,1,Review,Recommend.,2026-05-16 19:05:07.430513,2026-05-16 19:05:07.430513
2d41692e,7cf22bb5,5,Review,,2026-05-16 19:05:07.430528,2026-05-16 19:05:07.430528
5a6b98b9,b8d5ea22,5,Review,,2026-05-16 19:05:07.430542,2026-05-16 19:05:07.430543
600dee12,4dd4d0a7,5,Review,,2026-05-16 19:05:07.430553,2026-05-16 19:05:07.430553
f25a4ddf,85e91d8a,5,Review,,2026-05-16 19:05:07.430564,2026-05-16 19:05:07.430564
57dd8a0a,1c8ebfa2,5,Review,Fast delivery.,2026-05-16 19:05:07.430580,2026-05-16 19:05:07.430580
2c829627,d7d8abbf,5,Review,Bad quality.,2026-05-16 19:05:07.430596,2026-05-16 19:05:07.430597
d391e06d,3b8a66e6,5,Review,Excellent service.,2026-05-16 19:05:07.430613,2026-05-16 19:05:07.430613
8e283662,b4aa55f7,5,Review,Great product!,2026-05-16 19:05:07.430629,2026-05-16 19:05:07.430629
a2343d14,bb8ee8c3,5,Review,,2026-05-16 19:05:07.430640,2026-05-16 19:05:07.430640
64b54024,25ef80fa,5,Review,,2026-05-16 19:05:07.430651,2026-05-16 19:05:07.430651
8b301356,c3624ddf,5,Review,Bad quality.,2026-05-16 19:05:07.430667,2026-05-16 19:05:07.430667
f16cea9d,47ba5eef,5,Review,Okay product.,2026-05-16 19:05:07.430683,2026-05-16 19:05:07.430683
7b9589fe,896ab698,5,Review,,2026-05-16 19:05:07.430694,2026-05-16 19:05:07.430694
f3f019a4,3b9161c3,3,Review,Bad quality.,2026-05-16 19:05:07.430710,2026-05-16 19:05:07.430710
282d4646,70c261e8,5,Review,Excellent service.,2026-05-16 19:05:07.430726,2026-05-16 19:05:07.430726
cd534f56,301f13d6,5,Review,,2026-05-16 19:05:07.430737,2026-05-16 19:05:07.430737
420e9d2c,7ec6bc34,5,Review,Excellent service.,2026-05-16 19:05:07.430758,2026-05-16 19:05:07.430759
55d89e83,014e2e54,5,Review,,2026-05-16 19:05:07.430773,2026-05-16 19:05:07.430774
8fdaa162,fa47db39,5,Review,Very satisfied.,2026-05-16 19:05:07.430789,2026-05-16 19:05:07.430790
a229ef45,e34374e7,3,Review,,2026-05-16 19:05:07.430800,2026-05-16 19:05:07.430801
08cc217c,4a0b1f5d,4,Review,,2026-05-16 19:05:07.430811,2026-05-16 19:05:07.430811
e224fbb9,8a741b06,5,Review,Bad quality.,2026-05-16 19:05:07.430827,2026-05-16 19:05:07.430827
60feef9f,d276dc36,5,Review,,2026-05-16 19:05:07.430838,2026-05-16 19:05:07.430838
143bf96d,b37c1c7c,5,Review,,2026-05-16 19:05:07.430848,2026-05-16 19:05:07.430849
c8cebcb9,9dac141b,3,Review,,2026-05-16 19:05:07.430860,2026-05-16 19:05:07.430860
d284bf6c,edb38b04,3,Review,,2026-05-16 19:05:07.430874,2026-05-16 19:05:07.430875
e7674d5f,ff6f3b86,5,Review,,2026-05-16 19:05:07.430889,2026-05-16 19:05:07.430889
2960cacc,84d87e63,1,Review,Never arrived.,2026-05-16 19:05:07.430908,2026-05-16 19:05:07.430909
8ab0de53,dd07c892,5,Review,,2026-05-16 19:05:07.430919,2026-05-16 19:05:07.430920
d8ae7cf2,cd1cc6fa,5,Review,,2026-05-16 19:05:07.430930,2026-05-16 19:05:07.430930
628fdbcd,6a63efaf,5,Review,Okay product.,2026-05-16 19:05:07.430946,2026-05-16 19:05:07.430946
224fd482,69c61a69,1,Review,Excellent service.,2026-05-16 19:05:07.430962,2026-05-16 19:05:07.430962
c34841e3,45585277,4,Review,,2026-05-16 19:05:07.430973,2026-05-16 19:05:07.430973
f08a2422,0d229c5e,4,Review,,2026-05-16 19:05:07.430985,2026-05-16 19:05:07.430986
5b12baef,d9503e3a,5,Review,,2026-05-16 19:05:07.430996,2026-05-16 19:05:07.430997
7f9b5db5,6019af54,3,Review,,2026-05-16 19:05:07.431007,2026-05-16 19:05:07.431008
cbf7fec3,aebe7a74,4,Review,,2026-05-16 19:05:07.431019,2026-05-16 19:05:07.431019
fec46467,55407090,1,Review,Fast delivery.,2026-05-16 19:05:07.431035,2026-05-16 19:05:07.431035
c7e43b2c,533fdd99,5,Review,,2026-05-16 19:05:07.431046,2026-05-16 19:05:07.431046
c1f3d086,f7e27fd2,5,Review,Excellent service.,2026-05-16 19:05:07.431062,2026-05-16 19:05:07.431063
61ce91d7,cc6e94d6,1,Review,Recommend.,2026-05-16 19:05:07.431078,2026-05-16 19:05:07.431079
bdae44c1,2d525992,3,Review,,2026-05-16 19:05:07.431089,2026-05-16 19:05:07.431089
3e8816ca,0175926b,4,Review,,2026-05-16 19:05:07.431100,2026-05-16 19:05:07.431100
fedb9bad,ce400cf3,4,Review,,2026-05-16 19:05:07.431111,2026-05-16 19:05:07.431111
7f3d3c65,656c90fe,2,Review,Excellent service.,2026-05-16 19:05:07.431127,2026-05-16 19:05:07.431127
549786e5,aaf36e5f,2,Review,Arrived late.,2026-05-16 19:05:07.431143,2026-05-16 19:05:07.431143
0683ccd0,a6f10a85,4,Review,,2026-05-16 19:05:07.431154,2026-05-16 19:05:07.431154
85a1d248,19dc7dd8,5,Review,,2026-05-16 19:05:07.431166,2026-05-16 19:05:07.431166
ed0ee8e7,c9e476fe,4,Review,,2026-05-16 19:05:07.431177,2026-05-16 19:05:07.431177
3082a9b8,c5108195,2,Review,Never arrived.,2026-05-16 19:05:07.431192,2026-05-16 19:05:07.431193
02a36eb5,870a9ee4,5,Review,,2026-05-16 19:05:07.431204,2026-05-16 19:05:07.431204
8183091f,24beba4a,1,Review,Fast delivery.,2026-05-16 19:05:07.431220,2026-05-16 19:05:07.431220
a1d55e8b,5dd3fe8a,1,Review,Bad quality.,2026-05-16 19:05:07.431235,2026-05-16 19:05:07.431236
dce02e80,eb83c6c2,3,Review,,2026-05-16 19:05:07.431246,2026-05-16 19:05:07.431247
afb78475,3a110fce,5,Review,Never arrived.,2026-05-16 19:05:07.431262,2026-05-16 19:05:07.431262
14142507,e0d7c433,4,Review,,2026-05-16 19:05:07.431273,2026-05-16 19:05:07.431273
598f8a1d,e82e8dfb,5,Review,,2026-05-16 19:05:07.431284,2026-05-16 19:05:07.431284
2607e05f,9e554464,4,Review,,2026-05-16 19:05:07.431295,2026-05-16 19:05:07.431295
202fa415,3e4b2148,4,Review,,2026-05-16 19:05:07.431305,2026-05-16 19:05:07.431306
0e702aa6,dc60cae5,2,Review,Very satisfied.,2026-05-16 19:05:07.431321,2026-05-16 19:05:07.431321
65f4af8a,43dfe131,4,Review,,2026-05-16 19:05:07.431332,2026-05-16 19:05:07.431333
9cd10b6f,1a86e3b5,3,Review,,2026-05-16 19:05:07.431343,2026-05-16 19:05:07.431344
d80bb57a,e02431a5,5,Review,Arrived late.,2026-05-16 19:05:07.431360,2026-05-16 19:05:07.431360
af09d674,a79bdd15,1,Review,Excellent service.,2026-05-16 19:05:07.431376,2026-05-16 19:05:07.431376
7422bf9b,f7af7e69,5,Review,,2026-05-16 19:05:07.431387,2026-05-16 19:05:07.431387
a7026afb,a3166423,5,Review,Bad quality.,2026-05-16 19:05:07.431404,2026-05-16 19:05:07.431404
66e3a6c2,5c4aed1f,5,Review,,2026-05-16 19:05:07.431415,2026-05-16 19:05:07.431416
620149e3,66dcd034,5,Review,,2026-05-16 19:05:07.431426,2026-05-16 19:05:07.431427
045167e6,025f394c,5,Review,,2026-05-16 19:05:07.431438,2026-05-16 19:05:07.431438
4372593e,552a60c0,5,Review,Arrived late.,2026-05-16 19:05:07.431454,2026-05-16 19:05:07.431455
677bc627,3b9aae48,5,Review,,2026-05-16 19:05:07.431466,2026-05-16 19:05:07.431466
28161455,192f0090,5,Review,,2026-05-16 19:05:07.431477,2026-05-16 19:05:07.431477
b89b49f6,117b4455,3,Review,,2026-05-16 19:05:07.431488,2026-05-16 19:05:07.431489
0b9f6d09,a5f8d78e,5,Review,,2026-05-16 19:05:07.431501,2026-05-16 19:05:07.431501
ad5eba49,17ac1283,4,Review,Okay product.,2026-05-16 19:05:07.431517,2026-05-16 19:05:07.431517
72d1fb46,cc33c105,5,Review,,2026-05-16 19:05:07.431528,2026-05-16 19:05:07.431528
64f89279,6e9faed3,4,Review,,2026-05-16 19:05:07.431539,2026-05-16 19:05:07.431539
fbf3616a,0a1ab960,4,Review,,2026-05-16 19:05:07.431550,2026-05-16 19:05:07.431550
f70c0c32,23f42dee,5,Review,,2026-05-16 19:05:07.431561,2026-05-16 19:05:07.431561
78a0fc22,6428735e,4,Review,,2026-05-16 19:05:07.431572,2026-05-16 19:05:07.431572
ebe701b8,e6c6ffd3,4,Review,,2026-05-16 19:05:07.431582,2026-05-16 19:05:07.431583
f34ddfee,7e850724,5,Review,,2026-05-16 19:05:07.431593,2026-05-16 19:05:07.431593
94b260dd,53333867,1,Review,Never arrived.,2026-05-16 19:05:07.431609,2026-05-16 19:05:07.431610
0db18c6e,0c6c433f,5,Review,,2026-05-16 19:05:07.431621,2026-05-16 19:05:07.431621
2485029d,39b8eaea,5,Review,,2026-05-16 19:05:07.431632,2026-05-16 19:05:07.431632
38e6702c,bca7bb4c,4,Review,,2026-05-16 19:05:07.431643,2026-05-16 19:05:07.431643
9cb200e4,875e30dc,5,Review,,2026-05-16 19:05:07.431653,2026-05-16 19:05:07.431654
ce8f2039,e53ab05b,5,Review,,2026-05-16 19:05:07.431664,2026-05-16 19:05:07.431664
04ba2d8a,3d8823e9,5,Review,,2026-05-16 19:05:07.431675,2026-05-16 19:05:07.431675
dedc5bc5,78f22e00,4,Review,,2026-05-16 19:05:07.431686,2026-05-16 19:05:07.431686
0fa1e928,678b8435,3,Review,,2026-05-16 19:05:07.431696,2026-05-16 19:05:07.431697
8ab3eb69,b1e218bf,5,Review,,2026-05-16 19:05:07.431707,2026-05-16 19:05:07.431707
a9684cb9,2e24e289,4,Review,,2026-05-16 19:05:07.431717,2026-05-16 19:05:07.431718
83590c58,c1206f90,1,Review,Very satisfied.,2026-05-16 19:05:07.431733,2026-05-16 19:05:07.431734
18ad085c,d486782a,5,Review,,2026-05-16 19:05:07.431744,2026-05-16 19:05:07.431744
f65902ce,97d8a2a7,3,Review,,2026-05-16 19:05:07.431755,2026-05-16 19:05:07.431755
d411028a,7ce871af,5,Review,,2026-05-16 19:05:07.431765,2026-05-16 19:05:07.431766
d047c14b,c25157af,3,Review,Bad quality.,2026-05-16 19:05:07.431781,2026-05-16 19:05:07.431782
efab5ee9,14584c55,5,Review,,2026-05-16 19:05:07.431792,2026-05-16 19:05:07.431792
cfccc2d1,7dc02e3d,5,Review,,2026-05-16 19:05:07.431803,2026-05-16 19:05:07.431804
f4413f91,35e653f6,4,Review,,2026-05-16 19:05:07.431814,2026-05-16 19:05:07.431814
c3ab521f,2e03aad9,1,Review,Excellent service.,2026-05-16 19:05:07.431831,2026-05-16 19:05:07.431832
ea141e98,0167bdd5,4,Review,,2026-05-16 19:05:07.431842,2026-05-16 19:05:07.431842
66669d7e,20ebfee2,5,Review,,2026-05-16 19:05:07.431853,2026-05-16 19:05:07.431853
973f338e,05448fa4,4,Review,,2026-05-16 19:05:07.431864,2026-05-16 19:05:07.431864
e1e5c7b0,04c9f194,5,Review,,2026-05-16 19:05:07.431874,2026-05-16 19:05:07.431875
32c5d328,4d4e5181,5,Review,,2026-05-16 19:05:07.431885,2026-05-16 19:05:07.431885
9ea10e88,64b24dfa,5,Review,,2026-05-16 19:05:07.431896,2026-05-16 19:05:07.431896
2dbcbf6b,05311794,4,Review,,2026-05-16 19:05:07.431906,2026-05-16 19:05:07.431906
48cad0e2,8286fac1,5,Review,,2026-05-16 19:05:07.431917,2026-05-16 19:05:07.431917
d45bd1e9,dac06ca6,1,Review,Never arrived.,2026-05-16 19:05:07.431933,2026-05-16 19:05:07.431933
18364da3,df877dbc,4,Review,Arrived late.,2026-05-16 19:05:07.431949,2026-05-16 19:05:07.431949
f99cff2e,36021a80,5,Review,,2026-05-16 19:05:07.431960,2026-05-16 19:05:07.431960
33b5ae46,5b876566,5,Review,,2026-05-16 19:05:07.431970,2026-05-16 19:05:07.431971
63a8a194,fb61e3dd,3,Review,,2026-05-16 19:05:07.431981,2026-05-16 19:05:07.431981
989c28a0,d0082c15,5,Review,,2026-05-16 19:05:07.431992,2026-05-16 19:05:07.431992
b31a8a06,7452ce9f,5,Review,,2026-05-16 19:05:07.432002,2026-05-16 19:05:07.432003
f9a4e223,92fbf08c,5,Review,,2026-05-16 19:05:07.432013,2026-05-16 19:05:07.432013
71267112,0d0d5085,1,Review,Recommend.,2026-05-16 19:05:07.432029,2026-05-16 19:05:07.432029
37d611db,17c19e94,5,Review,,2026-05-16 19:05:07.432040,2026-05-16 19:05:07.432040
05a40a1a,dd059c3f,4,Review,,2026-05-16 19:05:07.432050,2026-05-16 19:05:07.432051
59e7e025,74b71d36,5,Review,,2026-05-16 19:05:07.432061,2026-05-16 19:05:07.432061
46da797a,755552c6,2,Review,Bad quality.,2026-05-16 19:05:07.432077,2026-05-16 19:05:07.432077
41b4be7b,58b3fb9b,3,Review,,2026-05-16 19:05:07.432087,2026-05-16 19:05:07.432088
745861db,246a165d,5,Review,,2026-05-16 19:05:07.432098,2026-05-16 19:05:07.432098
ee1fcb1b,ecf8dd63,5,Review,,2026-05-16 19:05:07.432109,2026-05-16 19:05:07.432109
430444a9,2f88b44b,5,Review,,2026-05-16 19:05:07.432120,2026-05-16 19:05:07.432120
9c6ed415,dc08e59b,1,Review,Never arrived.,2026-05-16 19:05:07.432135,2026-05-16 19:05:07.432136
eb666df1,ba49ecbb,5,Review,,2026-05-16 19:05:07.432146,2026-05-16 19:05:07.432146
b4d1b2d2,a2af894c,5,Review,,2026-05-16 19:05:07.432157,2026-05-16 19:05:07.432157
57769a86,7de6b82d,2,Review,Okay product.,2026-05-16 19:05:07.432172,2026-05-16 19:05:07.432173
cb33bb85,fcf3a636,5,Review,,2026-05-16 19:05:07.432184,2026-05-16 19:05:07.432184
ff8b5baa,04cb34dd,5,Review,,2026-05-16 19:05:07.432195,2026-05-16 19:05:07.432196
a705395f,c68f4989,1,Review,Recommend.,2026-05-16 19:05:07.432211,2026-05-16 19:05:07.432211
f08fceed,8d589a64,1,Review,Recommend.,2026-05-16 19:05:07.432227,2026-05-16 19:05:07.432228
683624f7,47ef2198,4,Review,,2026-05-16 19:05:07.432238,2026-05-16 19:05:07.432239
83e48b1d,e1e32501,3,Review,,2026-05-16 19:05:07.432249,2026-05-16 19:05:07.432249
38362389,5a0667ab,5,Review,,2026-05-16 19:05:07.432260,2026-05-16 19:05:07.432260
03b4363f,6622ba0f,3,Review,,2026-05-16 19:05:07.432270,2026-05-16 19:05:07.432271
8c5c32c5,e860f67b,5,Review,,2026-05-16 19:05:07.432281,2026-05-16 19:05:07.432281
a34c9ce6,4c85f4b0,5,Review,Arrived late.,2026-05-16 19:05:07.432297,2026-05-16 19:05:07.432297
addf4340,4bffef28,4,Review,,2026-05-16 19:05:07.432308,2026-05-16 19:05:07.432308
58b55b2e,0ded8c16,5,Review,,2026-05-16 19:05:07.432319,2026-05-16 19:05:07.432319
1d309f98,f21a28e4,5,Review,,2026-05-16 19:05:07.432329,2026-05-16 19:05:07.432330
af332622,53ee663d,4,Review,Recommend.,2026-05-16 19:05:07.432345,2026-05-16 19:05:07.432346
54712109,afca34c3,1,Review,Bad quality.,2026-05-16 19:05:07.432361,2026-05-16 19:05:07.432362
5430a6aa,12255047,5,Review,,2026-05-16 19:05:07.432372,2026-05-16 19:05:07.432372
6d8250fa,a43beed6,2,Review,Okay product.,2026-05-16 19:05:07.432388,2026-05-16 19:05:07.432388
78a23ec7,aae047f9,5,Review,Excellent service.,2026-05-16 19:05:07.432404,2026-05-16 19:05:07.432404
7864d60b,6f2dea29,5,Review,,2026-05-16 19:05:07.432415,2026-05-16 19:05:07.432415
92a8899d,e6dfae45,4,Review,,2026-05-16 19:05:07.432425,2026-05-16 19:05:07.432426
df22731f,257e8f3b,5,Review,Fast delivery.,2026-05-16 19:05:07.432441,2026-05-16 19:05:07.432442
60092a62,b31be2d8,5,Review,Fast delivery.,2026-05-16 19:05:07.432458,2026-05-16 19:05:07.432458
0ff367c1,055f55ca,5,Review,,2026-05-16 19:05:07.432469,2026-05-16 19:05:07.432470
f104cd53,de82df43,1,Review,Recommend.,2026-05-16 19:05:07.432485,2026-05-16 19:05:07.432485
54706bd4,62de27c7,5,Review,,2026-05-16 19:05:07.432496,2026-05-16 19:05:07.432496
1213881e,85fa89d3,2,Review,Okay product.,2026-05-16 19:05:07.432512,2026-05-16 19:05:07.432512
2a666d96,74db527f,3,Review,,2026-05-16 19:05:07.432522,2026-05-16 19:05:07.432523
25f8d357,0fb65d91,2,Review,Bad quality.,2026-05-16 19:05:07.432538,2026-05-16 19:05:07.432538
753f37d3,8cae2fd8,4,Review,,2026-05-16 19:05:07.432549,2026-05-16 19:05:07.432549
8f0ebdb0,8f0e3111,5,Review,,2026-05-16 19:05:07.432560,2026-05-16 19:05:07.432560
410078cf,c1a072e8,5,Review,Product damaged.,2026-05-16 19:05:07.432576,2026-05-16 19:05:07.432576
972c729b,7a435b79,5,Review,,2026-05-16 19:05:07.432586,2026-05-16 19:05:07.432587
74cd7106,fcd48659,3,Review,Never arrived.,2026-05-16 19:05:07.432605,2026-05-16 19:05:07.432605
924f6b8e,a90526c2,5,Review,,2026-05-16 19:05:07.432616,2026-05-16 19:05:07.432616
5ecdafb3,1d4ea0ef,3,Review,,2026-05-16 19:05:07.432627,2026-05-16 19:05:07.432627
d4459cb0,e0583903,4,Review,,2026-05-16 19:05:07.432638,2026-05-16 19:05:07.432638
4d021ff0,cd1e18d5,1,Review,Product damaged.,2026-05-16 19:05:07.432654,2026-05-16 19:05:07.432654
c3df3837,2ce68691,1,Review,Arrived late.,2026-05-16 19:05:07.432670,2026-05-16 19:05:07.432670
fce57ecc,a72d3f3c,4,Review,,2026-05-16 19:05:07.432681,2026-05-16 19:05:07.432681
e73c073e,996b4ef3,4,Review,,2026-05-16 19:05:07.432691,2026-05-16 19:05:07.432692
8099c52c,20f3b81a,4,Review,,2026-05-16 19:05:07.432703,2026-05-16 19:05:07.432703
b630a43c,606bc499,5,Review,,2026-05-16 19:05:07.432714,2026-05-16 19:05:07.432714
526d8679,536a5244,5,Review,,2026-05-16 19:05:07.432724,2026-05-16 19:05:07.432724
4550c01f,9f4cbc5b,4,Review,,2026-05-16 19:05:07.432735,2026-05-16 19:05:07.432735
7c2fa05e,007b9bdf,4,Review,,2026-05-16 19:05:07.432745,2026-05-16 19:05:07.432746
8686442a,7b6273bf,5,Review,Okay product.,2026-05-16 19:05:07.432761,2026-05-16 19:05:07.432761
06794fb2,bc715d37,5,Review,,2026-05-16 19:05:07.432774,2026-05-16 19:05:07.432774
7244e670,38566e97,5,Review,,2026-05-16 19:05:07.432785,2026-05-16 19:05:07.432785
2f87e114,acfb109e,5,Review,,2026-05-16 19:05:07.432795,2026-05-16 19:05:07.432796
74834a01,825057dd,2,Review,Excellent service.,2026-05-16 19:05:07.432811,2026-05-16 19:05:07.432811
f8207cfa,40258af0,2,Review,Very satisfied.,2026-05-16 19:05:07.432827,2026-05-16 19:05:07.432827
42e2f0c2,86ce8d15,5,Review,Arrived late.,2026-05-16 19:05:07.432843,2026-05-16 19:05:07.432843
1ca0f216,77ee7ea7,3,Review,,2026-05-16 19:05:07.432854,2026-05-16 19:05:07.432854
b76b1985,f5979b39,5,Review,,2026-05-16 19:05:07.432865,2026-05-16 19:05:07.432865
2e034c9a,a31ac154,1,Review,Never arrived.,2026-05-16 19:05:07.432880,2026-05-16 19:05:07.432881
c6cd8893,a5551ce1,2,Review,Very satisfied.,2026-05-16 19:05:07.432896,2026-05-16 19:05:07.432896
b444c03d,586e27af,3,Review,,2026-05-16 19:05:07.432907,2026-05-16 19:05:07.432907
bf4dccec,07ebc7e8,4,Review,,2026-05-16 19:05:07.432918,2026-05-16 19:05:07.432918
370cc12a,f9f0a455,1,Review,Product damaged.,2026-05-16 19:05:07.432933,2026-05-16 19:05:07.432934
35b3e8b4,2a0c8fba,2,Review,Product damaged.,2026-05-16 19:05:07.432951,2026-05-16 19:05:07.432951
9686dbc4,e93d19bd,5,Review,,2026-05-16 19:05:07.432962,2026-05-16 19:05:07.432962
412a6ffb,8cd2b192,5,Review,,2026-05-16 19:05:07.432972,2026-05-16 19:05:07.432973
ec547142,76584dd5,3,Review,,2026-05-16 19:05:07.432983,2026-05-16 19:05:07.432983
36c14c76,d0072f1b,3,Review,,2026-05-16 19:05:07.432994,2026-05-16 19:05:07.432994
b9e3199d,5dc453c4,5,Review,,2026-05-16 19:05:07.433004,2026-05-16 19:05:07.433005
e718ca6c,959f1d9d,5,Review,,2026-05-16 19:05:07.433016,2026-05-16 19:05:07.433016
1fc2aebd,0dbe05f5,5,Review,,2026-05-16 19:05:07.433027,2026-05-16 19:05:07.433027
59de442c,2908608a,4,Review,,2026-05-16 19:05:07.433038,2026-05-16 19:05:07.433038
46c917a3,e782853f,5,Review,Fast delivery.,2026-05-16 19:05:07.433054,2026-05-16 19:05:07.433054
01916757,36ff698f,5,Review,,2026-05-16 19:05:07.433066,2026-05-16 19:05:07.433066
b4ac6f59,1fddf9a5,4,Review,,2026-05-16 19:05:07.433077,2026-05-16 19:05:07.433077
d8f120df,01378636,5,Review,,2026-05-16 19:05:07.433088,2026-05-16 19:05:07.433088
b90f1464,078e3886,5,Review,,2026-05-16 19:05:07.433101,2026-05-16 19:05:07.433101
92ec9b4d,3030bced,5,Review,Fast delivery.,2026-05-16 19:05:07.433117,2026-05-16 19:05:07.433117
5f1ba5a2,1bf14edb,5,Review,,2026-05-16 19:05:07.433129,2026-05-16 19:05:07.433129
5bbfd09b,b7514061,5,Review,,2026-05-16 19:05:07.433140,2026-05-16 19:05:07.433140
a003465f,04cc6d47,5,Review,Arrived late.,2026-05-16 19:05:07.433157,2026-05-16 19:05:07.433157
cfd2f416,902d62c1,5,Review,,2026-05-16 19:05:07.433169,2026-05-16 19:05:07.433169
5578c5ca,a5b4b374,5,Review,,2026-05-16 19:05:07.433180,2026-05-16 19:05:07.433181
9003f918,b8c310d2,5,Review,,2026-05-16 19:05:07.433192,2026-05-16 19:05:07.433192
25b80e12,bd11d1b2,4,Review,,2026-05-16 19:05:07.433203,2026-05-16 19:05:07.433204
673a0c91,a12d1bac,5,Review,,2026-05-16 19:05:07.433215,2026-05-16 19:05:07.433215
4307402d,8748b327,3,Review,,2026-05-16 19:05:07.433226,2026-05-16 19:05:07.433227
8a3f403b,9b721e9d,5,Review,,2026-05-16 19:05:07.433238,2026-05-16 19:05:07.433238
893219ca,43d7bf3b,5,Review,,2026-05-16 19:05:07.433249,2026-05-16 19:05:07.433250
9a59de77,7783ffd0,5,Review,,2026-05-16 19:05:07.433260,2026-05-16 19:05:07.433261
39cd2a18,6e4e2449,5,Review,,2026-05-16 19:05:07.433271,2026-05-16 19:05:07.433272
007526b5,6a9269ef,5,Review,,2026-05-16 19:05:07.433283,2026-05-16 19:05:07.433283
a16c62fe,47073291,5,Review,,2026-05-16 19:05:07.433294,2026-05-16 19:05:07.433294
d694ddde,40303b06,5,Review,,2026-05-16 19:05:07.433305,2026-05-16 19:05:07.433306
43ea40e6,0e221ff9,5,Review,,2026-05-16 19:05:07.433317,2026-05-16 19:05:07.433317
d00a087e,445c2f0d,1,Review,Never arrived.,2026-05-16 19:05:07.433334,2026-05-16 19:05:07.433334
28e60f12,fb0cec7a,2,Review,Arrived late.,2026-05-16 19:05:07.433350,2026-05-16 19:05:07.433351
128d05dd,cde7aaae,5,Review,,2026-05-16 19:05:07.433362,2026-05-16 19:05:07.433362
21f22062,ae99ed11,2,Review,Okay product.,2026-05-16 19:05:07.433378,2026-05-16 19:05:07.433379
2637e79b,68d8cc0f,5,Review,,2026-05-16 19:05:07.433389,2026-05-16 19:05:07.433390
a94e01bb,833a975b,4,Review,,2026-05-16 19:05:07.433400,2026-05-16 19:05:07.433401
5983a797,dbf0eacc,5,Review,,2026-05-16 19:05:07.433411,2026-05-16 19:05:07.433412
75b65dc6,47b0f2d9,5,Review,,2026-05-16 19:05:07.433422,2026-05-16 19:05:07.433422
da9ba90c,f7c2450d,1,Review,Bad quality.,2026-05-16 19:05:07.433438,2026-05-16 19:05:07.433438
eeef06b0,1877c968,5,Review,,2026-05-16 19:05:07.433448,2026-05-16 19:05:07.433449
1c2fb00f,337f8eed,1,Review,Okay product.,2026-05-16 19:05:07.433464,2026-05-16 19:05:07.433464
bfec72c8,247af9f8,3,Review,,2026-05-16 19:05:07.433475,2026-05-16 19:05:07.433475
d2fe96d0,704ae292,5,Review,,2026-05-16 19:05:07.433486,2026-05-16 19:05:07.433486
7ab693c8,57998d2c,5,Review,,2026-05-16 19:05:07.433496,2026-05-16 19:05:07.433497
1682617e,308a937e,4,Review,Great product!,2026-05-16 19:05:07.433513,2026-05-16 19:05:07.433513
279321d7,78ed6a67,2,Review,Product damaged.,2026-05-16 19:05:07.433528,2026-05-16 19:05:07.433529
f4b01e94,ae3f6a60,5,Review,,2026-05-16 19:05:07.433539,2026-05-16 19:05:07.433540
25a0712a,2c2383b0,5,Review,,2026-05-16 19:05:07.433550,2026-05-16 19:05:07.433550
673869be,bd0d09a3,3,Review,,2026-05-16 19:05:07.433560,2026-05-16 19:05:07.433561
468c6e95,25c6b774,4,Review,,2026-05-16 19:05:07.433571,2026-05-16 19:05:07.433571
f3ccda37,0a431463,5,Review,Product damaged.,2026-05-16 19:05:07.433588,2026-05-16 19:05:07.433589
133c5504,6c4fdda9,5,Review,Recommend.,2026-05-16 19:05:07.433611,2026-05-16 19:05:07.433611
4365cdca,264d351f,5,Review,,2026-05-16 19:05:07.433625,2026-05-16 19:05:07.433626
b4742001,5e652577,5,Review,,2026-05-16 19:05:07.433636,2026-05-16 19:05:07.433637
339882cb,52e62cc2,5,Review,,2026-05-16 19:05:07.433647,2026-05-16 19:05:07.433648
494fe11e,9843bdaa,5,Review,,2026-05-16 19:05:07.433658,2026-05-16 19:05:07.433658
ddc1a15d,8faa8282,1,Review,Okay product.,2026-05-16 19:05:07.433673,2026-05-16 19:05:07.433674
91c04d72,473f869c,5,Review,,2026-05-16 19:05:07.433684,2026-05-16 19:05:07.433685
df56ab1e,52957fe2,5,Review,,2026-05-16 19:05:07.433695,2026-05-16 19:05:07.433695
4c3d4497,d43d59bc,3,Review,Great product!,2026-05-16 19:05:07.433711,2026-05-16 19:05:07.433712
0d11ecad,6b73a202,5,Review,,2026-05-16 19:05:07.433722,2026-05-16 19:05:07.433723
6cd628fe,a70b0804,2,Review,Very satisfied.,2026-05-16 19:05:07.433738,2026-05-16 19:05:07.433738
46bd8a5d,06c366dd,5,Review,,2026-05-16 19:05:07.433749,2026-05-16 19:05:07.433749
45d7cb29,f7b8f0e8,4,Review,,2026-05-16 19:05:07.433760,2026-05-16 19:05:07.433760
5ba4f526,11b224b3,5,Review,Fast delivery.,2026-05-16 19:05:07.433776,2026-05-16 19:05:07.433776
80951f92,bc5ff6ec,5,Review,Never arrived.,2026-05-16 19:05:07.433793,2026-05-16 19:05:07.433794
338b30d7,73b0e10c,1,Review,Great product!,2026-05-16 19:05:07.433815,2026-05-16 19:05:07.433815
158c2fb9,ec7119be,1,Review,Product damaged.,2026-05-16 19:05:07.433834,2026-05-16 19:05:07.433834
dd321b3e,ddd7f798,1,Review,Okay product.,2026-05-16 19:05:07.433851,2026-05-16 19:05:07.433851
397c8623,b6c971de,5,Review,,2026-05-16 19:05:07.433862,2026-05-16 19:05:07.433862
9076ebd6,ab52b57d,1,Review,Recommend.,2026-05-16 19:05:07.433878,2026-05-16 19:05:07.433878
10e249b3,04d9d3b6,5,Review,,2026-05-16 19:05:07.433889,2026-05-16 19:05:07.433889
e4c078b5,88b2df74,4,Review,,2026-05-16 19:05:07.433900,2026-05-16 19:05:07.433900
57160266,1ef1a56a,3,Review,Very satisfied.,2026-05-16 19:05:07.433916,2026-05-16 19:05:07.433916
dd8d78ee,8aae35eb,3,Review,,2026-05-16 19:05:07.433926,2026-05-16 19:05:07.433927
fec9900e,32fc4ec3,5,Review,,2026-05-16 19:05:07.433937,2026-05-16 19:05:07.433937
ef807afb,8698d6bb,3,Review,,2026-05-16 19:05:07.433949,2026-05-16 19:05:07.433950
0fb9d2aa,664d0ecc,1,Review,Product damaged.,2026-05-16 19:05:07.433965,2026-05-16 19:05:07.433965
a4196c48,f77a22bd,1,Review,Okay product.,2026-05-16 19:05:07.433981,2026-05-16 19:05:07.433981
519774fe,5e93960d,5,Review,,2026-05-16 19:05:07.433991,2026-05-16 19:05:07.433992
0318b564,f2d65a6a,5,Review,,2026-05-16 19:05:07.434002,2026-05-16 19:05:07.434003
8be104dd,bc305baf,3,Review,,2026-05-16 19:05:07.434013,2026-05-16 19:05:07.434014
773b931d,629d9731,5,Review,,2026-05-16 19:05:07.434024,2026-05-16 19:05:07.434025
37159e78,14212dbf,5,Review,Excellent service.,2026-05-16 19:05:07.434040,2026-05-16 19:05:07.434041
4646e5fc,8ddf6b67,4,Review,,2026-05-16 19:05:07.434051,2026-05-16 19:05:07.434052
33a431bc,a22b7276,5,Review,,2026-05-16 19:05:07.434062,2026-05-16 19:05:07.434062
25beb23a,3c30e970,1,Review,Excellent service.,2026-05-16 19:05:07.434078,2026-05-16 19:05:07.434078
5bc3acc1,454bcafc,5,Review,,2026-05-16 19:05:07.434091,2026-05-16 19:05:07.434091
a9926c8b,5c907e69,1,Review,Recommend.,2026-05-16 19:05:07.434113,2026-05-16 19:05:07.434113
851a56ac,87c22aa4,5,Review,,2026-05-16 19:05:07.434126,2026-05-16 19:05:07.434126
306962a5,3760802e,5,Review,Recommend.,2026-05-16 19:05:07.434142,2026-05-16 19:05:07.434142
2d2f9fab,0006ab23,5,Review,,2026-05-16 19:05:07.434153,2026-05-16 19:05:07.434153
142f8c2d,6f11eefb,5,Review,,2026-05-16 19:05:07.434163,2026-05-16 19:05:07.434164
fb853007,a9770843,4,Review,Never arrived.,2026-05-16 19:05:07.434179,2026-05-16 19:05:07.434180
e3727474,18ebbf85,4,Review,,2026-05-16 19:05:07.434190,2026-05-16 19:05:07.434191
3c3301c0,24b2ee00,4,Review,Recommend.,2026-05-16 19:05:07.434207,2026-05-16 19:05:07.434207
1ee56f56,4a4c5b93,5,Review,,2026-05-16 19:05:07.434217,2026-05-16 19:05:07.434218
c7a37c90,a54ecae7,5,Review,,2026-05-16 19:05:07.434230,2026-05-16 19:05:07.434230
ff8fb59f,be80f880,4,Review,,2026-05-16 19:05:07.434241,2026-05-16 19:05:07.434241
e6385bca,060527a3,4,Review,Product damaged.,2026-05-16 19:05:07.434257,2026-05-16 19:05:07.434257
d4fce67f,f561c363,5,Review,,2026-05-16 19:05:07.434268,2026-05-16 19:05:07.434268
48bbfa3e,24e44539,5,Review,,2026-05-16 19:05:07.434279,2026-05-16 19:05:07.434279
9bc3e94b,1d85a54a,4,Review,,2026-05-16 19:05:07.434289,2026-05-16 19:05:07.434290
17fa865e,f333460d,4,Review,,2026-05-16 19:05:07.434300,2026-05-16 19:05:07.434300
867e729c,92aa2fb7,5,Review,,2026-05-16 19:05:07.434310,2026-05-16 19:05:07.434311
b83d1332,f2229d90,4,Review,,2026-05-16 19:05:07.434321,2026-05-16 19:05:07.434321
139b92ce,33713f08,1,Review,Very satisfied.,2026-05-16 19:05:07.434337,2026-05-16 19:05:07.434337
23c55de3,1e54d8c3,5,Review,,2026-05-16 19:05:07.434348,2026-05-16 19:05:07.434348
f04a35f5,fe34bedc,5,Review,,2026-05-16 19:05:07.434358,2026-05-16 19:05:07.434359
b1f7944b,87978ee1,4,Review,,2026-05-16 19:05:07.434369,2026-05-16 19:05:07.434369
97af3b41,6422bd7f,5,Review,,2026-05-16 19:05:07.434379,2026-05-16 19:05:07.434380
7579d53a,f5d7f64f,5,Review,,2026-05-16 19:05:07.434390,2026-05-16 19:05:07.434390
b26d39eb,4df79097,4,Review,,2026-05-16 19:05:07.434401,2026-05-16 19:05:07.434401
a0fcfc52,9ef99fe3,5,Review,,2026-05-16 19:05:07.434411,2026-05-16 19:05:07.434411
135f181f,106ae0b9,3,Review,,2026-05-16 19:05:07.434422,2026-05-16 19:05:07.434422
d15cfda0,2e97022c,3,Review,,2026-05-16 19:05:07.434432,2026-05-16 19:05:07.434433
a0892e00,bb53d68e,1,Review,Product damaged.,2026-05-16 19:05:07.434448,2026-05-16 19:05:07.434449
90d38fda,4eec6405,5,Review,,2026-05-16 19:05:07.434459,2026-05-16 19:05:07.434459
20db990b,d847ccfa,5,Review,,2026-05-16 19:05:07.434470,2026-05-16 19:05:07.434470
dfdf072a,46c01aea,5,Review,,2026-05-16 19:05:07.434480,2026-05-16 19:05:07.434481
55babe09,6d9525b1,5,Review,,2026-05-16 19:05:07.434491,2026-05-16 19:05:07.434491
5329477b,d155cd0f,5,Review,,2026-05-16 19:05:07.434501,2026-05-16 19:05:07.434502
49b1fd41,115219e9,5,Review,,2026-05-16 19:05:07.434512,2026-05-16 19:05:07.434512
77593125,dc2a143d,4,Review,,2026-05-16 19:05:07.434523,2026-05-16 19:05:07.434523
ed87d6a7,f5fbd503,5,Review,,2026-05-16 19:05:07.434533,2026-05-16 19:05:07.434534
3eef9e85,31dd8738,5,Review,,2026-05-16 19:05:07.434544,2026-05-16 19:05:07.434544
65042610,ceca023b,5,Review,Very satisfied.,2026-05-16 19:05:07.434560,2026-05-16 19:05:07.434560
9dc6f5ff,ac68dc65,1,Review,Bad quality.,2026-05-16 19:05:07.434576,2026-05-16 19:05:07.434576
d0479348,e8a5aa17,5,Review,,2026-05-16 19:05:07.434588,2026-05-16 19:05:07.434588
10e2db0f,b5127475,5,Review,,2026-05-16 19:05:07.434599,2026-05-16 19:05:07.434599
924421c0,c327982d,3,Review,,2026-05-16 19:05:07.434609,2026-05-16 19:05:07.434610
601f58de,f558f165,5,Review,Excellent service.,2026-05-16 19:05:07.434625,2026-05-16 19:05:07.434626
d4e32872,3c047073,5,Review,,2026-05-16 19:05:07.434636,2026-05-16 19:05:07.434637
819713ba,d47716d3,5,Review,,2026-05-16 19:05:07.434647,2026-05-16 19:05:07.434647
63b9b844,89b1b8c5,5,Review,,2026-05-16 19:05:07.434658,2026-05-16 19:05:07.434658
8794231c,3b0ee60e,4,Review,,2026-05-16 19:05:07.434668,2026-05-16 19:05:07.434668
3add50ce,de66fe97,5,Review,Fast delivery.,2026-05-16 19:05:07.434684,2026-05-16 19:05:07.434685
662842ec,3f65cc5c,5,Review,,2026-05-16 19:05:07.434695,2026-05-16 19:05:07.434695
a2de5e9c,89489d12,5,Review,,2026-05-16 19:05:07.434706,2026-05-16 19:05:07.434706
91677532,e9107f7a,1,Review,Product damaged.,2026-05-16 19:05:07.434721,2026-05-16 19:05:07.434722
d0e109c8,908d40d2,4,Review,,2026-05-16 19:05:07.434732,2026-05-16 19:05:07.434733
f2dd9c98,101287e0,5,Review,,2026-05-16 19:05:07.434743,2026-05-16 19:05:07.434743
d0c15646,e991e1ad,4,Review,Fast delivery.,2026-05-16 19:05:07.434759,2026-05-16 19:05:07.434759
94609187,aee0098a,5,Review,Fast delivery.,2026-05-16 19:05:07.434775,2026-05-16 19:05:07.434775
226a8df7,e3693577,5,Review,,2026-05-16 19:05:07.434786,2026-05-16 19:05:07.434786
fef9ffba,e8172243,5,Review,,2026-05-16 19:05:07.434796,2026-05-16 19:05:07.434797
bc5ed44f,c4d4460d,5,Review,,2026-05-16 19:05:07.434807,2026-05-16 19:05:07.434807
4ee7d455,540ce225,4,Review,Bad quality.,2026-05-16 19:05:07.434823,2026-05-16 19:05:07.434823
2db2f4f6,94266cdd,3,Review,,2026-05-16 19:05:07.434834,2026-05-16 19:05:07.434834
2134317e,88ade773,5,Review,,2026-05-16 19:05:07.434845,2026-05-16 19:05:07.434845
ef9951f5,b87b574b,5,Review,,2026-05-16 19:05:07.434855,2026-05-16 19:05:07.434856
841d4a97,609613c7,4,Review,,2026-05-16 19:05:07.434866,2026-05-16 19:05:07.434866
a0aab71f,29d3e3e1,5,Review,,2026-05-16 19:05:07.434877,2026-05-16 19:05:07.434877
e0fa65d4,4bd9440a,5,Review,,2026-05-16 19:05:07.434888,2026-05-16 19:05:07.434888
8f3062f1,149487b3,3,Review,,2026-05-16 19:05:07.434898,2026-05-16 19:05:07.434898
39e4c0f7,f8744b92,1,Review,Very satisfied.,2026-05-16 19:05:07.434914,2026-05-16 19:05:07.434914
0dd24fe9,da2ec858,5,Review,,2026-05-16 19:05:07.434925,2026-05-16 19:05:07.434925
56f1b9b7,f5876b4f,5,Review,Bad quality.,2026-05-16 19:05:07.434941,2026-05-16 19:05:07.434942
251f246b,ec8565fc,5,Review,,2026-05-16 19:05:07.434954,2026-05-16 19:05:07.434954
40895178,97570f23,5,Review,,2026-05-16 19:05:07.434965,2026-05-16 19:05:07.434965
4e790aa8,368b8636,4,Review,,2026-05-16 19:05:07.434975,2026-05-16 19:05:07.434976
13a43970,06d22e0d,1,Review,Recommend.,2026-05-16 19:05:07.434992,2026-05-16 19:05:07.434992
c9cd57d9,fad623e6,1,Review,Bad quality.,2026-05-16 19:05:07.435009,2026-05-16 19:05:07.435009
ce726527,c88ed723,3,Review,,2026-05-16 19:05:07.435020,2026-05-16 19:05:07.435021
e0e5d6ec,d9b71a41,4,Review,Okay product.,2026-05-16 19:05:07.435037,2026-05-16 19:05:07.435037
6f8cab68,ed5f9bca,5,Review,,2026-05-16 19:05:07.435048,2026-05-16 19:05:07.435048
ab2fabfc,8a50db1e,4,Review,,2026-05-16 19:05:07.435059,2026-05-16 19:05:07.435059
46365b21,f30ddeb1,5,Review,,2026-05-16 19:05:07.435070,2026-05-16 19:05:07.435070
ae4d4b20,20f629fc,5,Review,,2026-05-16 19:05:07.435080,2026-05-16 19:05:07.435081
20dc188f,bff701df,4,Review,,2026-05-16 19:05:07.435091,2026-05-16 19:05:07.435092
1c52d294,6b3354c3,5,Review,,2026-05-16 19:05:07.435102,2026-05-16 19:05:07.435102
8f56b9d1,1730a577,5,Review,,2026-05-16 19:05:07.435113,2026-05-16 19:05:07.435113
cfafb7b8,d2d87298,2,Review,Fast delivery.,2026-05-16 19:05:07.435128,2026-05-16 19:05:07.435129
4a35ea28,8b88d297,5,Review,Arrived late.,2026-05-16 19:05:07.435145,2026-05-16 19:05:07.435145
a8a6d06b,ecbe5634,5,Review,,2026-05-16 19:05:07.435156,2026-05-16 19:05:07.435156
92ef77e7,a60296bc,4,Review,,2026-05-16 19:05:07.435166,2026-05-16 19:05:07.435167
adb964c2,4fb75965,2,Review,Recommend.,2026-05-16 19:05:07.435182,2026-05-16 19:05:07.435182
a22087b2,f1ceb5ff,5,Review,,2026-05-16 19:05:07.435193,2026-05-16 19:05:07.435193
0c3a7439,9bbf6fec,5,Review,,2026-05-16 19:05:07.435204,2026-05-16 19:05:07.435204
299d9ce6,2bc9fe64,4,Review,,2026-05-16 19:05:07.435215,2026-05-16 19:05:07.435215
0b88591b,d39aa454,5,Review,,2026-05-16 19:05:07.435228,2026-05-16 19:05:07.435228
8846cbc3,c705909d,2,Review,Great product!,2026-05-16 19:05:07.435244,2026-05-16 19:05:07.435244
00585ed4,4fc91b3b,1,Review,Okay product.,2026-05-16 19:05:07.435260,2026-05-16 19:05:07.435260
b90dc1fa,6dea01e3,1,Review,Recommend.,2026-05-16 19:05:07.435276,2026-05-16 19:05:07.435276
d0f5d1d6,ed8c02d9,5,Review,,2026-05-16 19:05:07.435287,2026-05-16 19:05:07.435287
cb9644f3,32c1ace8,5,Review,Never arrived.,2026-05-16 19:05:07.435303,2026-05-16 19:05:07.435304
07bb7637,0b43199d,1,Review,Excellent service.,2026-05-16 19:05:07.435319,2026-05-16 19:05:07.435320
558a715e,e242be25,5,Review,,2026-05-16 19:05:07.435330,2026-05-16 19:05:07.435331
1c5bd3fe,b19137d1,4,Review,,2026-05-16 19:05:07.435341,2026-05-16 19:05:07.435341
556680c5,63141d01,1,Review,Great product!,2026-05-16 19:05:07.435357,2026-05-16 19:05:07.435357
b51d30c7,405bb909,4,Review,Fast delivery.,2026-05-16 19:05:07.435373,2026-05-16 19:05:07.435373
7a527743,ba47eb7c,5,Review,,2026-05-16 19:05:07.435384,2026-05-16 19:05:07.435384
1716907d,221034cd,4,Review,,2026-05-16 19:05:07.435394,2026-05-16 19:05:07.435395
e7da4466,11849c9e,5,Review,,2026-05-16 19:05:07.435406,2026-05-16 19:05:07.435406
eb35dace,516307bf,3,Review,,2026-05-16 19:05:07.435416,2026-05-16 19:05:07.435417
fc418d1d,1a82298f,5,Review,,2026-05-16 19:05:07.435427,2026-05-16 19:05:07.435427
054e9854,91104deb,5,Review,Fast delivery.,2026-05-16 19:05:07.435443,2026-05-16 19:05:07.435444
641b4d9e,c00fd229,5,Review,,2026-05-16 19:05:07.435454,2026-05-16 19:05:07.435454
550998e8,ccbcceee,5,Review,,2026-05-16 19:05:07.435465,2026-05-16 19:05:07.435465
71c7c796,34c22f18,2,Review,Great product!,2026-05-16 19:05:07.435481,2026-05-16 19:05:07.435481
8b458521,585c7fc5,5,Review,,2026-05-16 19:05:07.435491,2026-05-16 19:05:07.435492
8cab5a0e,bb5bbe50,5,Review,,2026-05-16 19:05:07.435502,2026-05-16 19:05:07.435502
0bae4922,138121a1,3,Review,,2026-05-16 19:05:07.435513,2026-05-16 19:05:07.435513
0cdb5515,cc560c52,3,Review,,2026-05-16 19:05:07.435524,2026-05-16 19:05:07.435524
c839600c,d250ca7f,4,Review,,2026-05-16 19:05:07.435534,2026-05-16 19:05:07.435535
07f526ad,673d3a31,5,Review,,2026-05-16 19:05:07.435545,2026-05-16 19:05:07.435545
7f2733bf,2203f58c,5,Review,Bad quality.,2026-05-16 19:05:07.435561,2026-05-16 19:05:07.435561
d7bf7676,4c53dacb,5,Review,,2026-05-16 19:05:07.435572,2026-05-16 19:05:07.435572
66811bc4,59c1446e,3,Review,,2026-05-16 19:05:07.435584,2026-05-16 19:05:07.435585
a63dc1f1,65ade2b7,4,Review,,2026-05-16 19:05:07.435595,2026-05-16 19:05:07.435596
d474a9b2,d0421910,5,Review,,2026-05-16 19:05:07.435606,2026-05-16 19:05:07.435606
4c53c766,7031f0ec,5,Review,,2026-05-16 19:05:07.435617,2026-05-16 19:05:07.435617
711a82cd,e606177a,1,Review,Okay product.,2026-05-16 19:05:07.435633,2026-05-16 19:05:07.435633
ba1c5f27,57ff4454,4,Review,,2026-05-16 19:05:07.435643,2026-05-16 19:05:07.435644
b1c4c763,9482fa40,5,Review,,2026-05-16 19:05:07.435654,2026-05-16 19:05:07.435654
63cb57bf,3543a48c,2,Review,Bad quality.,2026-05-16 19:05:07.435670,2026-05-16 19:05:07.435670
95e0d4e0,82409d2c,4,Review,,2026-05-16 19:05:07.435681,2026-05-16 19:05:07.435681
dd7f5e01,a47ccb99,5,Review,,2026-05-16 19:05:07.435691,2026-05-16 19:05:07.435692
5b4c563c,7b07ea02,3,Review,,2026-05-16 19:05:07.435702,2026-05-16 19:05:07.435702
0402846e,93d72b7c,1,Review,Fast delivery.,2026-05-16 19:05:07.435719,2026-05-16 19:05:07.435719
7b7e29e3,5fb416c7,4,Review,,2026-05-16 19:05:07.435730,2026-05-16 19:05:07.435731
4026be34,550c9ad4,5,Review,Very satisfied.,2026-05-16 19:05:07.435747,2026-05-16 19:05:07.435747
04bd98c1,476d6750,4,Review,,2026-05-16 19:05:07.435758,2026-05-16 19:05:07.435758
c4d7939b,b89ef72c,5,Review,,2026-05-16 19:05:07.435768,2026-05-16 19:05:07.435769
34dd753a,f6d8ac2c,5,Review,,2026-05-16 19:05:07.435779,2026-05-16 19:05:07.435779
116f81c2,40d5810c,5,Review,,2026-05-16 19:05:07.435790,2026-05-16 19:05:07.435790
ca14e870,982f395d,3,Review,,2026-05-16 19:05:07.435801,2026-05-16 19:05:07.435801
2bcd0850,0ee0364d,5,Review,,2026-05-16 19:05:07.435811,2026-05-16 19:05:07.435812
4b03c734,3f67dae5,5,Review,,2026-05-16 19:05:07.435822,2026-05-16 19:05:07.435822
dcb772ba,8f3e196b,4,Review,,2026-05-16 19:05:07.435832,2026-05-16 19:05:07.435833
4c96dd63,61a39816,5,Review,Great product!,2026-05-16 19:05:07.435848,2026-05-16 19:05:07.435849
8af567b8,3422b589,5,Review,,2026-05-16 19:05:07.435859,2026-05-16 19:05:07.435860
944a20ce,d8e6a55c,5,Review,,2026-05-16 19:05:07.435873,2026-05-16 19:05:07.435873
1fdccafb,a76512b1,2,Review,Fast delivery.,2026-05-16 19:05:07.435889,2026-05-16 19:05:07.435889
a6cb92ec,228fd73a,4,Review,,2026-05-16 19:05:07.435900,2026-05-16 19:05:07.435900
0740a815,c753d736,4,Review,,2026-05-16 19:05:07.435911,2026-05-16 19:05:07.435911
4911a36f,06720e8e,1,Review,Excellent service.,2026-05-16 19:05:07.435926,2026-05-16 19:05:07.435927
c4bd2ffd,818ed666,4,Review,,2026-05-16 19:05:07.435937,2026-05-16 19:05:07.435937
fe1ae3f7,42857350,5,Review,,2026-05-16 19:05:07.435948,2026-05-16 19:05:07.435948
2f650755,eeeb87f9,4,Review,,2026-05-16 19:05:07.435959,2026-05-16 19:05:07.435959
01765672,efb1e7f0,4,Review,,2026-05-16 19:05:07.435969,2026-05-16 19:05:07.435970
a9c155be,0d3ece4c,5,Review,Very satisfied.,2026-05-16 19:05:07.435985,2026-05-16 19:05:07.435986
9fc46985,74763a1e,5,Review,,2026-05-16 19:05:07.435996,2026-05-16 19:05:07.435997
ac5bcfc1,2393ccaf,5,Review,,2026-05-16 19:05:07.436007,2026-05-16 19:05:07.436007
85bbc428,e9c3ec54,5,Review,,2026-05-16 19:05:07.436018,2026-05-16 19:05:07.436018
96a0f589,125022a8,5,Review,Recommend.,2026-05-16 19:05:07.436034,2026-05-16 19:05:07.436034
8d1c0f67,50eca8b7,5,Review,,2026-05-16 19:05:07.436048,2026-05-16 19:05:07.436048
ec9985c6,7cab0508,1,Review,Bad quality.,2026-05-16 19:05:07.436070,2026-05-16 19:05:07.436070
98045feb,2cd90dde,1,Review,Product damaged.,2026-05-16 19:05:07.436088,2026-05-16 19:05:07.436088
db5d4248,25c870a7,5,Review,,2026-05-16 19:05:07.436110,2026-05-16 19:05:07.436111
cf3308ca,267b8eb6,1,Review,Bad quality.,2026-05-16 19:05:07.436131,2026-05-16 19:05:07.436131
8f285089,18b94b9a,5,Review,,2026-05-16 19:05:07.436143,2026-05-16 19:05:07.436143
08533d80,9caebccd,1,Review,Product damaged.,2026-05-16 19:05:07.436161,2026-05-16 19:05:07.436161
6cdc789b,5f64524c,1,Review,Okay product.,2026-05-16 19:05:07.436178,2026-05-16 19:05:07.436178
8e642f0e,8ca0f34f,5,Review,,2026-05-16 19:05:07.436193,2026-05-16 19:05:07.436193
89132572,52c2b09b,5,Review,,2026-05-16 19:05:07.436207,2026-05-16 19:05:07.436207
d3751bb9,aba371aa,5,Review,,2026-05-16 19:05:07.436219,2026-05-16 19:05:07.436219
1f5a2bc6,c4898fcc,4,Review,,2026-05-16 19:05:07.436230,2026-05-16 19:05:07.436231
5e411059,7f8f6a06,1,Review,Product damaged.,2026-05-16 19:05:07.436253,2026-05-16 19:05:07.436253
5622d70e,1fd5259d,3,Review,Okay product.,2026-05-16 19:05:07.436271,2026-05-16 19:05:07.436271
73100fce,91f31cb7,5,Review,,2026-05-16 19:05:07.436282,2026-05-16 19:05:07.436283
091b891b,f126a5b5,4,Review,,2026-05-16 19:05:07.436296,2026-05-16 19:05:07.436296
33e58dcc,b98d9863,5,Review,,2026-05-16 19:05:07.436312,2026-05-16 19:05:07.436312
16584a36,7dd66bb0,4,Review,Product damaged.,2026-05-16 19:05:07.436336,2026-05-16 19:05:07.436336
17399038,b7860e77,5,Review,,2026-05-16 19:05:07.436348,2026-05-16 19:05:07.436348
506d28f1,85321d43,3,Review,,2026-05-16 19:05:07.436359,2026-05-16 19:05:07.436359
7e852529,f1fccf9a,4,Review,Excellent service.,2026-05-16 19:05:07.436376,2026-05-16 19:05:07.436376
f9ef6692,4bc8e8ea,5,Review,,2026-05-16 19:05:07.436387,2026-05-16 19:05:07.436387
ed520e22,1d9c2a5e,5,Review,,2026-05-16 19:05:07.436397,2026-05-16 19:05:07.436398
37359573,2166024c,5,Review,,2026-05-16 19:05:07.436408,2026-05-16 19:05:07.436409
95758304,b04b6e6f,1,Review,Arrived late.,2026-05-16 19:05:07.436425,2026-05-16 19:05:07.436425
6729fc16,89809ab4,5,Review,,2026-05-16 19:05:07.436436,2026-05-16 19:05:07.436436
a95e5dd2,ceb8f24b,5,Review,,2026-05-16 19:05:07.436446,2026-05-16 19:05:07.436447
c8c79b40,c3714099,5,Review,,2026-05-16 19:05:07.436457,2026-05-16 19:05:07.436457
609281d8,2c43538f,5,Review,,2026-05-16 19:05:07.436468,2026-05-16 19:05:07.436468
c0c790ba,fb8bc075,5,Review,,2026-05-16 19:05:07.436479,2026-05-16 19:05:07.436479
74779521,08aa4d86,3,Review,,2026-05-16 19:05:07.436489,2026-05-16 19:05:07.436490
75e94a6b,42956087,4,Review,,2026-05-16 19:05:07.436500,2026-05-16 19:05:07.436501
a45f60df,34e631af,5,Review,,2026-05-16 19:05:07.436511,2026-05-16 19:05:07.436511
2ebbcda5,f8c80a6b,5,Review,,2026-05-16 19:05:07.436522,2026-05-16 19:05:07.436522
eea3a585,c52cb9f6,5,Review,,2026-05-16 19:05:07.436532,2026-05-16 19:05:07.436533
b9cb66ec,40e92531,5,Review,,2026-05-16 19:05:07.436543,2026-05-16 19:05:07.436543
6fdc949b,e98cd315,4,Review,,2026-05-16 19:05:07.436554,2026-05-16 19:05:07.436554
77a574e7,4337142c,5,Review,Never arrived.,2026-05-16 19:05:07.436570,2026-05-16 19:05:07.436570
be51e740,c5a54637,5,Review,,2026-05-16 19:05:07.436581,2026-05-16 19:05:07.436581
ce172b69,82408fb4,3,Review,,2026-05-16 19:05:07.436592,2026-05-16 19:05:07.436592
aa20e3e0,77e6cb99,5,Review,,2026-05-16 19:05:07.436603,2026-05-16 19:05:07.436603
7f4f5876,b6fcef1a,5,Review,,2026-05-16 19:05:07.436613,2026-05-16 19:05:07.436614
4d8bd89d,4970f76b,4,Review,,2026-05-16 19:05:07.436624,2026-05-16 19:05:07.436624
b385daba,22224625,5,Review,,2026-05-16 19:05:07.436635,2026-05-16 19:05:07.436636
3172107c,7119bad4,5,Review,,2026-05-16 19:05:07.436646,2026-05-16 19:05:07.436646
c9195875,d98a9e8d,5,Review,Never arrived.,2026-05-16 19:05:07.436662,2026-05-16 19:05:07.436663
4e85c584,a204cbcf,5,Review,,2026-05-16 19:05:07.436673,2026-05-16 19:05:07.436674
1619f634,c9d459d3,5,Review,,2026-05-16 19:05:07.436684,2026-05-16 19:05:07.436684
4aa4e6cd,ea549ea9,3,Review,,2026-05-16 19:05:07.436695,2026-05-16 19:05:07.436695
fcf4a8f0,7310ee0d,5,Review,,2026-05-16 19:05:07.436706,2026-05-16 19:05:07.436706
aacf6928,b6200f2f,5,Review,,2026-05-16 19:05:07.436717,2026-05-16 19:05:07.436717
72bf406b,93216355,4,Review,,2026-05-16 19:05:07.436729,2026-05-16 19:05:07.436729
ab1fcf41,5943d2e2,1,Review,Never arrived.,2026-05-16 19:05:07.436746,2026-05-16 19:05:07.436746
d44e2340,51b89fed,3,Review,Recommend.,2026-05-16 19:05:07.436762,2026-05-16 19:05:07.436762
75523caa,cf9d353b,5,Review,,2026-05-16 19:05:07.436773,2026-05-16 19:05:07.436773
b7f28f8e,1aae3365,5,Review,Okay product.,2026-05-16 19:05:07.436789,2026-05-16 19:05:07.436790
0644e570,99bb3ae1,5,Review,,2026-05-16 19:05:07.436800,2026-05-16 19:05:07.436801
8d209ee5,a41da027,1,Review,Okay product.,2026-05-16 19:05:07.436817,2026-05-16 19:05:07.436817
4f1cb1f0,c5af5757,5,Review,,2026-05-16 19:05:07.436828,2026-05-16 19:05:07.436829
6fe40311,0d4358d6,1,Review,Bad quality.,2026-05-16 19:05:07.436844,2026-05-16 19:05:07.436844
59e385da,82b8e4f5,3,Review,,2026-05-16 19:05:07.436855,2026-05-16 19:05:07.436855
a4942ff5,9fefccd7,5,Review,Product damaged.,2026-05-16 19:05:07.436871,2026-05-16 19:05:07.436871
445e1204,19307617,5,Review,,2026-05-16 19:05:07.436881,2026-05-16 19:05:07.436882
2ce3938a,72aade8e,5,Review,,2026-05-16 19:05:07.436892,2026-05-16 19:05:07.436892
85d8e02d,020a19bb,4,Review,,2026-05-16 19:05:07.436903,2026-05-16 19:05:07.436903
90f93fa7,2e84ce43,4,Review,,2026-05-16 19:05:07.436913,2026-05-16 19:05:07.436913
79fadb09,aaf523ae,5,Review,,2026-05-16 19:05:07.436924,2026-05-16 19:05:07.436924
fd4d4128,de75a5d1,5,Review,,2026-05-16 19:05:07.436934,2026-05-16 19:05:07.436934
8ed59cc2,8108c5ad,5,Review,,2026-05-16 19:05:07.436945,2026-05-16 19:05:07.436945
fe5e2c88,db078f35,5,Review,,2026-05-16 19:05:07.436955,2026-05-16 19:05:07.436955
400f8251,936d19af,4,Review,Recommend.,2026-05-16 19:05:07.436971,2026-05-16 19:05:07.436972
163b5126,b5bc9017,5,Review,Very satisfied.,2026-05-16 19:05:07.436988,2026-05-16 19:05:07.436988
abe1f5f3,5195f49a,5,Review,Fast delivery.,2026-05-16 19:05:07.437005,2026-05-16 19:05:07.437005
8b7cdd85,0362595d,1,Review,Excellent service.,2026-05-16 19:05:07.437024,2026-05-16 19:05:07.437024
5aa41a09,fb61985d,5,Review,,2026-05-16 19:05:07.437035,2026-05-16 19:05:07.437035
2e8de35a,e10bb6b6,1,Review,Fast delivery.,2026-05-16 19:05:07.437051,2026-05-16 19:05:07.437051
0e084728,eea94a0a,5,Review,,2026-05-16 19:05:07.437063,2026-05-16 19:05:07.437064
e985cf6d,89f55b27,5,Review,,2026-05-16 19:05:07.437078,2026-05-16 19:05:07.437078
69bea8e1,3e95ea5d,4,Review,,2026-05-16 19:05:07.437093,2026-05-16 19:05:07.437093
6b36ed64,e207a1f4,4,Review,,2026-05-16 19:05:07.437105,2026-05-16 19:05:07.437105
0bee4819,30eb514f,4,Review,,2026-05-16 19:05:07.437116,2026-05-16 19:05:07.437116
78c77ea5,8770c045,5,Review,,2026-05-16 19:05:07.437126,2026-05-16 19:05:07.437127
1af5925f,481e33cf,4,Review,,2026-05-16 19:05:07.437137,2026-05-16 19:05:07.437137
930ee82d,cefd3764,5,Review,,2026-05-16 19:05:07.437147,2026-05-16 19:05:07.437148
95d2ccf7,d523b1cc,1,Review,Fast delivery.,2026-05-16 19:05:07.437163,2026-05-16 19:05:07.437164
12a2961d,3804ed82,5,Review,,2026-05-16 19:05:07.437174,2026-05-16 19:05:07.437174
644111f9,60271362,1,Review,Never arrived.,2026-05-16 19:05:07.437190,2026-05-16 19:05:07.437190
a3b5ee41,72f71cf7,4,Review,,2026-05-16 19:05:07.437201,2026-05-16 19:05:07.437201
a9f8568c,a5412386,5,Review,,2026-05-16 19:05:07.437212,2026-05-16 19:05:07.437212
6f2bf71b,8187a594,5,Review,,2026-05-16 19:05:07.437222,2026-05-16 19:05:07.437223
5ac3d637,171018c3,5,Review,Great product!,2026-05-16 19:05:07.437238,2026-05-16 19:05:07.437238
bda92d52,75628556,5,Review,,2026-05-16 19:05:07.437249,2026-05-16 19:05:07.437249
c849d789,451a95b6,5,Review,,2026-05-16 19:05:07.437260,2026-05-16 19:05:07.437260
0803b1bf,71f893bf,3,Review,,2026-05-16 19:05:07.437271,2026-05-16 19:05:07.437271
268603dc,8f962cd0,1,Review,Very satisfied.,2026-05-16 19:05:07.437286,2026-05-16 19:05:07.437286
548d5246,f43b0544,5,Review,,2026-05-16 19:05:07.437297,2026-05-16 19:05:07.437297
5f7c12f6,df8b018f,5,Review,,2026-05-16 19:05:07.437307,2026-05-16 19:05:07.437308
b0914e0b,464114dd,2,Review,Never arrived.,2026-05-16 19:05:07.437323,2026-05-16 19:05:07.437324
cc19cdaa,ac3ead17,4,Review,,2026-05-16 19:05:07.437334,2026-05-16 19:05:07.437334
cf97402c,877fb25e,5,Review,Very satisfied.,2026-05-16 19:05:07.437351,2026-05-16 19:05:07.437351
ecb8225a,b81b35b2,5,Review,,2026-05-16 19:05:07.437362,2026-05-16 19:05:07.437362
20d4c881,ca62692f,5,Review,Very satisfied.,2026-05-16 19:05:07.437378,2026-05-16 19:05:07.437378
c26361d9,ec08ff37,5,Review,,2026-05-16 19:05:07.437389,2026-05-16 19:05:07.437389
f76e699f,7675e5e9,5,Review,,2026-05-16 19:05:07.437399,2026-05-16 19:05:07.437400
63cd589b,abae6467,5,Review,,2026-05-16 19:05:07.437410,2026-05-16 19:05:07.437410
8858c2a5,f546cb73,5,Review,,2026-05-16 19:05:07.437425,2026-05-16 19:05:07.437425
adb68b99,0aa8c60e,5,Review,Arrived late.,2026-05-16 19:05:07.437442,2026-05-16 19:05:07.437442
584ebff4,f522e24a,1,Review,Great product!,2026-05-16 19:05:07.437458,2026-05-16 19:05:07.437458
59f5c767,38458820,5,Review,,2026-05-16 19:05:07.437469,2026-05-16 19:05:07.437469
c17d2a0c,46a9f810,1,Review,Never arrived.,2026-05-16 19:05:07.437485,2026-05-16 19:05:07.437485
a01b0955,cc8ec128,3,Review,,2026-05-16 19:05:07.437495,2026-05-16 19:05:07.437496
14946e32,f2f83cec,5,Review,Product damaged.,2026-05-16 19:05:07.437511,2026-05-16 19:05:07.437512
edb3da8e,e2c65085,4,Review,,2026-05-16 19:05:07.437523,2026-05-16 19:05:07.437523
c2115843,23b3f560,1,Review,Okay product.,2026-05-16 19:05:07.437539,2026-05-16 19:05:07.437539
e23c5ac2,71a1121f,4,Review,Okay product.,2026-05-16 19:05:07.437555,2026-05-16 19:05:07.437555
57586a70,f910d2ef,5,Review,Arrived late.,2026-05-16 19:05:07.437571,2026-05-16 19:05:07.437572
980d4ee8,c68872f6,4,Review,,2026-05-16 19:05:07.437584,2026-05-16 19:05:07.437584
26108fab,5a9361ae,4,Review,,2026-05-16 19:05:07.437595,2026-05-16 19:05:07.437595
cd223a43,44f5eb70,4,Review,,2026-05-16 19:05:07.437606,2026-05-16 19:05:07.437606
4cbf2757,c8facfd9,5,Review,Great product!,2026-05-16 19:05:07.437623,2026-05-16 19:05:07.437623
d141835f,08d7d91d,5,Review,,2026-05-16 19:05:07.437633,2026-05-16 19:05:07.437634
c50d30bd,9cc35c0b,3,Review,,2026-05-16 19:05:07.437644,2026-05-16 19:05:07.437644
3e53985f,3e951201,4,Review,,2026-05-16 19:05:07.437655,2026-05-16 19:05:07.437655
464c08a2,a5f77386,3,Review,,2026-05-16 19:05:07.437665,2026-05-16 19:05:07.437665
922144fc,8b86a0c5,2,Review,Excellent service.,2026-05-16 19:05:07.437681,2026-05-16 19:05:07.437681
7354a2da,8b310c49,2,Review,Excellent service.,2026-05-16 19:05:07.437696,2026-05-16 19:05:07.437697
d2d1f517,7266a8cf,5,Review,,2026-05-16 19:05:07.437707,2026-05-16 19:05:07.437707
cef1a853,e902e81c,5,Review,,2026-05-16 19:05:07.437717,2026-05-16 19:05:07.437718
6b0afc10,f5ff6699,5,Review,,2026-05-16 19:05:07.437728,2026-05-16 19:05:07.437728
403d2e10,c962d9bc,5,Review,Bad quality.,2026-05-16 19:05:07.437744,2026-05-16 19:05:07.437744
8cdeee45,b4c769bf,3,Review,,2026-05-16 19:05:07.437755,2026-05-16 19:05:07.437755
f56822a0,e679b4f1,5,Review,Fast delivery.,2026-05-16 19:05:07.437770,2026-05-16 19:05:07.437771
41ca950b,09f39e9d,5,Review,Very satisfied.,2026-05-16 19:05:07.437786,2026-05-16 19:05:07.437787
6fd69662,740f69ae,5,Review,,2026-05-16 19:05:07.437797,2026-05-16 19:05:07.437797
a09c0c70,b22d01e6,5,Review,,2026-05-16 19:05:07.437807,2026-05-16 19:05:07.437808
7f81e78d,d6682e1f,5,Review,Excellent service.,2026-05-16 19:05:07.437823,2026-05-16 19:05:07.437824
d0c8262b,e467586f,1,Review,Never arrived.,2026-05-16 19:05:07.437839,2026-05-16 19:05:07.437839
f952a19e,bd306428,1,Review,Bad quality.,2026-05-16 19:05:07.437855,2026-05-16 19:05:07.437855
418f951c,b3f810e7,5,Review,Product damaged.,2026-05-16 19:05:07.437871,2026-05-16 19:05:07.437872
7c60350f,2a757dce,5,Review,,2026-05-16 19:05:07.437882,2026-05-16 19:05:07.437882
32c1fd85,95870f5d,4,Review,,2026-05-16 19:05:07.437892,2026-05-16 19:05:07.437893
15d1bc87,6b856973,5,Review,,2026-05-16 19:05:07.437903,2026-05-16 19:05:07.437903
946478d4,d85bbade,4,Review,,2026-05-16 19:05:07.437915,2026-05-16 19:05:07.437915
5bdae24e,c2e6c579,5,Review,,2026-05-16 19:05:07.437926,2026-05-16 19:05:07.437926
92996f7f,1fa7b48a,5,Review,,2026-05-16 19:05:07.437936,2026-05-16 19:05:07.437937
8b1d1958,26222fa8,5,Review,,2026-05-16 19:05:07.437947,2026-05-16 19:05:07.437947
fa508864,394cebb6,5,Review,,2026-05-16 19:05:07.437957,2026-05-16 19:05:07.437958
2257d934,e40f729f,1,Review,Very satisfied.,2026-05-16 19:05:07.437973,2026-05-16 19:05:07.437973
b2a5a23b,87b080c0,5,Review,Very satisfied.,2026-05-16 19:05:07.437989,2026-05-16 19:05:07.437989
56fe558e,e6fe2363,5,Review,,2026-05-16 19:05:07.438000,2026-05-16 19:05:07.438000
d171a906,ed2a6332,5,Review,,2026-05-16 19:05:07.438010,2026-05-16 19:05:07.438011
147ca416,c316517a,5,Review,,2026-05-16 19:05:07.438021,2026-05-16 19:05:07.438021
5ffeb257,a733256e,5,Review,,2026-05-16 19:05:07.438031,2026-05-16 19:05:07.438031
89f51b98,b80e4993,1,Review,Arrived late.,2026-05-16 19:05:07.438047,2026-05-16 19:05:07.438047
2866961d,b1538c67,1,Review,Bad quality.,2026-05-16 19:05:07.438063,2026-05-16 19:05:07.438063
983f5b72,1a1b9581,5,Review,,2026-05-16 19:05:07.438073,2026-05-16 19:05:07.438073
d7f976d3,4b12c1b2,4,Review,Very satisfied.,2026-05-16 19:05:07.438089,2026-05-16 19:05:07.438089
960942c8,033f4449,3,Review,,2026-05-16 19:05:07.438100,2026-05-16 19:05:07.438100
a1d6c40d,f0ee932b,3,Review,,2026-05-16 19:05:07.438110,2026-05-16 19:05:07.438110
20bf08f3,ead21207,5,Review,Never arrived.,2026-05-16 19:05:07.438126,2026-05-16 19:05:07.438126
10ea6811,e62bc57e,3,Review,,2026-05-16 19:05:07.438136,2026-05-16 19:05:07.438137
9262fd8d,3beea6f7,5,Review,,2026-05-16 19:05:07.438147,2026-05-16 19:05:07.438147
11b73228,97341d1b,5,Review,,2026-05-16 19:05:07.438157,2026-05-16 19:05:07.438158
bd305b1d,86b3819d,5,Review,,2026-05-16 19:05:07.438168,2026-05-16 19:05:07.438168
d064c00d,95ee892e,5,Review,,2026-05-16 19:05:07.438178,2026-05-16 19:05:07.438178
60ea8b72,b9cd906f,5,Review,Never arrived.,2026-05-16 19:05:07.438194,2026-05-16 19:05:07.438194
10172342,fd2dd295,3,Review,,2026-05-16 19:05:07.438205,2026-05-16 19:05:07.438205
5f8da53d,7f13ca25,5,Review,,2026-05-16 19:05:07.438215,2026-05-16 19:05:07.438216
31d6e406,26843f40,5,Review,,2026-05-16 19:05:07.438226,2026-05-16 19:05:07.438226
425e5430,a56f8f99,5,Review,Fast delivery.,2026-05-16 19:05:07.438242,2026-05-16 19:05:07.438242
bdaaf3e8,98cd7932,5,Review,,2026-05-16 19:05:07.438252,2026-05-16 19:05:07.438253
32f0641c,e5f99cc8,4,Review,,2026-05-16 19:05:07.438263,2026-05-16 19:05:07.438264
2ca9e211,85628c20,5,Review,,2026-05-16 19:05:07.438274,2026-05-16 19:05:07.438274
a1a50e0c,8ceb3791,1,Review,Fast delivery.,2026-05-16 19:05:07.438289,2026-05-16 19:05:07.438289
4816a9b7,14eb0455,3,Review,,2026-05-16 19:05:07.438300,2026-05-16 19:05:07.438300
47162e19,58dae994,1,Review,Recommend.,2026-05-16 19:05:07.438315,2026-05-16 19:05:07.438316
f24e657e,d4a16ae5,5,Review,,2026-05-16 19:05:07.438326,2026-05-16 19:05:07.438326
92ea2dee,04c076e3,1,Review,Fast delivery.,2026-05-16 19:05:07.438342,2026-05-16 19:05:07.438342
b88c8d37,00d8ec25,2,Review,Never arrived.,2026-05-16 19:05:07.438357,2026-05-16 19:05:07.438358
3c374ec5,a446ebdb,4,Review,,2026-05-16 19:05:07.438369,2026-05-16 19:05:07.438370
792f46b3,76dcc763,5,Review,,2026-05-16 19:05:07.438380,2026-05-16 19:05:07.438380
98e62e3b,3ec3fe49,5,Review,,2026-05-16 19:05:07.438391,2026-05-16 19:05:07.438391
2cf00c84,8160527d,5,Review,Okay product.,2026-05-16 19:05:07.438412,2026-05-16 19:05:07.438412
2fe40581,1c9067cf,5,Review,,2026-05-16 19:05:07.438424,2026-05-16 19:05:07.438424
d1b64aae,8a68f5d0,4,Review,Very satisfied.,2026-05-16 19:05:07.438441,2026-05-16 19:05:07.438441
b330bc4b,a1ee1938,5,Review,,2026-05-16 19:05:07.438455,2026-05-16 19:05:07.438456
ca183375,aaf4206a,5,Review,,2026-05-16 19:05:07.438471,2026-05-16 19:05:07.438471
fa465137,096d6c7d,5,Review,,2026-05-16 19:05:07.438486,2026-05-16 19:05:07.438487
3c747e2f,34055124,5,Review,,2026-05-16 19:05:07.438498,2026-05-16 19:05:07.438498
7566f6a0,22b242a0,4,Review,,2026-05-16 19:05:07.438509,2026-05-16 19:05:07.438509
bc92bb66,fd164cf7,4,Review,,2026-05-16 19:05:07.438519,2026-05-16 19:05:07.438519
5775f88f,36929551,5,Review,,2026-05-16 19:05:07.438530,2026-05-16 19:05:07.438530
497832b0,a48c73ce,2,Review,Bad quality.,2026-05-16 19:05:07.438545,2026-05-16 19:05:07.438546
8b99874d,1f781493,5,Review,,2026-05-16 19:05:07.438556,2026-05-16 19:05:07.438556
0e707d48,2d9ab752,5,Review,,2026-05-16 19:05:07.438567,2026-05-16 19:05:07.438567
712acd1d,5e9893b4,4,Review,,2026-05-16 19:05:07.438578,2026-05-16 19:05:07.438578
9620644a,7c2fdc61,3,Review,,2026-05-16 19:05:07.438588,2026-05-16 19:05:07.438589
fd45601b,232b48b6,5,Review,,2026-05-16 19:05:07.438599,2026-05-16 19:05:07.438599
4e7bd140,a3e028f6,1,Review,Excellent service.,2026-05-16 19:05:07.438615,2026-05-16 19:05:07.438615
175698ef,7f1972fa,4,Review,,2026-05-16 19:05:07.438627,2026-05-16 19:05:07.438627
92d97e60,7c288659,4,Review,Excellent service.,2026-05-16 19:05:07.438644,2026-05-16 19:05:07.438644
d804ccc2,07d02383,5,Review,,2026-05-16 19:05:07.438654,2026-05-16 19:05:07.438655
3ddaa0d9,4b6b9fb9,5,Review,,2026-05-16 19:05:07.438665,2026-05-16 19:05:07.438665
7462314c,b4713a81,5,Review,,2026-05-16 19:05:07.438675,2026-05-16 19:05:07.438676
47ab8832,bd0711fe,5,Review,Excellent service.,2026-05-16 19:05:07.438691,2026-05-16 19:05:07.438692
cc4ba81f,5ad9679b,5,Review,Product damaged.,2026-05-16 19:05:07.438707,2026-05-16 19:05:07.438708
9ae13fba,5335a1ba,5,Review,Okay product.,2026-05-16 19:05:07.438723,2026-05-16 19:05:07.438724
a5382d91,cedeec1f,2,Review,Great product!,2026-05-16 19:05:07.438739,2026-05-16 19:05:07.438739
c0d2117b,6f7b82e4,4,Review,,2026-05-16 19:05:07.438750,2026-05-16 19:05:07.438750
552f6bc2,6a8d4f63,4,Review,,2026-05-16 19:05:07.438761,2026-05-16 19:05:07.438761
0dab3353,fbc7d794,1,Review,Never arrived.,2026-05-16 19:05:07.438776,2026-05-16 19:05:07.438777
d635e767,179f6031,4,Review,Arrived late.,2026-05-16 19:05:07.438793,2026-05-16 19:05:07.438793
c7dbe152,bbf115f5,2,Review,Never arrived.,2026-05-16 19:05:07.438808,2026-05-16 19:05:07.438808
c94f40d8,3fbcfa4d,4,Review,,2026-05-16 19:05:07.438819,2026-05-16 19:05:07.438819
bdc5c845,b6017d8a,2,Review,Never arrived.,2026-05-16 19:05:07.438834,2026-05-16 19:05:07.438834
f98c9075,6dc8b737,3,Review,,2026-05-16 19:05:07.438845,2026-05-16 19:05:07.438845
0ea90934,312e06c0,1,Review,Okay product.,2026-05-16 19:05:07.438860,2026-05-16 19:05:07.438861
d5552714,8c73b7ab,1,Review,Never arrived.,2026-05-16 19:05:07.438876,2026-05-16 19:05:07.438877
dc8bd90d,a77fd795,1,Review,Fast delivery.,2026-05-16 19:05:07.438892,2026-05-16 19:05:07.438892
73a04402,04feeef6,3,Review,,2026-05-16 19:05:07.438902,2026-05-16 19:05:07.438903
4b3da76c,3e2fab2f,5,Review,,2026-05-16 19:05:07.438913,2026-05-16 19:05:07.438913
97c95b88,702c4d70,4,Review,,2026-05-16 19:05:07.438923,2026-05-16 19:05:07.438924
c45548ec,ad226f1b,5,Review,Arrived late.,2026-05-16 19:05:07.438939,2026-05-16 19:05:07.438939
cd1dbaac,cf9ac3b3,5,Review,Never arrived.,2026-05-16 19:05:07.438956,2026-05-16 19:05:07.438956
9b9d8f55,0e0c283d,4,Review,Product damaged.,2026-05-16 19:05:07.438972,2026-05-16 19:05:07.438972
97221732,872319f6,1,Review,Product damaged.,2026-05-16 19:05:07.438989,2026-05-16 19:05:07.438989
7110461b,89ce3c30,1,Review,Very satisfied.,2026-05-16 19:05:07.439005,2026-05-16 19:05:07.439005
d30ec3a6,b0b0d568,3,Review,,2026-05-16 19:05:07.439016,2026-05-16 19:05:07.439016
309e60f4,817820e8,3,Review,,2026-05-16 19:05:07.439026,2026-05-16 19:05:07.439027
daae281d,956a41fd,5,Review,,2026-05-16 19:05:07.439037,2026-05-16 19:05:07.439037
66d5a08e,c05c9b6f,5,Review,,2026-05-16 19:05:07.439047,2026-05-16 19:05:07.439048
3b931708,afc86e97,1,Review,Excellent service.,2026-05-16 19:05:07.439063,2026-05-16 19:05:07.439064
0d1d7f05,8f29e885,5,Review,Never arrived.,2026-05-16 19:05:07.439079,2026-05-16 19:05:07.439080
e1fff92c,ae613513,5,Review,Arrived late.,2026-05-16 19:05:07.439096,2026-05-16 19:05:07.439096
855f1473,c2231649,4,Review,,2026-05-16 19:05:07.439106,2026-05-16 19:05:07.439107
cd85db0c,e0b3cca1,5,Review,Product damaged.,2026-05-16 19:05:07.439122,2026-05-16 19:05:07.439122
6d5acadc,0a4bb6e8,5,Review,,2026-05-16 19:05:07.439133,2026-05-16 19:05:07.439133
4040657e,611827d6,4,Review,,2026-05-16 19:05:07.439143,2026-05-16 19:05:07.439143
ee077d5d,4ea902a1,4,Review,,2026-05-16 19:05:07.439154,2026-05-16 19:05:07.439154
b45f6931,ef27a48e,5,Review,Very satisfied.,2026-05-16 19:05:07.439170,2026-05-16 19:05:07.439170
c8e0c6e4,8d42cf2d,3,Review,,2026-05-16 19:05:07.439181,2026-05-16 19:05:07.439181
0e317953,f8c84687,5,Review,,2026-05-16 19:05:07.439191,2026-05-16 19:05:07.439192
d9cb7699,fcde08c8,5,Review,Arrived late.,2026-05-16 19:05:07.439207,2026-05-16 19:05:07.439207
b0eb47f1,af3b550c,4,Review,,2026-05-16 19:05:07.439218,2026-05-16 19:05:07.439218
1840d03a,9e16e737,4,Review,,2026-05-16 19:05:07.439228,2026-05-16 19:05:07.439229
3c5922c9,2e00731b,5,Review,Arrived late.,2026-05-16 19:05:07.439244,2026-05-16 19:05:07.439244
cebc1d4c,271589f7,5,Review,,2026-05-16 19:05:07.439255,2026-05-16 19:05:07.439255
d870e461,509875aa,5,Review,Fast delivery.,2026-05-16 19:05:07.439271,2026-05-16 19:05:07.439271
98f9f285,cf5dd97e,3,Review,,2026-05-16 19:05:07.439282,2026-05-16 19:05:07.439282
d167447d,276efb20,4,Review,,2026-05-16 19:05:07.439292,2026-05-16 19:05:07.439292
7bcdfe79,28460638,5,Review,,2026-05-16 19:05:07.439303,2026-05-16 19:05:07.439303
96396d37,64857baf,5,Review,,2026-05-16 19:05:07.439313,2026-05-16 19:05:07.439314
95ae85e7,77c38575,4,Review,,2026-05-16 19:05:07.439324,2026-05-16 19:05:07.439324
8739fa89,e68cc79f,5,Review,,2026-05-16 19:05:07.439334,2026-05-16 19:05:07.439334
d3d39ede,f9d81a72,5,Review,,2026-05-16 19:05:07.439345,2026-05-16 19:05:07.439345
055b23a9,ad41cb29,4,Review,,2026-05-16 19:05:07.439356,2026-05-16 19:05:07.439356
28846020,a1f08858,5,Review,,2026-05-16 19:05:07.439367,2026-05-16 19:05:07.439367
c64bacf1,61691959,5,Review,,2026-05-16 19:05:07.439377,2026-05-16 19:05:07.439378
92050c93,aa4b0afc,5,Review,Product damaged.,2026-05-16 19:05:07.439393,2026-05-16 19:05:07.439394
1b17e1ed,bfe8d889,2,Review,Product damaged.,2026-05-16 19:05:07.439411,2026-05-16 19:05:07.439411
9841e2c4,10c38408,4,Review,,2026-05-16 19:05:07.439422,2026-05-16 19:05:07.439422
4fbb5beb,4818e5aa,4,Review,,2026-05-16 19:05:07.439432,2026-05-16 19:05:07.439432
d9413cf7,7d474b74,5,Review,,2026-05-16 19:05:07.439443,2026-05-16 19:05:07.439443
74643813,7319ca6c,4,Review,,2026-05-16 19:05:07.439454,2026-05-16 19:05:07.439455
def44d6f,159a2b15,2,Review,Very satisfied.,2026-05-16 19:05:07.439470,2026-05-16 19:05:07.439470
7af16387,1537c836,4,Review,,2026-05-16 19:05:07.439481,2026-05-16 19:05:07.439481
aea23635,5fe3f18e,5,Review,,2026-05-16 19:05:07.439491,2026-05-16 19:05:07.439492
df189e9a,51e86e6f,5,Review,,2026-05-16 19:05:07.439502,2026-05-16 19:05:07.439502
b494249f,673219f5,5,Review,Product damaged.,2026-05-16 19:05:07.439519,2026-05-16 19:05:07.439519
72703a7d,b9ea39cd,4,Review,,2026-05-16 19:05:07.439529,2026-05-16 19:05:07.439530
52ae3dc4,0b29ec2a,3,Review,,2026-05-16 19:05:07.439540,2026-05-16 19:05:07.439541
4b5a846c,e7b124e6,5,Review,,2026-05-16 19:05:07.439551,2026-05-16 19:05:07.439552
58a92bbf,f1ea0011,5,Review,,2026-05-16 19:05:07.439562,2026-05-16 19:05:07.439562
3c15623a,20b02663,5,Review,,2026-05-16 19:05:07.439572,2026-05-16 19:05:07.439573
69fc2ac6,de56690e,5,Review,,2026-05-16 19:05:07.439583,2026-05-16 19:05:07.439583
51ea9937,2e455b81,5,Review,,2026-05-16 19:05:07.439593,2026-05-16 19:05:07.439593
1e6f830c,f6dbb604,4,Review,,2026-05-16 19:05:07.439603,2026-05-16 19:05:07.439604
0c9a07ad,d0bcaa4d,5,Review,Excellent service.,2026-05-16 19:05:07.439619,2026-05-16 19:05:07.439620
9a61df16,17ae1cf1,3,Review,,2026-05-16 19:05:07.439630,2026-05-16 19:05:07.439631
2bcab667,c6fa68e2,5,Review,,2026-05-16 19:05:07.439641,2026-05-16 19:05:07.439641
e5a0c5e6,f0fd835c,5,Review,Bad quality.,2026-05-16 19:05:07.439657,2026-05-16 19:05:07.439657
edad4215,69deb5a9,5,Review,,2026-05-16 19:05:07.439667,2026-05-16 19:05:07.439667
f4b28cea,058a3dbe,4,Review,,2026-05-16 19:05:07.439678,2026-05-16 19:05:07.439678
108814f4,de731c69,4,Review,,2026-05-16 19:05:07.439688,2026-05-16 19:05:07.439688
868b4ec3,e1cb0b1a,5,Review,,2026-05-16 19:05:07.439698,2026-05-16 19:05:07.439699
1bfb7c54,a2ddad4f,3,Review,Arrived late.,2026-05-16 19:05:07.439716,2026-05-16 19:05:07.439716
ab3d437d,ab9b70a8,1,Review,Excellent service.,2026-05-16 19:05:07.439732,2026-05-16 19:05:07.439732
6de0a746,2c9729c5,5,Review,,2026-05-16 19:05:07.439743,2026-05-16 19:05:07.439743
e7f168bb,fa34e216,4,Review,,2026-05-16 19:05:07.439753,2026-05-16 19:05:07.439753
1aa8afd5,fbb51082,5,Review,,2026-05-16 19:05:07.439763,2026-05-16 19:05:07.439763
1dac725a,53f980b8,5,Review,,2026-05-16 19:05:07.439774,2026-05-16 19:05:07.439774
e8c89970,3dbdeb17,5,Review,Fast delivery.,2026-05-16 19:05:07.439790,2026-05-16 19:05:07.439790
d39312d8,474af753,5,Review,Excellent service.,2026-05-16 19:05:07.439806,2026-05-16 19:05:07.439807
ded212b8,67778916,1,Review,Never arrived.,2026-05-16 19:05:07.439822,2026-05-16 19:05:07.439823
5e266746,b3bdbfd6,1,Review,Great product!,2026-05-16 19:05:07.439838,2026-05-16 19:05:07.439839
ce82d634,e9e762f5,5,Review,Never arrived.,2026-05-16 19:05:07.439855,2026-05-16 19:05:07.439855
cbbcbb14,9c7ae1a6,3,Review,,2026-05-16 19:05:07.439866,2026-05-16 19:05:07.439866
ef52c8b7,4abc93be,5,Review,,2026-05-16 19:05:07.439876,2026-05-16 19:05:07.439877
b0b78eec,f173643b,3,Review,,2026-05-16 19:05:07.439887,2026-05-16 19:05:07.439887
d545c3c1,d0716130,5,Review,Very satisfied.,2026-05-16 19:05:07.439903,2026-05-16 19:05:07.439904
fcc11fb0,7529de86,4,Review,,2026-05-16 19:05:07.439918,2026-05-16 19:05:07.439919
64bbc799,5f4bb2c8,5,Review,,2026-05-16 19:05:07.439930,2026-05-16 19:05:07.439931
108db990,4dcab292,1,Review,Never arrived.,2026-05-16 19:05:07.439947,2026-05-16 19:05:07.439947
56e1427e,ee4f0a83,5,Review,,2026-05-16 19:05:07.439959,2026-05-16 19:05:07.439959
09e8945f,280a2d9e,5,Review,,2026-05-16 19:05:07.439970,2026-05-16 19:05:07.439971
31ee5c89,d2127964,4,Review,,2026-05-16 19:05:07.439982,2026-05-16 19:05:07.439982
81eea9bc,bc9e3e9f,5,Review,,2026-05-16 19:05:07.439993,2026-05-16 19:05:07.439994
bba68f0a,bcbf2d17,1,Review,Arrived late.,2026-05-16 19:05:07.440010,2026-05-16 19:05:07.440011
2aa232a5,d4f84c2c,4,Review,,2026-05-16 19:05:07.440022,2026-05-16 19:05:07.440022
eead61e0,0064f7ce,4,Review,,2026-05-16 19:05:07.440033,2026-05-16 19:05:07.440033
3aa10c29,58f87681,5,Review,Great product!,2026-05-16 19:05:07.440050,2026-05-16 19:05:07.440051
e5d79f4e,83634f85,2,Review,Okay product.,2026-05-16 19:05:07.440072,2026-05-16 19:05:07.440073
8483fb34,2a40caf2,4,Review,,2026-05-16 19:05:07.440088,2026-05-16 19:05:07.440088
6329f4bb,2b7ce3c1,4,Review,,2026-05-16 19:05:07.440103,2026-05-16 19:05:07.440104
ad533c9e,7de9255d,5,Review,Bad quality.,2026-05-16 19:05:07.440125,2026-05-16 19:05:07.440125
0c67e9e8,a0fbb09d,4,Review,Never arrived.,2026-05-16 19:05:07.440141,2026-05-16 19:05:07.440141
707929d2,c3eab19d,4,Review,,2026-05-16 19:05:07.440152,2026-05-16 19:05:07.440152
1787ecd3,077b0cf1,2,Review,Very satisfied.,2026-05-16 19:05:07.440167,2026-05-16 19:05:07.440168
383e89a9,d453ed6e,5,Review,,2026-05-16 19:05:07.440178,2026-05-16 19:05:07.440178
59acb014,4d7bdf61,5,Review,,2026-05-16 19:05:07.440189,2026-05-16 19:05:07.440189
6d4eb1c1,27160f8b,4,Review,,2026-05-16 19:05:07.440199,2026-05-16 19:05:07.440199
9a781355,4949095f,4,Review,,2026-05-16 19:05:07.440209,2026-05-16 19:05:07.440210
6eea2b99,3b2a6574,4,Review,,2026-05-16 19:05:07.440220,2026-05-16 19:05:07.440220
40d84e6c,2631e16c,1,Review,Product damaged.,2026-05-16 19:05:07.440236,2026-05-16 19:05:07.440236
84683231,3ae936d0,2,Review,Very satisfied.,2026-05-16 19:05:07.440253,2026-05-16 19:05:07.440253
e6605a09,40c60f5f,4,Review,,2026-05-16 19:05:07.440264,2026-05-16 19:05:07.440264
da500fc8,f5e9058e,2,Review,Recommend.,2026-05-16 19:05:07.440279,2026-05-16 19:05:07.440280
8c0c5da1,1430a58c,5,Review,,2026-05-16 19:05:07.440290,2026-05-16 19:05:07.440290
e78c940a,04f07b06,5,Review,,2026-05-16 19:05:07.440301,2026-05-16 19:05:07.440301
ec34a335,5447cf3b,4,Review,,2026-05-16 19:05:07.440311,2026-05-16 19:05:07.440311
d410ad07,9ade71f9,4,Review,,2026-05-16 19:05:07.440322,2026-05-16 19:05:07.440322
d47e0f58,6f2471de,5,Review,,2026-05-16 19:05:07.440332,2026-05-16 19:05:07.440332
f2d9e55b,9a6c8108,5,Review,,2026-05-16 19:05:07.440342,2026-05-16 19:05:07.440343
177ed7b6,b7cb82ae,5,Review,,2026-05-16 19:05:07.440353,2026-05-16 19:05:07.440353
541b87f8,2ff7db59,5,Review,,2026-05-16 19:05:07.440363,2026-05-16 19:05:07.440363
ee1cc191,5ea1af47,5,Review,,2026-05-16 19:05:07.440374,2026-05-16 19:05:07.440374
e464a1f3,3c353e36,3,Review,,2026-05-16 19:05:07.440384,2026-05-16 19:05:07.440384
ff885cf7,37b304a1,5,Review,,2026-05-16 19:05:07.440394,2026-05-16 19:05:07.440395
9b92a582,96e4ee30,5,Review,,2026-05-16 19:05:07.440405,2026-05-16 19:05:07.440405
9579a76b,5759c6ec,5,Review,Arrived late.,2026-05-16 19:05:07.440421,2026-05-16 19:05:07.440421
8dc90519,b81d6e9a,3,Review,,2026-05-16 19:05:07.440431,2026-05-16 19:05:07.440431
78b7233b,4c24bfaa,5,Review,,2026-05-16 19:05:07.440442,2026-05-16 19:05:07.440442
ca6a83e4,9f89f5d4,5,Review,,2026-05-16 19:05:07.440454,2026-05-16 19:05:07.440455
942da987,74b26b90,5,Review,Excellent service.,2026-05-16 19:05:07.440474,2026-05-16 19:05:07.440474
0b0a12a0,ce069b95,4,Review,Fast delivery.,2026-05-16 19:05:07.440490,2026-05-16 19:05:07.440491
609c8c8b,28dfe404,4,Review,,2026-05-16 19:05:07.440502,2026-05-16 19:05:07.440502
40fecb6d,000f1d84,5,Review,,2026-05-16 19:05:07.440513,2026-05-16 19:05:07.440513
b4ba31f8,c849d8ab,4,Review,,2026-05-16 19:05:07.440524,2026-05-16 19:05:07.440524
087152dd,674be61d,5,Review,,2026-05-16 19:05:07.440534,2026-05-16 19:05:07.440535
78873a52,f90f7d96,5,Review,Excellent service.,2026-05-16 19:05:07.440550,2026-05-16 19:05:07.440551
d1fa8678,88235b42,5,Review,,2026-05-16 19:05:07.440561,2026-05-16 19:05:07.440561
099e4db3,c9e65c68,4,Review,Bad quality.,2026-05-16 19:05:07.440577,2026-05-16 19:05:07.440577
68f2e356,27e72f04,4,Review,,2026-05-16 19:05:07.440588,2026-05-16 19:05:07.440588
711e80a0,4b6b0374,4,Review,,2026-05-16 19:05:07.440598,2026-05-16 19:05:07.440598
02978f95,f22c7b59,2,Review,Fast delivery.,2026-05-16 19:05:07.440614,2026-05-16 19:05:07.440614
fd0752ac,7256e65c,3,Review,,2026-05-16 19:05:07.440626,2026-05-16 19:05:07.440626
c056386a,008a49d3,3,Review,,2026-05-16 19:05:07.440637,2026-05-16 19:05:07.440637
9f0e8914,4add1915,4,Review,Never arrived.,2026-05-16 19:05:07.440653,2026-05-16 19:05:07.440653
79faba41,228ef171,5,Review,,2026-05-16 19:05:07.440663,2026-05-16 19:05:07.440664
7a1c53cc,a252bb32,4,Review,,2026-05-16 19:05:07.440674,2026-05-16 19:05:07.440674
cd0ba0fa,f5836018,5,Review,,2026-05-16 19:05:07.440684,2026-05-16 19:05:07.440685
2a64902d,a7327a50,5,Review,,2026-05-16 19:05:07.440695,2026-05-16 19:05:07.440695
51d15d26,b56c55b3,4,Review,,2026-05-16 19:05:07.440705,2026-05-16 19:05:07.440706
3e93679c,bb3bee12,5,Review,,2026-05-16 19:05:07.440716,2026-05-16 19:05:07.440716
43841129,46997636,4,Review,,2026-05-16 19:05:07.440726,2026-05-16 19:05:07.440726
d7d17433,06a0f800,4,Review,,2026-05-16 19:05:07.440737,2026-05-16 19:05:07.440737
a90873a0,e5995ee0,5,Review,,2026-05-16 19:05:07.440747,2026-05-16 19:05:07.440748
35224165,cc6df1f0,5,Review,,2026-05-16 19:05:07.440758,2026-05-16 19:05:07.440758
a37afa39,e317fc9a,1,Review,Product damaged.,2026-05-16 19:05:07.440773,2026-05-16 19:05:07.440774
88561d04,0ad5b2b1,5,Review,,2026-05-16 19:05:07.440784,2026-05-16 19:05:07.440784
e4187ad3,384ef1ea,5,Review,,2026-05-16 19:05:07.440794,2026-05-16 19:05:07.440795
ede84111,86cdddce,5,Review,,2026-05-16 19:05:07.440805,2026-05-16 19:05:07.440805
3ad93e43,bd926e0d,5,Review,,2026-05-16 19:05:07.440816,2026-05-16 19:05:07.440816
9551ea93,fb992ac0,1,Review,Recommend.,2026-05-16 19:05:07.440831,2026-05-16 19:05:07.440831
dabe9164,0ff33359,5,Review,Recommend.,2026-05-16 19:05:07.440847,2026-05-16 19:05:07.440847
5d905337,5d691717,5,Review,,2026-05-16 19:05:07.440857,2026-05-16 19:05:07.440858
4ee43089,98f6fc5f,4,Review,,2026-05-16 19:05:07.440868,2026-05-16 19:05:07.440868
bd152ae8,d6a0aa2e,5,Review,,2026-05-16 19:05:07.440878,2026-05-16 19:05:07.440879
60e42935,d81b2eaf,4,Review,Arrived late.,2026-05-16 19:05:07.440894,2026-05-16 19:05:07.440895
cc607d47,dccb1f2b,4,Review,Fast delivery.,2026-05-16 19:05:07.440911,2026-05-16 19:05:07.440911
40a7c9c9,150d5f93,4,Review,,2026-05-16 19:05:07.440922,2026-05-16 19:05:07.440922
08616190,d8165bce,2,Review,Okay product.,2026-05-16 19:05:07.440938,2026-05-16 19:05:07.440938
9140da26,8eeccb21,4,Review,,2026-05-16 19:05:07.440948,2026-05-16 19:05:07.440949
31e97889,4a1b04f2,5,Review,,2026-05-16 19:05:07.440959,2026-05-16 19:05:07.440959
e629f4dc,04e63a6d,5,Review,,2026-05-16 19:05:07.440969,2026-05-16 19:05:07.440970
8e95ccd2,860ed070,4,Review,,2026-05-16 19:05:07.440980,2026-05-16 19:05:07.440980
1d83b0d6,17cc0184,5,Review,Never arrived.,2026-05-16 19:05:07.440996,2026-05-16 19:05:07.440996
000b1a3e,f5230909,2,Review,Great product!,2026-05-16 19:05:07.441012,2026-05-16 19:05:07.441012
f9cfcb79,1b8d62dc,1,Review,Bad quality.,2026-05-16 19:05:07.441029,2026-05-16 19:05:07.441029
b6b0ad0f,44f426f2,5,Review,,2026-05-16 19:05:07.441045,2026-05-16 19:05:07.441046
85b36370,c9bf84b2,5,Review,,2026-05-16 19:05:07.441056,2026-05-16 19:05:07.441057
d26b38e2,d5e1824e,4,Review,Great product!,2026-05-16 19:05:07.441073,2026-05-16 19:05:07.441073
73ca377a,499f3b18,1,Review,Okay product.,2026-05-16 19:05:07.441090,2026-05-16 19:05:07.441090
dbeaf82e,996e0d62,5,Review,,2026-05-16 19:05:07.441102,2026-05-16 19:05:07.441102
1f529742,d7d2f6a9,1,Review,Great product!,2026-05-16 19:05:07.441118,2026-05-16 19:05:07.441118
109e2724,3fdc98c2,4,Review,,2026-05-16 19:05:07.441129,2026-05-16 19:05:07.441129
4e834304,5b0bb886,3,Review,,2026-05-16 19:05:07.441140,2026-05-16 19:05:07.441141
998e7b2b,a16805e8,4,Review,,2026-05-16 19:05:07.441151,2026-05-16 19:05:07.441151
ebc7b1c0,bf48e04c,5,Review,,2026-05-16 19:05:07.441161,2026-05-16 19:05:07.441161
9e23fffb,a11a8129,5,Review,Bad quality.,2026-05-16 19:05:07.441177,2026-05-16 19:05:07.441177
d1612665,456d7cb0,3,Review,,2026-05-16 19:05:07.441188,2026-05-16 19:05:07.441188
5280f379,0339a50a,1,Review,Excellent service.,2026-05-16 19:05:07.441203,2026-05-16 19:05:07.441204
85e9d7bc,ff77747c,5,Review,Great product!,2026-05-16 19:05:07.441219,2026-05-16 19:05:07.441220
6962a931,f31e01c4,5,Review,,2026-05-16 19:05:07.441230,2026-05-16 19:05:07.441230
8dea022a,57209df2,5,Review,,2026-05-16 19:05:07.441240,2026-05-16 19:05:07.441241
f509af8c,e1752f0f,1,Review,Never arrived.,2026-05-16 19:05:07.441256,2026-05-16 19:05:07.441257
f5d1e7ea,026842aa,4,Review,,2026-05-16 19:05:07.441267,2026-05-16 19:05:07.441267
b399d310,09359beb,5,Review,,2026-05-16 19:05:07.441278,2026-05-16 19:05:07.441278
7e1a4ab4,8e011901,5,Review,,2026-05-16 19:05:07.441288,2026-05-16 19:05:07.441289
645ca713,dc567466,5,Review,,2026-05-16 19:05:07.441299,2026-05-16 19:05:07.441299
87f50381,97fb647c,4,Review,Product damaged.,2026-05-16 19:05:07.441315,2026-05-16 19:05:07.441315
badf1e45,d8b4ff94,4,Review,,2026-05-16 19:05:07.441325,2026-05-16 19:05:07.441326
daf14c8b,f29cb6f5,1,Review,Very satisfied.,2026-05-16 19:05:07.441341,2026-05-16 19:05:07.441341
d48de4e2,cb5d0c7b,5,Review,,2026-05-16 19:05:07.441351,2026-05-16 19:05:07.441352
0e0cb320,c3277b5e,4,Review,,2026-05-16 19:05:07.441362,2026-05-16 19:05:07.441362
42116f48,82c8dfe4,4,Review,,2026-05-16 19:05:07.441373,2026-05-16 19:05:07.441373
d48d687d,95023927,4,Review,Very satisfied.,2026-05-16 19:05:07.441388,2026-05-16 19:05:07.441389
77f72db6,a3fb3b31,5,Review,,2026-05-16 19:05:07.441400,2026-05-16 19:05:07.441400
56bbe6a9,39aef4e0,5,Review,,2026-05-16 19:05:07.441413,2026-05-16 19:05:07.441413
c5c7d88f,7975e064,5,Review,Product damaged.,2026-05-16 19:05:07.441430,2026-05-16 19:05:07.441430
1bb88ac8,e40c9891,4,Review,,2026-05-16 19:05:07.441441,2026-05-16 19:05:07.441441
cb844e20,caf535af,5,Review,Recommend.,2026-05-16 19:05:07.441457,2026-05-16 19:05:07.441457
25aaac02,ec6384dc,5,Review,,2026-05-16 19:05:07.441468,2026-05-16 19:05:07.441468
cd79bcf4,47bcdf84,4,Review,,2026-05-16 19:05:07.441479,2026-05-16 19:05:07.441479
0e0b9fb6,c241b179,3,Review,,2026-05-16 19:05:07.441490,2026-05-16 19:05:07.441490
b47bf17d,02586e3f,3,Review,,2026-05-16 19:05:07.441501,2026-05-16 19:05:07.441501
ea289401,92c07c4e,1,Review,Arrived late.,2026-05-16 19:05:07.441516,2026-05-16 19:05:07.441517
d95520d2,4e653710,5,Review,,2026-05-16 19:05:07.441527,2026-05-16 19:05:07.441528
6586cfd2,11fecf51,4,Review,,2026-05-16 19:05:07.441538,2026-05-16 19:05:07.441538
91dc6820,677bdd35,5,Review,,2026-05-16 19:05:07.441548,2026-05-16 19:05:07.441549
e8412aa1,a7f10ebc,4,Review,,2026-05-16 19:05:07.441559,2026-05-16 19:05:07.441560
73b7d88a,fcfd7b12,1,Review,Very satisfied.,2026-05-16 19:05:07.441575,2026-05-16 19:05:07.441575
e3aee665,cad66dd4,5,Review,,2026-05-16 19:05:07.441586,2026-05-16 19:05:07.441586
98989b6b,660210ae,5,Review,,2026-05-16 19:05:07.441597,2026-05-16 19:05:07.441597
6d6f0092,330b4405,5,Review,,2026-05-16 19:05:07.441607,2026-05-16 19:05:07.441607
d73e2499,cfe89987,3,Review,Very satisfied.,2026-05-16 19:05:07.441623,2026-05-16 19:05:07.441623
2f252381,d2d95f41,4,Review,,2026-05-16 19:05:07.441634,2026-05-16 19:05:07.441634
70877b7c,440b77cc,4,Review,,2026-05-16 19:05:07.441646,2026-05-16 19:05:07.441646
fafd83ef,822287e5,5,Review,,2026-05-16 19:05:07.441657,2026-05-16 19:05:07.441657
5a758bb1,d3824c39,1,Review,Product damaged.,2026-05-16 19:05:07.441673,2026-05-16 19:05:07.441673
45d4bedf,45da0fd5,4,Review,,2026-05-16 19:05:07.441684,2026-05-16 19:05:07.441684
7e1298cc,2deb1274,5,Review,,2026-05-16 19:05:07.441694,2026-05-16 19:05:07.441695
6d3e30a4,528176ed,4,Review,,2026-05-16 19:05:07.441705,2026-05-16 19:05:07.441705
ecb57a7e,3b01c776,5,Review,,2026-05-16 19:05:07.441716,2026-05-16 19:05:07.441716
e3a56328,e9b54e3d,5,Review,,2026-05-16 19:05:07.441726,2026-05-16 19:05:07.441727
5f1206e8,ff218e35,5,Review,,2026-05-16 19:05:07.441737,2026-05-16 19:05:07.441737
c4454fd1,d331aa9e,5,Review,,2026-05-16 19:05:07.441747,2026-05-16 19:05:07.441748
5960dda8,355e8f68,1,Review,Never arrived.,2026-05-16 19:05:07.441764,2026-05-16 19:05:07.441764
b695dbcd,c53f00ca,5,Review,Great product!,2026-05-16 19:05:07.441780,2026-05-16 19:05:07.441780
4450d612,0259942b,4,Review,,2026-05-16 19:05:07.441791,2026-05-16 19:05:07.441791
5b357099,289ddbed,5,Review,,2026-05-16 19:05:07.441802,2026-05-16 19:05:07.441802
abb40bf8,8e40478f,5,Review,,2026-05-16 19:05:07.441812,2026-05-16 19:05:07.441813
efffb05e,be0530c6,1,Review,Never arrived.,2026-05-16 19:05:07.441828,2026-05-16 19:05:07.441829
61dcb38c,af6b3bfa,5,Review,Okay product.,2026-05-16 19:05:07.441844,2026-05-16 19:05:07.441845
a873fde3,e0fb1c63,5,Review,Never arrived.,2026-05-16 19:05:07.441860,2026-05-16 19:05:07.441860
f2c0a1cf,c9576490,4,Review,Excellent service.,2026-05-16 19:05:07.441876,2026-05-16 19:05:07.441876
7973a617,afd75596,1,Review,Arrived late.,2026-05-16 19:05:07.441891,2026-05-16 19:05:07.441892
a76705f4,3f41f493,5,Review,,2026-05-16 19:05:07.441902,2026-05-16 19:05:07.441902
21d6458f,9bf2ec44,5,Review,,2026-05-16 19:05:07.441913,2026-05-16 19:05:07.441913
4283a330,193b7304,5,Review,,2026-05-16 19:05:07.441923,2026-05-16 19:05:07.441923
3da9f275,5fdcbd92,5,Review,,2026-05-16 19:05:07.441933,2026-05-16 19:05:07.441934
f32f8ff7,f266697f,5,Review,,2026-05-16 19:05:07.441944,2026-05-16 19:05:07.441944
1ec81131,c074ff9e,5,Review,,2026-05-16 19:05:07.441954,2026-05-16 19:05:07.441955
e9ed7f9f,b0e96c3a,4,Review,,2026-05-16 19:05:07.441965,2026-05-16 19:05:07.441965
df522118,d3c9c7e2,5,Review,Recommend.,2026-05-16 19:05:07.441980,2026-05-16 19:05:07.441981
370840aa,ca302679,4,Review,Never arrived.,2026-05-16 19:05:07.441996,2026-05-16 19:05:07.441997
2e145059,3072e13c,5,Review,,2026-05-16 19:05:07.442007,2026-05-16 19:05:07.442007
d8c8c896,6f0eb5d2,5,Review,,2026-05-16 19:05:07.442019,2026-05-16 19:05:07.442019
b952185d,b224175f,3,Review,,2026-05-16 19:05:07.442029,2026-05-16 19:05:07.442030
93353d0e,8df886c8,5,Review,Arrived late.,2026-05-16 19:05:07.442045,2026-05-16 19:05:07.442045
d2483116,4cb5f6a1,4,Review,,2026-05-16 19:05:07.442056,2026-05-16 19:05:07.442056
06838bf5,4d7ff1fc,5,Review,Bad quality.,2026-05-16 19:05:07.442072,2026-05-16 19:05:07.442072
edc4dc40,391aceba,5,Review,,2026-05-16 19:05:07.442082,2026-05-16 19:05:07.442083
1b1a84e6,bcabbb69,5,Review,Okay product.,2026-05-16 19:05:07.442098,2026-05-16 19:05:07.442098
9e242bce,80e7e933,2,Review,Recommend.,2026-05-16 19:05:07.442114,2026-05-16 19:05:07.442114
85b181ec,49de9046,2,Review,Product damaged.,2026-05-16 19:05:07.442129,2026-05-16 19:05:07.442130
60fd6339,6cebef35,5,Review,,2026-05-16 19:05:07.442140,2026-05-16 19:05:07.442140
33a4921d,d03845b0,5,Review,,2026-05-16 19:05:07.442151,2026-05-16 19:05:07.442151
fa7b5475,1ae219d0,5,Review,,2026-05-16 19:05:07.442161,2026-05-16 19:05:07.442162
442278f0,230bc909,1,Review,Recommend.,2026-05-16 19:05:07.442177,2026-05-16 19:05:07.442177
c2569133,8fc0e466,5,Review,,2026-05-16 19:05:07.442188,2026-05-16 19:05:07.442188
b4cc121d,fec201a8,3,Review,,2026-05-16 19:05:07.442198,2026-05-16 19:05:07.442198
aa9f8c8e,a3fb6ca5,5,Review,,2026-05-16 19:05:07.442209,2026-05-16 19:05:07.442209
9e5ade4c,ec55622e,5,Review,,2026-05-16 19:05:07.442219,2026-05-16 19:05:07.442220
3385aad3,27072f6e,5,Review,,2026-05-16 19:05:07.442230,2026-05-16 19:05:07.442230
a18871b2,135d700b,5,Review,,2026-05-16 19:05:07.442240,2026-05-16 19:05:07.442240
82ca47c6,19c4a725,5,Review,,2026-05-16 19:05:07.442250,2026-05-16 19:05:07.442251
ee84dfb0,92a6fcaf,1,Review,Never arrived.,2026-05-16 19:05:07.442266,2026-05-16 19:05:07.442266
86552d20,11a119a7,5,Review,,2026-05-16 19:05:07.442276,2026-05-16 19:05:07.442277
773bd173,f14d1da9,3,Review,,2026-05-16 19:05:07.442287,2026-05-16 19:05:07.442287
071f2024,8aba632a,1,Review,Very satisfied.,2026-05-16 19:05:07.442303,2026-05-16 19:05:07.442303
e3d9a579,b9dcab89,5,Review,,2026-05-16 19:05:07.442313,2026-05-16 19:05:07.442313
d1ecf3e8,60bc83bc,5,Review,,2026-05-16 19:05:07.442324,2026-05-16 19:05:07.442324
e1b0280f,9860a573,3,Review,,2026-05-16 19:05:07.442336,2026-05-16 19:05:07.442336
8ded75af,5d507ca8,2,Review,Fast delivery.,2026-05-16 19:05:07.442351,2026-05-16 19:05:07.442351
b457b064,fbc764f6,5,Review,Excellent service.,2026-05-16 19:05:07.442367,2026-05-16 19:05:07.442367
e8a10dad,052c84df,4,Review,,2026-05-16 19:05:07.442378,2026-05-16 19:05:07.442378
9412011c,f672141b,3,Review,,2026-05-16 19:05:07.442388,2026-05-16 19:05:07.442388
ccbfa43c,c444a5a8,1,Review,Arrived late.,2026-05-16 19:05:07.442404,2026-05-16 19:05:07.442404
755fda08,40bdcbed,5,Review,,2026-05-16 19:05:07.442414,2026-05-16 19:05:07.442415
363f07a0,f409e6ad,5,Review,,2026-05-16 19:05:07.442425,2026-05-16 19:05:07.442425
cc275267,25297848,1,Review,Very satisfied.,2026-05-16 19:05:07.442440,2026-05-16 19:05:07.442440
74aeeaf3,6c883239,5,Review,,2026-05-16 19:05:07.442451,2026-05-16 19:05:07.442451
c207dc14,9a1997ec,4,Review,,2026-05-16 19:05:07.442461,2026-05-16 19:05:07.442461
e6913ef2,ef95622e,5,Review,Fast delivery.,2026-05-16 19:05:07.442477,2026-05-16 19:05:07.442477
eb82eae0,ab0a6c00,5,Review,,2026-05-16 19:05:07.442488,2026-05-16 19:05:07.442488
a176b04c,a52fdf06,5,Review,,2026-05-16 19:05:07.442499,2026-05-16 19:05:07.442499
e4aa2d3d,70b8e804,5,Review,,2026-05-16 19:05:07.442509,2026-05-16 19:05:07.442509
c28227e0,7a06d160,5,Review,,2026-05-16 19:05:07.442519,2026-05-16 19:05:07.442520
80fcfe21,8ac3b67d,5,Review,,2026-05-16 19:05:07.442530,2026-05-16 19:05:07.442530
bab1a7d7,eaa2bd2a,1,Review,Recommend.,2026-05-16 19:05:07.442545,2026-05-16 19:05:07.442546
27959317,41027039,5,Review,,2026-05-16 19:05:07.442556,2026-05-16 19:05:07.442556
9cbc85e5,873fb999,5,Review,,2026-05-16 19:05:07.442566,2026-05-16 19:05:07.442566
60238448,e3459407,1,Review,Never arrived.,2026-05-16 19:05:07.442582,2026-05-16 19:05:07.442582
1af263b5,b5bc3d49,4,Review,,2026-05-16 19:05:07.442593,2026-05-16 19:05:07.442593
6f3b1e2a,a4445f3e,1,Review,Fast delivery.,2026-05-16 19:05:07.442608,2026-05-16 19:05:07.442609
bcae1fb0,e6f6ea90,3,Review,Recommend.,2026-05-16 19:05:07.442624,2026-05-16 19:05:07.442624
61de485f,287da997,4,Review,,2026-05-16 19:05:07.442635,2026-05-16 19:05:07.442635
76a1646d,0ab703b3,5,Review,,2026-05-16 19:05:07.442645,2026-05-16 19:05:07.442645
bc7d935e,0fbc1a9e,3,Review,,2026-05-16 19:05:07.442657,2026-05-16 19:05:07.442657
42de2ce3,1c8396e4,1,Review,Very satisfied.,2026-05-16 19:05:07.442673,2026-05-16 19:05:07.442673
f694cad4,7e9aeac8,4,Review,,2026-05-16 19:05:07.442683,2026-05-16 19:05:07.442683
6bcba646,4efba0e3,5,Review,,2026-05-16 19:05:07.442694,2026-05-16 19:05:07.442694
350c38f3,a01db53d,2,Review,Never arrived.,2026-05-16 19:05:07.442709,2026-05-16 19:05:07.442710
b7f82708,c5c6f2f1,5,Review,,2026-05-16 19:05:07.442720,2026-05-16 19:05:07.442720
300d998d,8026836f,5,Review,,2026-05-16 19:05:07.442731,2026-05-16 19:05:07.442731
7e0472f3,dcaa15e8,4,Review,Product damaged.,2026-05-16 19:05:07.442746,2026-05-16 19:05:07.442747
605653e2,e79d4a0d,4,Review,,2026-05-16 19:05:07.442757,2026-05-16 19:05:07.442757
76c177ca,370097e3,4,Review,,2026-05-16 19:05:07.442767,2026-05-16 19:05:07.442768
f496da80,631a64e4,2,Review,Product damaged.,2026-05-16 19:05:07.442783,2026-05-16 19:05:07.442783
0ad860fb,0f2df847,5,Review,,2026-05-16 19:05:07.442793,2026-05-16 19:05:07.442794
de4d06d0,ca03aa93,5,Review,,2026-05-16 19:05:07.442804,2026-05-16 19:05:07.442804
69edb2e8,52a129ab,5,Review,Product damaged.,2026-05-16 19:05:07.442820,2026-05-16 19:05:07.442820
1abcdd52,4bfc11a9,5,Review,Product damaged.,2026-05-16 19:05:07.442835,2026-05-16 19:05:07.442836
30c87a38,947e28b3,1,Review,Okay product.,2026-05-16 19:05:07.442851,2026-05-16 19:05:07.442852
80f9fe8d,a194b112,5,Review,,2026-05-16 19:05:07.442862,2026-05-16 19:05:07.442862
92682b59,23cff6cd,5,Review,,2026-05-16 19:05:07.442873,2026-05-16 19:05:07.442873
c23c4379,b03cbc98,4,Review,,2026-05-16 19:05:07.442883,2026-05-16 19:05:07.442883
77fcd2c6,dbf3ff02,5,Review,Product damaged.,2026-05-16 19:05:07.442899,2026-05-16 19:05:07.442899
23c41c05,cc784b2f,4,Review,,2026-05-16 19:05:07.442910,2026-05-16 19:05:07.442910
d9ca7d75,bb81eb7e,5,Review,,2026-05-16 19:05:07.442920,2026-05-16 19:05:07.442920
5802c0d2,bb508682,5,Review,,2026-05-16 19:05:07.442931,2026-05-16 19:05:07.442931
90749b96,477d0588,5,Review,Product damaged.,2026-05-16 19:05:07.442946,2026-05-16 19:05:07.442946
be13e1be,5023c715,4,Review,,2026-05-16 19:05:07.442957,2026-05-16 19:05:07.442957
7ea39e83,9c735ddd,5,Review,,2026-05-16 19:05:07.442967,2026-05-16 19:05:07.442967
28ca1b59,43db12a7,4,Review,,2026-05-16 19:05:07.442978,2026-05-16 19:05:07.442978
d18e0e47,e638aad5,4,Review,,2026-05-16 19:05:07.442988,2026-05-16 19:05:07.442988
608fdcf4,c1860593,5,Review,,2026-05-16 19:05:07.442998,2026-05-16 19:05:07.442999
0da59cb0,47f970da,5,Review,,2026-05-16 19:05:07.443010,2026-05-16 19:05:07.443011
9ea57ecc,ad2e69b9,4,Review,,2026-05-16 19:05:07.443021,2026-05-16 19:05:07.443022
84cdd229,534c5771,5,Review,,2026-05-16 19:05:07.443032,2026-05-16 19:05:07.443033
7fe1401d,2eafb3b6,5,Review,,2026-05-16 19:05:07.443043,2026-05-16 19:05:07.443043
1c806402,7d1c7e5a,4,Review,,2026-05-16 19:05:07.443053,2026-05-16 19:05:07.443053
5b95fd76,a1cba94c,4,Review,,2026-05-16 19:05:07.443064,2026-05-16 19:05:07.443064
8b96c419,7aa5b2a2,5,Review,,2026-05-16 19:05:07.443074,2026-05-16 19:05:07.443074
b3672798,10695e55,4,Review,,2026-05-16 19:05:07.443084,2026-05-16 19:05:07.443085
0eec95c3,609f2a07,1,Review,Product damaged.,2026-05-16 19:05:07.443100,2026-05-16 19:05:07.443101
08ad04ec,291480bc,5,Review,Arrived late.,2026-05-16 19:05:07.443117,2026-05-16 19:05:07.443117
db7dbcad,8f62ff5f,2,Review,Bad quality.,2026-05-16 19:05:07.443132,2026-05-16 19:05:07.443133
a651ff29,00c6bb9d,1,Review,Product damaged.,2026-05-16 19:05:07.443148,2026-05-16 19:05:07.443148
273b0154,a090f2f9,5,Review,Never arrived.,2026-05-16 19:05:07.443163,2026-05-16 19:05:07.443164
882f2c0c,0d1382b6,1,Review,Arrived late.,2026-05-16 19:05:07.443179,2026-05-16 19:05:07.443180
3d5ee23d,08f292e8,5,Review,,2026-05-16 19:05:07.443190,2026-05-16 19:05:07.443190
8e0ee094,712d0604,5,Review,,2026-05-16 19:05:07.443201,2026-05-16 19:05:07.443201
f906b16d,9f303958,5,Review,,2026-05-16 19:05:07.443211,2026-05-16 19:05:07.443211
c780d218,986f08b0,5,Review,,2026-05-16 19:05:07.443222,2026-05-16 19:05:07.443222
2ac2f3b9,bfcb8ff7,5,Review,,2026-05-16 19:05:07.443232,2026-05-16 19:05:07.443232
9bdc81a0,6b69b23d,5,Review,,2026-05-16 19:05:07.443243,2026-05-16 19:05:07.443243
73d9963b,46ae8bd2,5,Review,Arrived late.,2026-05-16 19:05:07.443258,2026-05-16 19:05:07.443259
71d5c21f,66a017d0,4,Review,Very satisfied.,2026-05-16 19:05:07.443280,2026-05-16 19:05:07.443280
257a6c7f,94800ceb,4,Review,,2026-05-16 19:05:07.443292,2026-05-16 19:05:07.443292
22c39a12,3d3be939,5,Review,,2026-05-16 19:05:07.443304,2026-05-16 19:05:07.443305
09dc6dc4,b7f3b3a4,3,Review,,2026-05-16 19:05:07.443316,2026-05-16 19:05:07.443316
33526582,a5cde84e,5,Review,,2026-05-16 19:05:07.443328,2026-05-16 19:05:07.443328
19ab834d,497628a8,5,Review,Great product!,2026-05-16 19:05:07.443345,2026-05-16 19:05:07.443346
2748a9af,c7f6539d,5,Review,,2026-05-16 19:05:07.443356,2026-05-16 19:05:07.443356
295f551d,19c11833,5,Review,,2026-05-16 19:05:07.443367,2026-05-16 19:05:07.443367
e277f6f8,d9f0b643,4,Review,Arrived late.,2026-05-16 19:05:07.443383,2026-05-16 19:05:07.443383
78c1909d,7766a600,1,Review,Product damaged.,2026-05-16 19:05:07.443399,2026-05-16 19:05:07.443399
911d31b5,cc5de76b,5,Review,,2026-05-16 19:05:07.443410,2026-05-16 19:05:07.443410
7a6cf61d,8e7b5e59,5,Review,Bad quality.,2026-05-16 19:05:07.443426,2026-05-16 19:05:07.443426
c653e02b,b6f4bf99,5,Review,,2026-05-16 19:05:07.443437,2026-05-16 19:05:07.443437
112ee282,1fb57489,4,Review,,2026-05-16 19:05:07.443447,2026-05-16 19:05:07.443447
980ffe23,da584ea7,5,Review,,2026-05-16 19:05:07.443457,2026-05-16 19:05:07.443458
6c4d49ef,a964cd4f,5,Review,,2026-05-16 19:05:07.443468,2026-05-16 19:05:07.443468
985fc9b0,e2166b56,2,Review,Very satisfied.,2026-05-16 19:05:07.443483,2026-05-16 19:05:07.443484
675fda58,51f1b020,5,Review,,2026-05-16 19:05:07.443494,2026-05-16 19:05:07.443494
4ed96bb7,ca725e5c,5,Review,Product damaged.,2026-05-16 19:05:07.443510,2026-05-16 19:05:07.443510
02a80562,dc164161,5,Review,,2026-05-16 19:05:07.443520,2026-05-16 19:05:07.443521
5585f9ab,e73cca83,5,Review,,2026-05-16 19:05:07.443531,2026-05-16 19:05:07.443531
29a3b2ff,bd82fc0a,5,Review,,2026-05-16 19:05:07.443542,2026-05-16 19:05:07.443542
ccea6cc1,c0ba91a9,1,Review,Recommend.,2026-05-16 19:05:07.443557,2026-05-16 19:05:07.443557
d730186a,9d064fd1,5,Review,,2026-05-16 19:05:07.443568,2026-05-16 19:05:07.443568
40f88e45,a12a12b2,2,Review,Excellent service.,2026-05-16 19:05:07.443583,2026-05-16 19:05:07.443583
85492f7c,04952d5f,5,Review,,2026-05-16 19:05:07.443594,2026-05-16 19:05:07.443594
c536781f,1f6f293e,2,Review,Arrived late.,2026-05-16 19:05:07.443609,2026-05-16 19:05:07.443610
47728907,67cebe56,3,Review,,2026-05-16 19:05:07.443620,2026-05-16 19:05:07.443620
3deaf568,69df21a7,4,Review,,2026-05-16 19:05:07.443631,2026-05-16 19:05:07.443631
654a6572,0b582f7e,3,Review,,2026-05-16 19:05:07.443642,2026-05-16 19:05:07.443642
1b8fefb5,fae781c8,2,Review,Bad quality.,2026-05-16 19:05:07.443658,2026-05-16 19:05:07.443658
fbd1c0a7,107691f6,4,Review,,2026-05-16 19:05:07.443668,2026-05-16 19:05:07.443669
8489af6a,cb4b2e98,5,Review,,2026-05-16 19:05:07.443679,2026-05-16 19:05:07.443679
8a2348c4,e0f1bdc1,5,Review,,2026-05-16 19:05:07.443689,2026-05-16 19:05:07.443689
0fe66b4d,c5800432,5,Review,,2026-05-16 19:05:07.443701,2026-05-16 19:05:07.443701
95b66938,1bc0f808,3,Review,,2026-05-16 19:05:07.443712,2026-05-16 19:05:07.443712
ce8d6bbb,fa19b517,5,Review,Never arrived.,2026-05-16 19:05:07.443728,2026-05-16 19:05:07.443728
9dfe9297,419327b1,2,Review,Arrived late.,2026-05-16 19:05:07.443744,2026-05-16 19:05:07.443744
24a64f30,786ec6f9,4,Review,,2026-05-16 19:05:07.443755,2026-05-16 19:05:07.443755
028305e4,5de7e20d,5,Review,,2026-05-16 19:05:07.443766,2026-05-16 19:05:07.443766
1a36f47a,9ea39a25,4,Review,Fast delivery.,2026-05-16 19:05:07.443782,2026-05-16 19:05:07.443782
906f9034,189a504a,5,Review,,2026-05-16 19:05:07.443793,2026-05-16 19:05:07.443793
2f660afd,6a4f7866,5,Review,,2026-05-16 19:05:07.443803,2026-05-16 19:05:07.443804
09b8e1ab,fa7a0ec4,4,Review,,2026-05-16 19:05:07.443814,2026-05-16 19:05:07.443814
54c19962,60a820fb,5,Review,,2026-05-16 19:05:07.443824,2026-05-16 19:05:07.443824
494ea4fb,fcd03a34,5,Review,,2026-05-16 19:05:07.443835,2026-05-16 19:05:07.443835
aefd3ed4,ce4af244,5,Review,,2026-05-16 19:05:07.443845,2026-05-16 19:05:07.443846
81740c9a,f6f4672d,3,Review,,2026-05-16 19:05:07.443856,2026-05-16 19:05:07.443856
af9d9860,da77bec9,5,Review,,2026-05-16 19:05:07.443866,2026-05-16 19:05:07.443866
50442953,f7de7853,5,Review,,2026-05-16 19:05:07.443880,2026-05-16 19:05:07.443880
0929dafd,392d210a,5,Review,,2026-05-16 19:05:07.443893,2026-05-16 19:05:07.443893
6ca446c1,5a6a03a9,3,Review,Arrived late.,2026-05-16 19:05:07.443910,2026-05-16 19:05:07.443910
fae243f3,a046ed98,5,Review,Fast delivery.,2026-05-16 19:05:07.443926,2026-05-16 19:05:07.443927
d6a2b2e0,353c9ac2,5,Review,,2026-05-16 19:05:07.443938,2026-05-16 19:05:07.443938
8d50798a,abacc2ca,5,Review,,2026-05-16 19:05:07.443949,2026-05-16 19:05:07.443950
b1a65cb4,9cc1aca8,5,Review,Excellent service.,2026-05-16 19:05:07.443966,2026-05-16 19:05:07.443966
904ab276,cea32e34,5,Review,Very satisfied.,2026-05-16 19:05:07.443982,2026-05-16 19:05:07.443982
4a5aae13,1130332a,4,Review,,2026-05-16 19:05:07.443993,2026-05-16 19:05:07.443994
afc61497,1bcce1e9,5,Review,,2026-05-16 19:05:07.444004,2026-05-16 19:05:07.444004
5c4ad5ad,496679ff,1,Review,Fast delivery.,2026-05-16 19:05:07.444020,2026-05-16 19:05:07.444020
95747d9d,2bdf1831,5,Review,,2026-05-16 19:05:07.444030,2026-05-16 19:05:07.444031
acd45d95,92bd28f5,5,Review,Bad quality.,2026-05-16 19:05:07.444047,2026-05-16 19:05:07.444047
40b4ecdd,46eda229,5,Review,,2026-05-16 19:05:07.444058,2026-05-16 19:05:07.444058
89e287d6,226cbd6f,4,Review,Bad quality.,2026-05-16 19:05:07.444073,2026-05-16 19:05:07.444074
507321e5,cf06d43f,5,Review,,2026-05-16 19:05:07.444084,2026-05-16 19:05:07.444085
22c9679f,e61b6019,5,Review,,2026-05-16 19:05:07.444095,2026-05-16 19:05:07.444095
3c05a6f1,2a79b504,1,Review,Very satisfied.,2026-05-16 19:05:07.444110,2026-05-16 19:05:07.444111
946e89eb,1dfe1b22,3,Review,,2026-05-16 19:05:07.444123,2026-05-16 19:05:07.444123
e23eba3b,09bf29d2,5,Review,,2026-05-16 19:05:07.444133,2026-05-16 19:05:07.444133
11c7761b,914270f4,5,Review,,2026-05-16 19:05:07.444144,2026-05-16 19:05:07.444144
f8e292d3,40b2f623,4,Review,Okay product.,2026-05-16 19:05:07.444159,2026-05-16 19:05:07.444160
d97bfabb,06474fb6,1,Review,Bad quality.,2026-05-16 19:05:07.444175,2026-05-16 19:05:07.444175
d69926ca,689cb432,5,Review,,2026-05-16 19:05:07.444186,2026-05-16 19:05:07.444186
56c2c4c2,35c4923f,3,Review,,2026-05-16 19:05:07.444196,2026-05-16 19:05:07.444196
7b6b5832,3709f8ea,4,Review,,2026-05-16 19:05:07.444207,2026-05-16 19:05:07.444207
4e189875,18667458,5,Review,,2026-05-16 19:05:07.444217,2026-05-16 19:05:07.444217
8a057b12,20b28d84,5,Review,,2026-05-16 19:05:07.444227,2026-05-16 19:05:07.444228
4fd65a7c,001d5e91,4,Review,,2026-05-16 19:05:07.444238,2026-05-16 19:05:07.444238
30ce99ba,1516dda0,4,Review,,2026-05-16 19:05:07.444248,2026-05-16 19:05:07.444248
ec61ef35,4a6ddf93,5,Review,,2026-05-16 19:05:07.444258,2026-05-16 19:05:07.444259
6d07b75b,3a9c4698,5,Review,,2026-05-16 19:05:07.444269,2026-05-16 19:05:07.444269
872830fc,165db97a,5,Review,,2026-05-16 19:05:07.444279,2026-05-16 19:05:07.444279
76a88e61,18ca28bf,1,Review,Arrived late.,2026-05-16 19:05:07.444294,2026-05-16 19:05:07.444295
0efa0848,7f8e5e75,3,Review,,2026-05-16 19:05:07.444305,2026-05-16 19:05:07.444306
6b6643db,97dbbc27,4,Review,,2026-05-16 19:05:07.444316,2026-05-16 19:05:07.444316
29f1557f,9739f063,1,Review,Great product!,2026-05-16 19:05:07.444332,2026-05-16 19:05:07.444332
e88052a6,1e3d0bd7,5,Review,Bad quality.,2026-05-16 19:05:07.444347,2026-05-16 19:05:07.444348
3f085baa,a85649ab,5,Review,,2026-05-16 19:05:07.444358,2026-05-16 19:05:07.444358
9c186c2c,72656976,2,Review,Okay product.,2026-05-16 19:05:07.444373,2026-05-16 19:05:07.444373
71d278e2,104d9c76,5,Review,,2026-05-16 19:05:07.444384,2026-05-16 19:05:07.444384
e110aa4c,e84b5490,2,Review,Product damaged.,2026-05-16 19:05:07.444399,2026-05-16 19:05:07.444400
92907f80,c41970c5,3,Review,,2026-05-16 19:05:07.444410,2026-05-16 19:05:07.444410
dcd2b602,39432a4a,5,Review,,2026-05-16 19:05:07.444420,2026-05-16 19:05:07.444421
5460452f,76235298,5,Review,,2026-05-16 19:05:07.444432,2026-05-16 19:05:07.444432
ccd8412d,fd6268c5,5,Review,Never arrived.,2026-05-16 19:05:07.444449,2026-05-16 19:05:07.444449
5a1de42b,cf263d3f,4,Review,,2026-05-16 19:05:07.444460,2026-05-16 19:05:07.444460
bc72e497,635e5181,4,Review,,2026-05-16 19:05:07.444470,2026-05-16 19:05:07.444470
77fba99e,9d69ba78,4,Review,Arrived late.,2026-05-16 19:05:07.444486,2026-05-16 19:05:07.444486
e7c1e66f,2452ec9d,5,Review,Excellent service.,2026-05-16 19:05:07.444502,2026-05-16 19:05:07.444502
001f4c6e,4f0d44ee,5,Review,Arrived late.,2026-05-16 19:05:07.444518,2026-05-16 19:05:07.444519
f7814045,90258011,5,Review,,2026-05-16 19:05:07.444529,2026-05-16 19:05:07.444530
52852880,e655a034,4,Review,,2026-05-16 19:05:07.444540,2026-05-16 19:05:07.444540
69ea637d,9e49999d,5,Review,,2026-05-16 19:05:07.444551,2026-05-16 19:05:07.444551
1cd1cd6f,8389e550,5,Review,,2026-05-16 19:05:07.444562,2026-05-16 19:05:07.444562
b2979e6b,d6bbda30,4,Review,,2026-05-16 19:05:07.444572,2026-05-16 19:05:07.444572
1c594fec,b36a5a31,5,Review,,2026-05-16 19:05:07.444582,2026-05-16 19:05:07.444583
cb5de9ec,8f21bb8b,5,Review,,2026-05-16 19:05:07.444593,2026-05-16 19:05:07.444593
9120c3ad,d298fc83,1,Review,Great product!,2026-05-16 19:05:07.444608,2026-05-16 19:05:07.444608
df1b8408,a2d3ef43,1,Review,Excellent service.,2026-05-16 19:05:07.444624,2026-05-16 19:05:07.444624
89eb2193,218dbe65,5,Review,,2026-05-16 19:05:07.444634,2026-05-16 19:05:07.444635
372188e0,75b8c8e1,4,Review,,2026-05-16 19:05:07.444645,2026-05-16 19:05:07.444645
ea4d9132,822396aa,4,Review,,2026-05-16 19:05:07.444655,2026-05-16 19:05:07.444655
a419bbb4,2a8f6f7a,3,Review,,2026-05-16 19:05:07.444665,2026-05-16 19:05:07.444666
f13f9b0d,f5ae8b42,5,Review,Fast delivery.,2026-05-16 19:05:07.444681,2026-05-16 19:05:07.444681
b2ccf63c,9a9b0e41,5,Review,,2026-05-16 19:05:07.444692,2026-05-16 19:05:07.444692
fbc24d05,f8957f42,1,Review,Very satisfied.,2026-05-16 19:05:07.444707,2026-05-16 19:05:07.444708
ce515c74,6ea2acc7,5,Review,,2026-05-16 19:05:07.444718,2026-05-16 19:05:07.444718
3a63c12f,034635e3,5,Review,,2026-05-16 19:05:07.444728,2026-05-16 19:05:07.444729
8bee3d62,baa66814,1,Review,Never arrived.,2026-05-16 19:05:07.444745,2026-05-16 19:05:07.444746
b180ec64,20bfc963,5,Review,,2026-05-16 19:05:07.444756,2026-05-16 19:05:07.444756
53baeb4d,c5e242ae,5,Review,,2026-05-16 19:05:07.444767,2026-05-16 19:05:07.444767
3d9fa14f,e97c3492,5,Review,,2026-05-16 19:05:07.444777,2026-05-16 19:05:07.444777
1bb85637,7e5dd072,4,Review,,2026-05-16 19:05:07.444788,2026-05-16 19:05:07.444788
587de537,60164459,5,Review,Okay product.,2026-05-16 19:05:07.444803,2026-05-16 19:05:07.444804
6ea96342,d2b6ccca,1,Review,Bad quality.,2026-05-16 19:05:07.444819,2026-05-16 19:05:07.444819
2838f909,f7c6f9bc,3,Review,,2026-05-16 19:05:07.444829,2026-05-16 19:05:07.444830
77f5c146,c8f975f2,5,Review,,2026-05-16 19:05:07.444840,2026-05-16 19:05:07.444840
a322c152,91563854,5,Review,,2026-05-16 19:05:07.444850,2026-05-16 19:05:07.444851
ee4ad17a,14472add,4,Review,,2026-05-16 19:05:07.444861,2026-05-16 19:05:07.444861
431c5417,780417d6,5,Review,Great product!,2026-05-16 19:05:07.444877,2026-05-16 19:05:07.444878
dd716985,ed4f7fad,3,Review,,2026-05-16 19:05:07.444888,2026-05-16 19:05:07.444888
7188f166,7b8ae15b,5,Review,,2026-05-16 19:05:07.444899,2026-05-16 19:05:07.444899
7029a01d,950290b8,2,Review,Never arrived.,2026-05-16 19:05:07.444914,2026-05-16 19:05:07.444915
10750dd5,a3ad01f2,5,Review,Great product!,2026-05-16 19:05:07.444931,2026-05-16 19:05:07.444931
c61bb66a,b975434a,5,Review,,2026-05-16 19:05:07.444943,2026-05-16 19:05:07.444943
8f6dfae1,2b92ea1e,5,Review,,2026-05-16 19:05:07.444954,2026-05-16 19:05:07.444954
2e3c4f3a,b8c9de32,4,Review,,2026-05-16 19:05:07.444965,2026-05-16 19:05:07.444965
d9ffddd4,e90b5a73,4,Review,,2026-05-16 19:05:07.444975,2026-05-16 19:05:07.444976
9ed77da6,ca400272,5,Review,,2026-05-16 19:05:07.444986,2026-05-16 19:05:07.444986
7630a293,a7ab20d2,5,Review,Excellent service.,2026-05-16 19:05:07.445002,2026-05-16 19:05:07.445002
6545d33d,aa25efa5,1,Review,Great product!,2026-05-16 19:05:07.445018,2026-05-16 19:05:07.445018
977dbf37,4c17480d,5,Review,,2026-05-16 19:05:07.445029,2026-05-16 19:05:07.445029
c7ca997a,bec472ee,5,Review,,2026-05-16 19:05:07.445039,2026-05-16 19:05:07.445039
9d9f1da6,80629052,4,Review,,2026-05-16 19:05:07.445050,2026-05-16 19:05:07.445050
20c2faad,40a2af3f,4,Review,Very satisfied.,2026-05-16 19:05:07.445067,2026-05-16 19:05:07.445067
41f90b48,486fa33f,5,Review,,2026-05-16 19:05:07.445078,2026-05-16 19:05:07.445078
23425b04,13aa32fb,5,Review,Great product!,2026-05-16 19:05:07.445094,2026-05-16 19:05:07.445095
5887f798,1c0d8ca2,5,Review,,2026-05-16 19:05:07.445105,2026-05-16 19:05:07.445106
4e7e0230,0ad06531,5,Review,,2026-05-16 19:05:07.445116,2026-05-16 19:05:07.445116
6314a242,56f8cd89,5,Review,,2026-05-16 19:05:07.445127,2026-05-16 19:05:07.445127
fa1d02a2,5d63f799,5,Review,Excellent service.,2026-05-16 19:05:07.445142,2026-05-16 19:05:07.445143
1a1c0acc,971fdeff,5,Review,,2026-05-16 19:05:07.445154,2026-05-16 19:05:07.445154
81060551,c22e21c0,5,Review,,2026-05-16 19:05:07.445164,2026-05-16 19:05:07.445164
d2cc66e6,eff17702,4,Review,,2026-05-16 19:05:07.445175,2026-05-16 19:05:07.445175
27eb95c6,ca2bd7c3,5,Review,Arrived late.,2026-05-16 19:05:07.445191,2026-05-16 19:05:07.445191
a04c6d3c,8e008412,4,Review,Recommend.,2026-05-16 19:05:07.445207,2026-05-16 19:05:07.445207
f9d2e62d,a9c49200,1,Review,Excellent service.,2026-05-16 19:05:07.445222,2026-05-16 19:05:07.445223
ab9ebb89,e000199a,2,Review,Never arrived.,2026-05-16 19:05:07.445239,2026-05-16 19:05:07.445239
17ec97c5,15ba79f0,5,Review,,2026-05-16 19:05:07.445250,2026-05-16 19:05:07.445250
aa8ef88c,423b0999,5,Review,,2026-05-16 19:05:07.445261,2026-05-16 19:05:07.445261
8391701f,31dbbfe5,4,Review,,2026-05-16 19:05:07.445271,2026-05-16 19:05:07.445272
f31b8b61,b5aeb415,5,Review,,2026-05-16 19:05:07.445282,2026-05-16 19:05:07.445282
62a91adc,12e49d77,5,Review,,2026-05-16 19:05:07.445293,2026-05-16 19:05:07.445293
4b38df6f,e56fe817,5,Review,,2026-05-16 19:05:07.445304,2026-05-16 19:05:07.445304
49a4fd4c,38b8e8fb,4,Review,,2026-05-16 19:05:07.445327,2026-05-16 19:05:07.445327
aa9ede25,05e8e892,1,Review,Recommend.,2026-05-16 19:05:07.445345,2026-05-16 19:05:07.445345
de119995,b1104773,5,Review,,2026-05-16 19:05:07.445355,2026-05-16 19:05:07.445356
a8cfd4e3,29d38a6d,5,Review,,2026-05-16 19:05:07.445366,2026-05-16 19:05:07.445367
903a4eee,3391cdb8,2,Review,Fast delivery.,2026-05-16 19:05:07.445382,2026-05-16 19:05:07.445382
5d53c8ef,2e4f0fcc,1,Review,Never arrived.,2026-05-16 19:05:07.445397,2026-05-16 19:05:07.445398
a2a2778e,82a5e0dd,4,Review,,2026-05-16 19:05:07.445408,2026-05-16 19:05:07.445408
d72ccb2f,2709b20b,5,Review,,2026-05-16 19:05:07.445418,2026-05-16 19:05:07.445419
37e52fa5,98658814,5,Review,,2026-05-16 19:05:07.445429,2026-05-16 19:05:07.445429
92d8d6c1,5ff75dda,5,Review,Bad quality.,2026-05-16 19:05:07.445444,2026-05-16 19:05:07.445445
ee42b40d,e554d427,2,Review,Product damaged.,2026-05-16 19:05:07.445460,2026-05-16 19:05:07.445460
af35614a,f4f9a6f6,5,Review,,2026-05-16 19:05:07.445470,2026-05-16 19:05:07.445471
3865b668,13e41a33,4,Review,Excellent service.,2026-05-16 19:05:07.445486,2026-05-16 19:05:07.445486
0bc1be71,da444c89,4,Review,,2026-05-16 19:05:07.445497,2026-05-16 19:05:07.445497
d106224a,9cca15ff,3,Review,Recommend.,2026-05-16 19:05:07.445513,2026-05-16 19:05:07.445513
f234fb65,94edcc29,5,Review,,2026-05-16 19:05:07.445523,2026-05-16 19:05:07.445523
868cb189,a08cb457,5,Review,Okay product.,2026-05-16 19:05:07.445539,2026-05-16 19:05:07.445539
cdef6b9d,d729a0f8,5,Review,,2026-05-16 19:05:07.445549,2026-05-16 19:05:07.445550
884a50c0,3c17f024,5,Review,,2026-05-16 19:05:07.445560,2026-05-16 19:05:07.445560
d2fcb1c1,0ac83fe9,5,Review,,2026-05-16 19:05:07.445570,2026-05-16 19:05:07.445571
24ddc883,4813a267,5,Review,,2026-05-16 19:05:07.445581,2026-05-16 19:05:07.445581
b9db1b58,ceb30dbc,5,Review,Product damaged.,2026-05-16 19:05:07.445597,2026-05-16 19:05:07.445597
58ba7777,305fe0ba,5,Review,,2026-05-16 19:05:07.445612,2026-05-16 19:05:07.445612
ef64c13c,f47246b0,1,Review,Okay product.,2026-05-16 19:05:07.445629,2026-05-16 19:05:07.445630
14279e63,963abcba,5,Review,,2026-05-16 19:05:07.445641,2026-05-16 19:05:07.445642
249d788c,920cc397,5,Review,,2026-05-16 19:05:07.445654,2026-05-16 19:05:07.445655
59b0429e,43e8f0dd,5,Review,,2026-05-16 19:05:07.445670,2026-05-16 19:05:07.445670
0326e9ec,93188792,5,Review,Never arrived.,2026-05-16 19:05:07.445688,2026-05-16 19:05:07.445688
dd3717db,9973fa64,5,Review,,2026-05-16 19:05:07.445700,2026-05-16 19:05:07.445701
fe6b4a1d,ebd7665d,5,Review,,2026-05-16 19:05:07.445713,2026-05-16 19:05:07.445713
ccf8170d,9248b6f2,3,Review,,2026-05-16 19:05:07.445724,2026-05-16 19:05:07.445725
b4553eba,9a5c1db7,5,Review,,2026-05-16 19:05:07.445736,2026-05-16 19:05:07.445736
2075e912,359c1e03,1,Review,Recommend.,2026-05-16 19:05:07.445752,2026-05-16 19:05:07.445752
4034dac2,ceea405c,5,Review,,2026-05-16 19:05:07.445764,2026-05-16 19:05:07.445765
bc542094,cc9a74f0,3,Review,,2026-05-16 19:05:07.445775,2026-05-16 19:05:07.445776
71c5e284,dcbba0ff,5,Review,,2026-05-16 19:05:07.445786,2026-05-16 19:05:07.445787
0e3a51fa,aeb9be3f,5,Review,,2026-05-16 19:05:07.445798,2026-05-16 19:05:07.445798
f5fce5be,160a8cf1,1,Review,Fast delivery.,2026-05-16 19:05:07.445814,2026-05-16 19:05:07.445814
c9f50579,5c3ed871,5,Review,,2026-05-16 19:05:07.445825,2026-05-16 19:05:07.445826
d7d88998,581716b5,5,Review,,2026-05-16 19:05:07.445837,2026-05-16 19:05:07.445837
aa3b43e6,28cdd8e2,3,Review,Great product!,2026-05-16 19:05:07.445853,2026-05-16 19:05:07.445853
6d64c17f,81a4b142,4,Review,,2026-05-16 19:05:07.445864,2026-05-16 19:05:07.445864
be3cf52b,c192cf8e,3,Review,,2026-05-16 19:05:07.445875,2026-05-16 19:05:07.445875
4ebf6198,25959d43,5,Review,,2026-05-16 19:05:07.445885,2026-05-16 19:05:07.445886
d7c36e94,2b304556,4,Review,,2026-05-16 19:05:07.445896,2026-05-16 19:05:07.445897
89b40a7d,aafed61a,5,Review,Excellent service.,2026-05-16 19:05:07.445913,2026-05-16 19:05:07.445913
f5abf8d5,e27eca9c,1,Review,Very satisfied.,2026-05-16 19:05:07.445929,2026-05-16 19:05:07.445929
66c94974,19103bed,5,Review,,2026-05-16 19:05:07.445940,2026-05-16 19:05:07.445941
f59facff,55e70f31,5,Review,Arrived late.,2026-05-16 19:05:07.445957,2026-05-16 19:05:07.445957
f5de61ee,ea3936c5,2,Review,Excellent service.,2026-05-16 19:05:07.445973,2026-05-16 19:05:07.445973
e2a542e5,6b706abd,2,Review,Never arrived.,2026-05-16 19:05:07.445989,2026-05-16 19:05:07.445989
e92613aa,9ef7c6ba,4,Review,,2026-05-16 19:05:07.446000,2026-05-16 19:05:07.446000
d5e273b5,53783b2d,4,Review,Great product!,2026-05-16 19:05:07.446016,2026-05-16 19:05:07.446017
2c123a86,16b6bc6f,4,Review,,2026-05-16 19:05:07.446027,2026-05-16 19:05:07.446028
b31cf281,72c05ca7,4,Review,Arrived late.,2026-05-16 19:05:07.446044,2026-05-16 19:05:07.446044
f6d593a3,4bc68ebe,4,Review,,2026-05-16 19:05:07.446055,2026-05-16 19:05:07.446055
c32fc7b4,42393f18,4,Review,,2026-05-16 19:05:07.446066,2026-05-16 19:05:07.446066
e9566785,ac79a2e6,5,Review,,2026-05-16 19:05:07.446077,2026-05-16 19:05:07.446077
df1ec7f6,79346636,3,Review,,2026-05-16 19:05:07.446088,2026-05-16 19:05:07.446089
51c7f2d1,aab1b964,5,Review,,2026-05-16 19:05:07.446103,2026-05-16 19:05:07.446104
370f9108,881177d0,1,Review,Fast delivery.,2026-05-16 19:05:07.446120,2026-05-16 19:05:07.446120
216ea977,b0e7ef8a,5,Review,,2026-05-16 19:05:07.446131,2026-05-16 19:05:07.446131
9ff5ff26,3ddd0acd,1,Review,Never arrived.,2026-05-16 19:05:07.446147,2026-05-16 19:05:07.446147
a825f916,dc670358,4,Review,,2026-05-16 19:05:07.446158,2026-05-16 19:05:07.446159
009319aa,0b8c9c2a,3,Review,,2026-05-16 19:05:07.446170,2026-05-16 19:05:07.446170
956f9738,031f2388,5,Review,,2026-05-16 19:05:07.446181,2026-05-16 19:05:07.446181
60f8b2ab,b642b816,5,Review,,2026-05-16 19:05:07.446192,2026-05-16 19:05:07.446193
911d1568,a1e616c1,3,Review,,2026-05-16 19:05:07.446204,2026-05-16 19:05:07.446204
e0fbf173,5e6801c4,1,Review,Very satisfied.,2026-05-16 19:05:07.446220,2026-05-16 19:05:07.446220
c02645ac,620b880f,4,Review,,2026-05-16 19:05:07.446231,2026-05-16 19:05:07.446231
d63de5f0,a1040a87,1,Review,Bad quality.,2026-05-16 19:05:07.446247,2026-05-16 19:05:07.446247
f8e9b2b7,816eac61,5,Review,,2026-05-16 19:05:07.446258,2026-05-16 19:05:07.446258
1856409e,4cb2cda3,5,Review,,2026-05-16 19:05:07.446269,2026-05-16 19:05:07.446269
313d0bda,3097ebb1,4,Review,,2026-05-16 19:05:07.446280,2026-05-16 19:05:07.446280
d4681714,24d879e7,5,Review,,2026-05-16 19:05:07.446291,2026-05-16 19:05:07.446291
4c40459c,4e5b2bca,4,Review,,2026-05-16 19:05:07.446302,2026-05-16 19:05:07.446302
f2d5005b,0c4ff26f,5,Review,,2026-05-16 19:05:07.446313,2026-05-16 19:05:07.446313
58b1030b,2995d817,5,Review,,2026-05-16 19:05:07.446324,2026-05-16 19:05:07.446324
71998911,9d484ea0,5,Review,,2026-05-16 19:05:07.446335,2026-05-16 19:05:07.446335
f4b1c195,eb8cd663,4,Review,,2026-05-16 19:05:07.446345,2026-05-16 19:05:07.446346
308b51ba,f918f0ac,5,Review,,2026-05-16 19:05:07.446356,2026-05-16 19:05:07.446357
4a0615b1,079e48bd,5,Review,,2026-05-16 19:05:07.446367,2026-05-16 19:05:07.446368
05af9769,4fd335d0,5,Review,,2026-05-16 19:05:07.446378,2026-05-16 19:05:07.446379
7d16ea39,a5a1ba49,5,Review,,2026-05-16 19:05:07.446389,2026-05-16 19:05:07.446389
7a3e2116,ed657dc0,5,Review,,2026-05-16 19:05:07.446400,2026-05-16 19:05:07.446400
4567be6d,6a9e58f7,5,Review,,2026-05-16 19:05:07.446413,2026-05-16 19:05:07.446413
b19c1394,11d48d38,4,Review,Fast delivery.,2026-05-16 19:05:07.446429,2026-05-16 19:05:07.446430
d644d991,343cedad,3,Review,,2026-05-16 19:05:07.446441,2026-05-16 19:05:07.446441
e04e3d60,b98908c7,4,Review,,2026-05-16 19:05:07.446451,2026-05-16 19:05:07.446451
6fec4664,9440a501,4,Review,Very satisfied.,2026-05-16 19:05:07.446468,2026-05-16 19:05:07.446468
8911f7dd,ae664c6e,1,Review,Bad quality.,2026-05-16 19:05:07.446484,2026-05-16 19:05:07.446484
244777bf,07154b1b,5,Review,,2026-05-16 19:05:07.446495,2026-05-16 19:05:07.446495
7582913b,31839cce,5,Review,,2026-05-16 19:05:07.446506,2026-05-16 19:05:07.446506
cf64b008,b96c3f82,5,Review,,2026-05-16 19:05:07.446517,2026-05-16 19:05:07.446517
da12b34b,2efb2fb1,2,Review,Arrived late.,2026-05-16 19:05:07.446533,2026-05-16 19:05:07.446533
bfef77cb,cd0eb920,1,Review,Never arrived.,2026-05-16 19:05:07.446549,2026-05-16 19:05:07.446550
9c88f01d,28386084,5,Review,,2026-05-16 19:05:07.446560,2026-05-16 19:05:07.446560
522def0b,97ef732f,2,Review,Arrived late.,2026-05-16 19:05:07.446576,2026-05-16 19:05:07.446576
21f5c944,49f35f0d,1,Review,Okay product.,2026-05-16 19:05:07.446592,2026-05-16 19:05:07.446592
dbea4ae4,f176f411,5,Review,,2026-05-16 19:05:07.446604,2026-05-16 19:05:07.446604
d4764453,39b5ffca,1,Review,Great product!,2026-05-16 19:05:07.446620,2026-05-16 19:05:07.446620
6440eb04,f7db9906,5,Review,,2026-05-16 19:05:07.446631,2026-05-16 19:05:07.446631
fc782f8e,26a12404,5,Review,Arrived late.,2026-05-16 19:05:07.446648,2026-05-16 19:05:07.446648
de76dc7b,14fdce28,5,Review,,2026-05-16 19:05:07.446659,2026-05-16 19:05:07.446659
0e91c178,9195ea9b,4,Review,,2026-05-16 19:05:07.446670,2026-05-16 19:05:07.446670
2bad689e,b2736595,5,Review,,2026-05-16 19:05:07.446681,2026-05-16 19:05:07.446681
f57fcc50,55d1cf7e,5,Review,,2026-05-16 19:05:07.446692,2026-05-16 19:05:07.446692
5504c55d,da27aaf0,5,Review,,2026-05-16 19:05:07.446703,2026-05-16 19:05:07.446703
b4ea8a34,7e26e56c,4,Review,,2026-05-16 19:05:07.446714,2026-05-16 19:05:07.446715
633e96e5,1c334165,4,Review,,2026-05-16 19:05:07.446725,2026-05-16 19:05:07.446726
d5eee157,35343375,5,Review,Bad quality.,2026-05-16 19:05:07.446742,2026-05-16 19:05:07.446742
938d0a46,74d7260f,1,Review,Excellent service.,2026-05-16 19:05:07.446763,2026-05-16 19:05:07.446763
7e541286,3d7f2ec1,5,Review,,2026-05-16 19:05:07.446774,2026-05-16 19:05:07.446774
801d98f2,ba6a5932,5,Review,Arrived late.,2026-05-16 19:05:07.446791,2026-05-16 19:05:07.446791
617f5a83,a4a0c044,5,Review,,2026-05-16 19:05:07.446802,2026-05-16 19:05:07.446802
f6470a40,ac4ef416,5,Review,,2026-05-16 19:05:07.446813,2026-05-16 19:05:07.446813
dec982c6,1dec48b4,4,Review,,2026-05-16 19:05:07.446825,2026-05-16 19:05:07.446826
c6772d91,43cdb534,5,Review,,2026-05-16 19:05:07.446837,2026-05-16 19:05:07.446837
22d6c93f,ec2938bb,5,Review,,2026-05-16 19:05:07.446848,2026-05-16 19:05:07.446848
65c6dec8,6b5fe770,3,Review,,2026-05-16 19:05:07.446858,2026-05-16 19:05:07.446859
a55b9f3b,fb5bc783,5,Review,,2026-05-16 19:05:07.446869,2026-05-16 19:05:07.446870
b84b3f5d,8de7f0a2,4,Review,,2026-05-16 19:05:07.446880,2026-05-16 19:05:07.446881
6cdf551f,4ab9c3aa,4,Review,Bad quality.,2026-05-16 19:05:07.446897,2026-05-16 19:05:07.446897
d8c3eed6,c620c4f4,5,Review,,2026-05-16 19:05:07.446908,2026-05-16 19:05:07.446908
ac046397,4418e16b,5,Review,,2026-05-16 19:05:07.446919,2026-05-16 19:05:07.446919
dee805fb,0bd715ff,3,Review,,2026-05-16 19:05:07.446930,2026-05-16 19:05:07.446930
2994dd6b,f895a06d,4,Review,,2026-05-16 19:05:07.446941,2026-05-16 19:05:07.446941
d3287788,09eb029d,2,Review,Okay product.,2026-05-16 19:05:07.446957,2026-05-16 19:05:07.446958
68502633,33b6bc76,4,Review,,2026-05-16 19:05:07.446968,2026-05-16 19:05:07.446969
894a1274,abe8001a,3,Review,,2026-05-16 19:05:07.446980,2026-05-16 19:05:07.446980
43574f0f,9d86f624,4,Review,,2026-05-16 19:05:07.446991,2026-05-16 19:05:07.446991
e092973a,2d450640,5,Review,,2026-05-16 19:05:07.447002,2026-05-16 19:05:07.447002
b0157afe,a307270c,5,Review,,2026-05-16 19:05:07.447013,2026-05-16 19:05:07.447013
8fb7d1b2,354dd928,5,Review,,2026-05-16 19:05:07.447023,2026-05-16 19:05:07.447024
4a65bb19,2ff02a85,4,Review,,2026-05-16 19:05:07.447035,2026-05-16 19:05:07.447035
40d75263,466556cb,5,Review,,2026-05-16 19:05:07.447045,2026-05-16 19:05:07.447046
6d1c8320,194b779b,5,Review,,2026-05-16 19:05:07.447056,2026-05-16 19:05:07.447056
e41d2548,18d4317f,1,Review,Okay product.,2026-05-16 19:05:07.447074,2026-05-16 19:05:07.447074
07331b82,97109b28,5,Review,,2026-05-16 19:05:07.447085,2026-05-16 19:05:07.447085
71319203,1f449d7c,4,Review,,2026-05-16 19:05:07.447096,2026-05-16 19:05:07.447096
7e6322d3,9e9bbaaa,4,Review,Very satisfied.,2026-05-16 19:05:07.447112,2026-05-16 19:05:07.447113
cf1a9fc0,6071ddf0,4,Review,,2026-05-16 19:05:07.447123,2026-05-16 19:05:07.447123
462f86e3,db04a8ec,4,Review,,2026-05-16 19:05:07.447134,2026-05-16 19:05:07.447134
3b6e4587,a5d9e84b,5,Review,,2026-05-16 19:05:07.447145,2026-05-16 19:05:07.447145
596b9e57,0fc0fe3b,1,Review,Okay product.,2026-05-16 19:05:07.447161,2026-05-16 19:05:07.447161
4cc3cb03,9db81371,5,Review,,2026-05-16 19:05:07.447172,2026-05-16 19:05:07.447172
f79305c9,50d43c76,5,Review,,2026-05-16 19:05:07.447183,2026-05-16 19:05:07.447183
67fc34b3,39cb1273,3,Review,,2026-05-16 19:05:07.447194,2026-05-16 19:05:07.447194
00586ae4,2401e29c,5,Review,Excellent service.,2026-05-16 19:05:07.447210,2026-05-16 19:05:07.447210
ba487438,bee6f3d8,5,Review,,2026-05-16 19:05:07.447221,2026-05-16 19:05:07.447221
06f431b3,ca23b32b,5,Review,,2026-05-16 19:05:07.447232,2026-05-16 19:05:07.447232
e5d8998d,f74ea28a,4,Review,,2026-05-16 19:05:07.447243,2026-05-16 19:05:07.447243
7f60263c,de33e938,5,Review,,2026-05-16 19:05:07.447254,2026-05-16 19:05:07.447254
b5a7d71e,9533cf43,3,Review,,2026-05-16 19:05:07.447265,2026-05-16 19:05:07.447266
79196477,31b79072,3,Review,,2026-05-16 19:05:07.447276,2026-05-16 19:05:07.447276
46c1677b,b41523d7,3,Review,,2026-05-16 19:05:07.447287,2026-05-16 19:05:07.447287
af50323c,d35cab7e,5,Review,Never arrived.,2026-05-16 19:05:07.447303,2026-05-16 19:05:07.447303
970eecb7,6e83b15e,3,Review,,2026-05-16 19:05:07.447314,2026-05-16 19:05:07.447315
6cea51d5,bcd6c85f,4,Review,,2026-05-16 19:05:07.447326,2026-05-16 19:05:07.447326
3e83d126,338fed29,4,Review,,2026-05-16 19:05:07.447337,2026-05-16 19:05:07.447337
e715b1c3,a8084307,5,Review,,2026-05-16 19:05:07.447348,2026-05-16 19:05:07.447348
7af6d16d,7c58a323,5,Review,,2026-05-16 19:05:07.447359,2026-05-16 19:05:07.447359
ba4be080,ea73c10b,5,Review,,2026-05-16 19:05:07.447370,2026-05-16 19:05:07.447370
6023d174,fcace159,1,Review,Recommend.,2026-05-16 19:05:07.447386,2026-05-16 19:05:07.447386
999b5ec2,5fb32294,5,Review,,2026-05-16 19:05:07.447398,2026-05-16 19:05:07.447399
e77d7a20,22cbce4e,5,Review,,2026-05-16 19:05:07.447410,2026-05-16 19:05:07.447410
56c70d49,9c1d6aa6,4,Review,,2026-05-16 19:05:07.447421,2026-05-16 19:05:07.447421
1ae36384,3eddbdd6,5,Review,,2026-05-16 19:05:07.447434,2026-05-16 19:05:07.447434
4bcf319d,0d645a64,4,Review,Bad quality.,2026-05-16 19:05:07.447456,2026-05-16 19:05:07.447456
9842693e,bd654709,1,Review,Very satisfied.,2026-05-16 19:05:07.447475,2026-05-16 19:05:07.447475
d9eb98fb,6c3937f0,4,Review,,2026-05-16 19:05:07.447486,2026-05-16 19:05:07.447486
c85049c7,82d388d4,5,Review,Never arrived.,2026-05-16 19:05:07.447502,2026-05-16 19:05:07.447503
2c36630f,3b173537,5,Review,,2026-05-16 19:05:07.447514,2026-05-16 19:05:07.447514
fa3a8baf,454caa94,5,Review,Okay product.,2026-05-16 19:05:07.447530,2026-05-16 19:05:07.447530
bb133d53,82fdfa57,4,Review,Product damaged.,2026-05-16 19:05:07.447547,2026-05-16 19:05:07.447547
3b2e2f21,257a3ade,5,Review,,2026-05-16 19:05:07.447558,2026-05-16 19:05:07.447559
9e7603ff,bcfe037d,3,Review,,2026-05-16 19:05:07.447569,2026-05-16 19:05:07.447570
d40f7784,274a0d59,4,Review,,2026-05-16 19:05:07.447580,2026-05-16 19:05:07.447580
4944e78d,3b160b04,5,Review,,2026-05-16 19:05:07.447591,2026-05-16 19:05:07.447591
c0ca14ea,4d4e21cd,5,Review,,2026-05-16 19:05:07.447602,2026-05-16 19:05:07.447602
4f5d14ac,111a24f6,2,Review,Very satisfied.,2026-05-16 19:05:07.447618,2026-05-16 19:05:07.447618
099be6f6,2e9ff67b,1,Review,Okay product.,2026-05-16 19:05:07.447634,2026-05-16 19:05:07.447634
ef8ec399,648e0061,1,Review,Recommend.,2026-05-16 19:05:07.447650,2026-05-16 19:05:07.447650
c167d6ee,e7fd26cc,4,Review,,2026-05-16 19:05:07.447661,2026-05-16 19:05:07.447662
27679981,52887b8d,5,Review,,2026-05-16 19:05:07.447673,2026-05-16 19:05:07.447673
b9a59a4b,a8c56fee,5,Review,,2026-05-16 19:05:07.447683,2026-05-16 19:05:07.447684
151638ff,8b6db6fe,1,Review,Arrived late.,2026-05-16 19:05:07.447699,2026-05-16 19:05:07.447700
f950db5f,6e125ba8,5,Review,,2026-05-16 19:05:07.447711,2026-05-16 19:05:07.447711
20ce2300,1aa41a61,5,Review,Bad quality.,2026-05-16 19:05:07.447727,2026-05-16 19:05:07.447728
e2d16b30,ba0b4139,5,Review,Excellent service.,2026-05-16 19:05:07.447745,2026-05-16 19:05:07.447746
abe47d9b,ba1c272a,5,Review,,2026-05-16 19:05:07.447757,2026-05-16 19:05:07.447757
34bfb742,6cc058e7,5,Review,,2026-05-16 19:05:07.447768,2026-05-16 19:05:07.447768
6346e24b,76905844,4,Review,Very satisfied.,2026-05-16 19:05:07.447785,2026-05-16 19:05:07.447785
4cdcfc0f,58a0cbea,2,Review,Excellent service.,2026-05-16 19:05:07.447801,2026-05-16 19:05:07.447801
dc67df44,2e685d20,5,Review,,2026-05-16 19:05:07.447812,2026-05-16 19:05:07.447812
c67a889a,c91e53e6,5,Review,,2026-05-16 19:05:07.447823,2026-05-16 19:05:07.447823
0152bc72,b81cd084,5,Review,Excellent service.,2026-05-16 19:05:07.447845,2026-05-16 19:05:07.447845
f8625912,70373e5b,4,Review,,2026-05-16 19:05:07.447860,2026-05-16 19:05:07.447860
676b39f8,bfd4e93c,5,Review,,2026-05-16 19:05:07.447872,2026-05-16 19:05:07.447872
f51d9d83,7b3a7c89,5,Review,,2026-05-16 19:05:07.447883,2026-05-16 19:05:07.447883
5ccb7b74,0f0c8f01,5,Review,Okay product.,2026-05-16 19:05:07.447899,2026-05-16 19:05:07.447900
977d4504,b411ea8e,1,Review,Okay product.,2026-05-16 19:05:07.447916,2026-05-16 19:05:07.447916
16386ada,4c8972d9,5,Review,,2026-05-16 19:05:07.447927,2026-05-16 19:05:07.447927
80271608,b8dd61e5,4,Review,,2026-05-16 19:05:07.447943,2026-05-16 19:05:07.447943
6fbe7f85,7ac8c3ce,5,Review,,2026-05-16 19:05:07.447956,2026-05-16 19:05:07.447956
58c0f64b,a04d7ffd,1,Review,Great product!,2026-05-16 19:05:07.447977,2026-05-16 19:05:07.447977
9ff2e383,cd3ca334,3,Review,,2026-05-16 19:05:07.447992,2026-05-16 19:05:07.447993
f382f6f9,17bff8f1,5,Review,,2026-05-16 19:05:07.448007,2026-05-16 19:05:07.448007
6ca5ed62,fb528fb4,5,Review,Product damaged.,2026-05-16 19:05:07.448030,2026-05-16 19:05:07.448030
e2aa68f0,fd897fb2,5,Review,,2026-05-16 19:05:07.448046,2026-05-16 19:05:07.448046
42daeaf9,ca04b90c,2,Review,Very satisfied.,2026-05-16 19:05:07.448064,2026-05-16 19:05:07.448064
6fd5cced,0e2d8046,5,Review,,2026-05-16 19:05:07.448075,2026-05-16 19:05:07.448075
27af210e,ed0a6acc,4,Review,,2026-05-16 19:05:07.448086,2026-05-16 19:05:07.448086
21094575,5c9c116d,1,Review,Fast delivery.,2026-05-16 19:05:07.448102,2026-05-16 19:05:07.448102
feb5423a,114654b9,5,Review,,2026-05-16 19:05:07.448113,2026-05-16 19:05:07.448113
65b5f315,7658bad8,5,Review,,2026-05-16 19:05:07.448124,2026-05-16 19:05:07.448124
2d55dca0,b0d49fef,5,Review,,2026-05-16 19:05:07.448135,2026-05-16 19:05:07.448135
2632b450,0d2a3ef3,4,Review,,2026-05-16 19:05:07.448146,2026-05-16 19:05:07.448146
612cd460,b67fbc65,5,Review,Recommend.,2026-05-16 19:05:07.448162,2026-05-16 19:05:07.448162
f6f7753e,191c9b61,5,Review,,2026-05-16 19:05:07.448173,2026-05-16 19:05:07.448173
5c96cfef,b5fded8f,5,Review,Recommend.,2026-05-16 19:05:07.448190,2026-05-16 19:05:07.448190
c4366c59,498e696c,1,Review,Excellent service.,2026-05-16 19:05:07.448207,2026-05-16 19:05:07.448207
49c4d1bc,08b31eb6,5,Review,,2026-05-16 19:05:07.448218,2026-05-16 19:05:07.448219
4da3bb11,e8759f24,4,Review,,2026-05-16 19:05:07.448229,2026-05-16 19:05:07.448230
a9e6bf51,e5de2894,1,Review,Bad quality.,2026-05-16 19:05:07.448245,2026-05-16 19:05:07.448246
1534b31f,7d9dd332,5,Review,,2026-05-16 19:05:07.448257,2026-05-16 19:05:07.448258
cdeba9bd,26c57596,5,Review,,2026-05-16 19:05:07.448269,2026-05-16 19:05:07.448269
8f8e76eb,740e5720,5,Review,,2026-05-16 19:05:07.448280,2026-05-16 19:05:07.448280
8984f4d8,f6ad007d,5,Review,,2026-05-16 19:05:07.448291,2026-05-16 19:05:07.448291
1e73c83e,a16f07a8,5,Review,Bad quality.,2026-05-16 19:05:07.448307,2026-05-16 19:05:07.448307
f953bfd0,74d03edc,4,Review,,2026-05-16 19:05:07.448318,2026-05-16 19:05:07.448318
929ef434,153b5dd1,4,Review,,2026-05-16 19:05:07.448329,2026-05-16 19:05:07.448329
aff25e3c,976c6e83,4,Review,,2026-05-16 19:05:07.448339,2026-05-16 19:05:07.448340
acc770ee,11cbc2e9,4,Review,Bad quality.,2026-05-16 19:05:07.448356,2026-05-16 19:05:07.448357
81cb097b,57444785,5,Review,,2026-05-16 19:05:07.448367,2026-05-16 19:05:07.448368
4828a189,fdc4889b,5,Review,,2026-05-16 19:05:07.448378,2026-05-16 19:05:07.448378
0eb3efe9,99b390b6,5,Review,,2026-05-16 19:05:07.448389,2026-05-16 19:05:07.448389
29752aae,7092f7f3,5,Review,,2026-05-16 19:05:07.448400,2026-05-16 19:05:07.448400
9c6eb4ce,c03b351d,1,Review,Product damaged.,2026-05-16 19:05:07.448416,2026-05-16 19:05:07.448416
4351e92c,239d7ff1,1,Review,Arrived late.,2026-05-16 19:05:07.448431,2026-05-16 19:05:07.448432
fb73c0a0,b1469a19,5,Review,Great product!,2026-05-16 19:05:07.448447,2026-05-16 19:05:07.448448
7963a59e,6cf4d726,5,Review,,2026-05-16 19:05:07.448459,2026-05-16 19:05:07.448459
8b381981,ba20766d,5,Review,Product damaged.,2026-05-16 19:05:07.448475,2026-05-16 19:05:07.448476
a729f853,fcdcaa76,5,Review,,2026-05-16 19:05:07.448487,2026-05-16 19:05:07.448487
28104f28,a8067fde,5,Review,,2026-05-16 19:05:07.448498,2026-05-16 19:05:07.448498
d6074baf,4f937e69,1,Review,Fast delivery.,2026-05-16 19:05:07.448515,2026-05-16 19:05:07.448515
252acff9,6c5decf4,5,Review,,2026-05-16 19:05:07.448526,2026-05-16 19:05:07.448526
6ff689b7,d158b7b1,5,Review,,2026-05-16 19:05:07.448537,2026-05-16 19:05:07.448537
c3b74e35,0b6110cc,5,Review,Recommend.,2026-05-16 19:05:07.448553,2026-05-16 19:05:07.448554
e47da9f4,845c4b05,5,Review,Never arrived.,2026-05-16 19:05:07.448571,2026-05-16 19:05:07.448572
ed215119,b4d47335,5,Review,,2026-05-16 19:05:07.448582,2026-05-16 19:05:07.448583
553618a3,428eaec5,2,Review,Excellent service.,2026-05-16 19:05:07.448598,2026-05-16 19:05:07.448599
d8ff51db,d5d4963c,5,Review,,2026-05-16 19:05:07.448610,2026-05-16 19:05:07.448610
ad78d079,cda0d4b7,4,Review,,2026-05-16 19:05:07.448621,2026-05-16 19:05:07.448621
d0e634e3,a6ddd255,2,Review,Great product!,2026-05-16 19:05:07.448637,2026-05-16 19:05:07.448637
8610757c,a5a5c216,5,Review,,2026-05-16 19:05:07.448648,2026-05-16 19:05:07.448648
88173820,eaed92eb,4,Review,,2026-05-16 19:05:07.448659,2026-05-16 19:05:07.448659
d1c485a5,22826057,1,Review,Product damaged.,2026-05-16 19:05:07.448674,2026-05-16 19:05:07.448675
8d2a1caf,8746e31d,5,Review,,2026-05-16 19:05:07.448685,2026-05-16 19:05:07.448686
54edbfef,48a4ad4b,3,Review,,2026-05-16 19:05:07.448696,2026-05-16 19:05:07.448696
b35f4a13,2bfb5f53,3,Review,Very satisfied.,2026-05-16 19:05:07.448712,2026-05-16 19:05:07.448712
4a0b5e07,463cedf9,5,Review,,2026-05-16 19:05:07.448723,2026-05-16 19:05:07.448723
05719570,166b8d22,4,Review,Never arrived.,2026-05-16 19:05:07.448740,2026-05-16 19:05:07.448740
f66874c8,211761be,5,Review,,2026-05-16 19:05:07.448751,2026-05-16 19:05:07.448751
88c29097,40f6d13d,5,Review,,2026-05-16 19:05:07.448762,2026-05-16 19:05:07.448762
eda47801,f380aad1,3,Review,,2026-05-16 19:05:07.448772,2026-05-16 19:05:07.448772
00af4894,193f10a6,4,Review,,2026-05-16 19:05:07.448783,2026-05-16 19:05:07.448783
166ef6be,bd96d038,2,Review,Great product!,2026-05-16 19:05:07.448799,2026-05-16 19:05:07.448799
39faa827,356d2d1b,5,Review,,2026-05-16 19:05:07.448810,2026-05-16 19:05:07.448810
8549bfc0,ea851f58,5,Review,Great product!,2026-05-16 19:05:07.448826,2026-05-16 19:05:07.448826
6a9c1cc4,cfa8e681,5,Review,,2026-05-16 19:05:07.448837,2026-05-16 19:05:07.448837
b86955d5,4d79fea6,5,Review,,2026-05-16 19:05:07.448848,2026-05-16 19:05:07.448848
6938afaa,87c0cc42,4,Review,,2026-05-16 19:05:07.448858,2026-05-16 19:05:07.448859
897ccc43,8b18e10b,3,Review,,2026-05-16 19:05:07.448869,2026-05-16 19:05:07.448869
70eebace,b324a67b,5,Review,,2026-05-16 19:05:07.448880,2026-05-16 19:05:07.448880
42f258f6,e4325a42,4,Review,,2026-05-16 19:05:07.448891,2026-05-16 19:05:07.448891
9b013f3b,5c14e42a,5,Review,Product damaged.,2026-05-16 19:05:07.448907,2026-05-16 19:05:07.448907
ca931cd9,46420ce4,4,Review,Okay product.,2026-05-16 19:05:07.448923,2026-05-16 19:05:07.448924
eb7b1958,0b7cd337,4,Review,,2026-05-16 19:05:07.448935,2026-05-16 19:05:07.448935
6d438926,ea40bbe8,1,Review,Okay product.,2026-05-16 19:05:07.448951,2026-05-16 19:05:07.448951
8af80b5e,662f1c2d,5,Review,,2026-05-16 19:05:07.448963,2026-05-16 19:05:07.448963
c84f2f1a,657286f9,1,Review,Very satisfied.,2026-05-16 19:05:07.448979,2026-05-16 19:05:07.448979
dde57d43,fc7f461d,4,Review,,2026-05-16 19:05:07.448990,2026-05-16 19:05:07.448990
bd9624cf,0d7a9f51,5,Review,,2026-05-16 19:05:07.449001,2026-05-16 19:05:07.449001
661f597b,a6381d46,5,Review,,2026-05-16 19:05:07.449011,2026-05-16 19:05:07.449012
a251364e,8b17b37a,4,Review,,2026-05-16 19:05:07.449022,2026-05-16 19:05:07.449023
592d2e06,8aafc1b0,2,Review,Excellent service.,2026-05-16 19:05:07.449038,2026-05-16 19:05:07.449038
f7c456f5,9d1b666d,5,Review,,2026-05-16 19:05:07.449049,2026-05-16 19:05:07.449049
a9eaec0e,3b4d4914,5,Review,,2026-05-16 19:05:07.449060,2026-05-16 19:05:07.449060
4bc8ffbc,cfa32015,2,Review,Very satisfied.,2026-05-16 19:05:07.449076,2026-05-16 19:05:07.449076
ce0f2025,0b5a82bc,4,Review,Product damaged.,2026-05-16 19:05:07.449092,2026-05-16 19:05:07.449092
150577ea,701d477a,5,Review,,2026-05-16 19:05:07.449103,2026-05-16 19:05:07.449103
489e77dc,900ea366,5,Review,,2026-05-16 19:05:07.449114,2026-05-16 19:05:07.449115
434001d5,37d72e58,5,Review,,2026-05-16 19:05:07.449126,2026-05-16 19:05:07.449127
d572039a,75dea473,5,Review,,2026-05-16 19:05:07.449137,2026-05-16 19:05:07.449138
25db98b3,61f46684,4,Review,,2026-05-16 19:05:07.449148,2026-05-16 19:05:07.449149
904f9573,0e705b9c,2,Review,Very satisfied.,2026-05-16 19:05:07.449165,2026-05-16 19:05:07.449165
06fe9f9d,2bdb56c5,4,Review,,2026-05-16 19:05:07.449176,2026-05-16 19:05:07.449177
647965f9,d68bc7c5,5,Review,,2026-05-16 19:05:07.449187,2026-05-16 19:05:07.449187
0e7d1fff,c455c7cb,1,Review,Never arrived.,2026-05-16 19:05:07.449203,2026-05-16 19:05:07.449203
f61ef9f1,88c6fb1d,5,Review,,2026-05-16 19:05:07.449215,2026-05-16 19:05:07.449215
9635f7d4,182ba203,4,Review,,2026-05-16 19:05:07.449226,2026-05-16 19:05:07.449226
f009caef,46207898,3,Review,Excellent service.,2026-05-16 19:05:07.449243,2026-05-16 19:05:07.449243
fb70d876,dabf142b,1,Review,Very satisfied.,2026-05-16 19:05:07.449259,2026-05-16 19:05:07.449259
2b97ad12,1cf24ee5,4,Review,,2026-05-16 19:05:07.449270,2026-05-16 19:05:07.449270
9b28ad7e,1c823814,5,Review,,2026-05-16 19:05:07.449281,2026-05-16 19:05:07.449282
a68293cd,929604dc,5,Review,,2026-05-16 19:05:07.449292,2026-05-16 19:05:07.449292
3a8c8778,0d25f6ca,5,Review,,2026-05-16 19:05:07.449303,2026-05-16 19:05:07.449303
5a8babcb,b2ab662d,4,Review,,2026-05-16 19:05:07.449313,2026-05-16 19:05:07.449313
86a1d7c4,b73e5f78,3,Review,,2026-05-16 19:05:07.449324,2026-05-16 19:05:07.449324
cf027089,167555c4,5,Review,,2026-05-16 19:05:07.449335,2026-05-16 19:05:07.449335
eb20e721,4d83496f,5,Review,Never arrived.,2026-05-16 19:05:07.449351,2026-05-16 19:05:07.449351
0c970b3c,80d563c7,5,Review,,2026-05-16 19:05:07.449362,2026-05-16 19:05:07.449363
6e07cb9d,f9a8c09b,3,Review,Arrived late.,2026-05-16 19:05:07.449384,2026-05-16 19:05:07.449385
65ddda76,2adc7bb5,5,Review,,2026-05-16 19:05:07.449399,2026-05-16 19:05:07.449399
dfc9ea6a,666cd1fd,5,Review,,2026-05-16 19:05:07.449412,2026-05-16 19:05:07.449412
a886f7dc,1d489830,5,Review,,2026-05-16 19:05:07.449423,2026-05-16 19:05:07.449423
fddccf70,1b3f6101,2,Review,Very satisfied.,2026-05-16 19:05:07.449439,2026-05-16 19:05:07.449439
7223ca2e,4dacd195,4,Review,,2026-05-16 19:05:07.449450,2026-05-16 19:05:07.449450
fa5f19f5,2ae4a0b9,1,Review,Product damaged.,2026-05-16 19:05:07.449466,2026-05-16 19:05:07.449466
c0214194,5d3393e7,5,Review,,2026-05-16 19:05:07.449477,2026-05-16 19:05:07.449477
2f896f35,6393ffa4,5,Review,,2026-05-16 19:05:07.449487,2026-05-16 19:05:07.449488
5e0faff5,24e7a63c,5,Review,,2026-05-16 19:05:07.449498,2026-05-16 19:05:07.449499
0ad963e4,664b52f2,4,Review,,2026-05-16 19:05:07.449512,2026-05-16 19:05:07.449512
1bf60f97,27331968,1,Review,Bad quality.,2026-05-16 19:05:07.449532,2026-05-16 19:05:07.449532
01ada917,5f664430,3,Review,,2026-05-16 19:05:07.449544,2026-05-16 19:05:07.449544
785d57c1,c29f95c2,5,Review,,2026-05-16 19:05:07.449554,2026-05-16 19:05:07.449554
808ef7d6,eb947ece,5,Review,,2026-05-16 19:05:07.449565,2026-05-16 19:05:07.449565
5b783c93,58e94342,5,Review,Bad quality.,2026-05-16 19:05:07.449581,2026-05-16 19:05:07.449581
d6d4b868,833baef0,5,Review,,2026-05-16 19:05:07.449592,2026-05-16 19:05:07.449592
f83f27d4,97495d30,5,Review,Recommend.,2026-05-16 19:05:07.449608,2026-05-16 19:05:07.449609
6ae5dd78,e90becea,5,Review,,2026-05-16 19:05:07.449619,2026-05-16 19:05:07.449620
1fa37385,96dde1c2,5,Review,,2026-05-16 19:05:07.449632,2026-05-16 19:05:07.449632
d7fd0c41,6d00aa88,5,Review,Never arrived.,2026-05-16 19:05:07.449648,2026-05-16 19:05:07.449649
077a68a6,39eede93,5,Review,,2026-05-16 19:05:07.449664,2026-05-16 19:05:07.449664
b5412083,47b0bd75,2,Review,Never arrived.,2026-05-16 19:05:07.449682,2026-05-16 19:05:07.449682
a7755059,eb4bcfbc,1,Review,Bad quality.,2026-05-16 19:05:07.449699,2026-05-16 19:05:07.449699
53602ec0,d9f47dab,3,Review,Very satisfied.,2026-05-16 19:05:07.449715,2026-05-16 19:05:07.449715
42b5ed62,4cc70fd0,1,Review,Never arrived.,2026-05-16 19:05:07.449731,2026-05-16 19:05:07.449731
fb392237,62baad1e,5,Review,,2026-05-16 19:05:07.449742,2026-05-16 19:05:07.449742
c4d403fd,a170c4fe,5,Review,,2026-05-16 19:05:07.449752,2026-05-16 19:05:07.449753
ca4e2aa3,7679a198,1,Review,Okay product.,2026-05-16 19:05:07.449768,2026-05-16 19:05:07.449769
21c60361,752c7e66,1,Review,Fast delivery.,2026-05-16 19:05:07.449785,2026-05-16 19:05:07.449785
36aed0b0,53aa867c,3,Review,Product damaged.,2026-05-16 19:05:07.449801,2026-05-16 19:05:07.449801
53eff889,0363bf51,4,Review,,2026-05-16 19:05:07.449812,2026-05-16 19:05:07.449812
4ffa6b94,53a73c83,5,Review,,2026-05-16 19:05:07.449823,2026-05-16 19:05:07.449824
860c3275,ffc56237,5,Review,,2026-05-16 19:05:07.449834,2026-05-16 19:05:07.449834
140bdd1f,9641b499,4,Review,,2026-05-16 19:05:07.449845,2026-05-16 19:05:07.449845
86ef79b4,e920da8c,3,Review,,2026-05-16 19:05:07.449855,2026-05-16 19:05:07.449856
8a5c6771,081144a0,4,Review,,2026-05-16 19:05:07.449867,2026-05-16 19:05:07.449867
2326069e,0c5f2d2f,2,Review,Product damaged.,2026-05-16 19:05:07.449883,2026-05-16 19:05:07.449883
5a2cb958,9836a6df,1,Review,Recommend.,2026-05-16 19:05:07.449898,2026-05-16 19:05:07.449899
e01a6727,cb6f0c61,5,Review,,2026-05-16 19:05:07.449909,2026-05-16 19:05:07.449910
506154a3,295b8a61,5,Review,,2026-05-16 19:05:07.449920,2026-05-16 19:05:07.449921
28561e6a,90d15f2b,5,Review,,2026-05-16 19:05:07.449931,2026-05-16 19:05:07.449931
50543c04,bab88cec,4,Review,,2026-05-16 19:05:07.449942,2026-05-16 19:05:07.449942
2ccc4d0d,dde67cf7,5,Review,,2026-05-16 19:05:07.449952,2026-05-16 19:05:07.449953
7129a433,5fe79701,5,Review,Fast delivery.,2026-05-16 19:05:07.449968,2026-05-16 19:05:07.449968
92d4f6dc,b0927fa9,3,Review,Recommend.,2026-05-16 19:05:07.449987,2026-05-16 19:05:07.449988
ae9be1ef,fa5d3400,4,Review,,2026-05-16 19:05:07.449998,2026-05-16 19:05:07.449998
0ec2c029,9894e3b9,5,Review,Product damaged.,2026-05-16 19:05:07.450014,2026-05-16 19:05:07.450014
0a25b276,c0d10c29,1,Review,Arrived late.,2026-05-16 19:05:07.450030,2026-05-16 19:05:07.450030
93fea57b,b2f3ac33,5,Review,,2026-05-16 19:05:07.450041,2026-05-16 19:05:07.450041
9caad0ab,3ee702f9,4,Review,,2026-05-16 19:05:07.450052,2026-05-16 19:05:07.450052
6f56f25c,89015c20,5,Review,,2026-05-16 19:05:07.450062,2026-05-16 19:05:07.450062
4901f2eb,929ce0ac,5,Review,,2026-05-16 19:05:07.450073,2026-05-16 19:05:07.450073
a3d23b96,a772c066,4,Review,,2026-05-16 19:05:07.450083,2026-05-16 19:05:07.450084
09bccaac,7b625cf9,2,Review,Never arrived.,2026-05-16 19:05:07.450100,2026-05-16 19:05:07.450100
02b0728b,298074c3,5,Review,,2026-05-16 19:05:07.450111,2026-05-16 19:05:07.450111
7391e767,8edca20d,5,Review,,2026-05-16 19:05:07.450121,2026-05-16 19:05:07.450122
3b2038cf,49def18b,5,Review,Very satisfied.,2026-05-16 19:05:07.450137,2026-05-16 19:05:07.450138
b0a150f2,1bef0f9a,5,Review,,2026-05-16 19:05:07.450148,2026-05-16 19:05:07.450148
01b5b686,fd18d44a,4,Review,,2026-05-16 19:05:07.450159,2026-05-16 19:05:07.450159
50660c81,5e9a03f6,2,Review,Arrived late.,2026-05-16 19:05:07.450175,2026-05-16 19:05:07.450175
7ee87dab,040af677,3,Review,,2026-05-16 19:05:07.450186,2026-05-16 19:05:07.450186
9ea83478,98b340f1,5,Review,,2026-05-16 19:05:07.450196,2026-05-16 19:05:07.450197
ef5d0bf8,5d649478,5,Review,Arrived late.,2026-05-16 19:05:07.450214,2026-05-16 19:05:07.450214
3dd54bf4,09c7df6a,5,Review,,2026-05-16 19:05:07.450225,2026-05-16 19:05:07.450225
705b795b,2cff6fe4,5,Review,Fast delivery.,2026-05-16 19:05:07.450241,2026-05-16 19:05:07.450241
5f7f9496,8d962266,2,Review,Excellent service.,2026-05-16 19:05:07.450256,2026-05-16 19:05:07.450257
26c97936,69910960,3,Review,,2026-05-16 19:05:07.450267,2026-05-16 19:05:07.450267
daa32241,90bb93b9,3,Review,,2026-05-16 19:05:07.450277,2026-05-16 19:05:07.450278
c101ae63,4a313fb7,1,Review,Excellent service.,2026-05-16 19:05:07.450293,2026-05-16 19:05:07.450293
8740d1c3,0f3d9368,1,Review,Great product!,2026-05-16 19:05:07.450309,2026-05-16 19:05:07.450309
dc20e0eb,e52de65b,4,Review,,2026-05-16 19:05:07.450319,2026-05-16 19:05:07.450319
744a0f99,19e5eb7c,5,Review,,2026-05-16 19:05:07.450330,2026-05-16 19:05:07.450330
4b4df492,e052b088,5,Review,,2026-05-16 19:05:07.450340,2026-05-16 19:05:07.450340
eaa697bb,75b2f3c3,5,Review,,2026-05-16 19:05:07.450351,2026-05-16 19:05:07.450351
b2a07cea,127230f4,1,Review,Bad quality.,2026-05-16 19:05:07.450366,2026-05-16 19:05:07.450366
9c5238c8,d4c5321e,3,Review,,2026-05-16 19:05:07.450377,2026-05-16 19:05:07.450377
ccd2b3f6,487d3ca7,5,Review,Never arrived.,2026-05-16 19:05:07.450392,2026-05-16 19:05:07.450393
92bc3a96,3971522d,3,Review,,2026-05-16 19:05:07.450403,2026-05-16 19:05:07.450403
d4e65ccf,3919b36a,1,Review,Fast delivery.,2026-05-16 19:05:07.450419,2026-05-16 19:05:07.450420
90f3be64,5508fcc4,4,Review,,2026-05-16 19:05:07.450430,2026-05-16 19:05:07.450430
6b62fd7e,ce6839ce,1,Review,Great product!,2026-05-16 19:05:07.450446,2026-05-16 19:05:07.450446
b34319e7,0c396ff0,5,Review,,2026-05-16 19:05:07.450456,2026-05-16 19:05:07.450457
418c380e,90c050fc,4,Review,,2026-05-16 19:05:07.450467,2026-05-16 19:05:07.450467
3e271f8a,516f37b7,5,Review,Excellent service.,2026-05-16 19:05:07.450482,2026-05-16 19:05:07.450483
a612163d,f5dab63e,5,Review,Arrived late.,2026-05-16 19:05:07.450498,2026-05-16 19:05:07.450498
8e2560b7,ffe1c31c,5,Review,,2026-05-16 19:05:07.450509,2026-05-16 19:05:07.450509
88c35b86,9148e2fc,5,Review,Never arrived.,2026-05-16 19:05:07.450524,2026-05-16 19:05:07.450525
7e293e5c,0279bba4,3,Review,Great product!,2026-05-16 19:05:07.450540,2026-05-16 19:05:07.450541
0458502b,e1e6601d,2,Review,Bad quality.,2026-05-16 19:05:07.450556,2026-05-16 19:05:07.450556
d200901f,3e8a9f7b,5,Review,,2026-05-16 19:05:07.450567,2026-05-16 19:05:07.450567
7e7563f3,0ac654cd,5,Review,,2026-05-16 19:05:07.450577,2026-05-16 19:05:07.450577
565c9781,9766e946,5,Review,,2026-05-16 19:05:07.450589,2026-05-16 19:05:07.450589
a090b42d,4f7d0c00,5,Review,,2026-05-16 19:05:07.450599,2026-05-16 19:05:07.450600
de4c201f,b3d22a74,5,Review,,2026-05-16 19:05:07.450610,2026-05-16 19:05:07.450611
3a41a0e5,58a145ab,1,Review,Great product!,2026-05-16 19:05:07.450626,2026-05-16 19:05:07.450626
941b87e1,94a6b6b5,3,Review,,2026-05-16 19:05:07.450637,2026-05-16 19:05:07.450637
4b5bbd14,6b1ff77a,1,Review,Very satisfied.,2026-05-16 19:05:07.450652,2026-05-16 19:05:07.450653
44df3cc8,18b950cd,2,Review,Great product!,2026-05-16 19:05:07.450668,2026-05-16 19:05:07.450668
44152917,2afd69a8,5,Review,,2026-05-16 19:05:07.450679,2026-05-16 19:05:07.450679
dd2936b2,e79cdf2d,3,Review,,2026-05-16 19:05:07.450689,2026-05-16 19:05:07.450690
cf31fee8,df8c3dd3,4,Review,,2026-05-16 19:05:07.450700,2026-05-16 19:05:07.450701
f1bc2c8d,4bc9253f,4,Review,,2026-05-16 19:05:07.450711,2026-05-16 19:05:07.450711
93e7c453,a4331ba2,5,Review,,2026-05-16 19:05:07.450721,2026-05-16 19:05:07.450722
cd7deb20,929befe6,5,Review,Excellent service.,2026-05-16 19:05:07.450738,2026-05-16 19:05:07.450738
a5b9ec41,8a949dd9,5,Review,,2026-05-16 19:05:07.450748,2026-05-16 19:05:07.450749
2c5f4099,ac3bdd3e,4,Review,,2026-05-16 19:05:07.450759,2026-05-16 19:05:07.450759
d8c036bd,e903ef91,5,Review,Arrived late.,2026-05-16 19:05:07.450775,2026-05-16 19:05:07.450775
8e5cb478,a3e126db,1,Review,Bad quality.,2026-05-16 19:05:07.450791,2026-05-16 19:05:07.450791
c2f5255f,05a73cd2,4,Review,,2026-05-16 19:05:07.450801,2026-05-16 19:05:07.450802
cd197d8f,4a1f35ca,4,Review,Recommend.,2026-05-16 19:05:07.450819,2026-05-16 19:05:07.450819
fdf853e1,c5e3f6ff,5,Review,,2026-05-16 19:05:07.450830,2026-05-16 19:05:07.450830
f79ccfd4,13b2a802,5,Review,,2026-05-16 19:05:07.450841,2026-05-16 19:05:07.450841
cbedf2c3,d55474b4,1,Review,Never arrived.,2026-05-16 19:05:07.450856,2026-05-16 19:05:07.450856
10623323,fd2caf47,5,Review,,2026-05-16 19:05:07.450867,2026-05-16 19:05:07.450867
cadb1f02,4efd2f10,4,Review,,2026-05-16 19:05:07.450877,2026-05-16 19:05:07.450877
1329f7a3,35855154,3,Review,,2026-05-16 19:05:07.450888,2026-05-16 19:05:07.450888
0d022412,b0104de7,4,Review,,2026-05-16 19:05:07.450898,2026-05-16 19:05:07.450898
cc54e819,204f840f,3,Review,,2026-05-16 19:05:07.450909,2026-05-16 19:05:07.450909
5e0015b4,f3337d44,5,Review,,2026-05-16 19:05:07.450919,2026-05-16 19:05:07.450919
0723f822,4e5c6612,4,Review,,2026-05-16 19:05:07.450929,2026-05-16 19:05:07.450930
e0c0986e,1f20ba62,4,Review,,2026-05-16 19:05:07.450940,2026-05-16 19:05:07.450940
04a6269b,72f7f0ba,1,Review,Arrived late.,2026-05-16 19:05:07.450955,2026-05-16 19:05:07.450956
388735e5,fbd1355e,5,Review,,2026-05-16 19:05:07.450966,2026-05-16 19:05:07.450966
7d2a989c,4ac01bd0,1,Review,Product damaged.,2026-05-16 19:05:07.450982,2026-05-16 19:05:07.450982
6a5370f7,3985578a,5,Review,,2026-05-16 19:05:07.450992,2026-05-16 19:05:07.450993
06afa3a2,ca308584,3,Review,,2026-05-16 19:05:07.451003,2026-05-16 19:05:07.451003
966e453d,42f92990,4,Review,,2026-05-16 19:05:07.451013,2026-05-16 19:05:07.451014
3bd3a398,b935bde5,4,Review,,2026-05-16 19:05:07.451024,2026-05-16 19:05:07.451024
b8177001,6a03a2f4,5,Review,,2026-05-16 19:05:07.451035,2026-05-16 19:05:07.451035
09350c69,cc8e7832,5,Review,,2026-05-16 19:05:07.451045,2026-05-16 19:05:07.451045
aaf291a8,d44031d0,4,Review,,2026-05-16 19:05:07.451056,2026-05-16 19:05:07.451056
62836e9d,da524425,5,Review,,2026-05-16 19:05:07.451066,2026-05-16 19:05:07.451066
4fed311f,15edc21a,5,Review,,2026-05-16 19:05:07.451076,2026-05-16 19:05:07.451077
3f25be2b,f960b2f2,4,Review,Arrived late.,2026-05-16 19:05:07.451092,2026-05-16 19:05:07.451093
673cf6a8,cc6f0785,5,Review,,2026-05-16 19:05:07.451103,2026-05-16 19:05:07.451103
3358f430,75e11cb0,5,Review,,2026-05-16 19:05:07.451113,2026-05-16 19:05:07.451114
59b261c5,8a5a0b88,5,Review,Product damaged.,2026-05-16 19:05:07.451129,2026-05-16 19:05:07.451129
8682cfdb,67cf503c,5,Review,,2026-05-16 19:05:07.451140,2026-05-16 19:05:07.451140
3409c550,3fdffb84,5,Review,,2026-05-16 19:05:07.451150,2026-05-16 19:05:07.451150
289f6d05,91d80eb7,3,Review,,2026-05-16 19:05:07.451161,2026-05-16 19:05:07.451161
6fab6e10,0baeab91,5,Review,,2026-05-16 19:05:07.451171,2026-05-16 19:05:07.451171
ac5728e1,5480340d,1,Review,Excellent service.,2026-05-16 19:05:07.451186,2026-05-16 19:05:07.451187
4a9e923c,7f2d26bf,1,Review,Bad quality.,2026-05-16 19:05:07.451202,2026-05-16 19:05:07.451203
5edc6515,67c3fd54,5,Review,,2026-05-16 19:05:07.451213,2026-05-16 19:05:07.451213
424fe957,1c0e8178,3,Review,Product damaged.,2026-05-16 19:05:07.451230,2026-05-16 19:05:07.451230
b91fe5ed,4484b4d6,5,Review,,2026-05-16 19:05:07.451241,2026-05-16 19:05:07.451241
1b7be1ba,7e7a3b7a,5,Review,,2026-05-16 19:05:07.451251,2026-05-16 19:05:07.451252
ebcb6954,a663ad62,3,Review,Arrived late.,2026-05-16 19:05:07.451267,2026-05-16 19:05:07.451267
e9fd8d2f,72932856,3,Review,,2026-05-16 19:05:07.451278,2026-05-16 19:05:07.451278
51541b8c,9f4541f0,5,Review,,2026-05-16 19:05:07.451288,2026-05-16 19:05:07.451289
06872233,f1ffee06,5,Review,,2026-05-16 19:05:07.451299,2026-05-16 19:05:07.451299
2af3876c,97bb3ecd,4,Review,,2026-05-16 19:05:07.451310,2026-05-16 19:05:07.451310
a6c4a9ec,1e7ecbce,5,Review,,2026-05-16 19:05:07.451320,2026-05-16 19:05:07.451320
8eac2afe,c7dd97b6,5,Review,,2026-05-16 19:05:07.451331,2026-05-16 19:05:07.451331
99b39e90,07ce92a3,4,Review,,2026-05-16 19:05:07.451341,2026-05-16 19:05:07.451341
833785a0,3f681c2e,5,Review,Product damaged.,2026-05-16 19:05:07.451357,2026-05-16 19:05:07.451357
07b1c716,d5a07726,3,Review,,2026-05-16 19:05:07.451368,2026-05-16 19:05:07.451368
48a29c65,a8c97485,5,Review,,2026-05-16 19:05:07.451378,2026-05-16 19:05:07.451379
9f520aa0,14dce3d1,5,Review,Bad quality.,2026-05-16 19:05:07.451394,2026-05-16 19:05:07.451394
4d42ef43,074c7811,4,Review,,2026-05-16 19:05:07.451405,2026-05-16 19:05:07.451405
121e07e3,0fcada70,5,Review,Very satisfied.,2026-05-16 19:05:07.451421,2026-05-16 19:05:07.451421
1fb65670,d117a392,4,Review,Excellent service.,2026-05-16 19:05:07.451437,2026-05-16 19:05:07.451438
86f540db,2b39bd28,5,Review,Arrived late.,2026-05-16 19:05:07.451453,2026-05-16 19:05:07.451454
be3c3319,f665571a,5,Review,Arrived late.,2026-05-16 19:05:07.451470,2026-05-16 19:05:07.451470
7e9cb096,66aaaf51,5,Review,,2026-05-16 19:05:07.451480,2026-05-16 19:05:07.451480
4e95b285,c60329e8,5,Review,Never arrived.,2026-05-16 19:05:07.451496,2026-05-16 19:05:07.451497
1edc46c3,ad21c39a,1,Review,Excellent service.,2026-05-16 19:05:07.451514,2026-05-16 19:05:07.451514
7e180c5a,12e2d0b7,5,Review,Fast delivery.,2026-05-16 19:05:07.451530,2026-05-16 19:05:07.451530
572de014,42b1f8d9,4,Review,,2026-05-16 19:05:07.451541,2026-05-16 19:05:07.451541
c3cb41f6,5ecbb4ca,5,Review,,2026-05-16 19:05:07.451551,2026-05-16 19:05:07.451552
f24e102a,1b954fd3,5,Review,,2026-05-16 19:05:07.451562,2026-05-16 19:05:07.451562
c4e59928,97c267f6,5,Review,,2026-05-16 19:05:07.451573,2026-05-16 19:05:07.451573
dde510f8,fe8210de,5,Review,,2026-05-16 19:05:07.451583,2026-05-16 19:05:07.451584
24614c27,139761f2,5,Review,Product damaged.,2026-05-16 19:05:07.451602,2026-05-16 19:05:07.451603
e04cb19a,6bc186c5,5,Review,,2026-05-16 19:05:07.451617,2026-05-16 19:05:07.451617
f3d32e59,65c75724,5,Review,,2026-05-16 19:05:07.451628,2026-05-16 19:05:07.451628
cc290d27,dd0e4086,5,Review,,2026-05-16 19:05:07.451639,2026-05-16 19:05:07.451640
9cfae209,c2725d91,4,Review,Great product!,2026-05-16 19:05:07.451656,2026-05-16 19:05:07.451657
6c372564,88c511c0,1,Review,Very satisfied.,2026-05-16 19:05:07.451674,2026-05-16 19:05:07.451674
5125958a,4c73a57a,4,Review,,2026-05-16 19:05:07.451685,2026-05-16 19:05:07.451685
88b42237,11c75786,2,Review,Recommend.,2026-05-16 19:05:07.451700,2026-05-16 19:05:07.451701
9b85fb49,8bb9a8e3,1,Review,Arrived late.,2026-05-16 19:05:07.451716,2026-05-16 19:05:07.451717
e67cb219,97c1701b,5,Review,,2026-05-16 19:05:07.451727,2026-05-16 19:05:07.451728
7ac42f9f,ea09aa67,5,Review,Okay product.,2026-05-16 19:05:07.451744,2026-05-16 19:05:07.451744
62ad5a2f,d5b841ce,4,Review,,2026-05-16 19:05:07.451754,2026-05-16 19:05:07.451755
5e2f17f8,a38246a7,5,Review,Okay product.,2026-05-16 19:05:07.451770,2026-05-16 19:05:07.451771
6ab33247,1827485f,5,Review,,2026-05-16 19:05:07.451781,2026-05-16 19:05:07.451781
cd313f20,9cfb58c7,5,Review,,2026-05-16 19:05:07.451792,2026-05-16 19:05:07.451792
56eac210,2d8f0c1a,5,Review,,2026-05-16 19:05:07.451802,2026-05-16 19:05:07.451803
6c92071e,35aae577,5,Review,,2026-05-16 19:05:07.451813,2026-05-16 19:05:07.451813
5dc39de2,093147e6,5,Review,,2026-05-16 19:05:07.451823,2026-05-16 19:05:07.451823
b5b1991b,5a9091fc,5,Review,,2026-05-16 19:05:07.451835,2026-05-16 19:05:07.451835
ad1ec58e,0852f046,5,Review,,2026-05-16 19:05:07.451846,2026-05-16 19:05:07.451846
760ed9b6,b557fa6b,5,Review,,2026-05-16 19:05:07.451857,2026-05-16 19:05:07.451857
80492856,079a8dfc,5,Review,,2026-05-16 19:05:07.451867,2026-05-16 19:05:07.451867
b0407d9a,c9d85832,5,Review,Product damaged.,2026-05-16 19:05:07.451883,2026-05-16 19:05:07.451883
32f12f85,f8edc51b,5,Review,,2026-05-16 19:05:07.451894,2026-05-16 19:05:07.451894
8c212162,87b0fcda,5,Review,,2026-05-16 19:05:07.451904,2026-05-16 19:05:07.451905
d1f31bb3,b5f32d34,5,Review,,2026-05-16 19:05:07.451915,2026-05-16 19:05:07.451915
10c49efb,1ded9b32,5,Review,,2026-05-16 19:05:07.451925,2026-05-16 19:05:07.451926
41213f0b,ca40d4f9,5,Review,,2026-05-16 19:05:07.451936,2026-05-16 19:05:07.451936
f81ee824,7c87529b,4,Review,,2026-05-16 19:05:07.451946,2026-05-16 19:05:07.451947
6ee06db1,3a9191e9,3,Review,,2026-05-16 19:05:07.451957,2026-05-16 19:05:07.451957
8615ce31,4a11daf6,5,Review,,2026-05-16 19:05:07.451968,2026-05-16 19:05:07.451968
dae85a0d,82efcdef,5,Review,,2026-05-16 19:05:07.451979,2026-05-16 19:05:07.451979
fd32e681,5d7b3e9f,5,Review,,2026-05-16 19:05:07.451989,2026-05-16 19:05:07.451990
dc2b5647,34da8b13,5,Review,,2026-05-16 19:05:07.452000,2026-05-16 19:05:07.452000
f367022c,cd49fa89,5,Review,Bad quality.,2026-05-16 19:05:07.452016,2026-05-16 19:05:07.452016
64b18fd8,a58797cf,5,Review,,2026-05-16 19:05:07.452027,2026-05-16 19:05:07.452027
4c72c362,fe2d1f19,5,Review,,2026-05-16 19:05:07.452037,2026-05-16 19:05:07.452038
2be7168c,f04b6eb0,5,Review,Bad quality.,2026-05-16 19:05:07.452053,2026-05-16 19:05:07.452054
74cb002d,4c1202ef,5,Review,,2026-05-16 19:05:07.452064,2026-05-16 19:05:07.452064
f74b043c,99bd9ac1,5,Review,,2026-05-16 19:05:07.452074,2026-05-16 19:05:07.452075
bbd0b0db,0a26d6ed,5,Review,Fast delivery.,2026-05-16 19:05:07.452090,2026-05-16 19:05:07.452091
ce10fb7f,025ed8b0,3,Review,,2026-05-16 19:05:07.452102,2026-05-16 19:05:07.452102
e73826c8,d50fd0ea,5,Review,,2026-05-16 19:05:07.452112,2026-05-16 19:05:07.452112
825a39f0,bec0edc3,1,Review,Recommend.,2026-05-16 19:05:07.452128,2026-05-16 19:05:07.452128
bf10be60,bb6217b8,5,Review,,2026-05-16 19:05:07.452139,2026-05-16 19:05:07.452139
1761cd92,ec77cba8,3,Review,,2026-05-16 19:05:07.452149,2026-05-16 19:05:07.452150
5a228051,4ab22eff,4,Review,,2026-05-16 19:05:07.452160,2026-05-16 19:05:07.452160
7dbab390,8dfb407a,5,Review,,2026-05-16 19:05:07.452170,2026-05-16 19:05:07.452171
447e47cf,2829d931,5,Review,,2026-05-16 19:05:07.452181,2026-05-16 19:05:07.452181
96552c15,79ccab01,1,Review,Excellent service.,2026-05-16 19:05:07.452199,2026-05-16 19:05:07.452200
c146634d,b1bb88a5,4,Review,,2026-05-16 19:05:07.452210,2026-05-16 19:05:07.452211
afd9d94a,a4211682,5,Review,,2026-05-16 19:05:07.452221,2026-05-16 19:05:07.452221
0d2c861a,a2273d58,1,Review,Very satisfied.,2026-05-16 19:05:07.452237,2026-05-16 19:05:07.452237
86866cd4,fe43ab52,1,Review,Excellent service.,2026-05-16 19:05:07.452252,2026-05-16 19:05:07.452253
81af9faf,1b3a9dd1,5,Review,,2026-05-16 19:05:07.452263,2026-05-16 19:05:07.452263
43d2e4eb,987fc5b0,5,Review,Bad quality.,2026-05-16 19:05:07.452279,2026-05-16 19:05:07.452279
41207765,fbe7078a,5,Review,,2026-05-16 19:05:07.452290,2026-05-16 19:05:07.452290
d109a062,42c50ff1,3,Review,Very satisfied.,2026-05-16 19:05:07.452305,2026-05-16 19:05:07.452306
d6dff9d9,06c3a4fc,5,Review,,2026-05-16 19:05:07.452316,2026-05-16 19:05:07.452316
d344c3f4,e118030a,5,Review,,2026-05-16 19:05:07.452326,2026-05-16 19:05:07.452327
9969d943,e3c204a7,5,Review,Great product!,2026-05-16 19:05:07.452342,2026-05-16 19:05:07.452343
5e2eabd2,ffb8818c,3,Review,,2026-05-16 19:05:07.452353,2026-05-16 19:05:07.452353
3648d28e,e91f558d,4,Review,,2026-05-16 19:05:07.452364,2026-05-16 19:05:07.452364
a7c5ac32,21fd2dad,4,Review,,2026-05-16 19:05:07.452374,2026-05-16 19:05:07.452375
8ada3787,414066b0,5,Review,,2026-05-16 19:05:07.452385,2026-05-16 19:05:07.452385
6f2ca128,db090930,5,Review,,2026-05-16 19:05:07.452395,2026-05-16 19:05:07.452395
7482eb10,addb0811,5,Review,,2026-05-16 19:05:07.452405,2026-05-16 19:05:07.452406
fed73870,15bb497a,5,Review,,2026-05-16 19:05:07.452416,2026-05-16 19:05:07.452416
4efa97da,7fa68ff7,5,Review,,2026-05-16 19:05:07.452426,2026-05-16 19:05:07.452426
b2dc3b85,808582cf,5,Review,,2026-05-16 19:05:07.452436,2026-05-16 19:05:07.452437
cd3cbba9,90f7b399,5,Review,,2026-05-16 19:05:07.452447,2026-05-16 19:05:07.452447
bc9116b0,326231d5,5,Review,Very satisfied.,2026-05-16 19:05:07.452462,2026-05-16 19:05:07.452463
361ac98b,84982093,5,Review,Arrived late.,2026-05-16 19:05:07.452479,2026-05-16 19:05:07.452479
221d3b2e,b51700a9,5,Review,,2026-05-16 19:05:07.452489,2026-05-16 19:05:07.452490
0ee1ba2d,14266b96,5,Review,,2026-05-16 19:05:07.452500,2026-05-16 19:05:07.452500
c2fc2b55,e6a46876,4,Review,Arrived late.,2026-05-16 19:05:07.452516,2026-05-16 19:05:07.452516
ef71c510,6cfdc697,5,Review,,2026-05-16 19:05:07.452526,2026-05-16 19:05:07.452527
550e8722,5972f669,4,Review,,2026-05-16 19:05:07.452537,2026-05-16 19:05:07.452537
1987cbc7,f605a96c,5,Review,,2026-05-16 19:05:07.452548,2026-05-16 19:05:07.452548
09644fb7,882e53a2,5,Review,,2026-05-16 19:05:07.452560,2026-05-16 19:05:07.452560
118e28b2,02820e7b,4,Review,,2026-05-16 19:05:07.452570,2026-05-16 19:05:07.452571
2d012ee1,777e38cd,3,Review,,2026-05-16 19:05:07.452581,2026-05-16 19:05:07.452581
1f9863c5,8fdd7167,5,Review,Product damaged.,2026-05-16 19:05:07.452597,2026-05-16 19:05:07.452597
2ca042c0,86ad0798,5,Review,,2026-05-16 19:05:07.452608,2026-05-16 19:05:07.452609
6ef4dec0,046b3037,4,Review,,2026-05-16 19:05:07.452619,2026-05-16 19:05:07.452619
7c46323a,b3f1cfea,5,Review,,2026-05-16 19:05:07.452629,2026-05-16 19:05:07.452630
e26eb770,0bde2c92,4,Review,,2026-05-16 19:05:07.452640,2026-05-16 19:05:07.452640
d4797fa4,fc050bdd,5,Review,,2026-05-16 19:05:07.452650,2026-05-16 19:05:07.452650
425014e3,4e53e4ee,1,Review,Recommend.,2026-05-16 19:05:07.452666,2026-05-16 19:05:07.452666
48f858fc,461e04ba,1,Review,Arrived late.,2026-05-16 19:05:07.452681,2026-05-16 19:05:07.452682
67219788,50f306ac,3,Review,Arrived late.,2026-05-16 19:05:07.452697,2026-05-16 19:05:07.452698
2dff8223,bbfbabe3,5,Review,,2026-05-16 19:05:07.452711,2026-05-16 19:05:07.452711
bfdd499f,ec12843d,5,Review,,2026-05-16 19:05:07.452724,2026-05-16 19:05:07.452725
c07575b5,93052d01,4,Review,Great product!,2026-05-16 19:05:07.452741,2026-05-16 19:05:07.452742
fe8d18a7,ed23d3da,5,Review,Okay product.,2026-05-16 19:05:07.452769,2026-05-16 19:05:07.452770
f18ae5ef,fb37651b,3,Review,,2026-05-16 19:05:07.452789,2026-05-16 19:05:07.452789
d7f8db3d,779b62d9,5,Review,,2026-05-16 19:05:07.452802,2026-05-16 19:05:07.452802
61ac8872,ba27464d,3,Review,Okay product.,2026-05-16 19:05:07.452820,2026-05-16 19:05:07.452820
24956949,86c7557e,5,Review,Arrived late.,2026-05-16 19:05:07.452837,2026-05-16 19:05:07.452837
aa4081a7,b087e04c,4,Review,,2026-05-16 19:05:07.452848,2026-05-16 19:05:07.452849
426cf398,e1844f94,5,Review,,2026-05-16 19:05:07.452860,2026-05-16 19:05:07.452861
7e7c2d76,f7882629,5,Review,,2026-05-16 19:05:07.452876,2026-05-16 19:05:07.452876
73c68d4a,569c9597,5,Review,Recommend.,2026-05-16 19:05:07.452898,2026-05-16 19:05:07.452898
b1487e59,7dac71ba,5,Review,,2026-05-16 19:05:07.452909,2026-05-16 19:05:07.452910
6d323ec5,921152a5,5,Review,,2026-05-16 19:05:07.452921,2026-05-16 19:05:07.452922
9e11c88a,77bd6e7f,5,Review,,2026-05-16 19:05:07.452938,2026-05-16 19:05:07.452939
d877ec3b,8ccd276f,5,Review,Recommend.,2026-05-16 19:05:07.452956,2026-05-16 19:05:07.452956
0321b530,3b0dfbff,2,Review,Okay product.,2026-05-16 19:05:07.452973,2026-05-16 19:05:07.452974
99068adc,2723ff22,5,Review,,2026-05-16 19:05:07.452985,2026-05-16 19:05:07.452986
9ee0498a,c3c31534,5,Review,,2026-05-16 19:05:07.452999,2026-05-16 19:05:07.453000
fa1ee21a,f243b6c9,3,Review,,2026-05-16 19:05:07.453014,2026-05-16 19:05:07.453015
fdc94d33,6e8b5b43,5,Review,Great product!,2026-05-16 19:05:07.453036,2026-05-16 19:05:07.453036
c8292dd2,e95acd53,4,Review,Product damaged.,2026-05-16 19:05:07.453052,2026-05-16 19:05:07.453052
87007dca,ba831274,5,Review,Arrived late.,2026-05-16 19:05:07.453068,2026-05-16 19:05:07.453069
e8d05b0f,ed372e00,4,Review,,2026-05-16 19:05:07.453079,2026-05-16 19:05:07.453079
156a041f,a76898bd,1,Review,Excellent service.,2026-05-16 19:05:07.453095,2026-05-16 19:05:07.453095
92203eb3,90f13aa8,5,Review,,2026-05-16 19:05:07.453106,2026-05-16 19:05:07.453106
55b9e25c,ea628e1b,5,Review,Okay product.,2026-05-16 19:05:07.453121,2026-05-16 19:05:07.453122
2dd36e60,1212f02d,4,Review,,2026-05-16 19:05:07.453132,2026-05-16 19:05:07.453132
5bf8ccb4,5532c836,1,Review,Bad quality.,2026-05-16 19:05:07.453147,2026-05-16 19:05:07.453148
11c96c50,e6544d1f,5,Review,,2026-05-16 19:05:07.453158,2026-05-16 19:05:07.453158
f27add35,446688c6,4,Review,,2026-05-16 19:05:07.453169,2026-05-16 19:05:07.453169
9beb3363,883219f9,5,Review,,2026-05-16 19:05:07.453179,2026-05-16 19:05:07.453179
e829eaa8,7b5400dc,4,Review,,2026-05-16 19:05:07.453189,2026-05-16 19:05:07.453190
03fe2c8a,47623ac0,5,Review,,2026-05-16 19:05:07.453200,2026-05-16 19:05:07.453200
4f9d35b5,892be314,2,Review,Fast delivery.,2026-05-16 19:05:07.453216,2026-05-16 19:05:07.453216
fcdcd60a,85d28bc4,4,Review,,2026-05-16 19:05:07.453226,2026-05-16 19:05:07.453226
5bbd3227,90e0f751,5,Review,Excellent service.,2026-05-16 19:05:07.453242,2026-05-16 19:05:07.453242
8a72f94d,e08e0119,5,Review,,2026-05-16 19:05:07.453252,2026-05-16 19:05:07.453253
d79978da,2626b355,5,Review,Bad quality.,2026-05-16 19:05:07.453268,2026-05-16 19:05:07.453268
1436ec88,0d278ae5,5,Review,,2026-05-16 19:05:07.453279,2026-05-16 19:05:07.453279
85a2f904,ef970325,5,Review,Never arrived.,2026-05-16 19:05:07.453296,2026-05-16 19:05:07.453296
cfd8ca8f,10f4919c,2,Review,Fast delivery.,2026-05-16 19:05:07.453312,2026-05-16 19:05:07.453312
d8a2053e,6cac81c7,5,Review,,2026-05-16 19:05:07.453322,2026-05-16 19:05:07.453323
4b4bb295,8a327ff8,5,Review,,2026-05-16 19:05:07.453333,2026-05-16 19:05:07.453333
64b8b888,7f5f6090,5,Review,,2026-05-16 19:05:07.453344,2026-05-16 19:05:07.453344
32d2d845,79e8a55c,5,Review,,2026-05-16 19:05:07.453354,2026-05-16 19:05:07.453354
d036feba,f4087721,2,Review,Very satisfied.,2026-05-16 19:05:07.453370,2026-05-16 19:05:07.453370
1e10f4ab,89abc226,3,Review,Bad quality.,2026-05-16 19:05:07.453386,2026-05-16 19:05:07.453386
1c4a6d0d,5d986d4e,5,Review,Never arrived.,2026-05-16 19:05:07.453401,2026-05-16 19:05:07.453402
247bbfce,8218bc81,5,Review,Excellent service.,2026-05-16 19:05:07.453417,2026-05-16 19:05:07.453417
7d12fcd2,5bacba95,2,Review,Very satisfied.,2026-05-16 19:05:07.453432,2026-05-16 19:05:07.453433
764cedf6,3ac027bb,5,Review,,2026-05-16 19:05:07.453443,2026-05-16 19:05:07.453443
129ca2ca,6146fe47,4,Review,,2026-05-16 19:05:07.453453,2026-05-16 19:05:07.453454
69a1da1e,2053915b,4,Review,,2026-05-16 19:05:07.453464,2026-05-16 19:05:07.453464
76f0ceb1,94cb72a6,5,Review,,2026-05-16 19:05:07.453474,2026-05-16 19:05:07.453475
27617fb9,5915ef15,5,Review,,2026-05-16 19:05:07.453485,2026-05-16 19:05:07.453486
863cb245,4c0b1691,5,Review,,2026-05-16 19:05:07.453496,2026-05-16 19:05:07.453496
1deadff1,a5749a6f,5,Review,,2026-05-16 19:05:07.453506,2026-05-16 19:05:07.453507
923247d2,9ff46711,5,Review,,2026-05-16 19:05:07.453517,2026-05-16 19:05:07.453517
7fb741a5,a8e2ac85,2,Review,Very satisfied.,2026-05-16 19:05:07.453532,2026-05-16 19:05:07.453533
42b4cdde,1b07e981,2,Review,Excellent service.,2026-05-16 19:05:07.453548,2026-05-16 19:05:07.453548
27bb5e97,5ce86114,4,Review,,2026-05-16 19:05:07.453559,2026-05-16 19:05:07.453560
b959d218,70987a77,5,Review,,2026-05-16 19:05:07.453570,2026-05-16 19:05:07.453571
56a910f8,8d799336,5,Review,,2026-05-16 19:05:07.453581,2026-05-16 19:05:07.453581
30a299e0,3f7b801d,4,Review,,2026-05-16 19:05:07.453591,2026-05-16 19:05:07.453591
a9d3264b,8ee56db9,5,Review,,2026-05-16 19:05:07.453601,2026-05-16 19:05:07.453602
22224cc6,369461fe,5,Review,,2026-05-16 19:05:07.453612,2026-05-16 19:05:07.453612
f01195f6,95aaf777,5,Review,,2026-05-16 19:05:07.453622,2026-05-16 19:05:07.453622
3353ec24,de949e66,5,Review,,2026-05-16 19:05:07.453632,2026-05-16 19:05:07.453633
7da04ed5,6d789c01,5,Review,Great product!,2026-05-16 19:05:07.453648,2026-05-16 19:05:07.453648
a4f1cb20,103104f8,3,Review,Recommend.,2026-05-16 19:05:07.453664,2026-05-16 19:05:07.453664
f6e43d4f,a88b7b98,5,Review,,2026-05-16 19:05:07.453674,2026-05-16 19:05:07.453675
b9eb9a53,093465e2,5,Review,,2026-05-16 19:05:07.453685,2026-05-16 19:05:07.453685
fc07b2dd,4616f16a,4,Review,,2026-05-16 19:05:07.453695,2026-05-16 19:05:07.453695
0e989f91,532e177d,4,Review,,2026-05-16 19:05:07.453705,2026-05-16 19:05:07.453706
ae365b62,94274d0d,5,Review,,2026-05-16 19:05:07.453716,2026-05-16 19:05:07.453716
6793dd21,b6c78d2d,4,Review,,2026-05-16 19:05:07.453726,2026-05-16 19:05:07.453727
ba94c9d9,7fee56f0,4,Review,,2026-05-16 19:05:07.453737,2026-05-16 19:05:07.453737
8990a205,b9776fba,5,Review,,2026-05-16 19:05:07.453747,2026-05-16 19:05:07.453747
d79ab435,b72cd780,5,Review,,2026-05-16 19:05:07.453758,2026-05-16 19:05:07.453758
f5ab6e37,0af61512,5,Review,Excellent service.,2026-05-16 19:05:07.453773,2026-05-16 19:05:07.453774
1d493e91,89ff47ad,4,Review,Product damaged.,2026-05-16 19:05:07.453789,2026-05-16 19:05:07.453789
b7d3b32d,650e028a,3,Review,,2026-05-16 19:05:07.453799,2026-05-16 19:05:07.453800
7aad4672,675ddef8,5,Review,,2026-05-16 19:05:07.453810,2026-05-16 19:05:07.453810
c7abc044,04c277ed,5,Review,Bad quality.,2026-05-16 19:05:07.453826,2026-05-16 19:05:07.453826
200b2142,dbc4fe8b,5,Review,,2026-05-16 19:05:07.453837,2026-05-16 19:05:07.453837
5ae39048,735cfd1f,5,Review,,2026-05-16 19:05:07.453847,2026-05-16 19:05:07.453847
41c1e273,337a8d27,5,Review,,2026-05-16 19:05:07.453857,2026-05-16 19:05:07.453858
2c31478f,a7a6f49c,5,Review,,2026-05-16 19:05:07.453868,2026-05-16 19:05:07.453868
bc5dee0a,96485982,1,Review,Never arrived.,2026-05-16 19:05:07.453884,2026-05-16 19:05:07.453884
b46a62ee,75131d9f,5,Review,,2026-05-16 19:05:07.453896,2026-05-16 19:05:07.453896
d09b87c7,d3c156dd,3,Review,,2026-05-16 19:05:07.453907,2026-05-16 19:05:07.453907
699e41f3,0c040e3b,5,Review,,2026-05-16 19:05:07.453917,2026-05-16 19:05:07.453917
df3f0510,cd982004,4,Review,,2026-05-16 19:05:07.453928,2026-05-16 19:05:07.453928
efe58fca,c277e35c,3,Review,,2026-05-16 19:05:07.453938,2026-05-16 19:05:07.453938
9d0dc2e1,9911957f,3,Review,,2026-05-16 19:05:07.453948,2026-05-16 19:05:07.453949
92744efa,88c3917d,5,Review,Okay product.,2026-05-16 19:05:07.453964,2026-05-16 19:05:07.453964
ef7d264f,245286de,3,Review,,2026-05-16 19:05:07.453975,2026-05-16 19:05:07.453975
99f3fa2a,10a0f590,5,Review,,2026-05-16 19:05:07.453985,2026-05-16 19:05:07.453985
3952efb8,66538cdd,5,Review,,2026-05-16 19:05:07.453995,2026-05-16 19:05:07.453996
7f9c34ce,375332f6,5,Review,,2026-05-16 19:05:07.454006,2026-05-16 19:05:07.454006
2e0de172,4cb080d8,5,Review,,2026-05-16 19:05:07.454016,2026-05-16 19:05:07.454016
a108a3bd,503f2d1c,1,Review,Okay product.,2026-05-16 19:05:07.454031,2026-05-16 19:05:07.454032
99400ad4,c6f1ba6e,1,Review,Bad quality.,2026-05-16 19:05:07.454047,2026-05-16 19:05:07.454047
700aaeac,8c69ce6a,5,Review,,2026-05-16 19:05:07.454058,2026-05-16 19:05:07.454058
cae7a313,d284e7ec,4,Review,Product damaged.,2026-05-16 19:05:07.454073,2026-05-16 19:05:07.454074
fb43cede,7514a8c4,4,Review,Very satisfied.,2026-05-16 19:05:07.454089,2026-05-16 19:05:07.454089
420a61ba,58114e2e,5,Review,Recommend.,2026-05-16 19:05:07.454105,2026-05-16 19:05:07.454105
8ec6bae4,75f22f8c,2,Review,Never arrived.,2026-05-16 19:05:07.454120,2026-05-16 19:05:07.454120
f2e1ec0b,4dc863aa,5,Review,,2026-05-16 19:05:07.454130,2026-05-16 19:05:07.454131
a9950162,265eded8,2,Review,Arrived late.,2026-05-16 19:05:07.454146,2026-05-16 19:05:07.454146
4f44ee5e,1a5cc3c3,5,Review,Never arrived.,2026-05-16 19:05:07.454161,2026-05-16 19:05:07.454162
24e6d45e,3a5d9489,5,Review,,2026-05-16 19:05:07.454172,2026-05-16 19:05:07.454172
9b459712,d590a344,5,Review,Very satisfied.,2026-05-16 19:05:07.454187,2026-05-16 19:05:07.454188
6e1bef19,97c447dc,4,Review,,2026-05-16 19:05:07.454198,2026-05-16 19:05:07.454198
6f22dd24,24848547,5,Review,Great product!,2026-05-16 19:05:07.454213,2026-05-16 19:05:07.454214
0bc9199f,daf5e54f,5,Review,,2026-05-16 19:05:07.454224,2026-05-16 19:05:07.454224
d25fbec1,f96bcbcf,3,Review,,2026-05-16 19:05:07.454235,2026-05-16 19:05:07.454235
c3fc63dd,4322f893,5,Review,Bad quality.,2026-05-16 19:05:07.454252,2026-05-16 19:05:07.454252
e13867a0,be14542c,5,Review,,2026-05-16 19:05:07.454263,2026-05-16 19:05:07.454263
f7edcbea,050cbb5c,5,Review,,2026-05-16 19:05:07.454273,2026-05-16 19:05:07.454274
02da45b9,8cd16e25,1,Review,Very satisfied.,2026-05-16 19:05:07.454289,2026-05-16 19:05:07.454289
67dd4a10,d4767611,5,Review,,2026-05-16 19:05:07.454299,2026-05-16 19:05:07.454300
31a1c389,ab8c49f4,5,Review,Very satisfied.,2026-05-16 19:05:07.454315,2026-05-16 19:05:07.454315
0561a287,8bf0bfcd,2,Review,Bad quality.,2026-05-16 19:05:07.454330,2026-05-16 19:05:07.454331
990d0b87,c6d4c646,5,Review,,2026-05-16 19:05:07.454341,2026-05-16 19:05:07.454341
dc4dd7d4,6608c594,3,Review,Arrived late.,2026-05-16 19:05:07.454356,2026-05-16 19:05:07.454357
a4087e91,570435a9,5,Review,,2026-05-16 19:05:07.454367,2026-05-16 19:05:07.454367
fcfec188,8c80e2a7,5,Review,,2026-05-16 19:05:07.454377,2026-05-16 19:05:07.454378
4f36ab41,bddde84b,3,Review,,2026-05-16 19:05:07.454388,2026-05-16 19:05:07.454388
ba985d4c,b17f5657,2,Review,Very satisfied.,2026-05-16 19:05:07.454403,2026-05-16 19:05:07.454403
c1ba8a19,c8518a7e,1,Review,Bad quality.,2026-05-16 19:05:07.454419,2026-05-16 19:05:07.454419
8c5d3946,2368722d,5,Review,,2026-05-16 19:05:07.454429,2026-05-16 19:05:07.454430
40412cdd,89d55751,5,Review,,2026-05-16 19:05:07.454440,2026-05-16 19:05:07.454440
e1f6ed4f,6b8bc4ed,5,Review,,2026-05-16 19:05:07.454450,2026-05-16 19:05:07.454450
d3d39c17,f82bcb39,1,Review,Product damaged.,2026-05-16 19:05:07.454465,2026-05-16 19:05:07.454466
75e41eb4,43b40a7e,3,Review,,2026-05-16 19:05:07.454476,2026-05-16 19:05:07.454476
cea4b962,999317df,5,Review,,2026-05-16 19:05:07.454486,2026-05-16 19:05:07.454487
b7e54424,9efe017c,5,Review,,2026-05-16 19:05:07.454497,2026-05-16 19:05:07.454497
33b109af,ba60c0eb,4,Review,,2026-05-16 19:05:07.454507,2026-05-16 19:05:07.454507
f724823b,5bdf0529,1,Review,Very satisfied.,2026-05-16 19:05:07.454523,2026-05-16 19:05:07.454523
774b52c1,d06237b6,5,Review,,2026-05-16 19:05:07.454533,2026-05-16 19:05:07.454534
c36107cc,48def4f8,3,Review,,2026-05-16 19:05:07.454544,2026-05-16 19:05:07.454544
8c3ec70b,f3ad649b,1,Review,Product damaged.,2026-05-16 19:05:07.454560,2026-05-16 19:05:07.454560
30a225cb,7947b0c5,3,Review,,2026-05-16 19:05:07.454570,2026-05-16 19:05:07.454571
bd66218f,db7b800f,1,Review,Fast delivery.,2026-05-16 19:05:07.454586,2026-05-16 19:05:07.454586
f2999d96,187d968f,3,Review,,2026-05-16 19:05:07.454598,2026-05-16 19:05:07.454598
40afdf82,758d3049,1,Review,Great product!,2026-05-16 19:05:07.454613,2026-05-16 19:05:07.454614
84e4ed77,47f0ac16,4,Review,,2026-05-16 19:05:07.454624,2026-05-16 19:05:07.454624
9a16fec6,5341585e,5,Review,,2026-05-16 19:05:07.454634,2026-05-16 19:05:07.454635
87c04a73,37b83761,1,Review,Very satisfied.,2026-05-16 19:05:07.454650,2026-05-16 19:05:07.454650
8bce0401,10f3c55a,5,Review,,2026-05-16 19:05:07.454660,2026-05-16 19:05:07.454661
29f34404,3606fa15,3,Review,,2026-05-16 19:05:07.454671,2026-05-16 19:05:07.454671
f6593d4c,68cc157d,5,Review,,2026-05-16 19:05:07.454681,2026-05-16 19:05:07.454681
bc927f7d,bec0777a,2,Review,Arrived late.,2026-05-16 19:05:07.454696,2026-05-16 19:05:07.454696
6184174a,cac46aa2,5,Review,,2026-05-16 19:05:07.454707,2026-05-16 19:05:07.454707
51fe668b,610c81b6,4,Review,,2026-05-16 19:05:07.454717,2026-05-16 19:05:07.454717
f242954c,6daef43b,5,Review,,2026-05-16 19:05:07.454728,2026-05-16 19:05:07.454728
a995371f,ce910d86,5,Review,,2026-05-16 19:05:07.454738,2026-05-16 19:05:07.454738
c345db1c,27961ed5,5,Review,,2026-05-16 19:05:07.454749,2026-05-16 19:05:07.454749
f4e658d4,476b4ef8,1,Review,Never arrived.,2026-05-16 19:05:07.454764,2026-05-16 19:05:07.454764
dbb1cf27,f10d4c6c,3,Review,,2026-05-16 19:05:07.454774,2026-05-16 19:05:07.454775
e9bb6b72,14d5da2b,5,Review,,2026-05-16 19:05:07.454785,2026-05-16 19:05:07.454785
9afb3032,9008ceb2,1,Review,Very satisfied.,2026-05-16 19:05:07.454800,2026-05-16 19:05:07.454800
b2828bcf,23083403,5,Review,,2026-05-16 19:05:07.454811,2026-05-16 19:05:07.454811
450c8563,a97ade19,5,Review,Arrived late.,2026-05-16 19:05:07.454827,2026-05-16 19:05:07.454827
44f79abc,3728d52e,1,Review,Excellent service.,2026-05-16 19:05:07.454842,2026-05-16 19:05:07.454843
0a27e4e7,6fe19c1e,2,Review,Excellent service.,2026-05-16 19:05:07.454858,2026-05-16 19:05:07.454859
0a10e7a6,510df245,4,Review,,2026-05-16 19:05:07.454869,2026-05-16 19:05:07.454869
4d7ba8d0,b3d79805,3,Review,,2026-05-16 19:05:07.454879,2026-05-16 19:05:07.454880
18a6540d,05c4a9b4,5,Review,,2026-05-16 19:05:07.454890,2026-05-16 19:05:07.454890
5c1e4e0b,95eb6adf,5,Review,,2026-05-16 19:05:07.454900,2026-05-16 19:05:07.454901
0cc13105,bd0fc83a,4,Review,,2026-05-16 19:05:07.454911,2026-05-16 19:05:07.454911
55bded97,cf1f4241,4,Review,Never arrived.,2026-05-16 19:05:07.454927,2026-05-16 19:05:07.454927
db4673a2,c65a2c88,5,Review,,2026-05-16 19:05:07.454938,2026-05-16 19:05:07.454939
2e7d0f53,a1e0e778,5,Review,Very satisfied.,2026-05-16 19:05:07.454954,2026-05-16 19:05:07.454955
d43eea59,36074023,5,Review,Excellent service.,2026-05-16 19:05:07.454970,2026-05-16 19:05:07.454971
2e879a30,65d6dd33,5,Review,,2026-05-16 19:05:07.454981,2026-05-16 19:05:07.454981
347000b0,df078275,4,Review,,2026-05-16 19:05:07.454991,2026-05-16 19:05:07.454992
51e434ab,223f9913,5,Review,,2026-05-16 19:05:07.455002,2026-05-16 19:05:07.455002
9c51d453,209a3272,1,Review,Fast delivery.,2026-05-16 19:05:07.455017,2026-05-16 19:05:07.455018
4efe2da0,38df4ef5,5,Review,Very satisfied.,2026-05-16 19:05:07.455033,2026-05-16 19:05:07.455034
07932184,2c52bc02,5,Review,,2026-05-16 19:05:07.455044,2026-05-16 19:05:07.455044
921db114,0a75af49,5,Review,,2026-05-16 19:05:07.455054,2026-05-16 19:05:07.455055
1cfe4006,802a9984,4,Review,,2026-05-16 19:05:07.455065,2026-05-16 19:05:07.455065
f80e2ab8,26c1d4b7,2,Review,Great product!,2026-05-16 19:05:07.455080,2026-05-16 19:05:07.455081
255e6003,8eb47cfd,5,Review,,2026-05-16 19:05:07.455091,2026-05-16 19:05:07.455091
22c82c78,2e803765,5,Review,,2026-05-16 19:05:07.455101,2026-05-16 19:05:07.455101
ff2053bf,e6f79946,5,Review,,2026-05-16 19:05:07.455112,2026-05-16 19:05:07.455112
874a34e3,7e76dc6e,1,Review,Excellent service.,2026-05-16 19:05:07.455127,2026-05-16 19:05:07.455127
e5d9235a,3dd043f8,3,Review,Never arrived.,2026-05-16 19:05:07.455143,2026-05-16 19:05:07.455143
77743e50,3e4cf873,5,Review,,2026-05-16 19:05:07.455153,2026-05-16 19:05:07.455154
f55bb7da,07d2f118,2,Review,Product damaged.,2026-05-16 19:05:07.455169,2026-05-16 19:05:07.455169
d11537bb,e6106cb4,5,Review,,2026-05-16 19:05:07.455179,2026-05-16 19:05:07.455180
460c778f,9bfb6065,4,Review,,2026-05-16 19:05:07.455190,2026-05-16 19:05:07.455190
546b53de,68064272,5,Review,,2026-05-16 19:05:07.455200,2026-05-16 19:05:07.455200
9f352f08,24b1d7ce,4,Review,Very satisfied.,2026-05-16 19:05:07.455217,2026-05-16 19:05:07.455217
baca77a0,82b99738,5,Review,,2026-05-16 19:05:07.455228,2026-05-16 19:05:07.455228
cc720331,333f2086,5,Review,,2026-05-16 19:05:07.455238,2026-05-16 19:05:07.455238
b488ce4e,a561802f,5,Review,,2026-05-16 19:05:07.455248,2026-05-16 19:05:07.455249
a3dbe787,720f625e,5,Review,Arrived late.,2026-05-16 19:05:07.455264,2026-05-16 19:05:07.455264
6eeb079b,6e018364,5,Review,,2026-05-16 19:05:07.455274,2026-05-16 19:05:07.455275
21aed9ea,952bb506,5,Review,,2026-05-16 19:05:07.455285,2026-05-16 19:05:07.455285
8ca61aff,59c395d0,5,Review,,2026-05-16 19:05:07.455295,2026-05-16 19:05:07.455295
1f9e0660,30ca6a78,4,Review,,2026-05-16 19:05:07.455305,2026-05-16 19:05:07.455306
47876c55,0d28ed21,3,Review,,2026-05-16 19:05:07.455316,2026-05-16 19:05:07.455316
b586c598,c52a0175,5,Review,,2026-05-16 19:05:07.455326,2026-05-16 19:05:07.455326
033e96cf,161e9d4b,3,Review,,2026-05-16 19:05:07.455336,2026-05-16 19:05:07.455337
ced88478,6fadf75f,5,Review,,2026-05-16 19:05:07.455347,2026-05-16 19:05:07.455348
4b458820,8c27183a,1,Review,Fast delivery.,2026-05-16 19:05:07.455363,2026-05-16 19:05:07.455363
35329e91,6f235d9d,1,Review,Fast delivery.,2026-05-16 19:05:07.455379,2026-05-16 19:05:07.455379
4fe4012a,331c75e5,5,Review,,2026-05-16 19:05:07.455389,2026-05-16 19:05:07.455389
0cac6744,a16d1868,4,Review,Bad quality.,2026-05-16 19:05:07.455405,2026-05-16 19:05:07.455405
eef742e0,5991c0c3,5,Review,,2026-05-16 19:05:07.455415,2026-05-16 19:05:07.455416
b13286da,38a7123c,5,Review,,2026-05-16 19:05:07.455426,2026-05-16 19:05:07.455426
373f3cdd,c92e8d30,5,Review,,2026-05-16 19:05:07.455437,2026-05-16 19:05:07.455437
13373f23,8a072829,5,Review,Excellent service.,2026-05-16 19:05:07.455452,2026-05-16 19:05:07.455452
02cf7d85,0fb92447,3,Review,Recommend.,2026-05-16 19:05:07.455468,2026-05-16 19:05:07.455468
aaabbf4b,5d3e5c76,1,Review,Recommend.,2026-05-16 19:05:07.455483,2026-05-16 19:05:07.455484
3a06c852,b47889f9,3,Review,,2026-05-16 19:05:07.455494,2026-05-16 19:05:07.455494
81706a99,0627430f,5,Review,Very satisfied.,2026-05-16 19:05:07.455510,2026-05-16 19:05:07.455510
279d6860,1db92e4c,4,Review,Excellent service.,2026-05-16 19:05:07.455525,2026-05-16 19:05:07.455526
418e2303,3a3e5148,5,Review,,2026-05-16 19:05:07.455537,2026-05-16 19:05:07.455538
7f5d4f91,bf5980ec,1,Review,Fast delivery.,2026-05-16 19:05:07.455553,2026-05-16 19:05:07.455553
39e12e88,01f4cb3c,4,Review,Arrived late.,2026-05-16 19:05:07.455569,2026-05-16 19:05:07.455569
c730d8f1,97878999,3,Review,Never arrived.,2026-05-16 19:05:07.455584,2026-05-16 19:05:07.455584
01649d54,3ab7c529,1,Review,Okay product.,2026-05-16 19:05:07.455599,2026-05-16 19:05:07.455600
acb22739,0092831f,5,Review,,2026-05-16 19:05:07.455610,2026-05-16 19:05:07.455610
03dc0c2a,9256f34b,5,Review,,2026-05-16 19:05:07.455620,2026-05-16 19:05:07.455621
93c71d47,79e6e90d,1,Review,Very satisfied.,2026-05-16 19:05:07.455636,2026-05-16 19:05:07.455636
a074773c,1f4bb319,1,Review,Recommend.,2026-05-16 19:05:07.455651,2026-05-16 19:05:07.455652
147cc4a0,87a999a8,1,Review,Arrived late.,2026-05-16 19:05:07.455667,2026-05-16 19:05:07.455667
ff9aee36,8c5ed5ec,5,Review,,2026-05-16 19:05:07.455677,2026-05-16 19:05:07.455678
eed42f84,19833548,5,Review,Never arrived.,2026-05-16 19:05:07.455693,2026-05-16 19:05:07.455693
8a7b5d6d,27fbcae4,1,Review,Great product!,2026-05-16 19:05:07.455709,2026-05-16 19:05:07.455709
e17cd3f2,477d133e,5,Review,,2026-05-16 19:05:07.455719,2026-05-16 19:05:07.455719
88a02069,64e04094,1,Review,Bad quality.,2026-05-16 19:05:07.455735,2026-05-16 19:05:07.455735
ca3b390f,4bc7e0b7,4,Review,,2026-05-16 19:05:07.455745,2026-05-16 19:05:07.455745
9430bbf3,ffe87e5c,5,Review,,2026-05-16 19:05:07.455755,2026-05-16 19:05:07.455756
a5d0b25f,c723a4c9,5,Review,Bad quality.,2026-05-16 19:05:07.455771,2026-05-16 19:05:07.455772
6fccd5c5,973ecf57,5,Review,,2026-05-16 19:05:07.455782,2026-05-16 19:05:07.455782
a9508dbb,3c7e9b4d,4,Review,Fast delivery.,2026-05-16 19:05:07.455797,2026-05-16 19:05:07.455798
a50ce11a,df54f840,4,Review,,2026-05-16 19:05:07.455808,2026-05-16 19:05:07.455808
8fb868f1,bdbe437c,5,Review,,2026-05-16 19:05:07.455818,2026-05-16 19:05:07.455819
3f937646,242a793e,5,Review,,2026-05-16 19:05:07.455829,2026-05-16 19:05:07.455829
6c21b8ff,08458bbd,4,Review,,2026-05-16 19:05:07.455839,2026-05-16 19:05:07.455840
5a170afb,16f40186,1,Review,Recommend.,2026-05-16 19:05:07.455855,2026-05-16 19:05:07.455855
d3b3415e,5a8aa515,5,Review,,2026-05-16 19:05:07.455865,2026-05-16 19:05:07.455866
ce9c740b,89707175,4,Review,,2026-05-16 19:05:07.455876,2026-05-16 19:05:07.455876
f02fd873,ae8fafe4,5,Review,,2026-05-16 19:05:07.455886,2026-05-16 19:05:07.455886
8a2aec2c,6aef5140,5,Review,,2026-05-16 19:05:07.455896,2026-05-16 19:05:07.455897
387f4334,1f1ff357,4,Review,,2026-05-16 19:05:07.455907,2026-05-16 19:05:07.455907
51546172,5b65563e,1,Review,Arrived late.,2026-05-16 19:05:07.455922,2026-05-16 19:05:07.455922
865d73af,f5371f3b,1,Review,Arrived late.,2026-05-16 19:05:07.455937,2026-05-16 19:05:07.455938
867945ea,e3b28c9d,2,Review,Very satisfied.,2026-05-16 19:05:07.455953,2026-05-16 19:05:07.455953
88a41dff,a7a90ba1,5,Review,,2026-05-16 19:05:07.455964,2026-05-16 19:05:07.455964
8e211371,789a2317,5,Review,,2026-05-16 19:05:07.455974,2026-05-16 19:05:07.455974
7941b0dd,b98a4615,3,Review,Bad quality.,2026-05-16 19:05:07.455990,2026-05-16 19:05:07.455990
82b90f8a,6cc5dc96,5,Review,Bad quality.,2026-05-16 19:05:07.456007,2026-05-16 19:05:07.456008
81a5f21b,31b5b4d5,5,Review,,2026-05-16 19:05:07.456018,2026-05-16 19:05:07.456018
01709ed8,98f66a1f,5,Review,,2026-05-16 19:05:07.456029,2026-05-16 19:05:07.456029
269980cf,0db05f5e,2,Review,Great product!,2026-05-16 19:05:07.456044,2026-05-16 19:05:07.456045
0f58e621,8faa8e69,5,Review,,2026-05-16 19:05:07.456055,2026-05-16 19:05:07.456056
5a37a145,ba531f95,3,Review,,2026-05-16 19:05:07.456066,2026-05-16 19:05:07.456066
adc9c6e5,4551df7f,5,Review,,2026-05-16 19:05:07.456076,2026-05-16 19:05:07.456077
706ac8e3,75c9b05f,4,Review,,2026-05-16 19:05:07.456087,2026-05-16 19:05:07.456087
e83346cf,c8e788b0,1,Review,Fast delivery.,2026-05-16 19:05:07.456102,2026-05-16 19:05:07.456103
9ea057ad,39d6b387,5,Review,,2026-05-16 19:05:07.456113,2026-05-16 19:05:07.456113
1664204a,cbd6d3f0,5,Review,,2026-05-16 19:05:07.456124,2026-05-16 19:05:07.456124
213c0b01,5bc70824,5,Review,,2026-05-16 19:05:07.456134,2026-05-16 19:05:07.456135
d80ae566,17425c1e,3,Review,,2026-05-16 19:05:07.456145,2026-05-16 19:05:07.456145
b66e6ce3,e973aa84,5,Review,,2026-05-16 19:05:07.456155,2026-05-16 19:05:07.456155
0b7b5b47,47091e4d,5,Review,,2026-05-16 19:05:07.456165,2026-05-16 19:05:07.456166
dc3da139,07367c6c,4,Review,,2026-05-16 19:05:07.456176,2026-05-16 19:05:07.456176
4b2139c6,9d1b7cca,4,Review,,2026-05-16 19:05:07.456186,2026-05-16 19:05:07.456187
194e9bf0,92fc174c,5,Review,,2026-05-16 19:05:07.456199,2026-05-16 19:05:07.456199
83c6b400,6ccca613,5,Review,Bad quality.,2026-05-16 19:05:07.456215,2026-05-16 19:05:07.456215
f737b901,0dadb292,1,Review,Fast delivery.,2026-05-16 19:05:07.456230,2026-05-16 19:05:07.456231
59f87d68,a44e7ee4,5,Review,,2026-05-16 19:05:07.456242,2026-05-16 19:05:07.456242
ebadf518,80ada4ed,5,Review,,2026-05-16 19:05:07.456252,2026-05-16 19:05:07.456252
4cccaa59,b11ce404,4,Review,,2026-05-16 19:05:07.456263,2026-05-16 19:05:07.456263
9c68525e,1d7dd975,5,Review,,2026-05-16 19:05:07.456273,2026-05-16 19:05:07.456274
712a9f2f,060a4e15,5,Review,Product damaged.,2026-05-16 19:05:07.456289,2026-05-16 19:05:07.456290
ddda8cc3,4fa0f85f,3,Review,,2026-05-16 19:05:07.456300,2026-05-16 19:05:07.456300
ed52aa93,73363849,5,Review,,2026-05-16 19:05:07.456310,2026-05-16 19:05:07.456311
63b6335b,7f41d4ea,5,Review,,2026-05-16 19:05:07.456321,2026-05-16 19:05:07.456321
63631e87,0b632f63,4,Review,Okay product.,2026-05-16 19:05:07.456337,2026-05-16 19:05:07.456337
e5f53cac,4ffca629,4,Review,Bad quality.,2026-05-16 19:05:07.456352,2026-05-16 19:05:07.456353
cec45adc,f161f9a1,5,Review,,2026-05-16 19:05:07.456363,2026-05-16 19:05:07.456363
a2039a55,8156ac6f,1,Review,Very satisfied.,2026-05-16 19:05:07.456378,2026-05-16 19:05:07.456379
1f22f286,4cb152ec,5,Review,,2026-05-16 19:05:07.456389,2026-05-16 19:05:07.456389
3dc5f46b,d41433de,5,Review,Okay product.,2026-05-16 19:05:07.456404,2026-05-16 19:05:07.456405
fcbbe80e,e13edef5,4,Review,,2026-05-16 19:05:07.456415,2026-05-16 19:05:07.456415
7d9d2d74,3dfff85b,5,Review,,2026-05-16 19:05:07.456425,2026-05-16 19:05:07.456425
c320b858,157e2197,1,Review,Fast delivery.,2026-05-16 19:05:07.456440,2026-05-16 19:05:07.456441
8a2a840e,0fadd03a,5,Review,,2026-05-16 19:05:07.456451,2026-05-16 19:05:07.456451
a1696342,e1eb8cf3,5,Review,Bad quality.,2026-05-16 19:05:07.456466,2026-05-16 19:05:07.456467
ebbf7b32,477ab0c4,5,Review,,2026-05-16 19:05:07.456477,2026-05-16 19:05:07.456477
6ecf059e,21ad5984,5,Review,,2026-05-16 19:05:07.456487,2026-05-16 19:05:07.456488
3c925792,f88bdb06,5,Review,,2026-05-16 19:05:07.456498,2026-05-16 19:05:07.456498
d3cc9faa,cf575ec4,3,Review,,2026-05-16 19:05:07.456509,2026-05-16 19:05:07.456509
b0add0cc,4df544f7,5,Review,,2026-05-16 19:05:07.456521,2026-05-16 19:05:07.456521
e4caf5b9,4de9f08e,4,Review,Okay product.,2026-05-16 19:05:07.456537,2026-05-16 19:05:07.456537
715697cf,f3d24ce9,4,Review,,2026-05-16 19:05:07.456548,2026-05-16 19:05:07.456549
c70cd01e,cd3cafc6,5,Review,,2026-05-16 19:05:07.456559,2026-05-16 19:05:07.456559
2ee57697,26b7612f,4,Review,,2026-05-16 19:05:07.456569,2026-05-16 19:05:07.456570
4490b4f2,110e9b9b,5,Review,,2026-05-16 19:05:07.456580,2026-05-16 19:05:07.456580
d5b35a41,d46f785c,4,Review,,2026-05-16 19:05:07.456590,2026-05-16 19:05:07.456591
3a1e63f0,6495d556,5,Review,,2026-05-16 19:05:07.456600,2026-05-16 19:05:07.456601
8d04a9f7,0ebd2763,5,Review,,2026-05-16 19:05:07.456611,2026-05-16 19:05:07.456611
7902e392,82fbb6c3,5,Review,,2026-05-16 19:05:07.456621,2026-05-16 19:05:07.456621
7de31434,9e2f4f1f,5,Review,,2026-05-16 19:05:07.456631,2026-05-16 19:05:07.456631
52241fa4,b2c1af5a,3,Review,,2026-05-16 19:05:07.456641,2026-05-16 19:05:07.456642
0310a403,3281fa6d,5,Review,,2026-05-16 19:05:07.456652,2026-05-16 19:05:07.456652
0fc1ddd4,262d1517,1,Review,Product damaged.,2026-05-16 19:05:07.456667,2026-05-16 19:05:07.456667
08ae2b2b,754c50ad,5,Review,Product damaged.,2026-05-16 19:05:07.456683,2026-05-16 19:05:07.456683
16920bd7,2adef3db,5,Review,Excellent service.,2026-05-16 19:05:07.456698,2026-05-16 19:05:07.456699
05296843,e7e1625f,5,Review,,2026-05-16 19:05:07.456709,2026-05-16 19:05:07.456709
b75b28d6,db896332,4,Review,,2026-05-16 19:05:07.456719,2026-05-16 19:05:07.456720
f35e2565,163e4df4,4,Review,,2026-05-16 19:05:07.456730,2026-05-16 19:05:07.456730
32bebfd3,d1ed3eb0,5,Review,,2026-05-16 19:05:07.456740,2026-05-16 19:05:07.456740
3b5b5065,96c89fca,3,Review,,2026-05-16 19:05:07.456750,2026-05-16 19:05:07.456751
a629fc5b,ad14263c,3,Review,,2026-05-16 19:05:07.456761,2026-05-16 19:05:07.456761
012a4b68,8728dd1a,5,Review,,2026-05-16 19:05:07.456771,2026-05-16 19:05:07.456771
608b5bcc,8b292535,4,Review,,2026-05-16 19:05:07.456782,2026-05-16 19:05:07.456782
e6b08853,9e093432,1,Review,Okay product.,2026-05-16 19:05:07.456797,2026-05-16 19:05:07.456797
e4afd46d,77aa34a4,5,Review,,2026-05-16 19:05:07.456807,2026-05-16 19:05:07.456808
7734dcea,4fa314ab,5,Review,Product damaged.,2026-05-16 19:05:07.456823,2026-05-16 19:05:07.456823
1875ee64,fc53e8af,1,Review,Arrived late.,2026-05-16 19:05:07.456838,2026-05-16 19:05:07.456839
7e76b2cc,c0acbb53,4,Review,,2026-05-16 19:05:07.456849,2026-05-16 19:05:07.456849
d57cdeb5,006ef5c2,5,Review,,2026-05-16 19:05:07.456859,2026-05-16 19:05:07.456860
6da369cc,c794cec7,4,Review,,2026-05-16 19:05:07.456870,2026-05-16 19:05:07.456870
06b6312b,624fea59,1,Review,Never arrived.,2026-05-16 19:05:07.456885,2026-05-16 19:05:07.456885
30a6b7e4,730998d6,5,Review,,2026-05-16 19:05:07.456896,2026-05-16 19:05:07.456896
b01ead26,007b05dd,5,Review,,2026-05-16 19:05:07.456906,2026-05-16 19:05:07.456906
cc0944d5,40aa3d8a,1,Review,Recommend.,2026-05-16 19:05:07.456921,2026-05-16 19:05:07.456922
8c0d5efb,fa1980a9,5,Review,Never arrived.,2026-05-16 19:05:07.456939,2026-05-16 19:05:07.456939
55bc30ed,091d9f55,5,Review,,2026-05-16 19:05:07.456950,2026-05-16 19:05:07.456950
fdd571d4,6f08b352,5,Review,,2026-05-16 19:05:07.456960,2026-05-16 19:05:07.456961
2e69a797,d0156dbd,1,Review,Very satisfied.,2026-05-16 19:05:07.456976,2026-05-16 19:05:07.456976
ac2cff8c,d71462c7,5,Review,,2026-05-16 19:05:07.456986,2026-05-16 19:05:07.456986
20800003,4b3f8aa1,5,Review,,2026-05-16 19:05:07.456997,2026-05-16 19:05:07.456997
bfeb5691,8d56105f,5,Review,,2026-05-16 19:05:07.457007,2026-05-16 19:05:07.457007
f858ba5f,4f99c67a,4,Review,,2026-05-16 19:05:07.457017,2026-05-16 19:05:07.457018
7e7ce1e9,be7fea1b,1,Review,Recommend.,2026-05-16 19:05:07.457033,2026-05-16 19:05:07.457033
d45d0f81,fc7c0154,5,Review,,2026-05-16 19:05:07.457043,2026-05-16 19:05:07.457044
dff9cf2c,2998c37f,5,Review,,2026-05-16 19:05:07.457054,2026-05-16 19:05:07.457054
cc50b89b,f6bae13a,5,Review,,2026-05-16 19:05:07.457064,2026-05-16 19:05:07.457064
9afc72ec,0a2a2280,5,Review,,2026-05-16 19:05:07.457074,2026-05-16 19:05:07.457075
ffb1ca7a,97299468,3,Review,,2026-05-16 19:05:07.457085,2026-05-16 19:05:07.457085
07b98a49,4ef9e73c,3,Review,,2026-05-16 19:05:07.457095,2026-05-16 19:05:07.457095
1764b431,2d9a8ab7,5,Review,,2026-05-16 19:05:07.457105,2026-05-16 19:05:07.457106
30561b12,4997b519,4,Review,,2026-05-16 19:05:07.457115,2026-05-16 19:05:07.457116
05c0f8b2,b594df06,5,Review,,2026-05-16 19:05:07.457126,2026-05-16 19:05:07.457126
0c0dc0bc,205011f2,5,Review,Okay product.,2026-05-16 19:05:07.457142,2026-05-16 19:05:07.457142
818a81b4,1028703d,5,Review,,2026-05-16 19:05:07.457152,2026-05-16 19:05:07.457153
fb942e5a,26aef920,2,Review,Great product!,2026-05-16 19:05:07.457168,2026-05-16 19:05:07.457168
573b33b5,3cd35300,5,Review,,2026-05-16 19:05:07.457178,2026-05-16 19:05:07.457178
cf21f159,9944a1da,5,Review,Never arrived.,2026-05-16 19:05:07.457194,2026-05-16 19:05:07.457194
27e66f98,759dcdb0,5,Review,Never arrived.,2026-05-16 19:05:07.457209,2026-05-16 19:05:07.457210
94e40b36,df436955,5,Review,,2026-05-16 19:05:07.457220,2026-05-16 19:05:07.457220
77cc58f6,916256cd,5,Review,,2026-05-16 19:05:07.457230,2026-05-16 19:05:07.457231
50c599bb,f9941523,3,Review,,2026-05-16 19:05:07.457241,2026-05-16 19:05:07.457241
28977ac2,a55adf70,5,Review,,2026-05-16 19:05:07.457251,2026-05-16 19:05:07.457251
564a0c6b,0a32877f,5,Review,,2026-05-16 19:05:07.457261,2026-05-16 19:05:07.457262
131244ee,b6e485df,4,Review,,2026-05-16 19:05:07.457273,2026-05-16 19:05:07.457274
691a7ce1,c5fd2d69,5,Review,Great product!,2026-05-16 19:05:07.457289,2026-05-16 19:05:07.457289
8738e7bb,f6d96060,5,Review,,2026-05-16 19:05:07.457300,2026-05-16 19:05:07.457300
163eb268,87410084,5,Review,,2026-05-16 19:05:07.457310,2026-05-16 19:05:07.457311
a80e67f7,35077d90,5,Review,Excellent service.,2026-05-16 19:05:07.457326,2026-05-16 19:05:07.457326
626fa36a,ead4f9c5,3,Review,,2026-05-16 19:05:07.457336,2026-05-16 19:05:07.457337
359ef4c6,8f18046a,5,Review,,2026-05-16 19:05:07.457347,2026-05-16 19:05:07.457347
7c093a15,99b47ba1,5,Review,,2026-05-16 19:05:07.457357,2026-05-16 19:05:07.457357
c738bbfc,2b9dd90d,5,Review,Arrived late.,2026-05-16 19:05:07.457372,2026-05-16 19:05:07.457373
71098c96,3378cda7,1,Review,Arrived late.,2026-05-16 19:05:07.457388,2026-05-16 19:05:07.457388
2e8d11e7,72151201,4,Review,,2026-05-16 19:05:07.457398,2026-05-16 19:05:07.457398
aaacc2ce,45178e0d,5,Review,,2026-05-16 19:05:07.457408,2026-05-16 19:05:07.457409
19d4c440,4b3782d8,5,Review,,2026-05-16 19:05:07.457419,2026-05-16 19:05:07.457419
ed40d9f6,b25058bd,1,Review,Fast delivery.,2026-05-16 19:05:07.457434,2026-05-16 19:05:07.457434
a450743e,c57f7469,5,Review,,2026-05-16 19:05:07.457444,2026-05-16 19:05:07.457445
ea0da098,c3e39541,5,Review,,2026-05-16 19:05:07.457455,2026-05-16 19:05:07.457455
e18bacf3,9a82a533,5,Review,,2026-05-16 19:05:07.457465,2026-05-16 19:05:07.457465
45891445,30e2be50,2,Review,Fast delivery.,2026-05-16 19:05:07.457480,2026-05-16 19:05:07.457480
24d61702,485a0715,5,Review,,2026-05-16 19:05:07.457491,2026-05-16 19:05:07.457491
0bb9ee63,1c6188d9,1,Review,Bad quality.,2026-05-16 19:05:07.457506,2026-05-16 19:05:07.457506
d4062e52,d2f5d953,3,Review,Bad quality.,2026-05-16 19:05:07.457522,2026-05-16 19:05:07.457522
941139a2,999b6d9c,5,Review,,2026-05-16 19:05:07.457532,2026-05-16 19:05:07.457533
dcdbebab,00ff4af3,4,Review,Bad quality.,2026-05-16 19:05:07.457548,2026-05-16 19:05:07.457548
fb3ea223,49e25b57,4,Review,,2026-05-16 19:05:07.457558,2026-05-16 19:05:07.457559
215bb2c7,335b6057,4,Review,,2026-05-16 19:05:07.457569,2026-05-16 19:05:07.457569
b7225cc8,e2124ba7,3,Review,,2026-05-16 19:05:07.457579,2026-05-16 19:05:07.457579
91810232,b0af532b,5,Review,,2026-05-16 19:05:07.457592,2026-05-16 19:05:07.457593
28331bcf,60f1d5fa,4,Review,,2026-05-16 19:05:07.457603,2026-05-16 19:05:07.457603
da5abfe2,e74fa922,5,Review,,2026-05-16 19:05:07.457613,2026-05-16 19:05:07.457613
5d80b119,0b06aa5c,5,Review,,2026-05-16 19:05:07.457623,2026-05-16 19:05:07.457624
54c77192,897a1648,5,Review,,2026-05-16 19:05:07.457634,2026-05-16 19:05:07.457634
fea9c1d2,19ffd9e6,4,Review,,2026-05-16 19:05:07.457644,2026-05-16 19:05:07.457644
6406d192,bc44accf,2,Review,Okay product.,2026-05-16 19:05:07.457660,2026-05-16 19:05:07.457660
e96767ba,a1aa97d9,5,Review,Great product!,2026-05-16 19:05:07.457675,2026-05-16 19:05:07.457676
a498be63,3bf8069a,5,Review,,2026-05-16 19:05:07.457686,2026-05-16 19:05:07.457686
